year,month,day,hour,minute,WDIR,WSPD,GST,PRES,WTMP,WVHT
2019,01,01,00,40,15,7.7,9.9,1017.5,12.6,1.99
2019,01,01,03,40,357,8.4,10.7,1019.1,12.7,1.85
2019,01,01,06,40,6,5.8,7.2,1019.9,12.6,1.68
2019,01,01,09,40,13,7.5,10.1,1020.6,12.5,1.71
2019,01,01,12,40,347,3.8,5.1,1021.5,12.5,1.73
2019,01,01,15,40,57,6.6,9.2,1023.8,12.5,1.68
2019,01,01,18,40,71,5.5,7.3,1025.1,12.6,1.73
2019,01,01,21,40,206,0.9,1.7,1023.6,12.7,1.47
2019,01,02,00,40,280,3.4,5.0,1023.7,12.7,1.31
2019,01,02,03,40,317,5.1,6.2,1024.3,12.6,1.33
2019,01,02,06,40,340,1.8,2.7,1023.9,12.6,1.30
2019,01,02,09,40,129,0.1,0.7,1024.5,12.5,1.29
2019,01,02,20,40,96,4.8,6.5,1024.0,12.6,1.31
2019,01,02,23,40,80,1.3,2.4,1023.5,12.7,1.22
2019,01,03,02,40,325,3.1,4.1,1024.5,12.5,1.41
2019,01,03,05,40,342,2.7,3.5,1025.3,12.3,1.36
2019,01,03,08,40,41,2.4,3.1,1024.7,12.6,1.34
2019,01,03,11,40,81,6.0,7.8,1024.1,12.5,1.19
2019,01,03,14,40,81,7.8,9.6,1023.7,12.4,1.51
2019,01,03,17,40,72,7.7,9.5,1024.9,12.4,1.51
2019,01,03,20,40,68,5.2,6.8,1022.7,12.6,1.48
2019,01,03,23,40,61,4.1,5.4,1021.0,12.6,1.41
2019,01,04,02,40,83,5.7,7.4,1020.4,12.7,1.52
2019,01,04,05,40,77,6.3,8.0,1020.0,12.6,1.59
2019,01,04,08,40,88,6.8,8.1,1018.9,12.5,1.52
2019,01,04,11,40,92,7.8,9.8,1017.4,12.4,1.71
2019,01,04,15,40,89,6.4,8.4,1016.4,12.4,1.72
2019,01,04,18,40,93,6.1,8.1,1016.5,12.5,1.73
2019,01,04,21,40,150,5.9,8.0,1014.7,12.5,1.90
2019,01,05,00,40,153,7.4,9.6,1013.1,12.4,3.03
2019,01,05,03,40,156,9.0,11.8,1012.5,12.3,3.70
2019,01,05,06,40,151,8.7,11.6,1010.7,12.4,3.12
2019,01,05,09,40,152,11.1,14.1,1008.8,12.3,2.98
2019,01,05,12,40,145,10.6,13.8,1006.5,12.4,2.82
2019,01,05,15,40,141,14.2,18.5,1003.6,12.5,3.40
2019,01,05,18,40,159,15.0,19.6,1004.0,12.5,4.09
2019,01,05,21,40,206,11.0,13.7,1003.8,12.5,4.57
2019,01,06,00,40,243,10.6,14.2,1007.3,12.5,4.16
2019,01,06,03,40,254,8.5,11.5,1010.6,12.4,3.69
2019,01,06,06,40,234,4.5,6.6,1012.6,12.5,3.74
2019,01,06,09,40,206,3.9,5.6,1013.1,12.6,3.60
2019,01,06,12,40,178,6.4,8.5,1012.6,12.6,3.30
2019,01,06,15,40,174,11.1,14.8,1012.2,12.5,3.34
2019,01,06,18,40,176,14.5,18.6,1011.0,12.6,3.33
2019,01,06,21,40,181,12.1,16.4,1008.3,12.5,3.99
2019,01,07,00,40,201,13.3,16.5,1005.5,12.5,3.65
2019,01,07,03,40,210,11.3,14.3,1006.7,12.5,3.44
2019,01,07,06,40,288,6.6,8.8,1012.3,12.6,3.26
2019,01,07,09,40,287,7.0,8.7,1017.0,12.6,3.17
2019,01,07,12,40,328,1.7,3.2,1018.7,12.6,2.91
2019,01,07,15,40,134,4.0,5.7,1020.6,12.6,2.84
2019,01,07,18,40,140,4.0,5.4,1022.0,12.5,2.46
2019,01,07,21,40,141,5.7,7.9,1020.6,12.6,2.36
2019,01,08,00,40,144,6.4,8.1,1020.9,12.6,2.26
2019,01,08,03,40,132,6.4,8.1,1020.7,12.6,1.76
2019,01,08,06,40,131,8.1,10.3,1019.8,12.6,1.83
2019,01,08,09,40,130,7.6,9.5,1018.6,12.7,1.82
2019,01,08,12,40,148,7.6,9.1,1016.9,12.7,2.01
2019,01,08,15,40,146,9.9,12.1,1016.4,12.7,1.90
2019,01,08,18,40,150,9.2,11.6,1017.5,12.7,1.92
2019,01,08,21,40,146,11.1,13.4,1014.6,12.7,2.29
2019,01,09,00,40,148,9.4,12.3,1013.2,12.7,2.68
2019,01,09,03,40,158,10.9,14.0,1013.2,12.7,3.29
2019,01,09,06,40,160,12.4,15.3,1012.6,12.6,4.88
2019,01,09,09,40,175,11.7,16.2,1013.6,12.6,5.74
2019,01,09,12,40,168,9.5,11.7,1014.7,12.6,4.88
2019,01,09,15,40,165,7.7,9.5,1016.5,12.4,3.73
2019,01,09,18,40,170,7.1,9.9,1018.8,12.5,3.68
2019,01,09,21,40,171,7.0,8.8,1018.1,12.6,4.18
2019,01,10,00,40,165,4.3,6.7,1019.0,12.6,4.51
2019,01,10,03,40,168,5.3,7.3,1020.7,12.6,4.15
2019,01,10,06,40,179,5.1,6.6,1021.7,12.6,3.59
2019,01,10,09,40,172,4.7,6.3,1022.0,12.5,3.23
2019,01,10,12,40,168,3.6,5.0,1021.8,12.7,2.88
2019,01,10,15,40,123,2.8,4.9,1022.2,12.8,3.01
2019,01,10,18,40,97,3.9,6.0,1022.6,12.8,3.00
2019,01,10,21,40,142,0.7,3.0,1020.4,13.0,3.16
2019,01,11,00,40,126,2.5,4.3,1019.9,12.9,2.36
2019,01,11,03,40,126,4.2,6.0,1018.3,12.8,1.96
2019,01,11,06,40,110,5.4,7.4,1017.4,12.8,1.74
2019,01,11,09,40,107,5.3,6.8,1016.5,12.8,1.30
2019,01,11,12,40,100,7.8,10.1,1014.3,12.7,1.42
2019,01,11,15,40,87,9.7,11.8,1013.3,12.7,1.63
2019,01,11,18,40,90,9.6,11.8,1013.6,12.7,1.90
2019,01,11,21,40,138,11.4,14.4,1011.2,12.7,2.35
2019,01,12,00,40,130,10.7,13.8,1011.1,12.7,2.81
2019,01,12,04,40,133,3.7,6.0,1011.6,12.7,3.31
2019,01,12,07,40,144,4.6,6.1,1011.9,12.9,2.87
2019,01,12,10,40,76,6.2,8.7,1013.3,12.9,2.95
2019,01,12,13,40,79,5.5,8.2,1013.9,12.8,3.20
2019,01,12,16,40,86,4.4,7.1,1015.5,12.8,3.72
2019,01,12,19,40,90,4.2,6.7,1015.4,12.8,3.51
2019,01,12,22,40,172,4.4,5.6,1014.9,12.9,3.23
2019,01,13,01,40,151,8.6,11.2,1015.2,13.0,3.04
2019,01,13,04,40,157,7.8,10.5,1016.4,12.9,3.16
2019,01,13,07,40,131,5.4,7.5,1016.9,13.0,2.57
2019,01,13,10,40,131,5.7,7.2,1017.1,13.0,2.19
2019,01,13,13,40,92,6.6,9.0,1016.0,13.0,2.21
2019,01,13,16,40,84,8.1,10.9,1016.0,13.0,2.05
2019,01,13,19,40,83,7.0,9.1,1016.1,13.1,1.87
2019,01,13,22,40,88,3.8,6.0,1014.5,13.1,1.60
2019,01,14,02,40,100,2.9,4.3,1014.7,13.1,2.09
2019,01,14,05,40,80,4.8,6.9,1014.5,13.1,2.36
2019,01,14,08,40,86,5.4,6.9,1013.4,13.1,2.15
2019,01,14,11,40,68,7.2,9.2,1012.3,13.1,2.63
2019,01,14,14,40,88,6.0,8.0,1012.0,13.1,2.78
2019,01,14,17,40,83,8.1,10.8,1012.3,13.0,2.87
2019,01,14,20,40,88,7.9,10.8,1010.0,13.0,3.24
2019,01,14,23,40,137,10.1,12.8,1010.2,13.0,3.07
2019,01,15,02,40,122,7.6,9.6,1010.7,13.0,2.78
2019,01,15,05,40,117,7.8,10.1,1010.6,13.0,2.64
2019,01,15,09,40,130,10.8,13.7,1009.8,13.0,2.66
2019,01,15,12,40,132,9.1,11.6,1009.1,13.0,2.82
2019,01,15,15,40,125,8.2,10.8,1009.3,13.1,2.80
2019,01,15,19,40,104,11.0,14.4,1008.5,13.1,2.36
2019,01,15,22,40,82,10.3,12.6,1005.2,13.1,2.21
2019,01,16,01,40,96,7.9,12.0,1004.9,13.1,2.93
2019,01,16,04,40,202,7.3,9.6,1009.2,13.1,3.08
2019,01,16,07,40,177,9.3,11.3,1012.3,13.1,2.80
2019,01,16,10,40,179,9.1,11.6,1012.9,13.0,2.52
2019,01,16,15,40,157,12.5,15.7,1012.8,13.1,2.68
2019,01,16,18,40,156,14.7,19.3,1012.2,13.2,2.96
2019,01,16,21,40,156,15.6,20.3,1008.6,13.2,4.03
2019,01,17,00,40,162,15.7,19.5,1006.8,13.3,4.14
2019,01,17,03,40,169,14.4,19.0,1006.6,13.2,4.66
2019,01,17,06,40,213,8.9,11.8,1008.8,13.3,4.18
2019,01,17,09,40,196,7.6,9.4,1010.4,13.2,3.48
2019,01,17,12,40,176,7.0,9.4,1012.1,13.2,3.41
2019,01,17,15,40,228,7.4,9.6,1014.1,13.2,3.49
2019,01,17,18,40,210,5.4,7.8,1017.4,13.1,6.51
2019,01,17,21,40,206,5.4,7.7,1018.1,13.3,6.03
2019,01,18,00,40,230,5.9,9.2,1019.8,13.3,5.93
2019,01,18,03,40,244,6.2,9.0,1021.5,13.4,4.89
2019,01,18,06,40,225,3.4,5.8,1024.1,13.4,5.29
2019,01,18,09,40,199,1.9,3.3,1025.3,13.4,4.03
2019,01,18,12,40,134,4.2,6.6,1025.2,13.3,4.69
2019,01,18,15,40,108,3.3,6.5,1026.3,13.3,4.34
2019,01,18,18,40,111,4.4,7.7,1027.0,13.4,3.91
2019,01,18,21,40,131,3.2,5.8,1026.2,13.5,3.44
2019,01,19,00,40,154,3.8,6.0,1026.5,13.5,2.68
2019,01,19,03,40,159,3.5,4.9,1027.5,13.4,2.77
2019,01,19,06,40,115,2.8,4.9,1028.8,13.4,2.56
2019,01,19,09,40,130,4.3,6.3,1028.3,13.3,2.15
2019,01,19,12,40,107,4.6,7.0,1027.8,13.3,2.48
2019,01,19,15,40,98,3.3,5.3,1028.4,13.3,2.32
2019,01,19,18,40,91,3.5,5.3,1028.8,13.4,2.03
2019,01,19,21,40,209,0.6,1.4,1026.6,13.4,2.19
2019,01,20,00,40,64,0.6,1.7,1024.9,13.5,2.16
2019,01,20,03,40,177,1.5,2.6,1023.4,13.4,2.32
2019,01,20,06,40,221,3.1,4.4,1022.7,13.6,2.40
2019,01,20,09,40,175,3.0,3.9,1021.4,13.6,2.42
2019,01,20,12,40,196,4.6,5.9,1020.4,13.4,2.12
2019,01,20,15,40,201,7.7,9.5,1019.5,13.3,1.94
2019,01,20,18,40,227,5.4,6.7,1019.8,13.3,2.11
2019,01,20,21,40,259,6.5,8.3,1017.7,13.4,2.22
2019,01,21,00,40,281,12.5,15.7,1016.8,13.3,2.12
2019,01,21,03,40,271,10.1,13.0,1016.6,13.2,2.48
2019,01,21,06,40,284,11.0,14.2,1018.0,13.2,2.74
2019,01,21,09,40,296,10.9,13.9,1018.9,13.2,3.04
2019,01,21,12,40,310,9.0,11.4,1020.2,13.1,2.89
2019,01,21,15,40,317,8.7,11.2,1022.7,13.1,2.54
2019,01,21,18,40,308,10.5,13.5,1024.8,13.2,2.70
2019,01,21,21,40,320,10.6,12.6,1024.6,13.2,2.98
2019,01,22,00,40,321,10.3,12.7,1025.7,13.1,2.82
2019,01,22,03,40,335,10.2,12.5,1026.5,13.1,2.93
2019,01,22,06,40,332,7.3,9.8,1027.6,13.1,2.95
2019,01,22,09,40,329,6.2,7.7,1028.2,13.1,2.62
2019,01,22,12,40,349,6.0,7.7,1028.0,13.1,2.34
2019,01,22,15,40,46,2.6,4.2,1029.3,13.1,2.17
2019,01,22,18,40,355,4.6,5.9,1030.8,13.1,1.89
2019,01,22,21,40,319,4.6,5.8,1029.1,13.2,1.89
2019,01,23,00,40,319,6.7,8.2,1029.1,13.1,1.71
2019,01,23,03,40,353,2.7,3.5,1030.0,13.1,1.63
2019,01,23,06,40,18,0.3,1.5,1030.5,13.1,1.56
2019,01,23,09,40,107,0.7,1.5,1030.7,13.0,1.40
2019,01,23,12,40,54,2.4,3.4,1030.4,13.0,1.51
2019,01,23,15,40,102,3.2,4.6,1030.8,13.0,1.52
2019,01,23,18,40,103,2.3,3.6,1031.6,13.0,1.42
2019,01,23,22,40,317,2.6,3.8,1028.2,13.5,1.38
2019,01,24,01,40,333,4.0,5.3,1027.4,13.1,1.55
2019,01,24,04,40,315,4.6,6.1,1027.4,13.0,1.97
2019,01,24,07,40,326,5.4,7.1,1026.6,13.0,2.25
2019,01,24,10,40,330,4.6,6.0,1025.2,12.9,2.18
2019,01,24,13,40,20,2.8,3.5,1025.2,12.8,2.25
2019,01,24,16,40,158,0.8,2.3,1025.3,12.7,2.27
2019,01,24,19,40,310,2.8,4.1,1024.5,12.9,2.14
2019,01,24,22,40,320,4.7,6.6,1022.8,13.2,2.06
2019,01,25,01,40,292,6.0,7.6,1023.4,13.1,1.94
2019,01,25,04,40,346,2.1,3.2,1024.0,12.9,1.93
2019,01,25,07,40,329,4.5,5.7,1024.2,12.7,1.81
2019,01,25,10,40,360,3.3,4.3,1023.3,12.7,1.91
2019,01,25,13,40,87,7.0,8.9,1023.0,12.6,1.95
2019,01,25,16,40,77,7.0,9.0,1024.2,12.7,1.81
2019,01,25,19,40,92,3.3,5.2,1024.8,12.9,1.85
2019,01,25,22,40,323,3.7,5.0,1023.4,13.2,1.88
2019,01,26,01,40,340,4.7,5.8,1022.6,13.1,1.66
2019,01,26,04,40,340,5.0,6.0,1024.2,13.1,1.68
2019,01,26,07,40,7,2.9,3.9,1024.2,13.1,1.86
2019,01,26,10,40,73,3.1,4.6,1024.5,12.8,1.92
2019,01,26,13,40,89,4.0,5.9,1025.1,12.8,1.90
2019,01,26,16,40,65,2.7,4.2,1026.6,12.9,1.67
2019,01,26,19,40,61,5.8,7.7,1026.0,13.0,1.53
2019,01,26,22,40,350,2.1,2.8,1024.5,13.2,1.54
2019,01,27,01,40,53,1.9,2.8,1024.5,13.3,1.26
2019,01,27,04,40,294,0.9,1.6,1025.3,13.2,1.45
2019,01,27,07,40,78,1.8,2.7,1024.9,13.1,1.27
2019,01,27,10,40,27,0.8,2.3,1024.4,13.0,1.19
2019,01,27,13,40,109,1.6,2.4,1023.4,13.0,1.19
2019,01,27,16,40,80,5.4,6.6,1024.1,13.0,1.11
2019,01,27,19,40,90,3.4,4.5,1023.2,13.0,1.30
2019,01,27,22,40,303,2.7,3.7,1020.8,13.2,1.42
2019,01,28,02,40,313,6.0,7.6,1019.8,13.2,1.39
2019,01,28,05,40,315,6.4,7.6,1019.5,13.1,1.32
2019,01,28,08,40,319,4.8,6.0,1018.5,13.1,1.32
2019,01,28,11,40,337,4.9,6.0,1017.9,13.1,1.34
2019,01,28,14,40,324,5.9,7.1,1017.5,13.0,1.38
2019,01,28,17,40,26,3.7,4.3,1018.4,12.8,1.33
2019,01,28,20,40,286,6.2,7.9,1018.5,13.2,1.46
2019,01,28,23,40,325,5.8,7.2,1016.9,13.2,1.48
2019,01,29,02,40,327,5.7,6.9,1016.8,13.2,1.18
2019,01,29,05,40,294,2.9,4.1,1016.7,13.1,1.05
2019,01,29,08,40,314,4.6,6.0,1016.5,13.1,1.08
2019,01,29,11,40,346,1.5,2.4,1015.6,13.1,1.27
2019,01,29,14,40,308,2.8,3.7,1015.9,13.0,1.25
2019,01,29,17,40,310,3.6,5.1,1017.5,13.1,1.03
2019,01,29,20,40,315,2.7,3.8,1016.3,13.1,0.90
2019,01,29,23,40,305,5.4,6.9,1015.6,13.3,0.93
2019,01,30,02,40,310,5.1,7.0,1015.2,13.2,1.00
2019,01,30,05,40,286,3.7,4.6,1015.2,13.1,1.14
2019,01,30,08,40,298,3.5,4.7,1014.7,13.1,1.14
2019,01,30,11,40,289,1.9,3.4,1014.6,13.0,1.16
2019,01,30,14,40,231,1.0,1.8,1014.5,13.0,1.07
2019,01,30,17,40,133,2.0,3.0,1015.1,13.1,1.17
2019,01,30,20,40,122,3.6,4.5,1013.5,13.2,1.28
2019,01,30,23,40,168,5.1,6.0,1011.2,13.5,1.53
2019,01,31,02,40,230,2.2,3.5,1011.4,13.4,1.48
2019,01,31,05,40,72,6.5,8.7,1011.0,13.2,1.60
2019,01,31,09,40,97,3.8,5.3,1010.9,13.1,1.46
2019,01,31,12,40,156,2.2,3.8,1011.0,13.1,1.84
2019,01,31,15,40,61,0.5,1.4,1012.2,13.0,1.76
2019,01,31,18,40,159,0.6,1.2,1014.4,13.1,1.86
2019,01,31,21,40,34,2.4,3.4,1013.3,13.3,1.92
2019,02,01,00,40,125,2.6,4.4,1012.0,13.4,1.80
2019,02,01,04,40,214,5.0,6.8,1013.3,13.1,1.90
2019,02,01,07,40,231,3.1,4.0,1013.7,13.1,1.79
2019,02,01,10,40,118,4.4,6.0,1013.0,13.1,1.90
2019,02,01,13,40,142,6.6,9.1,1011.7,13.1,1.79
2019,02,01,16,40,144,9.1,12.1,1011.2,13.2,2.11
2019,02,01,19,40,158,10.7,13.1,1010.8,13.2,2.08
2019,02,01,22,40,148,13.5,16.9,1007.0,13.2,2.75
2019,02,02,01,40,144,14.5,19.1,1004.1,13.2,3.09
2019,02,02,04,40,133,13.9,18.8,1002.3,13.2,4.05
2019,02,02,07,40,142,15.5,20.0,999.9,13.2,4.11
2019,02,02,10,40,139,16.5,21.2,996.0,13.3,5.40
2019,02,02,13,40,146,10.6,13.1,996.2,13.3,4.32
2019,02,02,16,40,195,8.6,11.6,998.2,13.3,3.92
2019,02,02,19,40,170,10.5,13.9,999.1,13.3,3.30
2019,02,02,22,40,163,12.5,15.9,997.5,13.3,3.77
2019,02,03,01,40,149,14.8,19.9,995.8,13.3,4.70
2019,02,03,04,40,129,11.1,14.3,995.3,13.3,4.85
2019,02,03,07,40,158,5.4,7.2,996.2,13.2,4.04
2019,02,03,10,40,86,4.9,7.7,998.9,13.2,3.46
2019,02,03,13,40,248,6.4,8.4,1000.8,13.2,3.20
2019,02,03,16,40,250,7.5,9.8,1004.2,13.3,3.21
2019,02,03,19,40,251,11.3,15.1,1006.6,13.3,3.07
2019,02,03,22,40,243,8.9,14.3,1006.7,13.3,2.98
2019,02,04,01,40,215,7.3,9.5,1006.2,13.3,2.97
2019,02,04,04,40,172,8.6,10.6,1004.3,13.2,2.58
2019,02,04,07,40,170,13.3,18.5,1001.9,13.2,2.82
2019,02,04,10,40,230,8.6,11.2,999.8,13.2,2.75
2019,02,04,13,40,284,10.7,13.2,1001.0,13.2,2.64
2019,02,04,16,40,291,11.8,14.9,1003.6,13.2,2.41
2019,02,04,19,40,294,8.2,10.2,1005.3,13.2,2.40
2019,02,04,22,40,266,10.0,13.0,1004.1,13.2,2.66
2019,02,05,01,40,290,9.7,13.2,1004.2,13.2,2.74
2019,02,05,04,40,269,10.1,12.8,1005.3,13.2,3.61
2019,02,05,07,40,286,7.9,13.9,1006.1,13.2,3.92
2019,02,05,10,40,282,11.0,14.2,1007.1,13.1,4.28
2019,02,05,13,40,328,9.3,12.8,1008.2,13.1,3.88
2019,02,05,16,40,334,7.9,10.6,1011.7,13.1,3.57
2019,02,05,19,40,341,8.3,11.7,1014.1,13.1,3.34
2019,02,05,22,40,323,9.3,11.8,1014.6,13.2,2.64
2019,02,06,01,40,317,10.0,12.7,1015.7,12.8,3.00
2019,02,06,04,40,321,9.9,12.3,1017.6,12.8,3.17
2019,02,06,08,40,320,7.4,9.9,1019.1,12.8,2.71
2019,02,06,11,40,328,9.5,12.3,1019.9,12.7,2.49
2019,02,06,14,40,324,8.9,11.6,1020.8,12.6,2.33
2019,02,06,17,40,327,7.9,10.0,1022.9,12.6,2.07
2019,02,06,20,40,319,8.6,10.7,1023.1,12.7,1.97
2019,02,06,23,40,318,8.8,10.8,1022.9,12.8,1.98
2019,02,07,02,40,321,8.9,11.4,1023.5,12.9,2.15
2019,02,07,05,40,355,3.1,4.1,1024.7,12.9,2.22
2019,02,07,09,40,85,4.4,5.9,1025.0,12.9,1.78
2019,02,07,12,40,85,6.1,8.1,1024.7,12.9,1.79
2019,02,07,15,40,85,7.6,9.4,1025.6,12.8,1.96
2019,02,07,18,40,89,7.4,9.1,1026.2,12.9,1.86
2019,02,07,21,40,164,3.1,4.3,1024.7,12.9,1.50
2019,02,08,00,40,113,0.4,1.7,1023.9,12.9,1.57
2019,02,08,03,40,77,1.1,2.3,1023.7,12.9,1.70
2019,02,08,06,40,93,4.1,5.9,1022.8,12.9,1.34
2019,02,08,09,40,93,2.5,4.0,1021.9,12.8,1.57
2019,02,08,12,40,118,4.9,6.4,1019.8,12.7,1.44
2019,02,08,15,40,123,7.4,10.3,1018.8,12.8,1.57
2019,02,08,18,40,97,8.5,10.6,1017.7,12.9,1.55
2019,02,08,21,40,124,9.7,12.2,1015.2,12.6,1.61
2019,02,09,00,40,117,8.9,10.8,1013.6,12.6,1.76
2019,02,09,03,40,89,7.6,9.4,1013.5,12.5,1.86
2019,02,09,06,40,73,6.0,7.7,1013.7,12.5,1.75
2019,02,09,09,40,86,5.7,7.4,1013.5,12.4,1.76
2019,02,09,12,40,70,0.7,1.7,1013.3,12.4,1.63
2019,02,09,15,40,305,3.2,4.4,1014.6,12.4,1.59
2019,02,09,18,40,248,6.9,9.0,1015.4,12.4,1.64
2019,02,09,21,40,223,9.5,12.1,1013.2,12.4,1.68
2019,02,10,00,40,232,10.6,13.3,1012.0,12.5,2.20
2019,02,10,03,40,270,12.4,15.8,1011.3,12.6,2.83
2019,02,10,06,40,280,9.3,12.4,1012.1,12.7,2.93
2019,02,10,09,40,294,7.7,10.3,1012.6,12.7,3.38
2019,02,10,12,40,326,11.0,15.4,1012.4,12.7,3.60
2019,02,10,15,40,340,6.9,9.5,1014.5,12.3,2.96
2019,02,10,18,40,317,6.6,9.1,1017.3,12.3,3.15
2019,02,10,21,40,301,8.6,11.5,1017.8,12.5,3.00
2019,02,11,00,40,312,8.5,10.7,1019.3,12.5,2.84
2019,02,11,03,40,312,8.2,10.1,1021.0,12.4,2.76
2019,02,11,06,40,309,6.3,8.2,1022.9,12.2,2.49
2019,02,11,09,40,310,8.3,10.5,1023.1,12.1,2.21
2019,02,11,12,40,77,0.2,1.4,1022.6,12.1,2.25
2019,02,11,15,40,109,2.9,4.9,1023.2,11.9,2.03
2019,02,11,18,40,168,5.3,7.7,1024.8,11.9,2.03
2019,02,11,21,40,152,4.6,6.3,1023.5,12.3,1.75
2019,02,12,00,40,142,4.5,6.0,1022.7,12.4,1.81
2019,02,12,03,40,262,1.2,2.1,1022.4,12.3,1.68
2019,02,12,06,40,126,3.2,4.8,1021.3,12.1,1.67
2019,02,12,09,40,98,5.1,6.6,1019.8,12.1,1.37
2019,02,12,13,40,86,6.7,8.0,1018.0,12.1,1.45
2019,02,12,16,40,103,5.2,6.8,1018.8,11.9,1.43
2019,02,12,19,40,124,6.7,8.7,1016.9,12.1,1.29
2019,02,12,22,40,137,7.8,11.3,1012.8,12.2,1.54
2019,02,13,01,40,138,10.9,13.6,1011.2,12.3,2.32
2019,02,13,04,40,151,14.8,22.5,1008.3,12.5,2.79
2019,02,13,07,40,151,16.1,20.1,1006.4,12.7,3.72
2019,02,13,10,40,153,17.4,23.2,1003.2,12.9,4.69
2019,02,13,13,40,151,14.3,18.8,1001.8,12.7,5.09
2019,02,13,16,40,97,10.6,13.1,1002.2,12.7,4.21
2019,02,13,19,40,156,15.4,20.5,1000.6,12.8,5.32
2019,02,13,22,40,167,13.6,16.8,999.9,12.9,4.94
2019,02,14,01,40,159,12.4,16.8,1000.3,12.9,4.57
2019,02,14,04,40,159,14.9,19.9,999.2,12.9,3.81
2019,02,14,07,40,157,15.0,21.7,996.4,12.9,3.84
2019,02,14,10,40,167,15.7,20.7,994.5,12.9,5.44
2019,02,14,13,40,236,7.7,10.1,996.4,12.9,4.68
2019,02,14,16,40,225,7.8,10.0,999.1,12.9,3.47
2019,02,14,19,40,257,5.2,7.1,1001.6,12.9,2.71
2019,02,14,22,40,266,9.8,12.5,1003.7,12.9,2.54
2019,02,15,01,40,236,10.1,12.9,1006.2,12.9,2.73
2019,02,15,04,40,215,11.6,14.1,1008.3,12.9,3.11
2019,02,15,07,40,241,8.1,10.3,1010.5,12.9,3.30
2019,02,15,10,40,232,6.4,8.5,1013.3,12.8,3.32
2019,02,15,13,40,209,8.0,10.1,1013.3,12.8,3.17
2019,02,15,16,40,219,8.4,10.6,1014.8,12.8,3.24
2019,02,15,19,40,254,10.9,15.3,1016.7,12.8,3.78
2019,02,15,22,40,270,5.9,8.7,1016.1,12.9,4.76
2019,02,16,01,40,275,7.5,10.5,1016.7,12.8,5.34
2019,02,16,04,40,258,8.3,11.9,1017.7,12.8,4.40
2019,02,16,07,40,265,9.1,12.3,1018.6,12.8,4.34
2019,02,16,10,40,325,6.4,8.6,1020.0,12.8,4.61
2019,02,16,13,40,303,8.8,11.6,1021.2,12.7,3.91
2019,02,16,16,40,299,9.7,12.4,1022.6,12.6,3.92
2019,02,16,19,40,302,11.0,14.8,1023.1,12.5,3.97
2019,02,16,22,40,313,11.0,15.4,1021.6,12.6,4.01
2019,02,17,01,40,306,11.2,15.4,1021.2,12.6,3.90
2019,02,17,04,40,306,10.3,13.2,1020.9,12.6,3.56
2019,02,17,07,40,297,7.2,10.6,1020.8,12.6,3.36
2019,02,17,10,40,243,3.5,5.6,1018.5,12.5,3.07
2019,02,17,13,40,324,9.9,15.4,1017.3,12.6,3.01
2019,02,17,16,40,311,10.2,13.2,1018.1,12.5,3.09
2019,02,17,19,40,316,10.5,13.5,1018.6,12.4,3.20
2019,02,17,22,40,306,10.8,14.1,1017.7,12.6,2.77
2019,02,18,01,40,314,12.3,15.2,1017.2,12.7,2.70
2019,02,18,04,40,336,10.9,13.6,1018.8,12.8,2.81
2019,02,18,07,40,335,7.1,10.0,1020.8,12.8,2.52
2019,02,18,10,40,343,6.1,7.7,1021.6,12.6,2.40
2019,02,18,13,40,342,6.7,8.0,1022.3,12.6,2.30
2019,02,18,16,40,346,6.4,8.2,1024.4,12.6,2.30
2019,02,18,19,40,335,5.0,7.2,1025.1,12.6,2.51
2019,02,18,22,40,306,8.3,10.2,1023.7,12.6,2.40
2019,02,19,01,40,316,8.6,10.6,1023.6,12.5,2.12
2019,02,19,04,40,330,6.4,8.2,1024.0,12.5,2.26
2019,02,19,07,40,346,1.6,3.2,1023.9,12.5,2.17
2019,02,19,10,40,345,5.3,6.6,1023.6,12.4,2.30
2019,02,19,13,40,334,4.0,5.3,1023.3,12.1,2.13
2019,02,19,16,40,344,3.6,4.8,1024.6,12.1,1.89
2019,02,19,19,40,306,1.7,3.0,1024.5,12.6,1.65
2019,02,19,22,40,301,7.5,9.1,1022.8,12.7,1.72
2019,02,20,01,40,313,9.6,11.6,1021.8,12.5,1.95
2019,02,20,04,40,303,10.9,13.4,1020.7,12.4,2.43
2019,02,20,07,40,317,12.0,14.9,1019.8,12.4,2.84
2019,02,20,10,40,317,12.5,15.5,1019.0,12.5,2.61
2019,02,20,13,40,322,9.7,11.8,1017.1,12.4,2.05
2019,02,20,16,40,328,5.9,11.3,1016.6,12.4,1.85
2019,02,20,19,40,303,10.4,13.6,1015.1,12.5,2.40
2019,02,20,22,40,312,13.3,16.0,1011.7,12.6,2.97
2019,02,21,01,40,311,14.7,19.0,1010.1,12.7,3.01
2019,02,21,04,40,319,13.9,17.3,1009.0,12.6,2.85
2019,02,21,07,40,324,12.5,16.0,1007.9,12.7,2.78
2019,02,21,10,40,325,12.2,15.0,1007.0,12.6,2.86
2019,02,21,13,40,342,7.9,10.2,1007.4,12.6,2.57
2019,02,21,16,40,343,6.7,8.5,1008.5,12.5,2.82
2019,02,21,19,40,326,6.7,8.7,1008.8,12.6,2.66
2019,02,21,22,40,315,10.3,12.9,1008.2,12.6,2.76
2019,02,22,01,40,328,10.0,11.9,1009.7,12.6,2.81
2019,02,22,04,40,10,8.6,10.5,1012.4,12.5,2.64
2019,02,22,07,40,348,8.9,11.4,1014.6,12.5,2.63
2019,02,22,10,40,352,5.3,7.1,1016.2,12.0,2.93
2019,02,22,13,40,345,3.7,5.6,1017.6,11.9,2.77
2019,02,22,16,40,98,5.7,7.6,1019.7,12.2,2.34
2019,02,22,19,40,101,3.2,5.3,1020.6,12.3,2.08
2019,02,22,22,40,294,3.8,5.8,1020.5,12.3,1.91
2019,02,23,01,40,325,6.8,8.4,1021.4,12.3,1.85
2019,02,23,04,40,319,8.2,10.0,1023.3,12.4,1.85
2019,02,23,07,40,324,6.6,8.5,1023.9,12.3,2.02
2019,02,23,10,40,352,4.2,5.8,1024.7,12.2,1.73
2019,02,23,13,40,330,4.0,6.1,1025.8,11.9,1.58
2019,02,23,16,40,323,4.7,5.9,1027.7,11.9,1.44
2019,02,23,19,40,295,3.5,5.0,1028.0,12.3,1.36
2019,02,23,22,40,288,3.0,4.6,1026.7,12.2,1.23
2019,02,24,01,40,299,3.1,4.3,1026.4,12.2,1.15
2019,02,24,04,40,297,1.4,2.3,1026.6,12.1,1.17
2019,02,24,07,40,279,3.3,4.4,1026.4,12.0,0.94
2019,02,24,10,40,259,2.8,3.8,1025.6,12.1,0.86
2019,02,24,13,40,221,3.0,4.0,1024.7,12.0,0.91
2019,02,24,16,40,254,3.6,4.4,1024.9,11.9,1.02
2019,02,24,19,40,218,4.1,5.0,1024.4,12.2,1.07
2019,02,24,22,40,196,3.6,4.5,1021.5,12.5,0.97
2019,02,25,01,40,207,4.3,5.3,1020.4,12.2,1.08
2019,02,25,04,40,206,3.9,4.8,1019.7,12.2,0.99
2019,02,25,07,40,208,5.2,6.0,1019.0,12.1,1.14
2019,02,25,10,40,196,6.8,8.2,1017.8,12.3,1.10
2019,02,25,13,40,188,6.4,8.5,1016.6,12.1,1.19
2019,02,25,16,40,168,9.1,11.2,1015.9,12.2,1.30
2019,02,25,19,40,176,10.7,13.9,1015.9,12.3,1.69
2019,02,25,22,40,177,12.3,15.7,1013.9,12.3,2.17
2019,02,26,01,40,176,13.0,16.3,1012.7,12.3,2.73
2019,02,26,04,40,176,12.8,16.7,1013.0,12.3,2.91
2019,02,26,07,40,175,13.7,17.3,1013.3,12.3,3.10
2019,02,26,10,40,177,12.8,16.2,1013.4,12.3,3.13
2019,02,26,14,40,169,11.4,14.1,1013.0,12.3,2.66
2019,02,26,17,40,161,13.5,16.8,1013.6,12.3,3.16
2019,02,26,20,40,161,13.1,17.3,1012.7,12.3,2.97
2019,02,26,23,40,163,14.5,18.9,1010.9,12.3,3.35
2019,02,27,02,40,162,16.1,20.1,1009.4,12.3,3.73
2019,02,27,05,40,163,15.8,21.6,1009.0,12.3,4.33
2019,02,27,08,40,163,16.2,22.5,1008.3,12.3,4.40
2019,02,27,11,40,190,7.2,9.5,1011.3,12.3,3.77
2019,02,27,14,40,174,7.1,9.2,1012.4,12.3,3.25
2019,02,27,17,40,179,8.4,10.6,1015.2,12.3,2.74
2019,02,27,20,40,210,9.1,11.1,1016.9,12.4,2.49
2019,02,27,23,40,250,6.6,8.6,1017.7,12.4,2.74
2019,02,28,02,40,305,5.0,6.3,1018.0,12.3,2.52
2019,02,28,05,40,281,2.9,4.3,1019.2,12.3,1.90
2019,02,28,08,40,275,2.8,4.3,1019.8,12.3,2.10
2019,02,28,11,40,294,4.6,5.9,1019.6,12.3,2.07
2019,02,28,14,40,289,4.3,5.6,1020.9,12.3,1.84
2019,02,28,17,40,349,3.1,4.3,1022.3,12.3,2.27
2019,02,28,20,40,296,1.3,2.7,1022.4,12.6,2.15
2019,02,28,23,40,299,3.2,4.8,1021.4,13.2,2.17
2019,03,01,02,40,325,4.2,5.7,1020.9,12.8,2.11
2019,03,01,05,40,345,3.7,5.5,1021.1,12.8,1.89
2019,03,01,08,40,312,2.3,3.5,1021.1,12.8,2.14
2019,03,01,11,40,353,2.1,3.2,1020.0,12.4,2.07
2019,03,01,14,40,29,2.6,3.7,1019.8,11.9,2.32
2019,03,01,17,40,90,2.0,3.0,1019.7,12.1,1.71
2019,03,01,20,40,113,1.8,2.8,1019.0,12.4,1.61
2019,03,01,23,40,96,3.0,4.3,1017.4,12.3,1.54
2019,03,02,02,40,102,3.8,5.1,1015.2,12.4,1.70
2019,03,02,05,40,118,4.7,5.9,1013.7,12.3,1.35
2019,03,02,08,40,84,9.2,12.6,1010.7,12.3,1.27
2019,03,02,11,40,83,10.4,13.2,1006.9,12.3,1.34
2019,03,02,14,40,81,8.6,10.7,1007.3,12.3,1.80
2019,03,02,17,40,79,9.5,11.8,1008.7,12.3,2.10
2019,03,02,20,40,93,5.7,7.4,1010.5,12.4,1.81
2019,03,02,23,40,189,1.2,1.8,1011.6,12.6,1.54
2019,03,03,02,40,218,0.8,1.7,1013.5,12.6,1.52
2019,03,03,05,40,87,1.3,2.0,1014.9,12.4,1.51
2019,03,03,08,40,164,4.3,5.9,1016.2,12.4,2.21
2019,03,03,11,40,209,4.1,5.5,1015.9,12.4,2.20
2019,03,03,14,40,220,2.8,3.9,1016.6,12.4,1.87
2019,03,03,17,40,284,5.2,6.7,1017.8,12.4,1.77
2019,03,03,20,40,289,5.8,7.0,1018.2,12.5,1.61
2019,03,03,23,40,292,6.0,7.2,1018.3,12.7,1.72
2019,03,04,02,40,269,5.5,7.0,1018.4,12.6,1.86
2019,03,04,05,40,240,4.1,5.4,1019.7,12.5,1.92
2019,03,04,08,40,265,4.8,6.0,1019.9,12.5,1.67
2019,03,04,11,40,267,6.5,8.0,1019.5,12.5,1.69
2019,03,04,14,40,300,7.0,8.4,1020.1,12.4,1.66
2019,03,04,17,40,317,5.2,6.6,1021.0,12.1,1.66
2019,03,04,20,40,312,4.1,5.6,1020.9,12.2,1.66
2019,03,04,23,40,337,3.7,4.9,1019.2,12.4,1.53
2019,03,05,02,40,292,2.9,4.0,1018.7,12.5,1.39
2019,03,05,05,40,3,2.7,3.7,1017.8,12.6,1.49
2019,03,05,08,40,113,0.2,0.9,1017.3,12.4,1.33
2019,03,05,11,40,87,6.6,7.9,1014.1,12.3,1.13
2019,03,05,14,40,157,6.5,7.8,1013.8,12.4,1.00
2019,03,05,17,40,166,6.9,8.1,1013.7,12.4,1.04
2019,03,05,20,40,133,11.7,14.6,1008.9,12.5,1.26
2019,03,05,23,40,153,12.5,15.5,1008.4,12.5,2.11
2019,03,06,02,40,149,9.6,12.1,1006.2,12.5,3.25
2019,03,06,05,40,158,14.6,18.3,1004.8,12.4,3.54
2019,03,06,08,40,151,15.8,21.0,1002.3,12.5,3.47
2019,03,06,11,40,165,10.9,13.5,1001.9,12.5,3.72
2019,03,06,14,40,206,5.8,7.8,1003.5,12.5,3.02
2019,03,06,17,40,224,6.1,7.8,1005.8,12.5,2.72
2019,03,06,21,40,190,8.8,10.6,1007.0,12.6,2.35
2019,03,07,00,40,185,9.1,11.7,1007.3,12.6,2.36
2019,03,07,03,40,275,9.0,11.8,1010.9,12.6,2.62
2019,03,07,06,40,295,7.9,10.3,1014.6,12.6,2.63
2019,03,07,09,40,253,5.0,7.2,1016.4,12.6,2.67
2019,03,07,12,40,290,5.4,7.5,1016.6,12.5,2.39
2019,03,07,15,40,326,4.9,6.5,1017.8,12.5,2.13
2019,03,07,18,40,343,4.9,6.9,1018.5,12.4,2.07
2019,03,07,21,40,299,7.0,9.4,1017.4,12.7,1.86
2019,03,08,00,40,299,6.3,8.2,1016.1,12.6,1.68
2019,03,08,03,40,286,7.9,9.7,1015.7,12.5,1.55
2019,03,08,06,40,288,9.5,12.3,1016.1,12.5,1.78
2019,03,08,09,40,294,11.2,14.4,1016.2,12.3,1.99
2019,03,08,12,40,312,9.0,12.6,1016.3,12.3,2.06
2019,03,08,15,40,312,9.7,12.6,1018.2,12.2,1.80
2019,03,08,18,40,303,8.5,10.3,1019.5,12.3,1.87
2019,03,08,21,40,297,8.4,10.8,1019.3,12.4,1.59
2019,03,09,00,40,282,7.6,9.7,1019.3,12.5,1.56
2019,03,09,03,40,275,4.7,6.9,1019.0,12.4,1.50
2019,03,09,06,40,214,4.2,5.3,1018.4,12.4,1.22
2019,03,09,09,40,188,6.6,8.5,1017.0,12.3,1.16
2019,03,09,12,40,180,7.7,9.7,1014.9,12.3,1.25
2019,03,09,15,40,166,10.2,13.0,1013.8,12.1,1.43
2019,03,09,18,40,196,6.3,7.6,1013.8,12.2,1.39
2019,03,09,21,40,186,9.1,11.1,1012.5,12.3,1.41
2019,03,10,00,40,184,9.4,11.3,1011.6,12.4,1.59
2019,03,10,03,40,162,10.4,13.1,1011.1,12.3,2.61
2019,03,10,06,40,201,4.5,6.2,1011.7,12.3,3.00
2019,03,10,09,40,175,4.7,6.2,1011.8,12.2,2.63
2019,03,10,12,40,171,3.0,4.1,1011.6,12.2,2.56
2019,03,10,15,40,138,5.1,6.8,1012.9,12.1,2.42
2019,03,10,18,40,125,6.8,9.5,1014.5,12.3,2.64
2019,03,10,21,40,103,4.9,7.1,1014.8,12.5,2.62
2019,03,11,00,40,65,4.0,5.9,1015.6,12.5,2.17
2019,03,11,03,40,45,1.5,2.4,1016.4,12.5,2.15
2019,03,11,06,40,333,3.0,4.1,1017.7,12.3,2.17
2019,03,11,09,40,330,3.4,5.1,1017.9,12.3,2.61
2019,03,11,12,40,334,4.5,6.1,1017.8,12.2,2.81
2019,03,11,15,40,329,4.0,5.3,1018.9,12.0,2.75
2019,03,11,18,40,333,4.5,6.3,1019.8,12.3,2.80
2019,03,11,21,40,290,7.1,9.3,1018.4,12.6,2.68
2019,03,12,00,40,312,8.0,10.3,1017.4,12.8,2.61
2019,03,12,03,40,316,8.9,12.8,1016.2,12.6,2.27
2019,03,12,06,40,315,11.4,14.7,1015.4,12.4,2.60
2019,03,12,09,40,316,12.9,15.8,1014.3,12.3,2.68
2019,03,12,12,40,315,12.0,14.9,1013.8,12.3,3.17
2019,03,12,15,40,311,12.3,15.8,1014.1,12.3,3.05
2019,03,12,18,40,312,14.8,18.6,1014.5,12.4,2.98
2019,03,12,21,40,310,15.9,20.0,1014.3,12.5,3.86
2019,03,13,00,40,311,16.9,21.0,1013.9,12.5,4.53
2019,03,13,03,40,322,14.3,18.4,1016.2,12.3,4.00
2019,03,13,06,40,323,14.2,17.2,1018.3,12.1,3.67
2019,03,13,09,40,331,11.1,13.6,1020.4,12.1,3.31
2019,03,13,12,40,332,9.4,11.4,1021.6,12.1,3.20
2019,03,13,15,40,332,8.6,10.7,1023.6,11.9,3.22
2019,03,13,18,40,324,6.9,8.8,1024.9,12.1,3.02
2019,03,13,21,40,314,9.0,11.7,1023.8,12.2,2.91
2019,03,14,00,40,324,8.7,11.0,1023.3,12.2,2.68
2019,03,14,03,40,327,6.8,8.8,1023.7,12.2,2.83
2019,03,14,06,40,319,7.4,9.4,1024.0,12.2,2.51
2019,03,14,09,40,334,6.5,8.1,1024.6,12.2,2.74
2019,03,14,12,40,332,5.3,6.9,1024.3,12.1,2.63
2019,03,14,15,40,353,3.5,4.7,1025.4,12.1,2.24
2019,03,14,19,40,307,3.0,4.4,1026.4,12.4,1.93
2019,03,14,22,40,288,4.2,5.9,1024.9,12.6,1.80
2019,03,15,01,40,310,5.4,7.0,1024.6,12.7,1.77
2019,03,15,04,40,294,6.0,7.9,1025.0,12.5,1.61
2019,03,15,07,40,317,5.1,6.7,1025.2,12.1,1.55
2019,03,15,10,40,353,2.2,3.0,1024.3,12.2,1.57
2019,03,15,22,40,300,4.4,5.7,1022.5,12.6,1.49
2019,03,16,01,40,331,5.7,6.7,1021.4,13.4,1.44
2019,03,16,04,40,311,5.9,7.0,1021.5,12.9,1.55
2019,03,16,07,40,310,4.1,5.5,1021.7,12.8,1.56
2019,03,16,10,40,318,5.1,6.6,1021.2,12.6,1.40
2019,03,16,13,40,295,2.9,4.6,1021.9,12.4,1.60
2019,03,16,16,40,68,1.6,2.7,1023.0,12.6,1.61
2019,03,16,19,40,279,1.4,2.5,1022.4,12.7,1.54
2019,03,16,22,40,317,5.8,7.0,1020.6,12.9,1.64
2019,03,17,01,40,317,6.4,7.9,1019.9,13.0,1.46
2019,03,17,04,40,314,6.9,8.5,1020.3,13.5,1.27
2019,03,17,07,40,319,4.7,5.8,1020.3,13.1,1.33
2019,03,17,10,40,335,3.0,5.2,1019.5,12.9,1.61
2019,03,17,13,40,344,3.1,4.2,1019.7,12.7,1.76
2019,03,17,16,40,344,1.4,2.5,1020.7,12.3,1.89
2019,03,17,19,40,307,1.7,2.9,1020.0,12.9,1.63
2019,03,17,22,40,300,3.8,4.9,1018.3,13.2,1.91
2019,03,18,01,40,306,5.1,6.6,1017.0,13.8,2.27
2019,03,18,04,40,325,4.4,5.7,1017.1,13.7,2.16
2019,03,18,07,40,320,3.6,4.9,1016.6,13.4,1.94
2019,03,18,10,40,326,3.0,4.2,1015.3,13.0,2.20
2019,03,18,13,40,339,0.6,1.3,1015.1,13.2,1.65
2019,03,18,16,40,129,1.8,3.6,1016.0,13.0,1.43
2019,03,18,19,40,247,3.9,5.1,1015.8,13.4,1.42
2019,03,18,22,40,197,2.0,3.5,1015.4,13.7,1.41
2019,03,19,01,40,197,3.1,4.7,1014.4,13.6,1.21
2019,03,19,04,40,205,3.4,5.6,1015.8,13.2,1.26
2019,03,19,07,40,123,2.5,3.8,1014.5,13.3,1.15
2019,03,19,11,40,146,3.1,4.0,1013.0,13.0,1.04
2019,03,19,14,40,149,3.9,5.0,1013.1,13.0,1.01
2019,03,19,17,40,117,2.8,3.7,1012.8,13.0,1.22
2019,03,19,20,40,174,5.6,7.0,1012.2,13.4,1.55
2019,03,19,23,40,162,1.8,3.3,1011.0,13.7,1.78
2019,03,20,02,40,161,5.9,7.4,1011.1,13.4,1.83
2019,03,20,05,40,148,5.6,7.9,1012.0,12.8,2.43
2019,03,20,08,40,150,8.8,11.3,1011.6,12.8,2.35
2019,03,20,11,40,180,6.3,8.0,1011.8,12.6,2.36
2019,03,20,14,40,241,7.3,9.4,1013.7,12.5,2.53
2019,03,20,17,40,241,7.2,9.3,1016.4,12.4,2.51
2019,03,20,20,40,227,5.2,6.6,1018.0,13.1,2.85
2019,03,20,23,40,238,4.1,6.0,1018.0,13.3,2.50
2019,03,21,02,40,238,2.3,3.6,1017.9,13.4,2.74
2019,03,21,05,40,201,1.9,3.0,1018.9,13.2,2.44
2019,03,21,08,40,163,2.0,3.2,1019.0,13.0,2.44
2019,03,21,11,40,54,2.4,4.0,1018.9,12.7,2.41
2019,03,21,14,40,73,2.1,3.7,1019.8,12.6,2.25
2019,03,21,17,40,151,0.4,1.2,1020.9,12.8,2.43
2019,03,21,20,40,272,3.7,5.2,1021.1,13.2,2.31
2019,03,21,23,40,278,4.6,6.0,1021.2,13.0,1.80
2019,03,22,02,40,271,2.3,3.5,1021.3,13.3,1.96
2019,03,22,05,40,224,2.4,3.4,1021.7,13.0,2.18
2019,03,22,08,40,197,4.4,5.4,1021.5,13.1,2.06
2019,03,22,11,40,164,5.2,6.5,1021.0,13.1,2.05
2019,03,22,14,40,155,6.2,7.9,1021.1,13.0,2.07
2019,03,22,17,40,153,9.2,11.3,1021.9,12.9,2.35
2019,03,22,20,40,162,9.5,11.7,1021.8,12.9,2.42
2019,03,22,23,40,156,9.8,12.4,1020.6,12.8,2.55
2019,03,23,02,40,169,9.0,11.6,1020.3,12.8,2.30
2019,03,23,05,40,176,8.3,10.8,1020.7,12.8,3.27
2019,03,23,08,40,330,4.7,6.1,1020.6,12.7,2.58
2019,03,23,11,40,303,6.3,8.0,1020.9,12.8,2.72
2019,03,23,14,40,319,5.4,7.2,1022.3,12.7,2.45
2019,03,23,17,40,305,4.1,6.3,1023.6,12.9,3.44
2019,03,23,20,40,291,6.6,8.6,1024.1,13.1,3.20
2019,03,23,23,40,285,6.5,8.1,1023.8,13.4,2.98
2019,03,24,02,40,292,6.7,8.5,1023.8,13.0,3.19
2019,03,24,05,40,316,5.0,7.4,1024.7,13.2,3.42
2019,03,24,08,40,14,2.3,3.5,1023.3,13.4,3.28
2019,03,24,11,40,80,0.5,2.4,1022.9,13.1,3.30
2019,03,24,14,40,84,3.8,6.4,1023.3,13.3,2.95
2019,03,24,17,40,101,4.5,8.0,1024.5,13.1,2.87
2019,03,24,20,40,155,3.1,4.9,1023.1,13.4,2.82
2019,03,24,23,40,169,2.8,3.8,1022.1,13.2,2.34
2019,03,25,02,40,139,5.6,7.6,1020.4,13.5,1.68
2019,03,25,05,40,200,7.8,10.2,1021.4,13.0,1.77
2019,03,25,08,40,153,7.2,9.3,1019.2,12.9,2.25
2019,03,25,11,40,149,9.5,11.6,1016.9,12.8,2.23
2019,03,25,14,40,163,11.4,13.6,1017.3,12.8,2.57
2019,03,25,17,40,156,12.7,15.5,1018.1,12.7,2.81
2019,03,25,20,40,169,10.1,12.7,1018.9,12.7,2.91
2019,03,25,23,40,239,4.6,6.3,1018.6,12.7,2.57
2019,03,26,02,40,316,1.7,2.7,1018.4,12.6,2.37
2019,03,26,05,40,291,2.8,4.5,1019.0,12.6,2.53
2019,03,26,09,40,301,1.8,3.9,1018.6,12.6,2.63
2019,03,26,12,40,289,0.5,1.5,1018.0,12.5,2.26
2019,03,26,15,40,87,1.5,3.0,1018.3,12.5,2.06
2019,03,26,18,40,108,1.0,2.6,1018.8,12.8,2.25
2019,03,26,21,40,170,1.5,2.7,1016.8,12.9,2.11
2019,03,27,00,40,152,3.3,4.6,1014.3,13.8,2.19
2019,03,27,03,40,50,1.0,2.8,1013.2,13.3,2.00
2019,03,27,06,40,83,5.7,7.5,1011.7,13.2,2.01
2019,03,27,09,40,176,11.0,14.2,1011.0,12.8,2.14
2019,03,27,12,40,173,9.1,11.0,1012.1,12.7,2.26
2019,03,27,15,40,172,9.2,11.3,1013.6,12.7,2.13
2019,03,27,18,40,201,5.2,6.5,1015.6,12.7,2.24
2019,03,27,21,40,223,5.4,7.2,1016.1,13.0,2.10
2019,03,28,00,40,234,5.1,6.4,1016.5,13.1,2.02
2019,03,28,03,40,211,5.3,6.5,1018.0,12.8,1.79
2019,03,28,06,40,193,4.6,6.1,1019.7,12.9,1.86
2019,03,28,09,40,208,5.4,6.8,1021.0,12.8,1.85
2019,03,28,12,40,202,4.7,6.1,1021.7,12.8,1.87
2019,03,28,16,40,192,5.4,6.9,1023.4,12.8,1.95
2019,03,28,19,40,198,6.8,8.4,1024.4,13.0,1.90
2019,03,28,22,40,205,6.8,10.4,1024.3,13.1,2.12
2019,03,29,01,40,222,5.6,7.1,1024.1,13.0,2.01
2019,03,29,04,40,248,4.0,5.6,1026.2,12.9,2.01
2019,03,29,07,40,296,4.5,5.7,1026.6,12.9,1.95
2019,03,29,10,40,309,2.2,3.5,1027.0,12.9,2.09
2019,03,29,13,40,27,2.1,3.4,1026.9,12.9,2.10
2019,03,29,16,40,106,0.9,2.9,1028.8,13.0,2.17
2019,03,29,19,40,301,4.3,5.8,1029.1,13.9,2.17
2019,03,29,22,40,300,5.8,7.5,1027.6,13.6,2.28
2019,03,30,01,40,306,7.2,9.0,1026.5,13.3,2.10
2019,03,30,04,40,327,8.4,10.7,1026.9,14.1,2.18
2019,03,30,07,40,317,9.1,11.1,1026.8,13.7,2.14
2019,03,30,10,40,336,5.8,7.0,1024.8,13.5,1.94
2019,03,30,13,40,338,3.8,5.1,1024.8,13.4,1.74
2019,03,30,16,40,346,4.0,5.0,1025.6,13.2,1.76
2019,03,30,19,40,311,5.2,6.8,1024.7,13.5,1.73
2019,03,30,22,40,307,8.5,10.1,1024.5,14.0,1.87
2019,03,31,01,40,321,8.3,10.0,1022.2,14.1,1.68
2019,03,31,04,40,319,8.6,10.9,1023.1,13.6,1.88
2019,03,31,07,40,313,7.3,8.9,1022.8,13.8,1.70
2019,03,31,10,40,321,7.7,10.0,1022.3,13.6,1.65
2019,03,31,13,40,316,5.6,6.8,1021.8,13.5,1.66
2019,03,31,16,40,313,4.2,5.6,1022.8,13.4,1.51
2019,03,31,19,40,323,4.9,6.3,1022.1,13.7,1.37
2019,03,31,22,40,313,6.3,7.4,1020.3,14.2,1.26
2019,04,01,01,40,313,7.8,9.4,1019.8,13.9,1.12
2019,04,01,04,40,323,7.7,9.1,1019.6,13.5,1.11
2019,04,01,07,40,338,4.9,6.1,1018.7,13.5,1.21
2019,04,01,10,40,344,2.4,3.4,1017.6,13.5,1.17
2019,04,01,13,40,305,3.1,4.0,1016.4,13.5,1.43
2019,04,01,16,40,316,5.2,6.3,1017.2,13.5,1.46
2019,04,01,19,40,300,3.8,4.8,1016.5,13.5,1.89
2019,04,01,22,40,26,2.8,3.5,1014.3,13.6,1.35
2019,04,02,01,40,286,5.8,7.9,1014.6,13.6,1.53
2019,04,02,04,40,101,2.3,3.8,1013.8,13.8,1.65
2019,04,02,07,40,180,3.0,4.6,1012.1,13.9,1.59
2019,04,02,10,40,221,2.3,3.0,1012.2,13.8,1.43
2019,04,02,13,40,148,2.8,3.7,1011.7,13.6,1.54
2019,04,02,16,40,67,1.3,2.4,1012.1,13.5,1.24
2019,04,02,19,40,271,3.6,4.7,1013.4,13.8,1.65
2019,04,02,22,40,225,5.0,6.2,1013.7,13.9,1.39
2019,04,03,01,40,234,4.1,5.1,1013.8,14.0,1.53
2019,04,03,04,40,236,3.1,4.0,1014.8,14.0,1.55
2019,04,03,07,40,253,2.2,3.0,1015.2,13.5,1.33
2019,04,03,10,40,282,3.7,5.2,1015.9,13.8,1.45
2019,04,03,13,40,218,0.5,1.3,1016.5,13.8,1.65
2019,04,03,16,40,210,1.1,2.7,1018.0,13.7,1.77
2019,04,03,19,40,139,2.6,3.8,1018.9,14.1,1.65
2019,04,03,22,40,189,3.6,4.5,1018.2,14.4,1.66
2019,04,04,01,40,180,2.4,3.3,1017.5,14.4,1.54
2019,04,04,04,40,179,1.9,2.5,1017.8,13.8,1.48
2019,04,04,07,40,188,2.6,3.4,1017.4,13.9,1.39
2019,04,04,10,40,173,3.4,4.4,1017.2,14.2,1.28
2019,04,04,13,40,168,3.3,4.4,1017.0,13.9,1.11
2019,04,04,16,40,179,4.7,6.1,1017.4,13.8,1.15
2019,04,04,19,40,158,6.4,7.6,1017.4,14.3,1.09
2019,04,04,22,40,176,6.8,8.4,1016.7,14.3,1.23
2019,04,05,01,40,174,6.8,8.2,1015.9,14.0,1.18
2019,04,05,04,40,179,6.3,7.5,1016.3,14.2,1.31
2019,04,05,07,40,175,7.5,9.0,1015.9,14.2,1.35
2019,04,05,10,40,181,6.7,8.9,1014.6,14.0,1.31
2019,04,05,13,40,170,7.4,9.2,1014.4,14.0,1.27
2019,04,05,16,40,250,9.3,11.7,1015.9,13.9,1.35
2019,04,05,19,40,217,4.4,5.5,1017.5,14.0,1.28
2019,04,05,22,40,162,4.6,5.8,1016.6,14.2,1.39
2019,04,06,01,40,201,5.5,6.5,1017.3,14.0,1.21
2019,04,06,05,40,163,5.9,7.3,1017.6,13.9,1.28
2019,04,06,08,40,165,6.2,7.7,1017.7,13.9,1.78
2019,04,06,11,40,166,6.2,8.1,1017.7,13.8,2.02
2019,04,06,14,40,153,9.2,11.3,1017.5,13.7,2.35
2019,04,06,17,40,165,7.6,9.9,1020.0,13.9,2.77
2019,04,06,20,40,154,7.0,9.9,1020.7,13.9,3.49
2019,04,06,23,40,180,3.9,5.5,1020.6,14.1,3.72
2019,04,07,02,40,176,4.9,6.5,1021.0,14.0,3.64
2019,04,07,05,40,203,4.1,5.8,1023.6,14.0,3.93
2019,04,07,08,40,169,5.6,7.8,1024.2,14.0,3.20
2019,04,07,11,40,176,5.7,7.4,1023.7,14.0,3.67
2019,04,07,14,40,171,5.3,6.9,1025.6,13.9,3.57
2019,04,07,17,40,177,3.6,5.2,1027.0,14.0,3.00
2019,04,07,20,40,136,2.6,5.1,1026.1,14.3,3.24
2019,04,07,23,40,249,1.9,3.7,1024.9,14.5,3.21
2019,04,08,03,40,283,2.9,4.9,1025.5,14.3,2.89
2019,04,08,06,40,225,1.3,3.0,1025.5,14.6,2.96
2019,04,08,09,40,229,0.9,2.5,1023.8,14.3,3.10
2019,04,08,12,40,263,0.6,2.3,1023.1,14.2,3.11
2019,04,08,15,40,165,0.6,1.9,1024.1,14.3,3.15
2019,04,08,18,40,126,3.5,5.8,1024.4,14.5,3.08
2019,04,08,21,40,194,3.9,4.9,1023.5,14.6,2.78
2019,04,09,00,40,226,4.5,5.7,1022.5,14.5,2.79
2019,04,09,03,40,285,7.1,9.6,1022.7,14.4,2.35
2019,04,09,06,40,313,9.4,12.3,1023.5,14.2,2.97
2019,04,09,09,40,316,10.0,13.2,1024.0,14.2,2.87
2019,04,09,12,40,320,11.5,14.8,1024.5,14.3,3.16
2019,04,09,15,40,317,13.1,16.4,1025.9,14.1,3.08
2019,04,09,18,40,315,13.1,16.4,1026.7,13.9,2.90
2019,04,09,21,40,313,14.0,19.6,1025.8,13.8,3.53
2019,04,10,00,40,318,14.5,18.4,1025.3,13.6,3.48
2019,04,10,03,40,322,13.6,18.0,1025.7,13.1,3.58
2019,04,10,06,40,322,12.1,16.0,1025.9,12.8,3.40
2019,04,10,09,40,325,12.3,15.2,1026.3,12.4,3.11
2019,04,10,12,40,333,11.7,15.1,1027.1,12.1,2.89
2019,04,10,15,40,329,10.1,12.4,1027.9,11.9,2.55
2019,04,10,18,40,323,7.9,9.8,1028.3,11.7,2.58
2019,04,10,21,40,319,11.0,13.4,1026.7,11.8,2.86
2019,04,11,00,40,319,10.7,13.2,1025.6,11.9,3.07
2019,04,11,03,40,326,11.7,14.3,1024.8,11.6,3.23
2019,04,11,06,40,318,12.0,15.2,1024.5,11.4,3.19
2019,04,11,09,40,322,10.8,13.6,1024.0,11.3,3.07
2019,04,11,12,40,325,11.6,14.9,1023.4,11.1,3.20
2019,04,11,15,40,317,12.6,16.2,1024.1,11.1,2.77
2019,04,11,18,40,320,12.3,15.7,1023.5,10.8,3.21
2019,04,11,21,40,309,12.2,15.4,1021.9,10.6,3.10
2019,04,12,00,40,309,15.7,20.3,1018.5,10.4,3.08
2019,04,12,03,40,319,13.7,17.5,1017.6,10.3,3.03
2019,04,12,06,40,316,13.9,16.4,1017.3,10.2,2.89
2019,04,12,09,40,323,12.4,15.6,1016.5,10.1,2.60
2019,04,12,12,40,316,11.4,14.2,1015.4,10.1,2.57
2019,04,12,15,40,320,9.7,12.5,1016.2,10.1,2.47
2019,04,12,18,40,315,8.7,11.0,1016.4,10.2,2.32
2019,04,12,21,40,318,8.9,10.8,1015.2,10.6,2.30
2019,04,13,00,40,319,10.4,13.1,1014.0,10.5,2.46
2019,04,13,03,40,316,9.8,12.1,1013.6,10.4,2.73
2019,04,13,06,40,319,10.7,13.4,1014.3,10.4,2.74
2019,04,13,09,40,322,7.8,10.0,1014.7,10.4,2.78
2019,04,13,12,40,342,6.3,7.9,1015.2,10.4,2.47
2019,04,13,15,40,303,2.9,4.5,1017.3,10.4,2.53
2019,04,13,18,40,320,2.4,4.0,1018.6,10.8,2.21
2019,04,13,21,40,314,4.1,5.6,1017.9,10.8,2.31
2019,04,14,00,40,310,7.5,9.4,1017.2,10.7,2.52
2019,04,14,03,40,310,6.5,8.4,1017.1,10.6,2.47
2019,04,14,06,40,311,6.7,9.2,1016.8,10.4,2.85
2019,04,14,09,40,325,5.2,7.7,1016.5,10.5,2.73
2019,04,14,12,40,314,7.9,10.0,1015.7,10.6,2.40
2019,04,14,15,40,305,7.9,10.5,1016.3,10.8,2.57
2019,04,14,18,40,308,7.8,10.1,1017.0,11.2,2.43
2019,04,14,21,40,308,5.9,7.7,1016.0,11.6,2.06
2019,04,15,00,40,308,8.3,10.4,1014.4,11.7,2.24
2019,04,15,03,40,313,10.3,13.3,1013.6,11.7,2.51
2019,04,15,06,40,313,10.1,12.6,1013.6,11.7,2.58
2019,04,15,09,40,318,8.2,10.4,1013.0,11.5,2.42
2019,04,15,12,40,321,5.9,7.3,1012.5,11.3,2.33
2019,04,15,15,40,271,3.0,4.2,1013.2,11.2,2.08
2019,04,15,18,40,252,3.0,4.3,1013.8,11.6,1.79
2019,04,15,21,40,198,3.6,5.8,1013.7,11.9,1.68
2019,04,16,00,40,183,6.0,7.4,1012.8,12.0,1.45
2019,04,16,03,40,168,8.1,10.0,1011.9,11.6,1.53
2019,04,16,06,40,185,5.5,8.2,1013.0,11.4,1.70
2019,04,16,09,40,288,4.2,5.5,1014.0,11.4,1.62
2019,04,16,12,40,296,5.8,7.4,1014.9,11.5,1.67
2019,04,16,15,40,303,7.6,10.0,1017.5,11.5,1.56
2019,04,16,18,40,306,6.7,8.2,1019.4,11.6,1.71
2019,04,16,21,40,314,8.2,10.5,1019.8,12.0,1.72
2019,04,17,00,40,320,8.0,10.0,1020.2,12.1,2.17
2019,04,17,04,40,318,9.7,13.2,1021.3,11.5,2.61
2019,04,17,07,40,319,9.2,11.3,1022.5,11.8,2.55
2019,04,17,10,40,320,8.2,10.1,1023.1,11.7,2.46
2019,04,17,13,40,323,6.7,8.6,1023.7,11.6,2.36
2019,04,17,16,40,327,4.9,6.6,1024.7,11.6,2.41
2019,04,17,19,40,321,5.7,7.0,1024.7,12.1,2.20
2019,04,17,22,40,318,5.0,6.5,1023.6,12.2,2.25
2019,04,18,01,40,311,6.6,8.3,1022.4,12.2,2.33
2019,04,18,04,40,309,5.9,7.7,1023.0,11.9,1.98
2019,04,18,07,40,294,3.9,5.3,1022.6,11.7,1.99
2019,04,18,10,40,285,1.0,2.2,1021.9,11.7,2.00
2019,04,18,13,40,317,1.2,2.6,1021.4,11.8,1.89
2019,04,18,16,40,241,0.4,1.3,1021.3,11.9,1.88
2019,04,18,19,40,291,4.6,6.0,1021.0,12.6,2.03
2019,04,18,22,40,259,3.4,4.6,1020.0,12.3,1.73
2019,04,19,01,40,299,5.4,6.7,1018.6,11.8,1.64
2019,04,19,04,40,252,2.7,3.7,1019.1,11.1,1.64
2019,04,19,07,40,261,1.9,3.0,1018.4,11.5,1.64
2019,04,19,10,40,303,1.7,3.2,1016.9,12.8,1.59
2019,04,19,13,40,317,1.6,3.2,1015.8,12.4,1.46
2019,04,19,16,40,301,3.4,4.9,1016.0,11.7,1.45
2019,04,19,20,40,275,3.9,5.4,1014.9,11.8,1.54
2019,04,19,23,40,302,5.5,7.0,1013.6,12.0,1.64
2019,04,20,02,40,304,7.9,10.5,1013.0,11.8,1.71
2019,04,20,05,40,299,8.7,11.0,1013.2,11.4,2.21
2019,04,20,08,40,306,7.9,10.4,1013.5,11.1,2.29
2019,04,20,11,40,303,9.8,12.1,1013.2,12.0,2.36
2019,04,20,14,40,310,11.4,14.5,1014.4,11.7,2.47
2019,04,20,17,40,304,12.5,15.5,1015.6,11.2,2.71
2019,04,20,20,40,290,10.8,13.4,1016.4,11.6,2.72
2019,04,20,23,40,296,14.6,18.0,1015.8,11.6,3.46
2019,04,21,02,40,309,13.9,17.8,1016.1,11.3,3.65
2019,04,21,05,40,310,13.3,17.7,1017.2,10.9,3.93
2019,04,21,08,40,315,12.0,15.2,1018.0,10.6,3.60
2019,04,21,11,40,322,10.0,12.8,1019.2,10.4,3.12
2019,04,21,14,40,320,8.5,10.6,1020.6,10.2,2.71
2019,04,21,17,40,317,7.2,9.5,1021.2,10.2,2.57
2019,04,21,20,40,314,9.6,12.2,1021.2,10.3,2.47
2019,04,21,23,40,310,9.5,12.0,1020.2,10.3,2.64
2019,04,22,02,40,314,11.2,13.8,1019.2,10.1,2.76
2019,04,22,05,40,315,10.8,13.3,1020.0,10.1,2.78
2019,04,22,08,40,318,9.6,12.4,1020.0,10.0,2.67
2019,04,22,11,40,318,9.3,11.9,1019.2,9.9,2.33
2019,04,22,14,40,332,7.6,10.3,1020.3,9.9,2.36
2019,04,22,17,40,320,6.0,7.6,1020.9,9.9,2.11
2019,04,22,20,40,311,8.8,11.2,1019.8,10.1,1.79
2019,04,22,23,40,309,9.0,11.2,1018.1,10.3,2.07
2019,04,23,02,40,309,8.9,10.6,1016.7,10.1,1.89
2019,04,23,05,40,325,8.9,10.8,1016.9,10.1,2.12
2019,04,23,08,40,327,6.5,8.0,1016.8,10.0,1.87
2019,04,23,11,40,336,3.0,4.6,1016.0,11.5,1.84
2019,04,23,14,40,351,2.2,3.2,1017.2,11.3,1.62
2019,04,23,17,40,312,3.3,4.4,1017.5,10.4,1.40
2019,04,23,20,40,303,5.0,6.2,1016.6,11.0,1.40
2019,04,23,23,40,300,6.0,8.0,1015.2,11.2,1.32
2019,04,24,02,40,318,7.4,8.9,1014.1,11.6,1.41
2019,04,24,05,40,323,5.5,7.5,1014.8,11.1,1.97
2019,04,24,08,40,320,5.7,6.9,1014.7,11.1,1.98
2019,04,24,11,40,325,7.6,10.0,1014.5,11.3,2.22
2019,04,24,14,40,332,6.7,8.9,1015.5,11.5,2.40
2019,04,24,18,40,316,6.3,7.7,1016.2,12.0,2.45
2019,04,24,21,40,315,8.9,11.1,1015.4,12.9,2.43
2019,04,25,00,40,307,8.9,11.0,1014.3,13.1,2.35
2019,04,25,03,40,298,8.1,11.2,1013.9,12.7,2.17
2019,04,25,06,40,304,6.3,8.4,1014.7,12.0,2.21
2019,04,25,09,40,313,4.6,6.2,1014.5,11.7,2.04
2019,04,25,12,40,308,5.2,6.6,1014.6,12.2,1.93
2019,04,25,15,40,310,4.4,6.1,1015.7,11.9,1.72
2019,04,25,18,40,298,4.1,5.5,1016.6,11.9,1.40
2019,04,25,21,40,305,6.1,7.6,1016.5,12.0,1.48
2019,04,26,00,40,298,5.5,7.0,1015.8,12.4,1.40
2019,04,26,03,40,271,3.3,4.6,1015.7,12.1,1.27
2019,04,26,06,40,290,3.6,5.4,1016.2,11.9,1.18
2019,04,26,09,40,272,2.0,3.8,1015.4,12.0,1.35
2019,04,26,12,40,195,2.9,3.9,1015.1,12.0,1.29
2019,04,26,15,40,137,2.9,4.2,1015.8,12.0,1.30
2019,04,26,18,40,162,2.3,3.4,1016.6,12.3,1.31
2019,04,26,21,40,206,2.4,3.6,1016.2,12.6,1.38
2019,04,27,00,40,183,2.4,3.6,1015.3,13.0,1.40
2019,04,27,03,40,302,1.5,2.7,1015.0,12.7,1.49
2019,04,27,06,40,207,2.4,3.5,1015.6,12.5,1.60
2019,04,27,09,40,276,2.8,4.0,1015.0,12.3,1.75
2019,04,27,12,40,204,4.2,5.1,1014.9,12.2,1.84
2019,04,27,15,40,198,3.2,4.1,1015.7,12.3,1.57
2019,04,27,18,40,193,5.1,6.8,1016.2,12.5,1.43
2019,04,27,21,40,183,4.3,5.6,1015.1,12.4,1.38
2019,04,28,00,40,202,4.0,5.5,1013.6,12.6,1.62
2019,04,28,03,40,292,2.6,4.6,1013.2,12.6,1.29
2019,04,28,06,40,299,4.1,5.6,1014.1,12.4,1.38
2019,04,28,09,40,303,3.0,5.0,1013.1,12.3,1.63
2019,04,28,12,40,276,2.9,4.4,1012.2,12.2,1.80
2019,04,28,15,40,191,2.0,3.2,1012.7,12.3,1.85
2019,04,28,18,40,180,2.8,4.9,1013.0,12.4,1.83
2019,04,28,21,40,213,2.8,4.1,1011.7,12.7,1.58
2019,04,29,00,40,203,2.8,4.1,1009.7,12.5,1.64
2019,04,29,03,40,186,3.5,4.8,1009.6,12.9,1.47
2019,04,29,06,40,171,2.5,3.8,1009.4,12.4,1.45
2019,04,29,09,40,169,4.8,6.8,1008.8,12.1,1.33
2019,04,29,12,40,187,5.7,7.6,1008.9,12.3,1.48
2019,04,29,15,40,170,6.8,8.3,1010.4,12.0,1.39
2019,04,29,18,40,178,6.0,7.6,1011.6,12.1,1.20
2019,04,29,21,40,180,5.2,6.5,1010.8,12.3,1.20
2019,04,30,01,40,201,3.0,3.8,1010.8,12.7,1.24
2019,04,30,04,40,202,3.5,5.1,1011.5,12.3,1.28
2019,04,30,07,40,196,4.2,5.6,1012.3,12.2,1.29
2019,04,30,10,40,220,5.2,6.3,1012.0,12.0,1.34
2019,04,30,13,40,234,4.9,6.4,1012.5,11.7,1.58
2019,04,30,16,40,243,3.4,4.8,1014.5,11.8,1.56
2019,04,30,19,40,290,4.6,6.3,1015.8,12.2,1.63
2019,04,30,22,40,305,5.4,6.9,1016.0,12.4,1.65
2019,05,01,01,40,283,3.6,4.5,1015.7,12.3,1.39
2019,05,01,04,40,318,2.0,2.8,1016.3,12.3,1.27
2019,05,01,07,40,281,0.0,0.4,1016.6,12.2,1.36
2019,05,01,10,40,231,1.8,2.4,1016.7,12.1,1.29
2019,05,01,13,40,164,1.8,2.9,1017.3,12.0,1.06
2019,05,01,16,40,153,3.0,3.9,1019.0,12.0,1.14
2019,05,01,19,40,196,3.4,4.0,1018.7,12.6,1.06
2019,05,01,22,40,252,3.5,4.4,1018.2,13.2,0.97
2019,05,02,01,40,296,3.9,4.9,1017.1,12.9,1.00
2019,05,02,04,40,298,4.9,5.9,1017.7,12.8,0.91
2019,05,02,08,40,299,3.8,4.5,1018.5,12.6,0.96
2019,05,02,11,40,315,4.1,5.1,1017.6,12.6,1.14
2019,05,02,14,40,238,0.7,1.7,1017.9,12.7,1.16
2019,05,02,17,40,304,0.5,1.9,1018.4,12.6,1.21
2019,05,02,20,40,292,4.7,5.6,1018.1,13.4,1.25
2019,05,02,23,40,305,6.8,8.2,1016.9,13.0,1.22
2019,05,03,02,40,306,8.3,9.9,1016.0,13.1,1.40
2019,05,03,05,40,315,7.7,9.4,1016.3,12.8,1.47
2019,05,03,08,40,308,4.7,6.0,1015.6,13.0,1.70
2019,05,03,11,40,315,3.2,5.0,1015.6,12.9,1.72
2019,05,03,14,40,324,3.7,5.4,1016.2,12.7,1.60
2019,05,03,17,40,306,3.8,5.5,1017.2,12.6,1.46
2019,05,03,20,40,299,5.9,7.1,1016.6,13.0,1.36
2019,05,03,23,40,301,6.8,8.3,1015.5,13.4,1.41
2019,05,04,02,40,304,6.6,8.8,1014.7,13.0,1.24
2019,05,04,05,40,314,5.8,7.8,1015.2,12.7,1.28
2019,05,04,08,40,289,3.6,5.5,1014.8,13.7,1.33
2019,05,04,11,40,270,3.4,5.1,1014.3,13.5,1.18
2019,05,04,14,40,306,2.6,4.0,1014.5,13.4,1.21
2019,05,04,17,40,314,2.1,3.2,1014.9,12.9,1.11
2019,05,04,20,40,270,3.9,5.1,1014.0,13.0,1.10
2019,05,04,23,40,287,4.3,6.0,1013.2,13.5,1.23
2019,05,05,02,40,288,4.4,6.4,1012.2,13.5,1.16
2019,05,05,05,40,288,2.3,4.7,1012.3,13.4,1.04
2019,05,05,08,40,278,2.4,4.3,1012.0,13.3,1.13
2019,05,05,11,40,220,4.2,5.8,1012.1,13.4,1.09
2019,05,05,14,40,231,2.3,3.4,1012.3,13.3,1.00
2019,05,05,17,40,250,2.0,3.0,1012.5,13.3,1.07
2019,05,05,20,40,245,4.3,5.1,1012.3,13.2,1.18
2019,05,05,23,40,235,3.6,4.5,1011.8,13.2,0.94
2019,05,06,02,40,242,3.4,4.5,1012.2,13.1,1.04
2019,05,06,05,40,285,4.9,6.3,1011.8,13.2,1.02
2019,05,06,08,40,267,5.0,7.0,1011.9,13.1,1.19
2019,05,06,11,40,260,3.5,4.5,1011.9,13.0,1.01
2019,05,06,14,40,245,2.7,3.5,1013.0,13.3,0.97
2019,05,06,17,40,252,4.3,5.5,1013.8,13.1,1.00
2019,05,06,20,40,222,3.6,4.3,1014.2,12.9,1.09
2019,05,06,23,40,248,4.5,5.7,1014.3,13.3,1.12
2019,05,07,02,40,260,5.7,7.1,1014.9,13.4,1.33
2019,05,07,05,40,212,4.0,4.9,1016.2,13.6,1.20
2019,05,07,08,40,249,3.3,4.5,1016.3,13.6,1.22
2019,05,07,11,40,228,3.6,5.0,1017.0,13.5,1.25
2019,05,07,14,40,183,1.6,2.8,1018.7,13.3,1.17
2019,05,07,17,40,199,1.7,2.7,1019.4,13.5,1.13
2019,05,07,20,40,208,2.6,3.8,1019.4,14.2,1.10
2019,05,07,23,40,212,3.0,4.9,1018.8,14.6,1.18
2019,05,08,02,40,254,2.5,4.4,1018.7,14.5,1.26
2019,05,08,05,40,264,3.1,4.5,1018.7,14.2,1.13
2019,05,08,08,40,244,2.8,4.2,1018.4,14.1,1.20
2019,05,08,11,40,215,2.4,3.7,1017.6,14.1,1.01
2019,05,08,14,40,186,3.1,4.6,1017.7,13.7,1.04
2019,05,08,17,40,168,2.9,4.2,1017.5,13.9,1.19
2019,05,08,20,40,203,2.8,3.7,1016.3,14.1,1.23
2019,05,08,23,40,286,2.8,4.0,1014.5,14.0,1.34
2019,05,09,03,40,279,3.3,4.5,1012.6,14.0,1.26
2019,05,09,06,40,249,3.0,4.1,1012.4,13.8,1.18
2019,05,09,09,40,251,5.0,6.5,1011.3,13.9,1.18
2019,05,09,12,40,202,3.0,4.5,1010.5,13.8,1.38
2019,05,09,15,40,210,4.2,5.6,1011.2,13.3,1.46
2019,05,09,18,40,211,3.9,5.1,1011.5,13.5,1.37
2019,05,09,21,40,227,3.2,4.1,1010.2,14.1,1.44
2019,05,10,00,40,254,2.6,3.5,1008.8,14.2,1.29
2019,05,10,03,40,202,3.2,4.2,1009.1,14.0,1.39
2019,05,10,06,40,225,3.7,5.3,1010.3,13.9,1.25
2019,05,10,09,40,292,1.4,2.3,1010.2,13.9,1.04
2019,05,10,12,40,317,4.5,6.5,1009.2,13.7,1.15
2019,05,10,15,40,274,2.4,4.1,1010.1,13.8,1.10
2019,05,10,18,40,250,3.0,3.9,1011.1,13.8,1.12
2019,05,10,21,40,228,3.0,3.9,1011.9,14.2,1.07
2019,05,11,00,40,290,4.0,5.7,1012.4,14.3,1.11
2019,05,11,03,40,252,2.8,4.1,1013.6,14.3,1.07
2019,05,11,06,40,258,3.1,4.0,1014.9,14.1,1.04
2019,05,11,09,40,261,4.1,5.6,1015.4,14.2,0.89
2019,05,11,12,40,287,3.6,4.6,1015.7,14.0,1.05
2019,05,11,15,40,318,3.1,5.0,1016.5,14.0,1.02
2019,05,11,18,40,295,2.7,4.2,1017.1,14.1,0.90
2019,05,11,21,40,274,4.8,6.1,1016.4,14.3,0.97
2019,05,12,00,40,286,5.6,7.2,1014.8,14.3,0.98
2019,05,12,03,40,291,5.5,7.7,1015.0,13.9,0.94
2019,05,12,06,40,296,3.4,6.0,1015.9,14.2,0.97
2019,05,12,09,40,301,5.6,7.2,1015.7,14.0,1.03
2019,05,12,12,40,314,5.2,7.1,1015.4,14.1,1.24
2019,05,12,15,40,310,6.5,8.4,1016.8,14.2,1.21
2019,05,12,18,40,305,6.9,9.0,1017.3,14.2,1.30
2019,05,12,21,40,294,6.5,8.0,1017.0,14.4,1.28
2019,05,13,00,40,299,6.5,8.3,1015.9,14.4,1.49
2019,05,13,03,40,304,7.5,10.0,1016.2,14.4,1.60
2019,05,13,06,40,300,8.1,9.8,1017.3,14.3,1.76
2019,05,13,09,40,307,6.2,8.2,1016.8,14.2,1.57
2019,05,13,12,40,286,4.5,6.5,1017.4,14.0,1.38
2019,05,13,15,40,302,4.0,5.8,1018.9,14.0,1.31
2019,05,13,18,40,293,4.5,5.9,1019.5,14.0,1.30
2019,05,13,21,40,292,4.9,6.3,1018.7,14.3,1.22
2019,05,14,00,40,295,6.5,8.1,1017.6,14.2,1.16
2019,05,14,03,40,308,6.1,8.2,1017.5,14.0,1.17
2019,05,14,06,40,283,4.8,7.1,1018.5,14.0,1.04
2019,05,14,09,40,290,5.2,6.6,1017.7,13.9,1.28
2019,05,14,12,40,268,2.4,3.3,1017.6,13.9,1.12
2019,05,14,15,40,238,2.7,3.4,1018.7,13.9,1.09
2019,05,14,18,40,263,3.3,3.9,1019.5,14.2,1.13
2019,05,14,21,40,282,2.6,3.3,1018.0,14.4,0.99
2019,05,15,00,40,258,2.9,3.5,1016.5,14.4,1.20
2019,05,15,03,40,260,3.5,4.4,1015.8,14.3,1.53
2019,05,15,06,40,258,1.5,2.5,1014.6,14.2,1.21
2019,05,15,09,40,159,4.2,5.4,1013.0,14.1,1.50
2019,05,15,12,40,165,5.1,7.5,1011.2,14.1,1.52
2019,05,15,15,40,163,7.8,11.6,1010.9,14.1,1.72
2019,05,15,18,40,156,10.3,12.6,1010.5,14.0,1.75
2019,05,15,21,40,147,11.8,15.1,1007.9,14.0,1.97
2019,05,16,00,40,155,14.0,17.7,1005.5,13.7,2.39
2019,05,16,03,40,217,11.8,17.9,1005.0,13.7,3.22
2019,05,16,06,40,257,7.2,9.1,1007.1,13.2,2.82
2019,05,16,09,40,234,5.6,7.2,1007.6,12.8,2.43
2019,05,16,13,40,239,7.5,9.7,1008.5,12.6,2.60
2019,05,16,16,40,225,8.0,10.5,1010.5,12.7,3.32
2019,05,16,20,40,251,5.5,7.7,1013.5,13.1,3.77
2019,05,16,23,40,270,9.1,11.6,1014.6,13.0,3.76
2019,05,17,02,40,277,9.0,11.8,1016.1,12.8,3.70
2019,05,17,05,40,282,7.7,10.4,1017.9,12.6,3.72
2019,05,17,08,40,294,7.3,10.1,1018.8,12.8,3.31
2019,05,17,11,40,284,7.5,10.2,1019.4,13.4,2.73
2019,05,17,14,40,308,6.3,8.9,1020.6,13.3,2.59
2019,05,17,17,40,300,5.5,7.2,1021.7,13.2,2.43
2019,05,17,20,40,294,4.5,6.2,1021.9,13.6,2.10
2019,05,17,23,40,270,6.3,7.8,1021.7,14.0,1.93
2019,05,18,02,40,279,5.2,7.0,1020.5,14.0,1.58
2019,05,18,05,40,288,2.7,4.4,1019.5,14.0,1.52
2019,05,18,08,40,277,2.6,3.5,1017.4,13.8,1.33
2019,05,18,11,40,170,1.2,1.9,1015.4,13.7,1.26
2019,05,18,14,40,169,4.9,6.1,1014.3,14.1,1.16
2019,05,18,17,40,150,8.4,10.8,1013.1,13.9,1.14
2019,05,18,20,40,153,10.5,12.6,1012.9,13.7,1.45
2019,05,18,23,40,151,11.4,14.8,1010.5,13.7,1.84
2019,05,19,02,40,163,11.3,13.9,1008.1,13.5,2.43
2019,05,19,05,40,234,4.6,6.0,1008.5,13.3,2.50
2019,05,19,08,40,239,3.6,5.4,1008.0,13.3,2.57
2019,05,19,11,40,176,6.5,8.1,1006.3,13.2,2.63
2019,05,19,14,40,231,5.5,7.5,1007.2,13.4,2.89
2019,05,19,17,40,242,2.8,4.2,1008.8,13.6,2.38
2019,05,19,20,40,198,3.7,5.0,1010.0,13.8,2.90
2019,05,19,23,40,225,4.2,6.1,1010.2,13.7,2.99
2019,05,20,02,40,293,4.3,6.1,1010.7,13.8,2.94
2019,05,20,05,40,342,2.5,4.0,1012.1,13.6,2.66
2019,05,20,08,40,26,2.1,3.3,1012.8,13.6,2.81
2019,05,20,11,40,341,3.6,5.0,1013.9,13.6,2.49
2019,05,20,14,40,317,4.9,6.8,1015.7,13.7,2.56
2019,05,20,17,40,306,5.8,7.6,1016.5,13.7,2.69
2019,05,20,20,40,271,4.5,6.2,1017.1,14.0,2.53
2019,05,20,23,40,259,5.6,7.4,1016.9,14.4,2.35
2019,05,21,02,40,246,4.5,6.1,1016.3,14.4,1.94
2019,05,21,05,40,211,6.8,9.5,1015.5,14.0,1.86
2019,05,21,08,40,259,5.6,7.7,1014.6,13.7,1.77
2019,05,21,11,40,289,8.4,10.9,1014.3,13.6,1.91
2019,05,21,14,40,271,8.0,12.4,1014.5,13.5,1.97
2019,05,21,17,40,288,9.2,11.1,1014.8,13.6,1.95
2019,05,21,20,40,286,9.8,12.2,1014.4,14.0,2.46
2019,05,21,23,40,300,10.8,14.0,1013.3,14.2,5.12
2019,05,22,02,40,304,12.7,16.5,1012.2,14.0,5.05
2019,05,22,05,40,299,10.9,14.4,1012.7,14.0,4.64
2019,05,22,08,40,306,11.0,13.8,1011.0,14.0,4.13
2019,05,22,11,40,318,11.0,13.8,1010.4,13.8,3.73
2019,05,22,15,40,321,7.7,9.8,1011.9,13.5,3.39
2019,05,22,18,40,315,8.4,10.6,1011.7,13.6,3.30
2019,05,22,21,40,317,10.9,13.8,1011.1,13.8,3.71
2019,05,23,00,40,311,9.9,12.6,1010.0,13.8,3.77
2019,05,23,03,40,319,9.5,12.2,1010.1,13.8,3.46
2019,05,23,06,40,315,10.9,14.3,1009.5,13.5,4.26
2019,05,23,09,40,317,11.5,15.6,1009.0,13.3,3.59
2019,05,23,12,40,313,9.9,12.5,1008.9,12.8,4.06
2019,05,23,15,40,317,7.9,10.6,1010.0,12.5,3.27
2019,05,23,18,40,316,6.1,7.9,1010.9,12.5,3.29
2019,05,23,21,40,303,4.1,5.9,1011.6,12.8,3.32
2019,05,24,00,40,263,0.3,1.9,1012.4,13.0,3.08
2019,05,24,03,40,180,3.3,5.3,1014.2,13.1,2.53
2019,05,24,06,40,239,4.0,6.4,1016.3,13.1,2.52
2019,05,24,09,40,208,3.4,4.4,1016.8,12.9,2.25
2019,05,24,12,40,201,4.1,5.2,1016.9,12.9,2.00
2019,05,24,15,40,205,4.6,5.8,1017.7,12.9,1.89
2019,05,24,18,40,228,2.9,3.8,1018.8,13.0,1.79
2019,05,24,21,40,205,4.4,5.4,1017.2,13.2,1.55
2019,05,25,00,40,258,4.8,6.6,1015.1,13.0,1.44
2019,05,25,03,40,304,6.4,8.5,1015.1,12.8,1.46
2019,05,25,06,40,312,5.8,7.5,1014.0,12.8,1.59
2019,05,25,09,40,307,7.8,10.5,1012.6,12.7,1.98
2019,05,25,12,40,304,11.2,13.6,1010.9,12.3,2.53
2019,05,25,15,40,319,9.9,12.3,1011.2,12.0,2.81
2019,05,25,18,40,316,8.8,10.6,1011.6,13.1,2.36
2019,05,25,21,40,308,8.6,10.7,1011.6,13.6,2.53
2019,05,26,00,40,306,8.9,11.2,1010.6,13.7,2.51
2019,05,26,03,40,297,9.8,12.1,1010.2,13.6,2.59
2019,05,26,06,40,293,11.0,14.3,1009.1,13.4,2.79
2019,05,26,09,40,294,11.3,14.7,1009.3,13.0,2.80
2019,05,26,12,40,300,10.5,13.0,1009.4,12.5,2.51
2019,05,26,15,40,297,9.6,12.6,1010.7,12.4,2.31
2019,05,26,18,40,288,7.9,9.9,1012.0,12.4,2.09
2019,05,26,21,40,285,7.6,9.4,1013.1,12.5,2.00
2019,05,27,00,40,285,8.1,10.3,1013.9,12.5,1.88
2019,05,27,03,40,302,6.6,9.2,1014.8,12.4,1.83
2019,05,27,06,40,321,6.6,9.0,1016.3,12.4,1.74
2019,05,27,09,40,327,6.3,7.9,1016.7,12.3,1.71
2019,05,27,12,40,303,5.3,6.9,1017.1,12.2,1.51
2019,05,27,15,40,341,3.0,4.2,1018.2,12.3,1.54
2019,05,27,18,40,304,8.0,10.2,1020.1,12.4,1.37
2019,05,27,21,40,294,7.1,8.8,1020.3,12.5,1.32
2019,05,28,00,40,299,7.2,8.9,1019.2,12.8,1.34
2019,05,28,03,40,297,7.5,9.7,1018.9,12.7,1.42
2019,05,28,06,40,313,10.5,13.0,1019.0,12.5,1.92
2019,05,28,09,40,318,10.3,12.7,1018.4,12.0,1.81
2019,05,28,12,40,341,9.3,12.1,1017.4,11.9,1.68
2019,05,28,15,40,316,5.1,6.9,1018.1,11.9,1.72
2019,05,28,18,40,312,8.0,9.5,1018.4,12.1,1.66
2019,05,28,21,40,302,7.2,9.4,1017.3,12.2,1.74
2019,05,29,00,40,306,7.8,9.7,1016.0,12.2,1.64
2019,05,29,03,40,308,10.0,12.3,1014.4,12.1,2.00
2019,05,29,06,40,324,8.6,10.9,1014.9,11.6,2.29
2019,05,29,09,40,304,4.9,6.6,1014.1,11.5,2.10
2019,05,29,12,40,338,7.6,9.7,1013.3,11.8,1.94
2019,05,29,15,40,331,6.0,7.6,1014.0,11.9,2.05
2019,05,29,18,40,320,9.6,11.8,1014.3,11.9,2.01
2019,05,29,21,40,312,9.9,12.1,1013.3,11.3,2.07
2019,05,30,00,40,310,10.8,13.1,1012.6,11.2,2.47
2019,05,30,03,40,309,12.5,15.6,1012.9,11.1,2.53
2019,05,30,06,40,311,9.9,12.4,1013.8,10.8,2.56
2019,05,30,09,40,309,9.3,12.7,1013.4,11.2,2.31
2019,05,30,12,40,311,8.2,10.5,1013.5,11.7,1.96
2019,05,30,15,40,310,7.1,8.7,1014.7,11.5,1.82
2019,05,30,18,40,290,6.0,7.6,1015.1,11.4,1.73
2019,05,30,21,40,298,6.5,7.9,1014.6,11.9,1.61
2019,05,31,00,40,301,6.4,7.9,1014.1,11.8,1.36
2019,05,31,03,40,307,6.8,8.9,1014.4,11.6,1.48
2019,05,31,06,40,298,4.8,6.1,1014.4,11.5,1.66
2019,05,31,09,40,91,1.4,2.8,1014.0,11.5,1.74
2019,05,31,12,40,343,3.2,4.4,1013.7,11.6,1.75
2019,05,31,15,40,308,5.0,6.6,1014.3,11.8,1.61
2019,05,31,18,40,333,5.8,7.4,1014.1,11.9,1.70
2019,05,31,21,40,317,6.8,8.5,1013.5,11.7,1.71
2019,06,01,00,40,308,7.3,8.7,1012.1,11.4,1.78
2019,06,01,03,40,312,6.7,8.5,1012.3,11.6,1.72
2019,06,01,07,40,310,6.0,7.9,1012.2,11.5,1.82
2019,06,01,10,40,282,3.7,5.1,1010.7,11.5,1.85
2019,06,01,13,40,112,2.1,3.9,1010.2,11.6,1.73
2019,06,01,16,40,72,0.8,2.2,1011.1,11.8,1.78
2019,06,01,19,40,204,3.6,4.8,1011.6,12.2,1.74
2019,06,01,22,40,207,2.8,3.5,1011.5,11.9,1.71
2019,06,02,01,40,241,2.9,4.1,1010.6,11.5,1.83
2019,06,02,04,40,211,3.9,5.4,1011.1,11.3,1.58
2019,06,02,07,40,188,2.4,3.3,1011.8,11.3,1.42
2019,06,02,10,40,181,4.1,5.0,1011.1,11.3,1.51
2019,06,02,13,40,187,4.0,5.2,1011.9,11.8,1.60
2019,06,02,16,40,183,3.8,5.2,1013.0,12.0,1.61
2019,06,02,19,40,186,4.1,5.4,1013.8,12.1,1.44
2019,06,02,22,40,190,5.2,6.7,1013.5,12.1,1.33
2019,06,03,01,40,177,2.6,3.5,1013.2,11.9,1.39
2019,06,03,04,40,245,2.1,3.9,1014.0,11.8,1.40
2019,06,03,07,40,295,3.0,4.2,1014.5,12.1,1.18
2019,06,03,14,40,123,0.1,1.4,1014.2,11.9,1.73
2019,06,03,21,40,255,2.1,3.5,1014.7,12.5,1.75
2019,06,04,00,40,300,5.3,6.9,1013.7,12.4,1.75
2019,06,04,03,40,269,2.8,3.9,1013.2,12.0,1.86
2019,06,04,06,40,289,2.9,4.3,1013.8,12.5,1.83
2019,06,04,09,40,310,5.2,7.2,1013.3,12.6,2.00
2019,06,04,12,40,320,5.4,6.9,1013.4,13.1,1.96
2019,06,04,15,40,357,1.7,2.8,1014.6,12.9,1.78
2019,06,04,18,40,318,5.8,7.6,1015.4,13.3,1.90
2019,06,04,21,40,311,8.5,9.8,1014.4,13.4,1.76
2019,06,05,00,40,308,7.6,9.7,1013.2,12.7,1.71
2019,06,05,03,40,308,7.0,8.6,1012.5,12.8,1.99
2019,06,05,06,40,315,6.2,7.8,1012.8,12.6,2.20
2019,06,05,09,40,328,5.9,7.7,1012.5,13.5,2.17
2019,06,05,14,40,324,4.9,6.6,1013.1,13.2,2.19
2019,06,05,17,40,322,8.3,10.6,1014.1,13.4,2.12
2019,06,05,20,40,312,10.2,12.5,1013.9,13.6,2.42
2019,06,05,23,40,312,10.6,13.1,1013.4,13.7,2.48
2019,06,06,02,40,323,10.6,14.3,1012.4,12.9,3.04
2019,06,06,05,40,312,10.4,13.3,1013.6,12.2,2.63
2019,06,06,08,40,316,11.5,14.1,1013.3,12.0,2.62
2019,06,06,11,40,315,10.3,13.7,1013.5,11.8,2.17
2019,06,06,14,40,317,10.5,13.4,1015.4,11.6,2.54
2019,06,06,17,40,303,11.7,14.9,1016.2,11.6,2.29
2019,06,06,20,40,308,10.2,12.6,1017.0,11.8,2.03
2019,06,06,23,40,312,10.2,12.8,1016.8,11.9,2.19
2019,06,07,02,40,310,13.2,17.0,1015.7,11.9,2.84
2019,06,07,05,40,310,12.2,15.1,1016.0,11.7,2.70
2019,06,07,08,40,306,13.4,16.4,1015.4,10.8,2.68
2019,06,07,11,40,318,12.6,15.7,1015.9,10.5,2.77
2019,06,07,14,40,318,10.8,13.7,1017.3,10.3,2.58
2019,06,07,17,40,329,8.8,11.0,1018.4,10.4,2.25
2019,06,07,20,40,322,9.9,12.4,1018.4,10.5,2.07
2019,06,07,23,40,323,9.2,12.2,1017.8,10.6,2.56
2019,06,08,02,40,320,10.2,12.8,1016.9,10.5,2.91
2019,06,08,05,40,319,10.8,13.4,1017.5,10.3,2.89
2019,06,08,08,40,318,9.1,11.9,1016.5,10.2,2.47
2019,06,08,11,40,310,7.4,8.9,1016.2,10.2,2.20
2019,06,08,14,40,320,7.8,9.6,1017.1,10.2,2.16
2019,06,08,17,40,312,7.7,9.6,1017.3,10.2,1.93
2019,06,08,20,40,307,8.3,10.5,1016.8,10.3,1.93
2019,06,08,23,40,307,7.8,9.4,1015.9,10.4,1.83
2019,06,09,02,40,297,4.6,6.2,1015.5,10.9,1.69
2019,06,09,05,40,321,5.6,6.9,1015.8,10.8,1.69
2019,06,09,08,40,345,2.0,3.9,1015.4,10.7,1.73
2019,06,09,11,40,359,1.7,2.5,1015.4,10.8,1.68
2019,06,09,14,40,297,2.4,3.5,1016.5,11.3,1.46
2019,06,09,17,40,287,2.7,3.6,1017.3,10.8,1.28
2019,06,09,20,40,312,5.3,6.4,1016.9,11.3,1.30
2019,06,09,23,40,313,4.7,6.1,1015.8,11.1,1.22
2019,06,10,02,40,303,4.9,5.9,1015.3,11.9,1.15
2019,06,10,05,40,300,3.4,4.7,1016.0,12.0,1.00
2019,06,10,08,40,323,2.2,2.8,1015.3,11.7,0.99
2019,06,10,11,40,7,1.9,2.5,1014.6,11.3,1.00
2019,06,10,14,40,79,2.3,4.5,1015.4,11.1,0.85
2019,06,10,17,40,80,4.3,5.3,1016.3,11.5,0.83
2019,06,10,20,40,332,3.5,4.4,1016.3,12.1,0.94
2019,06,10,23,40,313,1.8,3.0,1015.9,13.3,1.03
2019,06,11,03,40,186,2.6,3.4,1015.7,13.9,0.84
2019,06,11,06,40,94,2.0,2.8,1016.4,14.3,0.84
2019,06,11,09,40,66,1.8,2.3,1015.7,13.7,0.93
2019,06,11,12,40,236,1.8,2.4,1015.7,12.6,0.95
2019,06,11,15,40,130,1.9,2.4,1016.4,12.7,0.89
2019,06,11,18,40,101,1.9,2.7,1016.6,14.3,0.93
2019,06,11,21,40,266,2.0,2.6,1015.8,15.6,1.06
2019,06,12,00,40,245,2.8,4.3,1014.7,14.3,0.97
2019,06,12,03,40,257,4.5,6.1,1014.4,15.8,1.05
2019,06,12,06,40,315,0.8,2.2,1014.6,14.0,1.17
2019,06,12,09,40,179,2.0,2.7,1013.5,14.9,1.12
2019,06,12,12,40,237,3.4,4.5,1013.5,14.8,0.95
2019,06,12,15,40,105,0.8,1.6,1014.2,15.9,0.93
2019,06,12,18,40,190,3.9,4.7,1014.8,15.7,1.06
2019,06,12,21,40,185,3.4,4.3,1014.6,15.0,0.85
2019,06,13,00,40,187,3.7,4.5,1013.8,14.6,0.86
2019,06,13,03,40,234,3.7,4.8,1013.7,14.2,0.94
2019,06,13,06,40,211,2.4,3.3,1014.5,13.8,1.02
2019,06,13,09,40,219,3.2,4.2,1014.0,14.5,0.94
2019,06,13,12,40,209,2.7,4.2,1013.9,13.9,0.97
2019,06,13,15,40,194,3.6,4.4,1014.7,13.5,0.91
2019,06,13,18,40,181,4.0,5.1,1015.0,13.5,0.88
2019,06,13,21,40,237,3.0,3.9,1015.1,13.7,0.86
2019,06,14,00,40,287,5.0,6.2,1014.2,13.5,0.89
2019,06,14,03,40,299,5.3,6.7,1014.1,13.1,0.97
2019,06,14,06,40,298,5.1,6.6,1014.8,13.0,1.08
2019,06,14,09,40,276,5.6,7.1,1014.3,13.1,1.35
2019,06,14,12,40,291,5.6,7.3,1014.5,12.9,1.43
2019,06,14,15,40,292,5.7,7.5,1015.2,13.0,1.47
2019,06,14,18,40,278,5.7,7.6,1015.5,12.9,1.74
2019,06,14,21,40,298,6.6,8.2,1015.6,12.8,1.52
2019,06,15,00,40,301,7.6,9.6,1014.9,12.9,1.80
2019,06,15,03,40,302,7.7,10.0,1015.2,12.9,1.89
2019,06,15,06,40,303,7.5,9.9,1015.6,13.5,1.96
2019,06,15,09,40,300,6.4,8.0,1015.3,13.9,1.64
2019,06,15,12,40,300,6.6,8.8,1015.4,13.6,1.60
2019,06,15,15,40,303,7.3,9.1,1015.9,13.6,1.59
2019,06,15,18,40,305,5.1,6.7,1016.6,13.4,1.40
2019,06,15,21,40,299,3.7,4.8,1016.1,13.5,1.32
2019,06,16,00,40,293,6.1,7.6,1014.9,13.6,1.24
2019,06,16,03,40,288,5.4,6.8,1014.8,13.7,1.24
2019,06,16,06,40,298,4.8,6.6,1014.9,13.5,1.20
2019,06,16,09,40,305,4.3,5.8,1013.8,13.3,1.29
2019,06,16,12,40,285,5.7,7.9,1014.0,13.3,1.41
2019,06,16,15,40,316,6.0,7.4,1014.1,13.2,1.38
2019,06,16,18,40,297,4.8,6.3,1014.2,13.3,1.35
2019,06,16,21,40,280,5.5,7.0,1013.3,13.7,1.33
2019,06,17,00,40,308,7.0,8.9,1011.9,13.6,1.52
2019,06,17,03,40,302,5.3,6.8,1011.8,13.3,1.68
2019,06,17,07,40,311,5.4,6.9,1010.9,13.1,1.92
2019,06,17,10,40,316,4.4,6.3,1009.9,13.3,2.37
2019,06,17,13,40,138,2.2,3.7,1010.8,13.3,2.15
2019,06,17,16,40,143,6.6,8.8,1012.1,13.4,1.94
2019,06,17,19,40,174,4.9,6.4,1013.0,13.5,1.77
2019,06,17,22,40,218,4.3,5.7,1012.3,13.7,1.78
2019,06,18,01,40,205,1.4,2.9,1011.8,13.9,1.80
2019,06,18,04,40,191,3.3,5.0,1012.5,13.8,1.59
2019,06,18,07,40,157,5.4,7.6,1012.7,13.7,1.85
2019,06,18,10,40,161,6.0,8.0,1012.5,13.6,1.85
2019,06,18,13,40,167,5.5,7.0,1014.1,13.4,1.69
2019,06,18,16,40,177,3.3,4.6,1015.6,13.3,1.64
2019,06,18,19,40,233,2.8,3.5,1015.8,13.4,1.77
2019,06,18,22,40,238,1.7,2.4,1015.3,13.9,1.69
2019,06,19,01,40,220,2.9,4.6,1014.4,13.9,1.48
2019,06,19,04,40,182,4.2,5.8,1014.1,13.9,1.69
2019,06,19,07,40,178,5.1,6.9,1014.3,13.8,1.66
2019,06,19,10,40,152,6.9,9.1,1013.8,13.5,1.55
2019,06,19,13,40,155,6.6,8.9,1014.6,13.2,1.61
2019,06,19,16,40,179,3.5,4.6,1016.0,13.2,1.65
2019,06,19,19,40,193,2.9,3.6,1016.3,13.7,1.63
2019,06,19,22,40,211,2.6,3.6,1015.4,14.0,1.72
2019,06,20,01,40,231,3.2,4.3,1014.3,14.0,1.71
2019,06,20,04,40,215,4.2,5.3,1014.1,14.2,1.71
2019,06,20,07,40,200,6.2,7.6,1013.7,14.0,1.56
2019,06,20,10,40,182,5.8,8.3,1012.7,13.5,2.03
2019,06,20,13,40,186,3.9,5.5,1013.3,13.7,1.88
2019,06,20,16,40,171,3.5,5.2,1014.0,13.5,1.66
2019,06,20,19,40,213,4.0,5.5,1014.2,14.2,1.96
2019,06,20,22,40,228,2.9,4.2,1013.6,14.4,2.02
2019,06,21,01,40,298,5.7,7.4,1012.5,14.6,2.30
2019,06,21,04,40,215,3.0,3.8,1012.2,14.4,2.05
2019,06,21,07,40,168,4.3,6.3,1011.9,14.1,2.52
2019,06,21,11,40,162,4.0,5.7,1012.7,13.9,2.20
2019,06,21,14,40,195,2.6,4.4,1013.5,13.7,2.05
2019,06,21,17,40,182,3.0,4.9,1014.8,13.6,2.03
2019,06,21,20,40,273,2.4,3.9,1014.7,13.7,2.09
2019,06,21,23,40,316,5.6,7.6,1013.5,13.6,2.27
2019,06,22,02,40,318,6.1,9.0,1013.3,13.4,2.61
2019,06,22,05,40,307,5.8,7.7,1013.8,13.6,2.90
2019,06,22,08,40,303,3.9,5.7,1013.6,13.5,2.48
2019,06,24,12,40,153,1.8,2.9,1012.4,14.7,1.57
2019,06,24,15,40,145,2.7,4.0,1013.1,14.5,1.56
2019,06,24,18,40,193,1.5,2.3,1013.6,14.9,1.44
2019,06,24,21,40,282,2.0,3.4,1013.1,14.8,1.34
2019,06,25,00,40,282,5.1,6.4,1011.9,14.9,1.43
2019,06,25,03,40,264,3.0,4.5,1011.0,14.8,1.61
2019,06,25,06,40,315,4.6,6.3,1011.1,14.7,2.00
2019,06,25,09,40,302,4.8,6.4,1010.8,14.5,1.87
2019,06,25,12,40,303,6.2,7.7,1010.8,14.2,1.76
2019,06,25,15,40,308,7.9,9.8,1012.2,14.0,1.75
2019,06,25,18,40,301,8.8,11.2,1012.7,14.0,1.81
2019,06,25,21,40,311,6.9,8.6,1012.9,14.1,1.59
2019,06,26,00,40,307,7.7,9.9,1012.4,14.0,1.75
2019,06,26,03,40,307,8.7,10.2,1012.8,13.8,1.66
2019,06,26,06,40,306,10.0,12.7,1013.7,14.4,1.76
2019,06,26,09,40,316,7.2,9.6,1013.9,14.2,1.48
2019,06,26,12,40,303,6.9,8.6,1014.5,14.4,1.18
2019,06,26,15,40,285,4.5,5.4,1016.1,14.4,0.94
2019,06,26,18,40,297,6.2,7.6,1017.3,14.6,0.87
2019,06,26,21,40,284,5.8,6.8,1018.0,14.3,0.83
2019,06,27,00,40,279,6.7,8.0,1017.7,14.9,0.79
2019,06,27,03,40,296,7.2,8.6,1018.0,14.9,0.88
2019,06,27,06,40,310,5.9,7.5,1018.7,15.0,0.86
2019,06,27,09,40,299,4.9,6.0,1018.6,15.0,0.84
2019,06,27,12,40,284,5.4,6.6,1018.7,14.9,0.78
2019,06,27,15,40,306,5.2,6.5,1020.1,14.7,0.82
2019,06,27,18,40,308,4.5,5.8,1021.0,15.9,0.83
2019,06,27,21,40,302,6.9,8.6,1021.0,16.4,0.87
2019,06,28,00,40,300,7.7,9.6,1019.5,15.4,0.98
2019,06,28,03,40,305,8.4,10.1,1018.7,15.2,1.11
2019,06,28,06,40,310,8.0,10.4,1018.1,14.8,1.26
2019,06,28,09,40,325,9.2,11.1,1017.0,14.7,1.41
2019,06,28,12,40,321,7.8,9.7,1017.8,14.3,1.43
2019,06,28,15,40,314,8.6,10.5,1018.1,14.1,1.42
2019,06,28,18,40,305,8.2,9.6,1019.3,14.0,1.54
2019,06,28,21,40,303,7.9,9.6,1019.2,14.4,1.57
2019,06,29,00,40,308,8.6,10.5,1018.4,14.2,1.50
2019,06,29,03,40,306,9.1,11.2,1017.5,13.9,1.83
2019,06,29,06,40,313,10.0,12.8,1017.7,12.8,1.96
2019,06,29,09,40,323,10.0,12.7,1018.2,13.2,1.88
2019,06,29,12,40,326,7.1,8.6,1017.7,13.2,1.51
2019,06,29,15,40,329,4.5,5.6,1018.8,13.1,1.12
2019,06,29,18,40,313,5.7,7.3,1019.4,13.4,1.11
2019,06,29,21,40,303,7.2,8.9,1019.0,13.6,1.17
2019,06,30,00,40,306,7.3,8.9,1017.7,13.7,1.28
2019,06,30,03,40,305,7.8,9.5,1017.3,13.2,1.63
2019,06,30,06,40,306,7.3,9.0,1017.8,12.8,1.53
2019,06,30,09,40,314,6.8,8.5,1017.0,12.4,1.38
2019,06,30,12,40,310,4.3,5.9,1017.5,12.0,1.02
2019,06,30,15,40,309,5.3,6.8,1018.5,12.2,1.15
2019,06,30,18,40,296,4.6,5.8,1019.2,12.5,1.25
2019,06,30,21,40,303,5.9,7.6,1019.3,12.6,1.24
2019,07,01,00,40,298,6.9,8.9,1018.5,12.5,1.36
2019,07,01,03,40,298,5.4,6.5,1018.2,12.4,1.11
2019,07,01,06,40,307,5.1,6.6,1018.7,12.1,1.28
2019,07,01,09,40,306,7.6,9.7,1018.1,11.9,1.40
2019,07,01,12,40,312,7.4,9.4,1018.3,11.7,1.40
2019,07,01,15,40,313,5.3,6.5,1019.1,12.4,1.30
2019,07,01,18,40,296,4.3,5.5,1019.5,12.3,1.36
2019,07,01,21,40,292,5.5,7.0,1019.0,13.2,1.36
2019,07,02,00,40,302,7.5,9.8,1017.6,13.3,1.51
2019,07,02,03,40,307,6.9,9.0,1016.7,12.3,1.78
2019,07,02,06,40,314,9.1,11.5,1016.5,11.9,1.83
2019,07,02,09,40,326,8.1,10.9,1016.3,12.4,1.90
2019,07,02,12,40,310,9.3,11.5,1015.9,12.4,1.96
2019,07,02,15,40,312,10.1,13.1,1016.8,12.7,2.11
2019,07,02,18,40,308,8.2,10.2,1016.8,12.7,2.10
2019,07,02,21,40,306,7.5,9.4,1016.2,12.7,1.91
2019,07,03,00,40,308,10.9,13.9,1014.8,13.0,2.19
2019,07,03,03,40,321,11.2,13.8,1014.3,13.0,2.75
2019,07,03,06,40,321,9.7,11.8,1014.5,12.4,2.45
2019,07,03,09,40,309,9.3,11.6,1013.5,11.7,2.18
2019,07,03,12,40,306,9.6,11.2,1013.4,11.2,1.99
2019,07,03,15,40,319,7.8,9.8,1014.6,11.2,2.12
2019,07,03,18,40,314,6.3,8.2,1015.0,11.7,1.99
2019,07,03,21,40,311,7.7,10.4,1014.5,12.0,1.98
2019,07,04,00,40,311,5.7,7.6,1013.9,12.1,2.19
2019,07,04,03,40,307,7.9,10.1,1013.7,12.1,1.97
2019,07,04,06,40,310,8.7,11.5,1013.2,11.6,2.17
2019,07,04,09,40,313,8.1,10.2,1013.5,11.2,2.34
2019,07,04,12,40,326,7.7,9.8,1013.9,11.2,2.12
2019,07,04,15,40,317,5.6,7.4,1015.3,11.4,1.82
2019,07,04,18,40,309,4.9,6.8,1015.9,11.5,1.39
2019,07,04,21,40,317,5.1,6.7,1015.7,11.5,1.57
2019,07,05,00,40,301,5.3,6.6,1015.4,11.6,1.31
2019,07,05,03,40,300,5.4,7.1,1014.9,11.6,1.48
2019,07,05,06,40,314,4.1,5.9,1015.7,11.4,1.68
2019,07,05,09,40,289,2.9,4.0,1015.9,11.5,1.56
2019,07,05,12,40,293,4.7,6.4,1016.4,11.6,1.58
2019,07,05,15,40,315,6.2,8.0,1017.1,11.3,1.56
2019,07,05,18,40,311,5.4,6.9,1018.2,11.5,1.46
2019,07,05,21,40,296,3.7,4.4,1017.8,11.9,1.45
2019,07,06,00,40,277,4.4,5.4,1017.2,12.0,1.50
2019,07,06,03,40,287,3.0,4.5,1016.8,12.2,1.79
2019,07,06,06,40,304,4.0,5.8,1017.3,12.0,1.91
2019,07,06,09,40,291,4.9,6.4,1016.9,11.9,2.03
2019,07,06,12,40,304,3.8,5.4,1017.3,11.9,1.99
2019,07,06,15,40,313,6.2,8.1,1017.2,11.6,2.03
2019,07,06,18,40,282,3.1,6.5,1017.5,12.0,2.10
2019,07,06,21,40,285,7.1,9.0,1016.8,12.2,1.98
2019,07,07,00,40,312,8.0,10.5,1015.4,12.3,2.09
2019,07,07,03,40,316,11.1,14.3,1014.5,12.1,2.73
2019,07,07,06,40,315,10.0,12.9,1014.5,11.9,2.66
2019,07,07,09,40,308,8.7,11.3,1013.6,11.7,1.90
2019,07,07,12,40,302,4.9,6.9,1013.8,11.9,2.15
2019,07,07,15,40,320,7.8,10.2,1014.8,12.3,1.98
2019,07,07,18,40,324,7.3,9.7,1015.2,12.3,2.01
2019,07,07,21,40,290,5.1,6.7,1015.2,12.5,1.84
2019,07,08,00,40,286,5.0,6.5,1014.6,12.6,1.69
2019,07,08,03,40,278,3.9,5.9,1014.8,12.8,1.91
2019,07,08,06,40,300,6.4,8.1,1015.4,12.7,1.73
2019,07,08,09,40,301,6.3,8.9,1014.8,12.5,1.77
2019,07,08,12,40,298,8.8,11.0,1014.5,12.3,1.95
2019,07,08,15,40,293,8.3,10.1,1016.1,12.4,1.79
2019,07,08,18,40,278,7.1,8.9,1017.4,12.6,1.65
2019,07,08,21,40,272,5.1,6.5,1017.9,12.8,1.46
2019,07,09,00,40,292,4.9,6.9,1017.3,12.7,1.22
2019,07,09,03,40,282,4.4,5.3,1017.3,12.2,1.11
2019,07,09,06,40,297,4.1,5.0,1017.8,12.6,1.33
2019,07,09,09,40,295,5.8,7.0,1016.7,12.6,1.30
2019,07,09,12,40,248,3.2,4.2,1017.0,12.4,1.14
2019,07,09,15,40,261,2.9,3.5,1018.3,12.2,0.96
2019,07,09,18,40,247,2.8,3.5,1019.0,12.7,1.18
2019,07,09,21,40,245,2.4,3.2,1019.0,13.0,0.99
2019,07,10,00,40,242,3.2,3.8,1018.3,12.9,0.95
2019,07,10,03,40,263,3.3,4.0,1018.6,13.2,0.99
2019,07,10,06,40,287,4.1,6.5,1018.9,13.2,0.84
2019,07,10,09,40,337,3.2,4.2,1018.6,13.1,1.04
2019,07,10,12,40,287,2.4,3.1,1019.3,12.7,0.96
2019,07,10,15,40,279,3.6,5.0,1020.3,12.3,1.06
2019,07,10,18,40,284,4.1,5.0,1020.9,12.8,0.89
2019,07,10,21,40,289,5.1,6.0,1020.5,13.8,1.05
2019,07,11,00,40,297,5.8,7.1,1019.4,14.2,1.21
2019,07,11,03,40,305,5.7,7.1,1019.0,13.9,1.28
2019,07,11,06,40,294,2.9,4.0,1019.1,13.8,1.11
2019,07,11,09,40,303,5.9,7.2,1018.6,13.5,1.29
2019,07,11,12,40,312,6.6,8.2,1018.4,13.4,1.28
2019,07,11,15,40,311,4.4,5.6,1019.3,13.4,1.30
2019,07,11,18,40,303,4.8,5.9,1019.6,13.6,1.20
2019,07,11,21,40,313,5.6,7.3,1019.3,13.9,1.22
2019,07,12,01,40,308,8.3,10.3,1017.5,13.5,1.31
2019,07,12,04,40,311,8.0,10.6,1016.8,13.4,1.37
2019,07,12,07,40,316,7.7,9.5,1016.5,13.4,1.56
2019,07,12,10,40,314,6.8,8.5,1015.4,13.2,1.42
2019,07,12,13,40,315,6.9,9.0,1015.4,12.9,1.45
2019,07,12,16,40,318,7.4,9.6,1015.8,12.6,1.48
2019,07,12,19,40,314,8.7,10.5,1015.6,12.4,1.55
2019,07,12,22,40,318,7.6,9.7,1014.5,12.4,1.57
2019,07,13,01,40,312,8.7,10.7,1012.5,12.3,1.92
2019,07,13,04,40,318,8.3,10.7,1013.0,12.0,2.05
2019,07,13,07,40,316,9.3,11.9,1013.1,11.6,2.17
2019,07,13,10,40,326,7.6,9.3,1012.5,11.5,1.83
2019,07,13,13,40,317,7.6,9.8,1013.1,11.5,1.91
2019,07,13,16,40,313,5.7,7.0,1014.3,11.5,1.78
2019,07,13,19,40,310,7.6,10.2,1014.8,11.6,1.59
2019,07,13,22,40,311,7.2,8.9,1013.9,11.6,1.58
2019,07,14,01,40,304,5.6,7.1,1013.2,11.7,1.72
2019,07,14,04,40,311,8.0,9.9,1013.2,11.6,1.88
2019,07,14,07,40,321,8.6,10.7,1014.0,11.6,1.74
2019,07,14,10,40,314,7.3,9.6,1014.3,11.6,1.62
2019,07,14,13,40,318,8.2,10.6,1015.9,11.4,1.42
2019,07,14,16,40,299,7.6,10.0,1017.6,11.3,1.56
2019,07,14,19,40,306,4.0,5.5,1018.8,11.3,1.52
2019,07,14,22,40,284,4.6,5.9,1018.0,11.6,1.44
2019,07,15,01,40,308,5.2,6.7,1017.1,11.5,1.48
2019,07,15,04,40,317,5.8,7.1,1017.1,11.2,1.73
2019,07,15,07,40,323,6.7,8.2,1017.3,11.4,1.33
2019,07,15,10,40,311,10.2,11.8,1016.3,11.4,1.39
2019,07,15,13,40,325,6.7,8.4,1017.2,11.4,1.60
2019,07,15,16,40,314,6.5,8.0,1017.7,11.3,1.54
2019,07,15,19,40,311,7.8,9.2,1018.2,11.3,1.39
2019,07,15,22,40,308,6.3,7.4,1017.4,12.4,1.39
2019,07,16,01,40,303,4.7,6.0,1016.1,11.7,1.37
2019,07,16,04,40,323,6.7,8.2,1015.6,11.7,1.45
2019,07,16,07,40,310,7.3,8.7,1014.8,11.7,1.54
2019,07,16,10,40,320,5.3,6.8,1013.9,11.5,1.33
2019,07,16,13,40,321,8.1,10.2,1013.7,11.1,1.52
2019,07,16,16,40,315,5.8,7.4,1014.6,11.2,1.73
2019,07,16,19,40,320,3.7,5.2,1015.0,12.4,1.69
2019,07,16,22,40,310,8.4,10.4,1014.5,12.2,1.80
2019,07,17,01,40,304,10.0,12.3,1013.6,11.6,2.01
2019,07,17,04,40,313,6.8,8.3,1013.2,11.5,1.93
2019,07,17,07,40,307,6.1,7.2,1012.5,11.4,1.90
2019,07,17,10,40,279,3.1,4.2,1012.0,11.5,1.80
2019,07,17,13,40,307,0.7,1.5,1012.9,11.4,1.68
2019,07,17,16,40,133,3.3,5.0,1013.9,12.0,1.71
2019,07,17,19,40,194,2.3,3.0,1014.7,12.9,1.57
2019,07,17,22,40,290,2.1,3.4,1014.6,13.3,1.47
2019,07,18,01,40,302,3.0,3.8,1013.8,13.2,1.21
2019,07,18,04,40,238,3.1,3.9,1013.6,12.9,1.41
2019,07,18,07,40,274,3.6,4.7,1013.7,12.4,1.88
2019,07,18,10,40,294,2.5,3.5,1013.8,12.1,1.64
2019,07,18,13,40,281,2.9,4.2,1014.2,12.1,1.43
2019,07,18,16,40,200,2.2,3.1,1015.0,12.1,1.25
2019,07,18,19,40,241,3.1,4.2,1015.0,12.0,1.24
2019,07,18,22,40,244,3.3,4.4,1014.4,13.1,1.15
2019,07,19,01,40,249,3.5,4.6,1013.4,13.3,1.15
2019,07,19,04,40,254,3.8,4.7,1013.1,13.1,1.19
2019,07,19,07,40,222,3.3,4.3,1012.7,13.0,1.38
2019,07,19,10,40,194,3.1,4.0,1012.1,12.8,1.63
2019,07,19,13,40,171,4.2,5.9,1012.4,12.6,1.68
2019,07,19,16,40,154,4.1,5.5,1013.3,12.8,1.85
2019,07,19,19,40,154,5.1,7.1,1013.9,13.2,2.04
2019,07,19,22,40,174,3.3,4.5,1014.0,13.2,1.81
2019,07,20,01,40,216,1.1,1.9,1013.4,13.0,1.68
2019,07,20,04,40,191,1.3,2.2,1013.6,12.5,1.60
2019,07,20,07,40,191,1.0,1.6,1013.7,12.3,1.30
2019,07,20,10,40,158,0.6,1.9,1013.6,12.7,1.41
2019,07,20,13,40,221,1.3,1.9,1014.4,12.7,1.50
2019,07,20,16,40,315,1.6,2.4,1015.5,13.1,1.43
2019,07,20,19,40,289,0.1,0.6,1015.7,12.9,1.32
2019,07,20,22,40,215,1.8,2.7,1014.6,13.1,1.42
2019,07,21,01,40,286,2.1,3.3,1013.5,12.8,1.49
2019,07,21,04,40,268,1.2,2.0,1013.8,12.8,1.33
2019,07,21,07,40,90,0.5,1.6,1013.8,12.8,1.23
2019,07,21,10,40,181,3.7,5.0,1013.4,13.0,1.20
2019,07,21,13,40,166,3.0,4.7,1014.0,12.7,1.29
2019,07,21,16,40,154,2.8,3.8,1015.3,13.4,1.30
2019,07,21,19,40,177,1.9,3.0,1015.6,13.1,1.35
2019,07,21,22,40,234,0.6,1.4,1014.8,13.4,1.31
2019,07,22,01,40,296,3.3,4.4,1014.0,14.3,1.06
2019,07,22,04,40,287,2.3,3.7,1014.9,13.9,1.09
2019,07,22,07,40,260,1.9,2.8,1014.9,13.5,1.03
2019,07,22,10,40,236,1.1,2.4,1014.3,13.4,1.01
2019,07,22,13,40,188,1.9,3.1,1015.1,13.4,0.99
2019,07,22,16,40,150,2.6,3.8,1016.2,13.7,1.01
2019,07,22,19,40,240,0.7,1.5,1016.7,14.0,0.93
2019,07,22,22,40,308,4.7,6.4,1016.3,13.9,0.99
2019,07,23,01,40,303,4.9,6.0,1015.5,13.7,0.87
2019,07,23,04,40,279,2.4,3.0,1016.0,13.6,0.95
2019,07,23,07,40,261,2.3,3.0,1016.3,13.6,1.13
2019,07,23,11,40,317,6.6,7.7,1016.3,13.6,1.10
2019,07,23,14,40,312,6.4,8.1,1017.6,13.4,1.29
2019,07,23,17,40,308,7.3,8.8,1018.4,13.4,1.46
2019,07,23,20,40,315,8.6,10.5,1018.7,13.7,1.38
2019,07,23,23,40,309,9.2,11.5,1017.5,13.3,1.30
2019,07,24,02,40,310,7.4,9.1,1016.5,13.8,1.25
2019,07,24,05,40,316,6.8,8.5,1017.1,13.7,1.55
2019,07,24,08,40,306,4.3,5.5,1016.6,14.1,1.26
2019,07,24,11,40,316,3.8,5.1,1016.2,14.3,1.36
2019,07,24,14,40,18,1.5,2.3,1016.8,14.2,1.47
2019,07,24,17,40,325,2.1,3.2,1017.0,14.6,1.32
2019,07,24,20,40,306,5.9,7.1,1016.9,14.8,1.23
2019,07,24,23,40,312,8.6,10.6,1015.0,14.2,1.36
2019,07,25,02,40,312,8.7,10.4,1014.3,14.7,1.45
2019,07,25,05,40,316,7.6,9.5,1014.5,14.4,1.65
2019,07,25,08,40,318,5.3,6.8,1014.0,14.3,1.58
2019,07,25,11,40,308,3.8,4.9,1013.6,14.3,1.49
2019,07,25,14,40,297,3.9,5.9,1014.9,14.6,1.53
2019,07,25,17,40,231,3.1,4.1,1015.8,14.6,1.58
2019,07,25,20,40,256,2.7,4.4,1016.0,14.6,1.19
2019,07,25,23,40,262,3.2,4.5,1014.9,14.8,1.18
2019,07,26,02,40,259,2.8,4.0,1015.1,14.8,1.43
2019,07,26,05,40,237,3.2,4.8,1015.8,15.1,1.20
2019,07,26,08,40,234,2.2,4.1,1015.9,14.9,1.09
2019,07,26,11,40,287,4.1,5.7,1016.0,14.6,1.10
2019,07,26,14,40,250,3.7,4.8,1017.3,14.1,1.18
2019,07,26,17,40,218,4.6,5.8,1018.7,14.4,1.14
2019,07,26,20,40,204,3.0,4.6,1018.8,14.3,1.06
2019,07,26,23,40,240,3.1,4.3,1017.7,14.7,1.13
2019,07,27,02,40,330,3.0,4.9,1017.6,14.4,1.28
2019,07,27,05,40,323,5.3,6.7,1018.0,14.6,1.25
2019,07,27,08,40,238,0.9,2.6,1017.7,14.6,1.05
2019,07,27,11,40,141,2.1,4.3,1017.1,14.1,1.58
2019,07,27,14,40,144,4.5,7.0,1018.2,14.2,1.71
2019,07,27,17,40,165,3.2,4.3,1019.3,14.0,1.47
2019,07,27,20,40,303,1.9,3.2,1018.3,14.3,1.39
2019,07,27,23,40,291,3.5,4.7,1016.4,14.2,1.27
2019,07,28,02,40,294,5.1,6.8,1015.1,14.4,1.41
2019,07,28,05,40,282,1.4,2.1,1014.6,14.0,1.55
2019,07,28,09,40,336,3.1,4.4,1014.1,15.2,1.76
2019,07,28,12,40,301,3.7,5.2,1014.3,14.6,1.89
2019,07,28,15,40,295,3.1,4.3,1015.2,14.0,1.97
2019,07,28,18,40,312,6.1,7.5,1015.6,13.9,1.97
2019,07,28,21,40,310,6.6,8.1,1015.7,14.7,2.02
2019,07,29,00,40,312,9.0,11.6,1014.1,14.1,1.87
2019,07,29,03,40,302,5.6,7.4,1013.6,13.6,2.00
2019,07,29,06,40,318,5.9,8.0,1014.2,14.9,2.30
2019,07,29,09,40,309,7.0,9.1,1014.0,14.1,2.21
2019,07,29,12,40,320,7.8,9.7,1014.5,13.4,2.23
2019,07,29,15,40,317,10.4,13.4,1015.2,13.3,2.18
2019,07,29,18,40,318,8.6,11.7,1015.7,12.1,2.33
2019,07,29,21,40,316,8.8,11.5,1015.5,12.6,2.28
2019,07,30,00,40,313,9.7,12.0,1014.7,12.7,2.52
2019,07,30,03,40,313,10.7,13.9,1014.2,12.7,2.59
2019,07,30,06,40,314,9.5,12.3,1014.9,12.9,1.94
2019,07,30,09,40,308,8.9,10.7,1014.1,12.9,1.70
2019,07,30,12,40,314,9.0,10.7,1014.7,12.7,1.52
2019,07,30,15,40,315,3.3,4.6,1015.8,12.7,1.38
2019,07,30,18,40,304,5.2,6.3,1016.4,12.8,1.26
2019,07,30,21,40,288,4.5,5.5,1016.2,13.1,1.24
2019,07,31,00,40,293,4.4,5.6,1015.1,13.4,1.12
2019,07,31,03,40,287,4.6,5.6,1014.1,13.5,1.10
2019,07,31,06,40,293,4.7,5.9,1014.3,13.5,1.27
2019,07,31,09,40,288,3.6,4.6,1014.2,13.3,1.29
2019,07,31,12,40,210,2.2,4.4,1014.3,12.8,1.17
2019,07,31,15,40,144,4.6,6.3,1015.4,12.7,1.10
2019,07,31,19,40,195,2.8,3.5,1016.7,13.4,1.10
2019,07,31,22,40,215,2.0,3.3,1016.4,13.8,1.24
2019,08,01,01,40,317,3.6,5.0,1015.2,14.1,1.00
2019,08,01,04,40,300,4.4,5.9,1015.3,13.3,0.92
2019,08,01,07,40,289,4.6,6.3,1015.9,13.6,0.99
2019,08,01,10,40,305,3.3,4.4,1016.3,13.2,1.11
2019,08,01,13,40,316,4.6,6.1,1017.0,13.0,1.09
2019,08,01,16,40,292,5.9,7.7,1018.2,13.1,1.01
2019,08,01,19,40,289,5.1,6.5,1019.4,13.7,0.93
2019,08,01,22,40,286,4.3,5.4,1018.4,13.4,0.99
2019,08,02,01,40,306,4.6,5.9,1017.7,13.1,0.99
2019,08,02,04,40,310,7.6,9.6,1017.9,13.1,1.30
2019,08,02,07,40,303,7.4,9.2,1017.6,13.2,1.26
2019,08,02,10,40,310,6.4,8.0,1017.7,13.5,1.10
2019,08,02,14,40,309,6.8,8.6,1018.6,13.7,0.93
2019,08,02,17,40,319,6.9,8.9,1019.3,13.5,0.97
2019,08,02,20,40,320,6.4,8.0,1018.7,13.5,0.89
2019,08,02,23,40,299,5.8,7.4,1017.9,13.7,0.87
2019,08,03,02,40,300,5.2,6.8,1016.6,13.6,0.99
2019,08,03,05,40,314,7.7,9.8,1016.2,13.4,1.43
2019,08,03,08,40,324,6.6,8.1,1016.0,13.3,1.57
2019,08,03,11,40,328,7.1,9.0,1015.2,13.9,1.24
2019,08,03,14,40,322,6.2,7.6,1015.8,14.2,1.06
2019,08,03,17,40,308,3.6,4.9,1016.1,14.3,1.04
2019,08,03,20,40,300,6.0,7.7,1015.5,14.5,1.09
2019,08,03,23,40,294,5.5,6.6,1014.7,14.6,1.03
2019,08,04,02,40,291,5.7,7.0,1014.3,14.5,0.96
2019,08,04,05,40,302,6.3,7.4,1014.9,14.5,1.15
2019,08,04,08,40,309,5.6,7.4,1014.7,14.2,1.27
2019,08,04,11,40,316,6.5,8.6,1014.7,14.4,1.20
2019,08,04,14,40,316,7.4,9.5,1015.6,14.2,1.39
2019,08,04,17,40,315,8.2,10.3,1015.9,13.8,1.44
2019,08,04,20,40,303,5.5,6.9,1016.7,13.8,1.20
2019,08,04,23,40,308,6.7,8.0,1016.0,13.8,1.35
2019,08,05,02,40,317,9.2,12.0,1015.4,14.0,1.11
2019,08,05,05,40,303,6.9,8.5,1015.6,13.6,1.17
2019,08,05,10,40,294,5.2,6.8,1015.5,13.4,1.14
2019,08,05,13,40,318,1.4,2.5,1015.7,13.6,1.16
2019,08,05,16,40,293,1.4,2.8,1016.4,13.7,1.15
2019,08,05,19,40,331,3.9,5.1,1016.7,13.8,1.20
2019,08,05,22,40,298,6.3,8.0,1015.7,14.1,1.23
2019,08,06,01,40,304,6.1,7.8,1014.6,14.0,1.27
2019,08,06,04,40,301,4.8,6.1,1014.7,14.0,1.19
2019,08,06,07,40,300,4.6,6.3,1014.7,14.1,1.27
2019,08,06,10,40,321,3.6,5.0,1013.5,13.8,1.30
2019,08,06,13,40,324,2.8,4.5,1014.0,14.0,1.48
2019,08,06,16,40,319,1.3,2.6,1014.9,14.1,1.62
2019,08,06,19,40,297,5.2,6.4,1015.2,14.3,1.45
2019,08,06,22,40,302,5.7,7.0,1014.1,14.6,1.50
2019,08,07,01,40,307,7.2,9.1,1013.4,14.4,1.40
2019,08,07,04,40,303,7.3,9.2,1014.0,14.3,1.63
2019,08,07,07,40,309,6.6,8.1,1014.1,14.1,1.73
2019,08,07,10,40,307,8.9,11.1,1014.0,13.7,1.61
2019,08,07,13,40,313,9.7,13.4,1014.0,13.3,1.62
2019,08,07,16,40,311,5.2,6.9,1015.5,13.3,1.60
2019,08,07,19,40,295,3.9,5.0,1016.0,13.7,1.33
2019,08,07,22,40,292,6.2,7.7,1015.5,14.1,1.29
2019,08,08,01,40,293,7.0,8.3,1014.3,14.1,1.39
2019,08,08,04,40,300,8.1,10.2,1014.8,14.0,1.56
2019,08,08,07,40,303,8.9,11.1,1014.9,14.0,1.49
2019,08,08,10,40,299,8.5,10.5,1014.7,13.9,1.21
2019,08,08,13,40,285,5.0,6.1,1015.7,13.8,1.17
2019,08,08,16,40,279,7.3,8.9,1016.5,13.7,1.29
2019,08,08,19,40,272,6.3,7.9,1017.0,13.9,1.18
2019,08,08,22,40,276,7.2,8.2,1016.5,14.1,1.05
2019,08,09,01,40,283,7.0,8.7,1015.4,14.2,1.00
2019,08,09,04,40,286,7.5,10.0,1015.8,14.0,1.05
2019,08,09,07,40,291,5.0,6.1,1015.5,13.8,0.94
2019,08,09,10,40,295,5.9,7.1,1014.3,13.7,0.92
2019,08,09,13,40,260,0.9,2.4,1015.2,13.7,0.75
2019,08,09,16,40,185,1.8,2.8,1016.1,13.8,0.72
2019,08,09,19,40,170,1.9,2.6,1016.7,14.2,0.69
2019,08,09,22,40,256,2.8,3.3,1016.2,15.2,0.70
2019,08,10,01,40,264,3.2,3.8,1014.9,15.5,0.60
2019,08,10,04,40,353,0.9,1.3,1015.0,15.5,0.63
2019,08,10,07,40,176,1.5,1.9,1014.7,14.9,0.68
2019,08,10,10,40,171,2.9,3.3,1014.4,14.8,0.66
2019,08,10,13,40,239,1.8,2.3,1015.2,15.0,0.61
2019,08,10,16,40,244,0.8,1.5,1016.0,15.3,0.63
2019,08,10,19,40,284,3.0,3.7,1017.1,15.9,0.60
2019,08,10,22,40,272,4.3,5.1,1016.9,16.3,0.61
2019,08,11,01,40,292,5.3,6.4,1016.8,15.8,0.64
2019,08,11,04,40,289,3.6,4.9,1017.8,15.2,0.58
2019,08,11,07,40,307,4.0,4.5,1017.8,14.9,0.63
2019,08,11,10,40,310,3.5,4.5,1017.2,14.6,0.64
2019,08,11,13,40,284,3.7,4.3,1017.7,14.5,0.68
2019,08,11,16,40,55,1.7,2.3,1018.9,14.7,0.72
2019,08,11,19,40,314,4.0,4.7,1019.1,15.3,0.64
2019,08,11,22,40,307,6.8,8.1,1017.9,15.8,0.74
2019,08,12,01,40,319,7.3,8.9,1017.0,15.0,0.92
2019,08,12,04,40,314,7.9,9.5,1016.5,14.5,1.36
2019,08,12,07,40,318,7.1,8.6,1016.4,13.4,1.30
2019,08,12,10,40,323,3.7,4.4,1016.2,13.8,1.15
2019,08,12,13,40,319,4.2,5.4,1016.6,13.9,1.15
2019,08,12,16,40,318,3.1,3.8,1017.4,13.9,1.33
2019,08,12,20,40,308,6.3,8.1,1017.0,14.2,1.09
2019,08,12,23,40,306,6.7,7.9,1015.9,14.2,1.14
2019,08,13,02,40,309,5.4,6.9,1014.9,14.2,1.32
2019,08,13,05,40,316,7.9,9.7,1015.4,14.1,1.57
2019,08,13,08,40,326,5.4,6.6,1015.2,14.0,1.20
2019,08,13,11,40,327,2.4,3.4,1014.9,13.6,1.14
2019,08,13,14,40,319,2.9,3.6,1015.7,13.8,1.16
2019,08,13,17,40,317,4.5,5.7,1016.7,14.2,1.20
2019,08,13,20,40,316,7.9,10.2,1016.5,14.5,1.19
2019,08,13,23,40,313,7.6,9.0,1015.2,14.4,1.20
2019,08,14,02,40,311,7.2,8.2,1014.4,14.1,1.39
2019,08,14,05,40,306,5.9,7.0,1015.0,13.9,1.28
2019,08,14,08,40,312,3.6,4.7,1014.9,13.6,1.30
2019,08,14,11,40,318,4.1,4.9,1014.7,13.5,1.42
2019,08,14,14,40,323,2.7,3.5,1015.6,13.7,1.46
2019,08,14,17,40,324,2.6,3.2,1016.4,14.2,1.41
2019,08,14,20,40,317,4.4,5.8,1015.7,14.8,1.63
2019,08,14,23,40,314,7.0,8.5,1014.8,14.7,1.53
2019,08,15,02,40,315,8.2,9.8,1014.4,14.3,1.66
2019,08,15,05,40,317,5.3,6.5,1015.1,14.0,1.62
2019,08,15,08,40,318,3.5,4.8,1014.5,14.0,1.98
2019,08,15,11,40,321,3.9,5.5,1014.3,13.7,1.97
2019,08,15,14,40,335,1.8,2.6,1014.6,13.8,1.78
2019,08,15,17,40,202,1.8,2.5,1015.0,14.3,1.48
2019,08,15,21,40,287,4.0,5.1,1013.8,14.7,1.32
2019,08,16,00,40,311,6.6,8.4,1012.7,14.7,1.43
2019,08,16,03,40,308,4.3,5.4,1011.9,14.5,1.45
2019,08,16,06,40,299,3.7,4.9,1011.8,14.4,1.63
2019,08,16,09,40,318,4.7,6.1,1011.3,14.3,1.81
2019,08,16,12,40,311,1.5,2.4,1011.1,14.3,1.88
2019,08,16,15,40,122,3.9,5.5,1012.4,14.3,1.65
2019,08,16,18,40,118,0.6,2.0,1012.9,14.6,1.66
2019,08,16,21,40,168,1.5,2.8,1012.2,15.7,1.69
2019,08,17,00,40,268,2.3,3.3,1011.5,15.9,1.68
2019,08,17,03,40,303,3.6,4.5,1010.5,15.5,1.62
2019,08,17,06,40,210,2.7,3.5,1010.1,15.3,1.77
2019,08,17,09,40,186,3.0,4.2,1009.6,14.7,2.12
2019,08,17,12,40,174,3.8,5.8,1010.0,14.9,1.81
2019,08,17,15,40,163,6.4,8.1,1011.1,14.7,1.71
2019,08,17,18,40,179,5.7,7.1,1012.4,14.5,1.69
2019,08,17,22,40,209,3.6,5.0,1011.5,14.2,1.57
2019,08,18,01,40,218,3.5,4.5,1010.0,14.0,1.66
2019,08,18,04,40,178,3.1,5.1,1010.2,14.0,1.73
2019,08,18,07,40,168,4.2,6.6,1010.2,14.0,1.51
2019,08,18,10,40,159,4.3,5.8,1010.2,13.5,1.67
2019,08,18,13,40,159,4.3,5.8,1011.0,13.4,1.35
2019,08,18,16,40,151,3.6,4.6,1012.2,13.6,1.35
2019,08,18,19,40,175,6.3,7.7,1013.2,14.0,1.36
2019,08,18,22,40,174,5.9,7.4,1012.7,13.6,1.32
2019,08,19,01,40,199,3.2,4.2,1012.7,13.9,1.21
2019,08,19,04,40,231,2.2,2.8,1013.8,13.8,1.06
2019,08,19,07,40,299,2.1,3.1,1014.3,13.7,0.94
2019,08,19,10,40,208,0.6,1.1,1014.6,13.7,0.97
2019,08,19,13,40,199,3.0,3.6,1014.9,13.6,0.85
2019,08,19,16,40,248,1.8,2.4,1015.9,13.7,0.91
2019,08,19,19,40,264,2.8,3.8,1016.5,13.9,0.90
2019,08,19,22,40,239,2.4,2.9,1016.4,14.8,0.79
2019,08,20,01,40,290,4.7,6.5,1015.5,14.8,0.82
2019,08,20,04,40,257,3.5,4.1,1015.7,14.0,0.74
2019,08,20,07,40,261,4.2,4.9,1015.9,14.1,0.79
2019,08,20,10,40,257,3.2,3.7,1016.0,14.1,0.85
2019,08,20,13,40,279,2.7,3.7,1016.8,14.2,0.78
2019,08,20,16,40,275,2.9,3.5,1018.2,14.2,0.81
2019,08,20,19,40,322,4.3,5.5,1018.2,14.4,0.88
2019,08,20,22,40,282,4.4,5.5,1017.4,14.8,0.96
2019,08,21,01,40,294,5.9,6.9,1016.5,14.6,0.96
2019,08,21,04,40,297,6.3,7.7,1016.3,14.2,0.93
2019,08,21,07,40,306,6.0,7.1,1016.0,14.1,1.15
2019,08,21,10,40,315,6.3,7.9,1015.7,13.9,1.18
2019,08,21,13,40,316,6.7,8.5,1015.6,13.9,1.25
2019,08,21,16,40,315,6.2,8.3,1016.5,14.6,1.14
2019,08,21,19,40,299,5.5,6.9,1015.8,14.8,1.03
2019,08,21,22,40,299,6.9,8.6,1014.2,15.1,1.35
2019,08,22,01,40,309,7.7,9.8,1013.0,15.7,1.63
2019,08,22,04,40,338,6.4,8.6,1013.4,15.9,1.61
2019,08,22,07,40,303,8.7,10.6,1011.7,15.9,1.46
2019,08,22,10,40,306,5.1,6.6,1010.5,15.9,1.41
2019,08,22,13,40,328,8.4,10.2,1010.1,15.8,1.76
2019,08,22,16,40,327,7.5,9.2,1011.0,15.6,1.71
2019,08,22,20,40,309,7.7,9.5,1010.1,16.0,1.85
2019,08,22,23,40,302,8.8,10.8,1008.4,15.7,1.83
2019,08,23,02,40,312,7.5,9.4,1007.7,15.6,2.18
2019,08,23,05,40,312,4.6,6.4,1008.1,15.4,2.38
2019,08,23,08,40,326,2.9,4.4,1007.7,15.7,2.34
2019,08,23,11,40,293,3.1,4.4,1007.5,15.6,2.20
2019,08,23,14,40,185,3.9,5.0,1009.1,15.6,2.09
2019,08,23,17,40,179,6.6,8.0,1011.2,15.4,1.66
2019,08,23,20,40,180,5.0,6.3,1011.7,14.8,1.71
2019,08,23,23,40,214,3.0,3.8,1011.3,15.1,1.84
2019,08,24,02,40,203,2.4,3.4,1011.1,15.0,1.72
2019,08,24,05,40,178,2.0,3.4,1012.1,15.1,1.55
2019,08,24,08,40,167,4.1,6.5,1012.1,15.0,1.59
2019,08,24,11,40,184,3.1,4.2,1012.7,14.9,1.47
2019,08,24,14,40,172,2.8,4.4,1014.1,15.0,1.45
2019,08,24,17,40,191,2.1,2.9,1015.4,15.1,1.35
2019,08,24,20,40,222,1.6,2.3,1015.9,15.0,1.21
2019,08,25,00,40,223,2.0,3.3,1015.0,15.8,1.25
2019,08,25,03,40,261,1.8,3.0,1015.1,15.6,1.24
2019,08,25,06,40,283,1.9,3.0,1015.8,15.4,1.20
2019,08,25,09,40,260,0.3,1.4,1015.9,15.5,1.02
2019,08,25,12,40,297,1.1,1.5,1015.9,15.6,0.92
2019,08,25,15,40,358,0.3,1.1,1017.1,15.5,1.04
2019,08,25,18,40,258,1.9,3.0,1017.5,15.6,0.98
2019,08,25,21,40,255,3.0,4.0,1017.1,15.8,0.99
2019,08,26,00,40,273,3.3,4.9,1015.7,16.1,0.96
2019,08,26,03,40,298,1.8,2.9,1015.4,16.0,1.01
2019,08,26,06,40,275,1.7,2.8,1015.4,16.1,1.12
2019,08,26,09,40,278,1.8,3.2,1014.8,15.5,1.13
2019,08,26,12,40,320,1.1,3.1,1013.8,15.2,1.04
2019,08,26,15,40,323,0.8,1.8,1014.5,15.3,1.08
2019,08,26,18,40,271,2.0,3.3,1014.6,15.7,1.21
2019,08,26,21,40,296,3.4,4.5,1013.4,15.6,1.24
2019,08,27,00,40,283,4.9,6.5,1012.1,16.0,1.16
2019,08,27,03,40,310,3.3,4.9,1012.1,15.7,1.02
2019,08,27,06,40,240,2.1,3.2,1012.2,15.9,1.04
2019,08,27,09,40,259,1.5,2.6,1011.7,16.5,1.28
2019,08,27,12,40,286,0.4,1.4,1011.1,15.9,1.19
2019,08,27,15,40,254,0.3,0.9,1011.9,15.9,1.02
2019,08,27,18,40,234,1.7,2.8,1012.4,16.3,0.92
2019,08,27,21,40,275,1.2,2.0,1012.1,16.4,0.94
2019,08,28,00,40,289,2.9,4.5,1011.0,15.8,0.98
2019,08,28,03,40,290,2.8,4.0,1011.2,15.6,0.95
2019,08,28,06,40,301,1.8,2.8,1012.6,15.7,1.00
2019,08,28,09,40,298,3.0,4.4,1012.5,16.3,0.97
2019,08,28,12,40,265,1.6,2.2,1012.8,16.6,0.84
2019,08,28,15,40,203,1.1,1.7,1014.1,16.2,0.81
2019,08,28,18,40,187,3.3,4.1,1015.8,16.6,0.81
2019,08,28,21,40,217,2.6,3.1,1016.0,16.8,0.82
2019,08,29,00,40,195,3.8,4.7,1015.3,16.8,0.71
2019,08,29,03,40,235,1.8,2.4,1015.2,16.2,0.74
2019,08,29,06,40,227,2.3,2.8,1015.9,15.8,0.66
2019,08,29,09,40,201,2.4,3.1,1016.3,16.3,0.66
2019,08,29,12,40,240,1.9,2.6,1016.5,16.6,0.61
2019,08,29,15,40,254,0.5,1.4,1017.7,16.7,0.65
2019,08,29,18,40,205,1.9,2.2,1019.0,16.2,0.64
2019,08,29,21,40,262,2.1,2.7,1018.5,17.3,0.65
2019,08,30,00,40,257,2.3,2.7,1017.7,18.2,0.60
2019,08,30,03,40,278,5.1,6.3,1017.4,17.3,0.62
2019,08,30,06,40,275,3.2,3.9,1017.1,17.3,0.62
2019,08,30,09,40,332,3.0,3.8,1017.2,17.5,0.60
2019,08,30,12,40,314,4.5,5.8,1017.3,17.6,0.67
2019,08,30,15,40,315,5.4,7.2,1018.2,17.5,0.77
2019,08,30,18,40,302,5.1,6.3,1018.4,17.4,0.69
2019,08,30,21,40,303,6.6,7.7,1017.3,17.5,0.68
2019,08,31,00,40,306,7.2,8.6,1015.7,17.5,0.78
2019,08,31,03,40,302,5.8,7.1,1015.2,17.2,0.73
2019,08,31,06,40,302,6.0,7.3,1015.0,16.8,0.87
2019,08,31,09,40,314,5.9,7.2,1014.6,16.5,0.99
2019,08,31,12,40,308,3.8,4.8,1015.0,16.2,0.85
2019,08,31,15,40,311,3.4,4.3,1015.7,16.3,0.80
2019,08,31,18,40,316,4.4,5.3,1015.8,16.8,0.70
2019,08,31,21,40,313,5.8,7.0,1014.9,17.2,0.70
2019,09,01,00,40,307,6.5,7.9,1013.6,17.0,0.81
2019,09,01,03,40,313,7.3,8.7,1013.1,16.0,1.08
2019,09,01,06,40,313,8.5,10.3,1013.0,15.3,1.31
2019,09,01,09,40,322,7.5,9.1,1013.5,16.2,1.10
2019,09,01,12,40,319,7.6,9.2,1013.8,16.1,1.24
2019,09,01,15,40,323,7.1,8.7,1015.2,15.9,1.07
2019,09,01,18,40,308,6.9,8.1,1015.5,15.8,1.10
2019,09,01,21,40,314,6.3,7.7,1014.8,15.9,1.28
2019,09,02,00,40,305,5.6,6.7,1013.8,16.5,1.23
2019,09,02,03,40,310,6.6,8.0,1013.3,16.1,1.33
2019,09,02,06,40,323,7.3,8.9,1013.6,15.9,1.69
2019,09,02,09,40,325,6.0,7.9,1014.1,15.8,1.61
2019,09,02,12,40,318,7.4,9.0,1014.2,15.8,1.32
2019,09,02,15,40,320,8.8,10.6,1015.2,14.8,1.56
2019,09,02,18,40,317,7.5,9.5,1016.8,15.1,1.65
2019,09,02,21,40,309,8.5,10.4,1016.4,15.3,1.53
2019,09,03,00,40,306,7.0,9.0,1015.3,15.6,1.38
2019,09,03,03,40,295,4.9,6.0,1015.7,15.7,1.27
2019,09,03,06,40,307,6.5,8.1,1016.3,15.7,1.32
2019,09,03,09,40,312,6.5,8.9,1016.1,15.6,1.32
2019,09,03,12,40,317,6.3,8.5,1015.9,15.6,1.16
2019,09,03,15,40,310,8.6,11.1,1016.9,15.6,1.23
2019,09,03,18,40,308,6.9,8.4,1017.0,15.7,1.26
2019,09,03,21,40,310,8.1,10.4,1015.8,15.9,1.20
2019,09,04,00,40,311,9.6,13.2,1014.5,15.8,1.24
2019,09,04,03,40,309,7.5,9.1,1014.1,15.7,1.24
2019,09,04,06,40,318,10.4,12.6,1013.6,15.5,1.73
2019,09,04,09,40,323,9.5,11.5,1012.9,15.2,1.73
2019,09,04,12,40,323,7.5,9.6,1012.6,14.9,1.68
2019,09,04,15,40,331,5.4,7.4,1013.9,15.2,1.84
2019,09,04,18,40,316,6.8,8.5,1014.1,15.4,1.83
2019,09,04,21,40,313,8.6,10.7,1013.3,15.2,1.69
2019,09,05,00,40,313,8.0,10.7,1012.3,14.5,1.71
2019,09,05,03,40,292,4.1,5.5,1012.9,14.9,1.79
2019,09,05,06,40,291,4.2,5.4,1014.1,14.8,1.28
2019,09,05,09,40,312,6.6,8.4,1014.2,14.8,1.47
2019,09,05,12,40,308,5.2,6.7,1014.6,14.7,1.58
2019,09,05,15,40,308,3.5,4.6,1016.5,14.6,1.38
2019,09,05,18,40,288,2.9,3.8,1017.8,14.9,1.13
2019,09,05,21,40,276,3.8,5.0,1017.8,15.3,1.26
2019,09,06,00,40,292,5.8,7.0,1016.8,15.2,1.18
2019,09,06,03,40,289,5.3,6.2,1017.1,14.9,1.08
2019,09,06,06,40,292,4.6,5.7,1017.9,14.7,1.16
2019,09,06,09,40,306,5.2,7.4,1018.0,14.6,1.21
2019,09,06,12,40,301,6.2,8.2,1017.9,14.5,1.24
2019,09,06,15,40,310,6.2,7.7,1019.5,14.5,1.29
2019,09,06,18,40,309,7.1,8.5,1020.8,15.0,1.11
2019,09,06,21,40,304,4.7,5.9,1020.4,15.0,0.97
2019,09,07,00,40,311,5.5,6.8,1018.8,14.6,0.94
2019,09,07,03,40,291,4.9,5.8,1018.4,14.6,1.07
2019,09,07,06,40,300,5.5,8.1,1018.6,15.3,1.06
2019,09,07,09,40,294,7.1,9.0,1018.2,14.6,1.05
2019,09,07,12,40,296,5.0,6.1,1017.9,14.4,1.02
2019,09,07,15,40,288,4.0,5.0,1018.4,14.5,0.95
2019,09,07,18,40,251,4.6,6.2,1018.8,15.5,1.11
2019,09,07,21,40,262,5.6,7.2,1018.2,15.8,1.02
2019,09,08,00,40,283,7.7,9.3,1016.5,14.9,1.24
2019,09,08,03,40,287,9.5,11.8,1016.2,14.5,1.40
2019,09,08,06,40,301,10.5,12.8,1015.9,13.7,1.48
2019,09,08,09,40,300,10.1,12.5,1016.1,13.4,1.33
2019,09,08,12,40,303,10.6,13.1,1016.0,13.3,1.51
2019,09,08,15,40,299,9.5,12.3,1016.9,13.4,1.64
2019,09,08,19,40,316,6.7,8.6,1017.4,13.7,1.53
2019,09,08,22,40,316,6.3,7.8,1016.8,13.9,1.53
2019,09,09,01,40,310,8.2,10.3,1015.5,13.6,1.53
2019,09,09,04,40,311,9.1,11.6,1015.7,13.3,1.79
2019,09,09,07,40,307,7.6,9.3,1015.2,12.6,1.69
2019,09,09,10,40,319,8.6,10.5,1015.1,12.4,1.65
2019,09,09,13,40,308,5.3,6.5,1015.2,12.4,1.58
2019,09,09,16,40,306,5.2,6.2,1016.1,12.5,1.59
2019,09,09,19,40,287,6.7,7.9,1015.7,12.6,1.41
2019,09,09,22,40,287,5.7,6.7,1014.5,12.9,1.24
2019,09,10,01,40,284,4.3,5.0,1013.2,13.0,1.23
2019,09,10,04,40,283,8.2,9.4,1012.9,12.8,1.38
2019,09,10,07,40,287,7.9,9.5,1012.9,12.0,1.37
2019,09,10,10,40,291,8.4,10.1,1012.5,11.7,1.31
2019,09,10,13,40,307,6.3,7.5,1012.5,11.7,1.32
2019,09,10,16,40,322,3.8,5.2,1014.4,11.8,1.39
2019,09,10,19,40,286,7.4,9.0,1014.6,12.1,1.53
2019,09,10,22,40,296,5.1,6.2,1014.2,12.1,1.40
2019,09,11,01,40,332,4.7,6.1,1014.0,11.9,1.77
2019,09,11,04,40,322,7.4,8.9,1014.5,11.6,1.85
2019,09,11,07,40,322,5.9,7.0,1015.2,11.8,1.76
2019,09,11,10,40,312,3.5,4.4,1015.9,11.9,1.60
2019,09,11,13,40,321,2.2,3.1,1016.8,12.2,1.61
2019,09,11,16,40,340,2.1,2.9,1018.7,12.5,1.76
2019,09,11,19,40,339,3.3,4.1,1019.4,12.9,1.55
2019,09,11,22,40,313,6.7,8.1,1018.2,12.8,1.46
2019,09,12,01,40,318,7.8,9.8,1017.1,12.8,1.47
2019,09,12,04,40,312,6.5,8.1,1016.4,12.3,1.62
2019,09,12,07,40,328,2.5,3.4,1016.7,12.1,1.51
2019,09,12,10,40,336,2.6,3.3,1016.7,12.1,1.56
2019,09,12,13,40,316,1.2,1.8,1016.8,12.5,1.23
2019,09,12,16,40,328,1.4,2.0,1018.2,12.7,1.30
2019,09,12,19,40,314,3.1,3.8,1018.2,12.9,1.19
2019,09,12,22,40,304,3.5,4.4,1016.8,13.8,1.35
2019,09,13,01,40,314,5.3,6.9,1015.9,13.2,1.09
2019,09,13,05,40,308,5.3,6.4,1015.7,12.8,1.01
2019,09,13,08,40,294,1.7,2.2,1015.5,12.8,1.08
2019,09,13,11,40,308,1.8,2.3,1015.2,13.0,1.11
2019,09,13,14,40,327,1.8,2.7,1015.8,13.3,1.24
2019,09,13,17,40,314,3.0,3.9,1016.6,14.0,1.17
2019,09,13,20,40,298,4.1,5.0,1015.9,13.2,1.49
2019,09,13,23,40,314,5.3,6.6,1014.9,14.6,1.52
2019,09,14,02,40,316,6.6,8.0,1014.5,14.2,1.35
2019,09,14,05,40,314,5.3,6.9,1014.4,14.4,1.48
2019,09,14,08,40,324,6.0,7.5,1014.6,14.0,1.69
2019,09,14,11,40,317,6.1,7.7,1014.2,13.3,1.65
2019,09,14,14,40,315,7.9,10.4,1015.0,14.2,1.72
2019,09,14,17,40,320,5.8,7.6,1016.1,14.2,1.86
2019,09,14,20,40,301,5.1,6.8,1015.1,14.6,1.81
2019,09,14,23,40,307,7.0,8.3,1014.1,13.4,1.92
2019,09,15,02,40,308,6.1,7.3,1013.0,13.5,1.66
2019,09,15,05,40,307,5.3,7.0,1013.4,13.8,1.37
2019,09,15,08,40,307,3.8,5.0,1013.3,14.0,1.42
2019,09,15,11,40,312,7.0,9.7,1012.6,14.3,1.63
2019,09,15,14,40,299,5.9,7.5,1012.9,14.1,1.41
2019,09,15,17,40,308,2.1,3.0,1013.8,14.3,1.39
2019,09,15,20,40,287,6.4,7.8,1013.0,14.6,1.30
2019,09,15,23,40,275,5.4,6.6,1011.9,14.9,1.13
2019,09,16,02,40,273,2.9,3.6,1012.0,14.9,1.05
2019,09,16,05,40,242,3.8,4.5,1012.0,14.7,1.00
2019,09,16,08,40,245,3.1,3.9,1011.9,14.8,1.09
2019,09,16,11,40,313,5.0,6.1,1012.0,14.7,0.98
2019,09,16,14,40,274,4.0,5.0,1013.8,14.7,1.03
2019,09,16,17,40,275,4.4,5.6,1015.5,14.8,1.06
2019,09,16,20,40,260,3.8,4.6,1016.4,15.3,1.22
2019,09,16,23,40,284,5.0,6.0,1016.1,15.8,1.25
2019,09,17,02,40,304,6.0,7.0,1015.8,15.3,1.31
2019,09,17,05,40,314,4.7,6.1,1016.8,15.2,1.29
2019,09,17,08,40,337,4.3,5.5,1017.2,15.1,1.49
2019,09,17,11,40,310,3.8,5.1,1017.2,15.0,1.53
2019,09,17,14,40,343,3.4,4.3,1018.2,14.8,1.31
2019,09,17,17,40,301,2.2,3.2,1019.0,15.1,1.46
2019,09,17,20,40,286,4.4,5.5,1018.9,15.6,1.40
2019,09,17,23,40,275,4.5,5.8,1017.7,15.9,1.28
2019,09,18,02,40,283,5.3,6.3,1016.4,15.6,1.39
2019,09,18,05,40,281,3.8,5.0,1016.0,15.0,1.21
2019,09,18,08,40,20,0.3,0.8,1015.4,14.9,1.14
2019,09,18,11,40,174,2.6,3.3,1014.0,15.2,1.19
2019,09,18,14,40,190,4.1,5.2,1014.5,15.1,1.18
2019,09,18,17,40,206,3.3,4.2,1015.6,15.2,1.36
2019,09,18,20,40,175,1.3,1.8,1015.7,15.7,1.38
2019,09,18,23,40,273,1.9,2.9,1014.9,15.8,1.35
2019,09,19,02,40,293,4.5,6.1,1014.6,15.7,1.41
2019,09,19,05,40,324,4.3,5.6,1014.9,15.2,1.32
2019,09,19,08,40,304,6.8,8.5,1014.8,15.1,1.46
2019,09,19,11,40,312,6.5,8.2,1014.1,14.7,1.77
2019,09,19,14,40,320,6.0,7.5,1015.2,14.3,1.61
2019,09,19,17,40,322,4.5,5.6,1015.9,14.0,1.49
2019,09,19,20,40,315,5.6,7.1,1015.2,14.3,1.50
2019,09,19,23,40,321,8.0,9.7,1014.6,14.5,1.66
2019,09,20,02,40,322,6.9,8.5,1014.0,14.4,1.85
2019,09,20,05,40,312,5.4,6.9,1014.3,14.2,1.69
2019,09,20,08,40,320,3.8,5.1,1014.2,14.5,1.68
2019,09,20,11,40,325,2.9,4.2,1014.0,14.3,1.61
2019,09,20,14,40,314,2.7,4.0,1014.9,14.9,1.65
2019,09,20,17,40,298,3.3,4.1,1015.9,15.1,1.47
2019,09,20,20,40,290,4.0,5.1,1015.3,15.9,1.40
2019,09,20,23,40,296,3.7,4.8,1014.2,15.9,1.44
2019,09,21,02,40,311,5.3,6.4,1013.7,14.8,1.43
2019,09,21,05,40,295,4.9,6.1,1013.9,14.6,1.53
2019,09,21,08,40,321,4.5,6.1,1014.3,14.4,1.52
2019,09,21,11,40,325,3.1,4.1,1014.2,14.7,1.73
2019,09,21,14,40,331,1.7,2.7,1015.1,14.9,1.40
2019,09,21,17,40,7,1.6,2.2,1015.6,14.6,1.34
2019,09,21,20,40,297,3.9,4.9,1014.5,14.9,1.34
2019,09,21,23,40,305,6.0,7.3,1013.5,14.7,1.22
2019,09,22,02,40,302,6.2,7.6,1013.3,15.0,1.34
2019,09,22,05,40,293,3.7,5.1,1013.8,14.4,1.19
2019,09,22,08,40,312,4.1,5.4,1013.6,14.5,1.37
2019,09,22,11,40,302,6.1,7.9,1013.4,14.8,1.41
2019,09,22,14,40,326,7.8,9.5,1014.6,14.2,1.71
2019,09,22,17,40,290,4.5,6.2,1015.0,14.3,1.60
2019,09,22,20,40,313,7.4,9.2,1014.6,14.4,1.56
2019,09,22,23,40,308,5.8,7.3,1013.8,14.5,1.37
2019,09,23,02,40,318,6.5,8.9,1013.6,14.4,1.65
2019,09,23,05,40,307,7.2,9.8,1014.4,14.4,1.40
2019,09,23,08,40,319,7.9,10.3,1014.5,14.8,1.41
2019,09,23,11,40,314,6.6,8.8,1013.6,14.8,1.17
2019,09,23,14,40,357,5.0,6.4,1014.9,14.8,1.90
2019,09,23,17,40,332,1.9,2.8,1016.7,14.5,1.75
2019,09,23,20,40,309,5.1,6.8,1016.0,14.9,1.76
2019,09,23,23,40,311,7.6,9.4,1015.1,15.0,1.97
2019,09,24,02,40,313,6.9,8.6,1015.3,14.5,2.31
2019,09,24,05,40,324,5.0,6.3,1015.8,14.7,2.39
2019,09,24,08,40,359,1.8,2.7,1016.0,14.4,2.10
2019,09,24,11,40,315,2.8,4.9,1015.9,14.9,2.06
2019,09,24,14,40,295,3.7,5.0,1016.8,14.9,1.75
2019,09,24,17,40,294,1.8,2.7,1016.8,14.7,1.66
2019,09,24,20,40,289,5.3,6.5,1015.3,15.4,1.82
2019,09,24,23,40,289,5.8,7.5,1012.9,15.5,1.69
2019,09,25,02,40,295,4.7,6.3,1011.6,15.6,1.64
2019,09,25,05,40,297,2.1,3.4,1011.2,15.4,1.93
2019,09,25,09,40,62,0.9,2.8,1010.0,15.6,2.08
2019,09,25,12,40,5,1.7,2.7,1009.0,15.4,1.97
2019,09,25,15,40,306,2.9,4.0,1009.8,15.2,1.87
2019,09,25,18,40,306,1.7,3.0,1009.7,15.7,2.11
2019,09,25,21,40,318,5.7,7.2,1007.8,16.1,2.04
2019,09,26,00,40,278,4.8,6.0,1007.4,16.4,2.16
2019,09,26,03,40,303,4.2,5.4,1007.6,16.0,1.73
2019,09,26,06,40,161,2.0,3.8,1008.8,15.9,1.93
2019,09,26,09,40,162,2.2,3.2,1009.4,15.8,1.86
2019,09,26,12,40,163,10.4,13.3,1011.0,15.5,2.07
2019,09,26,15,40,166,9.4,12.4,1013.0,15.0,2.02
2019,09,26,18,40,178,6.0,8.1,1014.9,14.7,2.02
2019,09,26,21,40,193,1.4,2.5,1014.5,14.8,1.85
2019,09,27,00,40,166,3.1,4.6,1013.8,14.8,1.47
2019,09,27,03,40,189,1.8,3.3,1015.0,14.9,1.55
2019,09,27,06,40,186,2.6,3.4,1015.2,15.1,1.47
2019,09,27,09,40,196,2.4,3.3,1015.2,15.0,1.64
2019,09,27,12,40,274,1.7,2.5,1014.8,15.0,1.26
2019,09,27,15,40,279,3.3,4.1,1014.9,14.7,1.29
2019,09,27,18,40,276,4.6,6.3,1014.6,14.7,1.19
2019,09,27,21,40,301,5.5,8.3,1013.0,15.3,1.33
2019,09,28,00,40,292,6.9,9.1,1011.6,15.1,1.52
2019,09,28,03,40,295,7.8,9.9,1010.6,14.9,1.63
2019,09,28,06,40,312,7.3,9.8,1009.6,14.8,1.78
2019,09,28,09,40,311,12.3,15.9,1008.8,14.7,2.80
2019,09,28,12,40,312,12.4,16.0,1008.7,14.5,2.91
2019,09,28,15,40,303,12.0,14.9,1010.1,13.9,2.70
2019,09,28,18,40,305,13.6,17.2,1009.9,13.4,2.70
2019,09,28,21,40,309,12.2,15.5,1009.4,13.3,3.10
2019,09,29,00,40,304,13.3,17.2,1009.6,13.2,2.81
2019,09,29,03,40,304,12.4,16.0,1009.7,13.2,2.36
2019,09,29,06,40,322,10.0,12.3,1011.1,12.9,2.23
2019,09,29,09,40,324,8.3,10.5,1012.4,12.5,2.22
2019,09,29,12,40,307,7.9,10.2,1012.9,12.0,1.90
2019,09,29,15,40,305,4.9,5.9,1014.8,11.7,1.59
2019,09,29,18,40,289,1.9,2.9,1015.3,12.2,1.57
2019,09,29,21,40,241,4.0,4.9,1014.5,12.7,1.75
2019,09,30,00,40,254,4.1,5.3,1013.7,12.6,1.77
2019,09,30,03,40,227,3.0,3.8,1013.3,12.4,1.58
2019,09,30,06,40,290,4.1,5.5,1013.8,12.7,1.52
2019,09,30,09,40,294,2.7,3.7,1014.2,12.5,1.35
2019,09,30,12,40,286,4.0,5.6,1014.7,12.2,1.59
2019,09,30,15,40,288,1.5,2.2,1016.2,12.0,1.44
2019,09,30,18,40,305,2.7,3.5,1017.5,12.3,1.46
2019,09,30,21,40,292,4.4,5.5,1016.9,12.6,1.42
2019,10,01,00,40,299,4.7,5.9,1016.5,12.4,1.51
2019,10,01,03,40,314,7.2,9.0,1016.1,12.3,1.45
2019,10,01,06,40,319,8.5,10.0,1015.6,12.0,1.44
2019,10,01,09,40,326,6.5,8.1,1015.3,11.8,1.33
2019,10,01,12,40,331,5.9,7.1,1015.1,11.8,1.24
2019,10,01,15,40,338,3.2,4.0,1016.3,11.6,1.25
2019,10,01,18,40,319,4.0,5.0,1017.0,11.9,1.06
2019,10,01,21,40,307,6.4,7.6,1016.2,12.6,1.08
2019,10,02,00,40,306,5.4,6.5,1016.0,12.7,0.93
2019,10,02,03,40,319,6.0,7.6,1016.0,12.4,0.96
2019,10,02,06,40,323,7.1,8.5,1016.2,12.0,1.03
2019,10,02,09,40,327,6.7,8.6,1016.6,11.9,1.17
2019,10,02,12,40,312,3.3,4.5,1017.0,11.9,0.95
2019,10,02,15,40,350,2.4,2.9,1018.0,11.9,0.96
2019,10,02,18,40,305,4.1,5.3,1018.7,12.3,0.95
2019,10,02,21,40,315,5.7,6.9,1017.2,12.8,0.92
2019,10,03,00,40,314,7.5,9.0,1016.4,12.6,0.95
2019,10,03,03,40,318,5.5,6.8,1016.4,13.0,0.91
2019,10,03,06,40,316,6.4,7.7,1016.2,12.7,0.98
2019,10,03,09,40,313,7.3,9.2,1015.6,12.5,1.15
2019,10,03,12,40,312,5.5,6.9,1015.7,12.6,1.00
2019,10,03,15,40,304,4.7,5.6,1016.9,12.7,1.01
2019,10,03,18,40,298,6.1,7.5,1017.0,12.8,0.84
2019,10,03,21,40,318,7.9,10.3,1016.4,12.7,1.31
2019,10,04,00,40,305,11.2,14.1,1016.3,12.6,2.10
2019,10,04,03,40,308,13.4,16.7,1017.2,12.7,2.39
2019,10,04,06,40,311,10.5,12.5,1018.6,12.5,1.92
2019,10,04,09,40,318,9.7,12.2,1019.1,12.4,1.66
2019,10,04,12,40,324,8.5,10.1,1019.5,12.3,1.83
2019,10,04,15,40,337,4.8,6.1,1021.2,12.4,1.54
2019,10,04,18,40,308,6.4,7.7,1021.7,12.6,1.54
2019,10,04,21,40,314,6.5,8.0,1021.3,12.6,1.58
2019,10,05,00,40,315,6.4,8.0,1020.9,12.6,1.58
2019,10,05,03,40,328,7.2,8.7,1020.7,12.4,1.71
2019,10,05,06,40,323,7.4,9.1,1020.9,12.1,1.78
2019,10,05,09,40,332,3.4,4.8,1020.6,12.1,1.67
2019,10,05,12,40,325,2.6,3.9,1020.2,12.1,1.71
2019,10,05,15,40,319,2.0,2.9,1021.1,12.3,1.57
2019,10,05,18,40,305,2.8,3.7,1021.5,12.5,1.38
2019,10,05,21,40,308,4.2,5.4,1019.3,12.8,1.40
2019,10,06,00,40,311,5.2,6.3,1018.0,12.8,1.36
2019,10,06,03,40,308,4.1,5.0,1017.5,12.4,1.32
2019,10,06,06,40,330,3.5,4.5,1017.3,12.2,1.37
2019,10,06,09,40,313,1.6,2.5,1016.8,12.5,1.51
2019,10,06,13,40,274,0.5,1.2,1017.1,12.2,1.33
2019,10,06,16,40,103,4.0,5.2,1018.1,12.6,1.34
2019,10,06,19,40,294,1.0,1.7,1017.9,12.7,1.22
2019,10,06,22,40,322,4.9,6.0,1016.2,13.0,1.24
2019,10,07,01,40,319,5.2,6.7,1015.6,12.9,1.12
2019,10,07,04,40,314,3.7,4.4,1015.8,12.7,0.97
2019,10,07,07,40,352,1.8,2.8,1015.9,12.5,0.85
2019,10,07,10,40,293,1.5,2.3,1015.0,13.0,0.85
2019,10,07,13,40,307,2.2,3.0,1015.4,13.3,0.87
2019,10,07,16,40,322,2.1,2.9,1016.2,12.9,1.00
2019,10,07,19,40,291,1.8,2.6,1015.7,13.3,1.08
2019,10,07,22,40,309,3.2,4.0,1014.1,13.5,1.13
2019,10,08,01,40,309,5.0,6.1,1013.1,13.8,1.21
2019,10,08,04,40,295,3.2,4.3,1013.5,13.7,1.17
2019,10,08,07,40,269,3.9,5.4,1013.6,13.6,1.19
2019,10,08,10,40,254,1.3,2.1,1012.6,13.6,1.22
2019,10,08,13,40,246,1.1,1.8,1012.3,13.7,1.24
2019,10,08,16,40,129,1.7,3.0,1012.9,13.7,1.28
2019,10,08,19,40,294,1.8,3.5,1013.3,13.2,1.24
2019,10,08,22,40,306,5.4,6.9,1012.2,13.1,1.39
2019,10,09,01,40,311,9.6,11.4,1010.7,13.4,1.32
2019,10,09,04,40,318,11.1,13.7,1011.5,12.4,2.36
2019,10,09,07,40,322,9.8,12.8,1012.4,12.4,2.22
2019,10,09,10,40,312,13.3,16.2,1012.0,12.5,2.99
2019,10,09,13,40,328,10.4,12.9,1012.9,12.4,2.58
2019,10,09,16,40,317,8.7,11.0,1014.8,12.3,2.34
2019,10,09,19,40,315,9.1,11.1,1014.4,12.5,2.40
2019,10,09,22,40,316,8.5,10.7,1013.0,12.9,2.30
2019,10,10,01,40,319,8.0,10.2,1012.9,12.6,2.27
2019,10,10,04,40,313,6.7,8.6,1013.5,12.8,2.31
2019,10,10,07,40,313,2.8,5.7,1014.1,12.7,2.02
2019,10,10,10,40,355,4.6,5.8,1014.3,12.7,1.77
2019,10,10,14,40,281,0.5,2.5,1015.6,12.7,1.76
2019,10,10,17,40,187,0.3,1.2,1016.6,12.9,1.88
2019,10,10,20,40,268,3.2,4.4,1015.9,13.2,1.74
2019,10,10,23,40,320,5.3,6.7,1015.5,13.2,1.82
2019,10,11,02,40,347,3.4,4.2,1015.3,13.0,1.51
2019,10,11,05,40,310,5.1,6.3,1015.8,13.1,1.44
2019,10,11,08,40,340,3.0,3.9,1016.2,13.0,1.35
2019,10,11,11,40,1,1.7,2.4,1016.1,12.9,1.25
2019,10,11,14,40,73,3.1,4.0,1016.5,12.8,1.29
2019,10,11,17,40,81,4.9,6.0,1017.4,13.0,1.21
2019,10,11,20,40,33,2.4,2.9,1016.2,13.5,1.20
2019,10,11,23,40,323,4.9,6.8,1014.6,14.0,1.24
2019,10,12,02,40,327,4.5,5.5,1014.4,13.6,0.99
2019,10,12,05,40,311,3.7,5.0,1014.7,13.5,0.90
2019,10,12,08,40,328,2.2,2.8,1014.2,13.4,0.85
2019,10,12,11,40,310,3.7,4.4,1013.4,13.2,0.82
2019,10,12,14,40,329,3.3,4.3,1013.8,13.1,0.80
2019,10,12,17,40,282,5.0,6.2,1014.6,13.2,0.67
2019,10,12,20,40,315,2.1,2.8,1013.3,13.4,0.66
2019,10,12,23,40,312,3.9,4.7,1012.1,13.4,0.60
2019,10,13,02,40,302,5.8,6.8,1011.9,13.2,0.57
2019,10,13,05,40,281,3.9,4.7,1012.1,13.2,0.55
2019,10,13,08,40,323,2.5,3.7,1011.8,13.0,0.49
2019,10,13,11,40,313,2.5,3.6,1011.7,13.0,0.53
2019,10,13,14,40,330,3.1,4.5,1011.9,12.8,0.55
2019,10,13,17,40,305,3.0,4.3,1013.3,12.7,0.53
2019,10,13,20,40,272,1.2,2.4,1012.3,13.1,0.52
2019,10,13,23,40,289,3.8,5.0,1012.0,13.5,0.58
2019,10,14,02,40,275,3.3,4.1,1011.9,13.1,0.69
2019,10,14,05,40,292,3.2,4.1,1013.1,12.9,1.30
2019,10,14,08,40,267,2.8,4.3,1013.0,12.7,2.00
2019,10,14,11,40,227,1.9,3.1,1013.4,12.7,2.46
2019,10,14,14,40,102,1.8,3.7,1014.6,12.8,2.20
2019,10,14,17,40,161,1.7,3.7,1016.4,12.9,2.06
2019,10,14,20,40,236,1.9,3.2,1016.3,13.5,2.34
2019,10,14,23,40,306,5.1,7.4,1016.4,12.9,2.02
2019,10,15,02,40,290,3.4,5.9,1016.8,12.7,2.19
2019,10,15,05,40,335,1.9,4.2,1017.7,12.8,1.76
2019,10,15,08,40,299,2.0,4.4,1018.1,13.3,1.74
2019,10,15,11,40,289,0.6,1.6,1018.1,13.5,1.49
2019,10,15,15,40,273,2.1,3.5,1020.3,13.4,1.28
2019,10,15,18,40,321,3.5,4.9,1021.0,13.1,1.22
2019,10,15,21,40,317,0.9,1.7,1018.5,13.5,1.21
2019,10,16,00,40,308,7.0,8.4,1018.0,13.0,1.18
2019,10,16,03,40,315,5.6,6.6,1017.8,12.6,1.11
2019,10,16,06,40,305,3.6,4.6,1018.0,13.4,0.97
2019,10,16,09,40,305,2.5,3.0,1017.9,12.9,0.87
2019,10,16,12,40,310,3.1,4.1,1017.0,12.8,0.78
2019,10,16,15,40,312,1.5,2.1,1017.3,13.2,0.77
2019,10,16,18,40,271,1.7,2.2,1017.0,13.0,0.70
2019,10,16,21,40,276,4.3,5.2,1014.9,13.2,0.96
2019,10,17,00,40,270,0.1,0.7,1013.7,13.0,1.08
2019,10,17,03,40,176,1.1,1.6,1013.4,13.4,1.11
2019,10,17,07,40,263,3.9,5.1,1013.2,13.3,1.47
2019,10,17,10,40,315,5.7,7.1,1013.4,12.9,1.95
2019,10,17,13,40,307,7.0,9.1,1014.7,12.8,1.87
2019,10,17,16,40,304,7.6,9.1,1016.2,13.0,2.14
2019,10,17,19,40,294,8.0,10.0,1016.8,13.1,2.27
2019,10,17,23,40,296,9.1,11.3,1016.3,13.2,2.68
2019,10,18,02,40,315,9.0,11.8,1016.5,13.2,3.14
2019,10,18,05,40,319,9.5,11.9,1017.2,13.2,3.53
2019,10,18,08,40,311,8.9,11.8,1017.6,13.2,3.51
2019,10,18,11,40,305,5.8,8.0,1017.9,13.1,3.53
2019,10,18,14,40,288,2.4,4.3,1018.9,13.1,3.35
2019,10,18,17,40,245,2.7,4.1,1019.9,13.3,3.33
2019,10,18,20,40,289,5.6,7.4,1019.4,13.6,3.01
2019,10,18,23,40,283,5.7,7.9,1018.8,13.6,2.98
2019,10,19,02,40,287,4.3,6.5,1018.9,13.1,3.22
2019,10,19,05,40,304,6.5,8.5,1019.3,12.6,2.77
2019,10,19,08,40,308,4.1,5.8,1019.2,12.5,2.96
2019,10,19,11,40,297,3.2,5.4,1019.0,12.5,2.95
2019,10,19,14,40,221,1.6,2.6,1019.3,12.8,2.95
2019,10,19,17,40,200,1.8,3.0,1020.8,13.1,2.82
2019,10,19,21,40,263,5.0,6.8,1019.0,13.2,2.55
2019,10,20,00,40,300,7.7,9.5,1018.2,12.6,2.27
2019,10,20,03,40,326,8.1,10.2,1018.5,11.8,2.48
2019,10,20,06,40,322,7.6,9.6,1019.8,11.9,2.39
2019,10,20,09,40,328,7.1,8.5,1019.6,12.0,2.12
2019,10,20,12,40,333,6.8,8.5,1019.7,11.8,2.58
2019,10,20,15,40,333,6.3,7.7,1020.9,11.9,2.46
2019,10,20,18,40,313,7.5,9.5,1022.2,11.9,2.26
2019,10,20,21,40,325,5.9,7.4,1020.9,12.0,2.16
2019,10,21,00,40,330,5.2,6.7,1020.2,12.2,2.08
2019,10,21,03,40,321,5.5,6.8,1020.6,12.3,1.91
2019,10,21,06,40,334,5.8,7.0,1021.2,12.2,1.77
2019,10,21,09,40,317,7.0,8.3,1020.7,12.0,1.98
2019,10,21,12,40,332,2.2,3.2,1020.8,12.0,1.94
2019,10,21,15,40,328,2.7,4.0,1022.3,12.0,1.79
2019,10,21,18,40,325,3.0,4.3,1022.8,12.2,1.78
2019,10,21,21,40,312,6.9,8.7,1020.7,12.3,1.78
2019,10,22,00,40,317,8.2,10.0,1020.4,12.1,1.76
2019,10,22,03,40,327,6.0,7.6,1021.2,12.1,1.99
2019,10,22,06,40,316,7.2,8.7,1022.1,11.5,1.86
2019,10,22,09,40,318,6.9,8.3,1022.2,11.5,1.91
2019,10,22,12,40,320,4.6,6.1,1022.2,11.8,1.94
2019,10,22,15,40,321,2.3,3.4,1023.1,11.8,2.14
2019,10,22,18,40,312,5.0,6.8,1023.2,11.9,2.06
2019,10,22,21,40,301,3.4,5.0,1020.5,11.8,2.38
2019,10,23,00,40,318,5.5,6.9,1018.9,12.1,1.83
2019,10,23,03,40,319,4.2,6.0,1018.5,11.9,2.02
2019,10,23,06,40,322,6.5,7.8,1018.4,12.2,2.11
2019,10,23,09,40,324,3.6,5.1,1018.0,12.0,1.94
2019,10,23,12,40,322,6.4,7.7,1017.3,11.8,1.95
2019,10,23,15,40,311,4.5,6.0,1017.3,11.7,2.13
2019,10,23,18,40,317,4.1,5.8,1017.1,12.3,1.99
2019,10,23,21,40,309,6.7,8.1,1014.9,12.7,1.96
2019,10,24,00,40,293,5.6,7.4,1013.7,12.2,1.90
2019,10,24,03,40,338,2.9,4.6,1013.6,12.2,2.27
2019,10,24,06,40,338,4.0,6.1,1013.8,12.3,1.77
2019,10,24,09,40,305,1.7,3.4,1014.4,12.8,1.59
2019,10,24,12,40,85,4.8,7.1,1014.5,13.4,1.62
2019,10,24,15,40,88,5.7,7.7,1016.1,12.8,1.74
2019,10,24,19,40,83,6.4,8.0,1017.2,13.1,1.65
2019,10,24,22,40,79,5.2,6.9,1016.3,13.0,1.59
2019,10,25,01,40,310,2.3,3.0,1016.3,12.9,1.21
2019,10,25,04,40,85,0.9,1.7,1017.8,12.8,1.17
2019,10,25,07,40,62,2.7,3.4,1018.5,13.0,1.16
2019,10,25,10,40,80,4.1,5.2,1018.2,13.0,1.05
2019,10,25,13,40,63,3.8,4.5,1018.7,13.1,0.95
2019,10,25,16,40,80,4.4,5.4,1019.6,13.4,0.83
2019,10,25,19,40,51,2.3,2.8,1019.0,13.8,0.86
2019,10,25,22,40,294,3.5,4.0,1017.7,14.1,0.85
2019,10,26,01,40,315,5.1,6.6,1016.3,13.7,0.72
2019,10,26,04,40,320,5.4,6.4,1016.2,12.8,0.81
2019,10,26,07,40,299,5.5,6.9,1015.6,13.2,0.83
2019,10,26,10,40,316,5.3,7.0,1014.1,13.3,0.94
2019,10,26,13,40,322,3.7,4.6,1013.3,13.5,1.62
2019,10,26,16,40,320,7.7,9.4,1013.6,13.1,1.88
2019,10,26,19,40,312,8.0,10.1,1012.1,13.2,1.97
2019,10,26,22,40,312,7.5,9.5,1010.0,13.5,2.07
2019,10,27,01,40,306,8.2,10.7,1008.5,13.3,2.37
2019,10,27,04,40,311,6.0,8.2,1007.9,13.3,2.45
2019,10,27,07,40,336,7.1,9.1,1007.7,13.1,2.98
2019,10,27,10,40,343,1.8,3.4,1008.2,13.0,3.13
2019,10,27,13,40,313,2.6,7.0,1009.9,13.0,2.76
2019,10,27,16,40,316,3.9,5.8,1012.4,12.9,2.25
2019,10,27,19,40,20,7.2,8.7,1013.0,13.0,2.21
2019,10,27,22,40,11,7.6,9.5,1013.2,13.3,2.11
2019,10,28,01,40,5,5.7,9.0,1014.1,13.0,1.92
2019,10,28,04,40,301,3.8,5.8,1015.6,12.9,1.74
2019,10,28,07,40,8,2.6,4.7,1016.4,12.8,1.57
2019,10,28,10,40,146,0.5,1.9,1017.1,12.7,1.84
2019,10,28,13,40,69,5.1,6.7,1017.4,12.7,1.57
2019,10,28,16,40,101,3.1,4.4,1019.2,12.7,1.24
2019,10,28,19,40,135,1.2,2.2,1018.5,13.1,1.29
2019,10,28,22,40,313,4.5,5.8,1017.2,13.4,1.55
2019,10,29,01,40,322,4.3,5.5,1017.1,13.4,1.44
2019,10,29,04,40,337,3.7,4.9,1016.4,13.1,1.61
2019,10,29,07,40,307,3.6,4.4,1016.3,13.1,1.44
2019,10,29,10,40,325,2.8,3.8,1015.4,12.9,1.59
2019,10,29,13,40,316,4.5,5.8,1015.0,12.9,1.42
2019,10,29,16,40,83,2.3,3.2,1015.5,13.0,1.41
2019,10,29,19,40,238,0.6,1.3,1015.4,13.3,1.63
2019,10,29,22,40,321,6.0,7.6,1014.0,13.2,1.68
2019,10,30,02,40,330,4.6,6.2,1014.3,13.0,1.59
2019,10,30,05,40,330,4.3,5.6,1015.6,13.0,1.34
2019,10,30,08,40,80,0.4,1.2,1016.6,13.0,1.38
2019,10,30,11,40,87,5.1,6.4,1017.5,12.4,1.39
2019,10,30,14,40,81,7.3,9.9,1018.7,12.5,1.49
2019,10,30,17,40,89,9.9,12.0,1020.6,12.5,1.53
2019,10,30,20,40,90,7.1,9.1,1020.6,12.7,1.37
2019,10,30,23,40,93,3.3,4.8,1021.4,12.7,1.04
2019,10,31,02,40,79,3.3,4.2,1022.2,12.6,1.22
2019,10,31,05,40,121,2.2,3.3,1023.4,12.6,1.14
2019,10,31,08,40,96,3.2,4.2,1023.4,12.5,1.12
2019,10,31,11,40,84,6.1,8.0,1023.0,12.4,1.14
2019,10,31,14,40,87,5.3,6.7,1023.6,12.4,1.14
2019,10,31,18,40,83,5.4,6.6,1024.1,12.3,1.03
2019,10,31,21,40,90,2.2,2.9,1022.1,12.4,0.97
2019,11,01,00,40,320,5.3,6.3,1021.5,12.6,1.03
2019,11,01,03,40,315,2.5,3.0,1021.7,12.4,1.00
2019,11,01,06,40,318,1.4,2.0,1021.7,12.4,0.95
2019,11,01,09,40,123,0.8,1.4,1021.3,12.2,1.06
2019,11,01,12,40,62,2.3,3.0,1020.9,11.9,1.01
2019,11,01,15,40,50,2.2,3.0,1022.0,11.8,0.98
2019,11,01,18,40,33,1.4,1.9,1022.1,12.1,1.03
2019,11,01,21,40,319,3.6,4.6,1020.4,12.2,0.97
2019,11,02,00,40,312,4.2,5.5,1019.7,12.5,0.97
2019,11,02,03,40,323,4.1,5.0,1020.1,12.2,0.91
2019,11,02,06,40,326,2.5,3.4,1020.6,12.1,0.98
2019,11,02,09,40,331,2.4,3.0,1020.4,12.1,0.91
2019,11,02,12,40,332,0.6,1.2,1020.1,12.1,1.07
2019,11,02,15,40,63,4.1,5.3,1020.6,11.9,1.05
2019,11,02,18,40,76,5.9,7.1,1020.4,12.1,0.99
2019,11,02,21,40,302,4.2,5.1,1018.3,12.5,0.87
2019,11,03,00,40,322,4.9,6.3,1017.7,12.6,0.91
2019,11,03,03,40,320,5.4,6.6,1017.5,12.3,0.85
2019,11,03,06,40,313,3.2,3.7,1017.9,12.2,0.75
2019,11,03,09,40,314,3.3,4.0,1017.3,12.1,0.68
2019,11,03,12,40,304,2.4,3.1,1016.8,12.0,0.75
2019,11,03,15,40,301,0.9,1.3,1017.3,11.8,0.78
2019,11,03,18,40,275,1.7,2.0,1017.4,12.0,0.77
2019,11,03,21,40,302,3.6,4.3,1015.6,12.5,0.70
2019,11,04,00,40,308,6.1,7.7,1014.9,12.5,0.69
2019,11,04,03,40,299,4.4,5.7,1015.0,12.3,0.70
2019,11,04,06,40,302,4.2,5.5,1015.9,12.1,0.72
2019,11,04,09,40,317,3.3,4.9,1015.7,12.6,0.75
2019,11,04,12,40,302,3.1,5.0,1015.7,12.6,0.94
2019,11,04,15,40,336,1.8,3.5,1016.7,12.5,0.96
2019,11,04,18,40,308,1.9,2.9,1017.4,12.6,0.90
2019,11,04,21,40,314,4.6,6.3,1015.9,12.7,0.84
2019,11,05,00,40,304,5.9,7.2,1015.6,12.4,0.92
2019,11,05,03,40,323,4.7,5.9,1016.5,12.2,0.95
2019,11,05,06,40,322,4.3,5.4,1017.3,12.5,0.70
2019,11,05,09,40,328,3.5,5.1,1017.3,12.7,0.79
2019,11,05,12,40,302,2.8,4.8,1018.0,12.6,0.76
2019,11,05,15,40,318,2.6,4.4,1018.8,12.8,0.80
2019,11,05,18,40,312,3.8,5.1,1019.5,12.9,0.83
2019,11,05,21,40,308,6.2,7.4,1017.6,13.0,0.81
2019,11,06,00,40,316,5.9,7.5,1016.7,12.8,0.89
2019,11,06,03,40,321,7.8,9.6,1017.4,12.5,0.94
2019,11,06,06,40,319,5.1,6.8,1018.0,12.5,0.92
2019,11,06,09,40,311,5.0,7.2,1017.7,12.6,0.80
2019,11,06,12,40,309,4.1,5.8,1017.4,12.6,0.83
2019,11,06,15,40,314,3.6,5.3,1017.9,12.5,0.86
2019,11,06,19,40,310,3.0,4.2,1018.2,12.6,0.81
2019,11,06,22,40,313,5.1,6.3,1016.5,12.7,0.79
2019,11,07,01,40,314,6.5,8.6,1016.8,12.6,0.86
2019,11,07,04,40,321,4.7,6.4,1017.4,12.5,0.86
2019,11,07,07,40,315,1.9,2.9,1017.7,12.6,0.93
2019,11,07,10,40,7,1.2,2.3,1018.0,12.6,0.94
2019,11,07,13,40,344,0.9,2.2,1019.0,12.5,0.89
2019,11,07,16,40,114,1.1,2.2,1020.7,12.5,1.18
2019,11,07,19,40,148,2.2,3.4,1021.0,12.5,1.17
2019,11,07,22,40,205,3.5,4.7,1020.7,12.6,1.11
2019,11,08,01,40,190,1.9,2.7,1021.1,12.6,1.14
2019,11,08,04,40,317,0.3,1.3,1021.9,12.6,1.08
2019,11,08,07,40,67,0.8,2.0,1022.0,12.6,0.98
2019,11,08,10,40,298,1.4,2.5,1022.4,12.6,1.07
2019,11,08,13,40,4,1.4,2.7,1022.7,12.5,0.88
2019,11,08,16,40,24,1.9,3.2,1023.6,12.5,0.90
2019,11,08,19,40,321,4.3,5.6,1023.8,12.7,0.86
2019,11,08,22,40,321,6.1,7.4,1022.7,12.8,0.92
2019,11,09,01,40,322,6.1,7.8,1022.3,12.6,0.96
2019,11,09,04,40,316,5.9,7.2,1022.7,12.6,0.87
2019,11,09,07,40,323,6.6,8.9,1022.8,12.6,0.94
2019,11,09,10,40,319,6.1,7.6,1022.0,12.5,0.92
2019,11,09,13,40,357,2.6,4.1,1021.6,12.4,0.85
2019,11,09,16,40,319,5.4,6.9,1022.3,12.4,0.91
2019,11,09,19,40,319,6.5,8.1,1021.9,12.5,0.93
2019,11,09,22,40,313,8.1,10.0,1020.0,12.6,1.00
2019,11,10,01,40,314,8.6,10.8,1019.5,12.6,1.19
2019,11,10,04,40,315,7.2,9.4,1019.7,12.4,1.20
2019,11,10,07,40,315,6.5,8.0,1020.1,12.4,1.28
2019,11,10,10,40,310,2.9,4.2,1019.3,12.4,1.18
2019,11,10,13,40,319,1.9,3.3,1019.3,12.3,1.23
2019,11,10,16,40,129,0.0,0.6,1020.1,12.4,1.16
2019,11,10,19,40,241,0.9,2.3,1019.1,12.5,1.03
2019,11,10,22,40,306,4.3,5.7,1017.4,12.6,1.19
2019,11,11,01,40,322,6.1,7.5,1017.0,12.5,1.38
2019,11,11,04,40,302,4.0,5.1,1017.1,12.5,1.31
2019,11,11,07,40,233,0.5,1.5,1017.2,12.4,1.50
2019,11,11,10,40,121,3.5,5.1,1016.7,12.4,1.62
2019,11,11,13,40,349,1.1,1.9,1017.3,12.4,1.60
2019,11,11,16,40,299,2.2,3.2,1018.7,12.3,1.33
2019,11,11,19,40,309,1.9,2.9,1018.6,12.7,1.45
2019,11,11,22,40,305,5.2,6.7,1017.6,12.8,1.34
2019,11,12,01,40,313,4.0,4.9,1017.6,12.7,1.36
2019,11,12,04,40,313,5.2,6.7,1018.2,12.8,1.30
2019,11,12,07,40,313,6.1,7.9,1018.9,12.8,1.36
2019,11,12,10,40,305,1.2,2.7,1018.3,12.7,1.21
2019,11,12,13,40,340,1.4,2.1,1018.4,12.7,1.19
2019,11,12,16,40,330,2.9,4.0,1019.6,12.6,1.17
2019,11,12,19,40,296,1.8,2.9,1019.4,12.7,1.18
2019,11,12,22,40,303,2.3,3.2,1017.8,12.9,1.15
2019,11,13,01,40,303,4.4,5.3,1017.1,12.7,1.19
2019,11,13,05,40,299,3.0,4.3,1017.8,12.7,1.15
2019,11,13,08,40,319,1.4,2.5,1017.0,12.7,1.41
2019,11,13,11,40,176,0.7,1.7,1016.5,12.7,1.46
2019,11,13,14,40,209,1.4,2.7,1016.8,12.6,1.51
2019,11,13,17,40,179,1.8,3.0,1017.4,12.6,1.90
2019,11,13,20,40,141,2.0,3.4,1016.2,12.8,1.70
2019,11,13,23,40,92,0.6,1.6,1016.3,12.8,1.45
2019,11,14,02,40,146,3.3,5.0,1016.1,12.7,1.49
2019,11,14,05,40,169,3.1,4.2,1017.1,12.7,1.33
2019,11,14,08,40,170,2.1,2.8,1017.2,12.7,1.55
2019,11,14,11,40,153,2.3,3.0,1017.6,12.7,1.25
2019,11,14,14,40,150,3.8,5.1,1017.7,12.7,1.32
2019,11,14,17,40,148,5.6,7.0,1018.7,12.7,1.34
2019,11,14,20,40,271,2.4,3.3,1019.8,12.7,1.19
2019,11,14,23,40,64,1.6,2.2,1019.5,12.9,1.11
2019,11,15,02,40,169,1.2,1.8,1020.9,12.9,1.00
2019,11,15,05,40,188,2.0,2.8,1021.5,12.8,1.06
2019,11,15,08,40,207,1.4,1.9,1022.0,12.8,1.25
2019,11,15,11,40,84,1.3,2.2,1022.3,12.7,1.59
2019,11,15,14,40,104,2.4,3.3,1022.6,12.7,1.84
2019,11,15,17,40,157,1.1,2.2,1024.3,12.8,1.94
2019,11,15,20,40,12,0.1,1.2,1022.9,12.9,2.45
2019,11,15,23,40,295,3.3,4.4,1022.3,13.0,1.97
2019,11,16,02,40,321,7.5,9.6,1022.3,12.8,2.14
2019,11,16,05,40,326,7.5,9.2,1022.1,12.8,2.34
2019,11,16,08,40,321,6.1,7.6,1021.6,12.8,2.71
2019,11,16,11,40,341,3.5,5.2,1021.2,12.8,2.13
2019,11,16,14,40,349,2.2,3.7,1021.7,12.8,2.41
2019,11,16,17,40,352,1.8,2.9,1022.3,12.8,2.69
2019,11,16,20,40,313,2.9,4.6,1020.7,13.0,2.37
2019,11,16,23,40,321,6.5,8.2,1019.7,12.8,1.95
2019,11,17,02,40,317,7.9,9.6,1020.1,12.8,2.04
2019,11,17,05,40,321,3.2,4.8,1020.5,12.8,2.15
2019,11,17,08,40,335,1.5,2.5,1020.0,12.7,1.96
2019,11,17,11,40,76,0.8,2.2,1019.5,12.7,2.11
2019,11,17,14,40,80,0.8,2.8,1019.7,12.7,1.91
2019,11,17,17,40,318,3.9,5.5,1021.0,12.6,1.59
2019,11,17,20,40,303,5.2,6.6,1019.0,13.0,1.62
2019,11,17,23,40,314,5.2,6.5,1017.3,13.1,1.52
2019,11,18,02,40,304,2.0,2.9,1016.8,12.9,1.39
2019,11,18,05,40,318,3.2,4.1,1016.7,12.8,1.45
2019,11,18,08,40,284,1.4,2.1,1016.6,12.8,1.40
2019,11,18,11,40,344,2.2,3.2,1015.8,12.8,1.46
2019,11,18,14,40,281,2.7,3.6,1015.6,12.7,1.42
2019,11,18,17,40,316,2.9,3.7,1015.9,12.8,1.36
2019,11,18,20,40,320,5.9,7.2,1013.9,12.9,1.42
2019,11,18,23,40,301,5.5,6.8,1012.0,12.9,1.52
2019,11,19,02,40,315,8.9,11.0,1012.0,12.8,1.73
2019,11,19,05,40,321,7.9,10.5,1011.7,12.8,2.06
2019,11,19,08,40,316,10.8,13.2,1011.0,12.8,2.12
2019,11,19,11,40,316,12.2,15.6,1010.3,12.7,2.21
2019,11,19,14,40,306,12.1,15.4,1010.3,12.6,2.36
2019,11,19,17,40,307,10.6,13.2,1010.8,12.5,2.18
2019,11,19,20,40,300,9.7,12.0,1008.7,12.7,2.28
2019,11,19,23,40,306,13.2,16.3,1006.8,12.6,2.57
2019,11,20,02,40,317,13.9,17.8,1004.3,12.5,3.18
2019,11,20,05,40,320,14.1,17.9,1002.8,12.4,4.03
2019,11,20,08,40,327,11.0,14.4,1002.1,12.3,3.48
2019,11,20,11,40,322,10.1,12.8,1001.7,12.3,3.70
2019,11,20,14,40,311,7.6,10.1,1002.1,12.3,3.21
2019,11,20,17,40,313,7.5,9.6,1002.2,12.3,3.21
2019,11,20,20,40,307,8.5,10.6,1000.7,12.3,3.32
2019,11,20,23,40,315,8.0,10.4,1000.3,12.2,3.24
2019,11,21,02,40,338,6.2,8.0,1001.8,12.1,3.16
2019,11,21,05,40,282,5.0,7.4,1004.0,12.1,2.71
2019,11,21,08,40,311,3.3,5.4,1005.8,12.1,2.63
2019,11,21,11,40,94,3.3,5.6,1008.0,12.1,2.33
2019,11,21,14,40,103,4.4,6.3,1009.8,12.1,2.37
2019,11,21,17,40,112,3.5,5.7,1011.9,12.2,2.38
2019,11,21,20,40,166,2.6,3.8,1012.5,12.3,2.11
2019,11,21,23,40,159,3.2,4.6,1013.2,12.5,1.66
2019,11,22,02,40,141,2.9,3.8,1015.2,12.4,1.61
2019,11,22,05,40,143,3.8,5.0,1017.2,12.3,1.45
2019,11,22,08,40,162,2.2,3.0,1019.2,12.3,1.43
2019,11,22,11,40,141,1.1,1.9,1019.9,12.2,1.36
2019,11,22,14,40,86,2.9,3.9,1020.9,12.2,1.41
2019,11,22,17,40,89,3.4,4.7,1022.8,12.2,1.55
2019,11,22,20,40,77,1.2,2.1,1022.4,12.4,1.46
2019,11,22,23,40,316,3.3,4.3,1022.0,12.7,1.66
2019,11,23,02,40,328,4.2,5.4,1022.3,12.2,2.20
2019,11,23,05,40,327,4.4,5.6,1023.0,12.1,2.08
2019,11,23,08,40,350,2.0,2.7,1022.9,12.2,2.56
2019,11,23,11,40,73,2.1,3.5,1022.9,12.2,2.19
2019,11,23,14,40,72,3.4,5.4,1023.7,12.1,2.52
2019,11,23,17,40,257,0.6,1.7,1025.4,12.2,2.12
2019,11,23,20,40,320,1.6,2.5,1023.5,12.5,2.21
2019,11,23,23,40,313,2.9,4.8,1022.2,12.6,2.35
2019,11,24,02,40,327,4.8,5.9,1022.3,12.5,1.96
2019,11,24,05,40,300,4.7,6.0,1022.6,12.4,2.06
2019,11,24,08,40,329,5.2,6.5,1022.7,12.3,2.09
2019,11,24,11,40,319,2.3,3.2,1022.2,12.2,1.88
2019,11,24,14,40,349,1.9,2.5,1022.5,12.3,1.61
2019,11,24,17,40,318,2.8,3.9,1023.5,12.6,2.02
2019,11,24,20,40,314,3.7,5.3,1021.9,12.7,2.37
2019,11,24,23,40,290,4.5,6.3,1019.9,12.6,2.46
2019,11,25,02,40,301,5.7,7.0,1019.6,12.5,2.27
2019,11,25,05,40,315,8.2,10.6,1019.9,12.4,2.51
2019,11,25,08,40,326,8.3,11.3,1019.0,12.5,2.66
2019,11,25,11,40,317,12.4,16.4,1018.5,12.5,2.91
2019,11,25,14,40,306,13.4,17.3,1019.3,12.2,3.62
2019,11,25,17,40,313,11.6,14.5,1021.0,12.0,3.59
2019,11,25,20,40,315,11.9,16.0,1020.1,12.0,3.17
2019,11,25,23,40,321,13.2,16.9,1018.9,12.1,3.01
2019,11,26,02,40,322,13.7,17.1,1019.5,12.0,3.59
2019,11,26,05,40,321,11.4,14.0,1020.2,11.9,3.30
2019,11,26,08,40,324,10.6,13.6,1020.1,11.9,3.16
2019,11,26,11,40,330,9.0,11.2,1019.0,11.9,2.76
2019,11,26,14,40,334,5.9,7.2,1018.2,11.9,2.41
2019,11,26,17,40,298,4.5,6.0,1016.8,11.8,2.47
2019,11,26,20,40,138,0.6,1.8,1013.0,11.9,2.15
2019,11,26,23,40,171,9.6,12.5,1007.0,11.9,1.99
2019,11,27,02,40,299,12.8,16.9,1002.6,11.9,2.68
2019,11,27,05,40,270,10.0,13.1,1001.3,11.8,3.09
2019,11,27,08,40,315,9.4,12.3,1001.4,11.8,3.91
2019,11,27,11,40,283,9.5,12.4,1000.4,11.8,5.24
2019,11,27,14,40,318,9.0,11.8,1000.9,11.8,5.25
2019,11,27,17,40,293,10.6,14.7,1001.8,11.8,4.34
2019,11,27,20,40,269,3.7,6.2,1000.8,11.8,3.77
2019,11,27,23,40,272,3.8,6.3,1000.4,11.8,3.50
2019,11,28,02,40,240,3.2,5.1,1000.5,11.7,3.32
2019,11,28,05,40,124,1.7,4.0,1001.4,11.7,2.94
2019,11,28,08,40,107,5.0,8.4,1001.6,11.7,3.10
2019,11,28,11,40,92,5.6,7.9,1002.1,11.8,2.53
2019,11,28,14,40,82,5.2,7.5,1002.9,11.7,2.31
2019,11,28,17,40,62,5.0,8.5,1003.7,11.7,2.31
2019,11,28,20,40,65,5.1,7.0,1003.0,11.6,2.14
2019,11,28,23,40,300,3.0,4.3,1003.0,11.7,2.42
2019,11,29,02,40,327,7.1,8.7,1003.7,11.7,2.28
2019,11,29,05,40,315,6.4,8.1,1004.6,11.7,2.06
2019,11,29,08,40,310,6.1,7.9,1005.0,11.6,1.79
2019,11,29,11,40,300,5.8,7.7,1006.2,11.5,1.59
2019,11,29,14,40,301,6.1,7.8,1007.7,11.5,1.58
2019,11,29,17,40,27,1.4,2.4,1010.1,11.5,1.50
2019,11,29,20,40,226,2.6,3.7,1011.0,11.6,1.28
2019,11,29,23,40,136,0.9,2.2,1012.6,11.6,1.37
2019,11,30,02,40,194,1.9,3.0,1014.6,11.6,1.25
2019,11,30,05,40,145,2.4,3.3,1016.2,11.5,1.11
2019,11,30,08,40,131,6.3,7.7,1015.9,11.6,1.23
2019,11,30,11,40,129,7.9,10.1,1015.7,11.6,1.11
2019,11,30,15,40,107,8.5,10.4,1015.3,11.7,1.19
2019,11,30,18,40,121,10.9,13.4,1014.7,11.7,1.63
2019,11,30,22,40,103,11.4,14.5,1011.8,11.7,2.25
2019,12,01,01,40,137,14.9,18.8,1010.6,11.7,3.11
2019,12,01,04,40,147,15.6,19.5,1010.3,11.7,4.59
2019,12,01,07,40,153,15.6,20.6,1010.0,11.7,4.72
2019,12,01,10,40,157,15.2,20.1,1010.1,11.7,4.44
2019,12,01,13,40,164,14.6,19.5,1011.0,11.7,4.52
2019,12,01,16,40,160,14.0,18.1,1011.8,11.9,4.46
2019,12,01,19,40,162,13.6,17.4,1012.5,11.9,3.94
2019,12,01,22,40,155,13.9,18.8,1010.9,11.7,4.17
2019,12,02,01,40,156,14.0,17.9,1011.2,11.7,4.91
2019,12,02,04,40,156,14.6,18.8,1013.1,11.8,4.29
2019,12,02,07,40,153,11.8,16.6,1014.0,12.0,3.85
2019,12,02,10,40,147,11.9,15.7,1013.9,12.2,3.56
2019,12,02,13,40,151,12.3,16.1,1014.3,12.2,3.34
2019,12,02,16,40,143,9.8,12.9,1016.3,12.3,3.05
2019,12,02,19,40,92,7.3,9.7,1017.5,12.3,3.17
2019,12,02,23,40,83,7.3,9.8,1016.9,12.4,2.42
2019,12,03,02,40,107,6.4,8.3,1019.0,12.4,2.29
2019,12,03,05,40,90,5.3,6.9,1020.6,12.4,1.90
2019,12,03,08,40,78,5.0,6.7,1020.3,12.4,1.88
2019,12,03,11,40,81,5.9,8.2,1020.2,12.5,1.95
2019,12,03,14,40,93,7.0,9.2,1019.7,12.5,1.75
2019,12,03,17,40,98,7.1,9.1,1020.0,12.5,1.65
2019,12,03,20,40,91,5.4,6.9,1017.4,12.6,1.47
2019,12,04,00,40,85,4.4,5.4,1014.7,12.6,1.25
2019,12,04,03,40,26,3.0,4.6,1013.3,12.5,1.18
2019,12,04,06,40,87,7.4,8.7,1012.7,12.5,1.30
2019,12,04,09,40,123,3.1,3.9,1012.3,12.5,1.11
2019,12,04,12,40,215,0.4,1.5,1010.8,12.5,1.20
2019,12,04,15,40,62,6.5,8.1,1010.5,12.6,1.18
2019,12,04,18,40,74,7.3,9.3,1011.7,12.5,1.13
2019,12,04,22,40,74,6.1,7.9,1010.0,12.5,1.39
2019,12,05,01,40,65,3.5,4.7,1012.1,12.7,1.43
2019,12,05,04,40,83,4.8,6.3,1013.9,12.6,1.65
2019,12,05,07,40,86,5.9,7.7,1015.4,12.5,1.52
2019,12,05,10,40,93,4.8,6.1,1015.7,12.5,1.43
2019,12,05,13,40,98,4.7,6.0,1016.7,12.5,1.31
2019,12,05,17,40,90,6.4,7.8,1018.8,12.4,1.44
2019,12,05,20,40,107,5.2,7.4,1018.0,12.4,1.37
2019,12,05,23,40,133,4.8,6.3,1017.3,12.3,1.53
2019,12,06,02,40,138,5.1,6.8,1017.5,12.3,1.35
2019,12,06,05,40,131,8.2,10.3,1016.9,12.4,1.31
2019,12,06,08,40,142,6.9,9.4,1017.2,12.3,1.34
2019,12,06,11,40,143,8.8,10.8,1016.8,12.3,1.47
2019,12,06,14,40,139,8.8,11.1,1016.2,12.4,1.60
2019,12,06,17,40,135,8.3,10.0,1016.6,12.4,1.88
2019,12,06,21,40,143,10.6,13.1,1013.7,12.5,2.54
2019,12,07,00,40,145,13.0,16.2,1012.6,12.6,3.06
2019,12,07,03,40,154,12.6,16.0,1012.9,12.6,3.71
2019,12,07,06,40,170,12.2,16.4,1014.5,12.9,4.03
2019,12,07,09,40,167,12.1,16.9,1014.2,12.8,3.84
2019,12,07,12,40,160,10.4,13.6,1013.5,13.0,3.99
2019,12,07,15,40,159,11.2,14.1,1014.0,13.1,3.63
2019,12,07,18,40,160,12.8,15.8,1014.1,13.3,3.81
2019,12,07,21,40,165,11.7,15.0,1011.9,13.2,3.29
2019,12,08,00,40,190,5.6,7.3,1013.2,13.2,3.18
2019,12,08,03,40,187,6.0,7.9,1013.8,13.2,2.87
2019,12,08,06,40,203,5.5,7.0,1014.7,13.3,2.44
2019,12,08,09,40,223,3.8,5.0,1014.8,13.3,2.17
2019,12,08,12,40,234,2.1,3.4,1014.8,13.3,2.32
2019,12,08,15,40,261,1.7,3.8,1016.1,13.3,2.57
2019,12,08,18,40,135,1.3,2.5,1017.8,13.3,2.22
2019,12,08,22,40,338,3.7,4.7,1017.3,13.5,1.77
2019,12,09,01,40,318,6.5,8.4,1018.4,13.4,1.81
2019,12,09,04,40,325,5.8,7.3,1019.6,13.3,1.71
2019,12,09,07,40,307,2.5,3.7,1020.8,13.3,1.73
2019,12,09,10,40,29,0.4,1.1,1020.9,13.2,1.66
2019,12,09,13,40,310,3.1,4.6,1021.7,13.2,1.66
2019,12,09,17,40,12,2.8,3.7,1023.7,13.2,1.43
2019,12,09,20,40,68,0.6,1.6,1022.8,13.3,1.32
2019,12,09,23,40,283,2.9,4.0,1022.9,13.3,1.31
2019,12,10,03,40,271,3.9,4.9,1023.9,13.3,1.13
2019,12,10,06,40,83,2.3,4.1,1023.4,13.2,1.21
2019,12,10,09,40,309,1.4,2.3,1024.4,13.2,1.14
2019,12,10,12,40,355,2.0,2.9,1024.1,13.2,1.07
2019,12,10,15,40,78,4.1,5.3,1024.7,13.2,1.01
2019,12,10,18,40,111,2.1,3.3,1025.8,13.2,0.82
2019,12,10,21,40,174,2.6,4.5,1023.7,13.2,0.86
2019,12,11,00,40,159,4.4,5.5,1022.9,13.2,0.87
2019,12,11,03,40,135,5.2,6.3,1023.4,13.1,0.92
2019,12,11,06,40,157,5.8,7.3,1024.0,13.2,1.05
2019,12,11,09,40,133,5.8,7.2,1023.3,13.2,1.39
2019,12,11,12,40,146,7.7,9.4,1022.8,13.2,1.70
2019,12,11,15,40,126,7.6,9.5,1023.0,13.2,1.83
2019,12,11,18,40,132,4.6,6.2,1024.1,13.3,2.08
2019,12,11,21,40,157,7.7,10.0,1022.3,13.3,2.17
2019,12,12,00,40,155,7.9,10.2,1021.9,13.3,2.41
2019,12,12,03,40,156,8.3,10.2,1022.0,13.3,2.28
2019,12,12,06,40,167,7.0,8.4,1022.7,13.3,2.24
2019,12,12,09,40,221,3.7,4.9,1023.0,13.3,1.89
2019,12,12,12,40,245,2.6,3.6,1024.2,13.3,2.02
2019,12,12,15,40,199,1.7,2.4,1025.8,13.3,2.18
2019,12,12,18,40,215,1.0,2.0,1027.3,13.4,2.50
2019,12,12,21,40,38,2.2,3.8,1026.1,13.4,2.43
2019,12,13,00,40,335,0.6,1.7,1026.0,13.6,3.16
2019,12,13,03,40,338,2.3,3.6,1026.0,13.4,3.55
2019,12,13,06,40,323,3.3,5.0,1026.2,13.4,3.41
2019,12,13,09,40,319,2.6,4.3,1025.2,13.4,3.04
2019,12,13,12,40,318,0.8,2.5,1024.6,13.3,3.48
2019,12,13,15,40,79,0.4,1.9,1023.6,13.3,3.60
2019,12,13,18,40,316,2.6,4.6,1025.0,13.4,4.02
2019,12,13,21,40,153,6.6,9.4,1020.7,13.4,3.92
2019,12,14,00,40,208,3.4,4.6,1020.7,13.4,3.64
2019,12,14,03,40,233,5.3,7.2,1020.3,13.3,3.51
2019,12,14,06,40,284,6.3,8.3,1019.9,13.3,3.26
2019,12,14,09,40,315,8.5,11.0,1019.5,13.3,3.30
2019,12,14,12,40,313,7.6,10.0,1019.3,13.3,3.26
2019,12,14,15,40,305,9.4,12.2,1019.5,13.3,3.39
2019,12,14,18,40,305,8.7,11.5,1020.4,13.3,3.53
2019,12,14,21,40,294,8.6,11.0,1019.0,13.3,2.91
2019,12,15,00,40,265,7.0,9.1,1017.8,13.3,2.64
2019,12,15,03,40,308,9.2,11.8,1018.0,13.2,2.87
2019,12,15,06,40,313,10.3,13.4,1019.0,13.2,2.82
2019,12,15,09,40,319,10.2,12.7,1019.6,13.1,3.07
2019,12,15,12,40,337,8.5,10.8,1021.1,13.1,3.01
2019,12,15,15,40,345,5.0,6.6,1023.1,13.1,2.66
2019,12,15,18,40,338,4.8,6.6,1025.2,13.2,2.62
2019,12,15,21,40,315,8.7,11.2,1024.3,13.1,2.99
2019,12,16,00,40,325,7.8,9.6,1024.5,13.1,2.67
2019,12,16,03,40,330,7.5,9.5,1025.5,13.0,2.79
2019,12,16,06,40,335,5.8,7.4,1026.1,12.9,2.65
2019,12,16,09,40,357,4.2,5.5,1026.1,12.8,2.52
2019,12,16,12,40,89,3.1,5.0,1026.6,12.8,2.57
2019,12,16,15,40,86,4.5,6.5,1027.6,12.8,2.42
2019,12,16,18,40,97,3.8,5.3,1028.9,12.8,2.05
2019,12,16,21,40,88,4.6,6.3,1026.2,12.9,2.02
2019,12,17,00,40,53,3.3,4.7,1026.0,12.8,1.71
2019,12,17,03,40,67,4.6,6.4,1026.1,12.7,1.77
2019,12,17,06,40,70,10.3,12.6,1025.0,12.7,1.88
2019,12,17,09,40,84,9.8,12.2,1023.5,12.6,1.75
2019,12,17,12,40,87,8.8,10.8,1022.9,12.5,1.62
2019,12,17,16,40,82,9.2,11.4,1023.3,12.5,1.69
2019,12,17,19,40,88,9.2,11.3,1021.8,12.5,1.84
2019,12,17,22,40,139,7.3,9.1,1019.1,12.5,1.87
2019,12,18,01,40,119,7.2,10.7,1017.7,12.5,2.01
2019,12,18,04,40,133,10.7,14.3,1016.0,12.5,2.63
2019,12,18,07,40,159,12.4,15.9,1015.1,12.5,2.76
2019,12,18,10,40,174,9.9,13.7,1014.1,12.5,3.27
2019,12,18,13,40,184,6.3,8.1,1014.5,12.5,3.13
2019,12,18,16,40,169,8.9,11.2,1015.2,12.5,3.10
2019,12,18,19,40,181,11.0,14.0,1015.7,12.5,3.83
2019,12,18,22,40,260,4.9,8.1,1014.9,12.5,4.34
2019,12,19,01,40,284,5.1,8.2,1016.9,12.5,3.58
2019,12,19,04,40,288,4.8,6.9,1019.0,12.5,3.55
2019,12,19,07,40,265,3.8,6.3,1020.6,12.5,3.57
2019,12,19,10,40,213,1.7,3.6,1020.9,12.5,3.42
2019,12,19,13,40,190,2.3,3.2,1021.6,12.5,2.90
2019,12,19,16,40,185,2.6,3.5,1023.6,12.5,2.64
2019,12,19,19,40,156,4.0,5.4,1023.9,12.5,2.33
2019,12,19,22,40,177,2.9,4.2,1023.5,12.6,2.27
2019,12,20,01,40,145,1.5,3.2,1024.2,12.6,2.12
2019,12,20,04,40,152,3.7,5.0,1024.5,12.5,1.83
2019,12,20,07,40,102,2.5,4.5,1024.7,12.5,2.22
2019,12,20,10,40,94,2.5,4.1,1023.9,12.5,1.95
2019,12,20,13,40,92,3.3,5.5,1023.7,12.5,2.68
2019,12,20,16,40,96,4.5,6.8,1024.3,12.5,2.63
2019,12,20,19,40,88,3.4,5.4,1023.7,12.6,2.79
2019,12,20,22,40,96,2.0,3.7,1021.7,12.6,2.73
2019,12,21,01,40,78,1.0,2.9,1021.5,12.7,2.76
2019,12,21,04,40,122,2.6,5.3,1020.7,12.7,3.23
2019,12,21,07,40,115,4.6,7.5,1020.2,12.9,3.20
2019,12,21,10,40,140,6.3,8.7,1018.2,12.9,2.71
2019,12,21,13,40,143,8.4,10.7,1015.8,12.9,2.37
2019,12,21,16,40,154,7.6,10.1,1016.1,13.0,2.82
2019,12,21,19,40,155,8.0,9.9,1015.8,13.0,2.97
2019,12,21,22,40,145,9.4,12.0,1012.8,13.0,3.15
2019,12,22,01,40,142,10.8,13.4,1011.3,13.1,3.18
2019,12,22,04,40,143,10.0,12.5,1010.1,13.1,3.31
2019,12,22,07,40,140,11.6,15.5,1007.7,13.0,3.26
2019,12,22,10,40,144,12.4,17.8,1004.9,13.0,3.28
2019,12,22,13,40,185,9.6,12.0,1003.6,13.1,3.23
2019,12,22,16,40,223,7.8,10.5,1006.1,13.0,3.41
2019,12,22,19,40,292,6.7,9.0,1009.0,13.1,3.05
2019,12,22,22,40,309,7.6,10.5,1009.6,13.1,3.06
2019,12,23,01,40,315,5.8,7.7,1011.4,13.1,2.53
2019,12,23,04,40,324,5.6,7.4,1012.8,13.1,2.18
2019,12,23,07,40,339,4.8,6.1,1013.6,13.1,2.15
2019,12,23,10,40,333,5.6,6.9,1013.2,13.2,2.28
2019,12,23,13,40,349,7.2,8.6,1013.0,13.0,2.26
2019,12,23,16,40,14,3.2,5.0,1014.4,13.0,2.01
2019,12,23,19,40,337,3.2,4.5,1013.5,13.1,1.97
2019,12,23,22,40,317,6.9,8.9,1011.6,13.2,1.89
2019,12,24,01,40,321,8.3,10.2,1011.7,13.2,2.13
2019,12,24,04,40,317,9.9,12.3,1012.2,13.1,2.43
2019,12,24,07,40,321,7.3,9.0,1012.5,13.1,2.46
2019,12,24,10,40,326,6.5,8.4,1012.9,13.2,2.84
2019,12,24,13,40,327,7.5,9.8,1013.3,13.1,2.26
2019,12,24,16,40,323,5.3,7.4,1014.2,13.0,1.99
2019,12,24,19,40,314,4.9,7.2,1014.4,12.9,2.00
2019,12,24,22,40,311,4.1,5.6,1013.3,12.8,1.92
2019,12,25,01,40,286,2.7,4.2,1013.2,12.8,1.98
2019,12,25,04,40,146,1.7,2.6,1012.8,12.7,1.56
2019,12,25,07,40,166,4.2,5.8,1012.1,12.9,1.68
2019,12,25,10,40,202,6.1,8.3,1010.8,13.1,1.47
2019,12,25,13,40,80,7.2,9.5,1010.6,13.2,1.48
2019,12,25,16,40,146,4.9,6.3,1010.5,13.2,1.30
2019,12,25,19,40,139,8.9,11.3,1009.6,13.2,1.93
2019,12,25,22,40,93,8.9,11.4,1007.4,13.1,1.96
2019,12,26,01,40,60,10.1,12.3,1006.5,13.1,2.22
2019,12,26,04,40,49,12.6,15.2,1007.1,13.1,2.43
2019,12,26,07,40,32,7.4,10.3,1008.8,13.0,2.99
2019,12,26,10,40,355,6.0,8.3,1010.8,13.1,2.73
2019,12,26,13,40,355,3.6,5.9,1012.6,13.0,3.17
2019,12,26,16,40,329,3.9,5.4,1014.5,13.0,2.88
2019,12,26,19,40,309,2.6,4.1,1014.6,13.1,3.26
2019,12,26,22,40,316,8.8,11.0,1013.7,13.1,3.48
2019,12,27,01,40,338,8.5,10.6,1015.0,13.0,3.38
2019,12,27,04,40,323,5.9,7.7,1016.1,13.0,3.11
2019,12,27,07,40,324,4.9,6.6,1017.1,13.0,2.83
2019,12,27,10,40,334,4.2,6.4,1017.4,13.0,3.29
2019,12,27,13,40,334,7.8,9.6,1017.9,13.0,3.20
2019,12,27,16,40,333,8.8,11.4,1019.4,13.0,3.40
2019,12,27,19,40,325,8.2,10.0,1019.7,13.1,2.94
2019,12,27,22,40,322,8.3,10.4,1018.5,13.1,2.84
2019,12,28,01,40,321,9.1,12.0,1018.9,13.0,2.51
2019,12,28,04,40,321,9.3,11.4,1019.3,13.0,2.61
2019,12,28,07,40,328,7.9,9.8,1020.2,13.0,2.74
2019,12,28,10,40,353,2.8,3.8,1020.8,13.0,2.92
2019,12,28,13,40,333,3.9,5.6,1021.1,13.0,2.89
2019,12,28,16,40,329,3.1,4.6,1023.0,13.0,2.69
2019,12,28,19,40,354,2.6,3.8,1021.9,13.2,2.68
2019,12,28,22,40,311,6.2,7.9,1020.7,13.2,2.29
2019,12,29,01,40,322,7.5,9.4,1021.1,13.2,2.19
2019,12,29,04,40,320,9.1,11.0,1021.2,13.1,2.27
2019,12,29,07,40,317,8.4,10.2,1021.7,13.0,2.24
2019,12,29,10,40,312,4.6,6.4,1020.9,13.0,1.98
2019,12,29,13,40,274,4.1,5.3,1020.6,12.8,1.73
2019,12,29,16,40,266,1.8,2.7,1021.4,12.7,1.54
2019,12,29,19,40,183,5.4,6.6,1020.0,13.1,1.56
2019,12,29,22,40,162,7.8,10.1,1016.7,13.1,1.55
2019,12,30,01,40,249,2.8,5.2,1015.7,13.1,1.56
2019,12,30,04,40,52,7.6,10.4,1015.8,13.1,1.47
2019,12,30,07,40,75,9.2,11.2,1017.1,13.0,1.48
2019,12,30,10,40,62,8.9,11.3,1019.5,13.0,1.44
2019,12,30,13,40,42,4.0,5.6,1020.1,12.9,1.45
2019,12,30,16,40,332,2.6,4.0,1021.6,12.9,1.97
2019,12,30,19,40,338,2.1,3.2,1021.5,13.0,1.90
2019,12,30,22,40,312,6.7,8.7,1020.3,13.1,2.29
2019,12,31,01,40,314,5.6,7.5,1020.1,12.9,2.84
2019,12,31,04,40,308,4.5,6.1,1020.9,12.9,3.05
2019,12,31,07,40,317,5.3,7.6,1020.6,12.9,3.35
2019,12,31,10,40,314,3.8,5.5,1020.7,12.8,3.14
2019,12,31,13,40,305,4.8,6.6,1020.6,12.8,2.89
2019,12,31,17,40,225,0.3,1.3,1022.3,12.8,2.80
2019,12,31,20,40,295,2.9,4.4,1021.9,13.0,3.00
2019,12,31,23,40,305,4.2,5.5,1020.6,13.0,2.09
2020,01,01,02,40,309,6.2,8.0,1021.0,12.9,2.32
2020,01,01,05,40,329,7.7,9.4,1021.4,12.8,2.72
2020,01,01,08,40,325,9.4,12.3,1022.1,12.8,2.87
2020,01,01,11,40,333,5.8,7.6,1021.1,12.8,2.93
2020,01,01,14,40,319,9.1,12.0,1021.8,12.8,3.04
2020,01,01,17,40,318,8.4,11.2,1023.1,13.0,2.91
2020,01,01,20,40,314,8.2,10.2,1021.8,13.2,2.84
2020,01,01,23,40,315,9.0,11.2,1020.9,13.3,2.67
2020,01,02,02,40,315,10.3,13.7,1020.1,13.2,3.33
2020,01,02,05,40,307,12.1,15.1,1020.4,13.2,3.42
2020,01,02,08,40,311,10.2,13.0,1020.5,13.2,3.32
2020,01,02,11,40,324,9.5,12.0,1020.3,13.2,3.63
2020,01,02,14,40,322,11.8,14.9,1020.4,13.1,3.60
2020,01,02,17,40,335,9.0,11.6,1022.8,12.9,3.45
2020,01,02,20,40,328,10.4,12.9,1021.0,12.8,3.51
2020,01,02,23,40,330,8.2,10.3,1020.3,12.8,3.30
2020,01,03,02,40,335,7.7,10.5,1021.2,12.8,3.17
2020,01,03,05,40,342,5.1,7.1,1022.2,12.8,3.09
2020,01,03,08,40,1,1.6,2.7,1021.9,12.8,2.86
2020,01,03,11,40,79,2.6,4.6,1021.8,12.7,2.76
2020,01,03,15,40,102,3.5,5.8,1022.5,12.7,2.41
2020,01,03,18,40,96,7.2,10.0,1024.3,12.7,2.43
2020,01,03,21,40,88,3.5,5.3,1023.1,12.8,2.09
2020,01,04,00,40,117,3.8,5.5,1022.8,12.8,2.01
2020,01,04,03,40,181,6.5,8.6,1023.9,12.8,1.99
2020,01,04,06,40,175,4.8,6.5,1025.8,12.8,1.93
2020,01,04,09,40,181,4.5,6.3,1026.3,12.8,1.84
2020,01,04,13,40,300,6.8,9.5,1026.9,12.8,2.25
2020,01,04,16,40,331,6.0,7.7,1030.2,12.8,2.50
2020,01,04,20,40,316,7.4,9.2,1030.8,12.8,2.43
2020,01,04,23,40,319,8.7,11.1,1030.2,12.8,2.50
2020,01,05,02,40,322,8.1,10.3,1030.5,12.9,2.42
2020,01,05,05,40,326,10.1,12.3,1031.7,12.9,2.89
2020,01,05,08,40,320,12.5,15.8,1032.4,12.9,3.31
2020,01,05,11,40,325,9.5,12.3,1033.1,12.8,3.62
2020,01,05,14,40,323,7.4,9.2,1034.3,12.8,3.16
2020,01,05,17,40,332,8.3,10.4,1036.5,12.6,2.65
2020,01,05,20,40,323,6.2,7.7,1035.9,12.6,2.35
2020,01,05,23,40,310,6.7,8.3,1034.8,12.7,2.43
2020,01,06,02,40,324,8.5,10.8,1035.0,12.6,2.17
2020,01,06,05,40,331,8.7,10.7,1035.1,12.6,2.15
2020,01,06,08,40,332,7.8,9.8,1034.4,12.5,2.37
2020,01,06,11,40,339,8.4,10.9,1033.7,12.5,2.12
2020,01,06,14,40,343,5.9,7.5,1033.4,12.5,2.62
2020,01,06,17,40,53,1.8,3.2,1033.7,12.5,2.56
2020,01,06,20,40,352,1.2,2.5,1031.5,12.7,2.62
2020,01,06,23,40,306,4.4,5.9,1030.8,12.8,2.44
2020,01,07,02,40,330,3.2,4.4,1029.4,12.7,2.51
2020,01,07,05,40,355,1.9,2.9,1028.5,12.6,2.37
2020,01,07,08,40,329,2.3,3.4,1027.0,12.4,2.37
2020,01,07,11,40,341,2.3,3.5,1025.9,12.4,2.38
2020,01,07,14,40,289,1.3,2.5,1024.5,12.3,2.34
2020,01,07,17,40,302,4.8,6.3,1024.8,12.3,1.80
2020,01,07,20,40,322,7.9,9.5,1022.6,12.4,2.03
2020,01,07,23,40,303,5.6,7.2,1021.3,12.4,2.07
2020,01,08,02,40,286,6.7,8.5,1021.0,12.5,1.92
2020,01,08,05,40,254,4.6,6.0,1021.3,12.4,1.66
2020,01,08,08,40,301,6.4,8.4,1020.8,12.3,1.97
2020,01,08,11,40,315,5.9,8.1,1020.6,12.4,2.05
2020,01,08,14,40,311,6.1,7.6,1021.7,12.4,2.29
2020,01,08,17,40,352,2.9,4.1,1022.2,12.4,2.49
2020,01,08,20,40,311,6.5,10.4,1020.8,12.4,2.17
2020,01,08,23,40,302,6.5,8.2,1020.6,12.4,2.11
2020,01,09,02,40,302,5.5,7.0,1019.8,12.4,1.89
2020,01,09,05,40,294,5.5,7.4,1019.9,12.4,2.16
2020,01,09,08,40,267,3.6,5.5,1018.4,12.4,2.12
2020,01,09,11,40,213,6.1,7.1,1016.6,12.4,2.14
2020,01,09,14,40,304,11.3,14.1,1015.4,12.4,2.16
2020,01,09,17,40,316,11.7,14.7,1017.2,12.4,3.24
2020,01,09,20,40,355,7.6,9.4,1019.0,12.3,3.39
2020,01,09,23,40,61,1.9,4.0,1020.7,12.4,3.06
2020,01,10,02,40,332,7.8,9.7,1022.1,12.5,2.88
2020,01,10,05,40,316,7.2,8.9,1023.3,12.4,2.81
2020,01,10,08,40,318,6.9,8.6,1023.8,12.4,2.70
2020,01,10,11,40,330,5.4,7.0,1025.3,12.3,2.64
2020,01,10,14,40,326,3.5,5.0,1026.4,12.3,2.20
2020,01,10,17,40,66,2.9,4.2,1027.8,12.3,2.21
2020,01,10,20,40,212,0.4,1.5,1026.8,12.5,2.02
2020,01,10,23,40,306,6.3,7.9,1026.3,12.6,1.79
2020,01,11,02,40,303,5.9,8.1,1026.8,12.3,1.55
2020,01,11,05,40,252,3.1,4.5,1026.7,12.3,1.67
2020,01,11,08,40,240,5.3,6.5,1025.3,12.3,1.36
2020,01,11,11,40,325,8.7,10.4,1025.3,12.3,1.36
2020,01,11,14,40,307,7.2,9.5,1025.6,12.3,1.50
2020,01,11,17,40,318,8.0,10.1,1027.5,12.3,1.65
2020,01,11,20,40,319,7.9,10.0,1026.1,12.3,1.65
2020,01,11,23,40,320,9.9,12.6,1025.0,12.3,2.96
2020,01,12,02,40,323,9.7,13.0,1024.4,12.3,4.94
2020,01,12,05,40,321,9.6,12.1,1024.2,12.2,4.33
2020,01,12,08,40,321,12.0,15.5,1024.0,12.2,3.81
2020,01,12,11,40,326,11.4,14.1,1023.7,12.2,3.95
2020,01,12,14,40,317,10.4,12.9,1024.0,12.2,3.80
2020,01,12,17,40,326,6.6,8.2,1024.7,12.1,3.38
2020,01,12,20,40,305,6.7,9.5,1023.6,12.2,3.24
2020,01,12,23,40,319,5.8,8.4,1022.2,12.2,3.01
2020,01,13,02,40,238,3.0,4.4,1022.2,12.1,2.68
2020,01,13,05,40,244,5.0,6.9,1022.0,12.1,2.24
2020,01,13,08,40,299,5.8,8.0,1022.0,12.1,2.24
2020,01,13,11,40,304,6.1,8.0,1022.8,12.1,2.17
2020,01,13,14,40,330,4.8,6.4,1023.1,12.1,2.36
2020,01,13,17,40,300,4.3,6.5,1024.6,12.0,2.83
2020,01,13,20,40,264,3.8,5.6,1023.6,12.1,2.86
2020,01,13,23,40,249,4.4,5.7,1022.9,12.2,2.52
2020,01,14,02,40,217,5.9,7.7,1022.3,12.1,2.32
2020,01,14,05,40,229,6.7,8.4,1021.1,12.1,2.41
2020,01,14,08,40,290,8.0,10.8,1021.1,12.0,2.60
2020,01,14,12,40,307,9.4,12.4,1022.5,12.0,2.65
2020,01,14,15,40,306,7.9,9.8,1024.0,11.9,2.51
2020,01,14,18,40,304,4.9,6.4,1026.1,11.9,2.68
2020,01,14,21,40,295,4.5,5.9,1024.0,12.0,2.54
2020,01,15,00,40,314,4.5,6.3,1023.7,12.0,2.95
2020,01,15,03,40,306,3.6,6.3,1023.3,12.0,3.11
2020,01,15,06,40,313,4.7,6.5,1023.3,11.9,2.92
2020,01,15,09,40,326,3.5,5.7,1022.1,11.9,2.81
2020,01,15,12,40,71,1.9,4.1,1020.9,11.8,2.89
2020,01,15,16,40,127,2.3,4.0,1020.2,11.8,2.72
2020,01,15,19,40,103,4.9,7.4,1018.0,11.7,2.71
2020,01,15,22,40,181,2.4,3.9,1015.5,11.8,2.38
2020,01,16,01,40,169,6.2,8.1,1014.7,11.9,2.09
2020,01,16,04,40,160,8.4,10.4,1013.6,11.9,1.72
2020,01,16,07,40,170,10.5,13.7,1012.4,11.9,1.91
2020,01,16,10,40,171,11.9,15.1,1010.1,11.8,2.54
2020,01,16,13,40,166,14.9,19.7,1007.1,11.8,3.23
2020,01,16,16,40,282,6.4,8.9,1008.6,11.8,4.19
2020,01,16,19,40,219,6.3,8.4,1009.1,11.7,3.43
2020,01,16,22,40,273,8.3,10.8,1010.6,11.8,3.35
2020,01,17,01,40,269,7.7,9.8,1013.2,11.8,2.83
2020,01,17,04,40,282,6.1,8.3,1016.8,11.7,2.87
2020,01,17,07,40,291,4.5,6.6,1020.3,11.7,2.81
2020,01,17,10,40,305,2.6,4.0,1022.4,11.9,2.55
2020,01,17,13,40,278,0.3,1.4,1024.3,12.0,2.40
2020,01,17,16,40,87,5.8,7.6,1026.5,12.0,2.15
2020,01,17,19,40,86,3.4,4.9,1027.7,12.1,2.09
2020,01,17,22,40,120,1.4,2.5,1026.3,12.3,1.93
2020,01,18,01,40,269,0.5,1.7,1026.4,12.2,1.87
2020,01,18,04,40,79,3.2,6.1,1026.5,12.1,1.75
2020,01,18,07,40,77,5.1,7.0,1027.2,12.1,1.65
2020,01,18,10,40,80,6.0,7.7,1026.9,12.1,1.46
2020,01,18,13,40,72,7.9,9.7,1026.2,12.0,1.29
2020,01,18,16,40,80,7.3,8.9,1027.9,12.0,1.18
2020,01,18,19,40,78,8.0,9.8,1028.0,12.0,1.04
2020,01,18,22,40,68,7.4,8.8,1026.3,12.1,1.07
2020,01,19,01,40,316,2.0,2.7,1025.8,12.0,0.99
2020,01,19,04,40,72,6.5,8.7,1026.4,12.0,1.17
2020,01,19,07,40,80,5.9,7.6,1025.0,12.0,1.74
2020,01,19,10,40,80,9.6,12.2,1022.7,12.1,2.55
2020,01,19,13,40,69,10.2,13.3,1020.6,12.2,2.44
2020,01,19,16,40,83,10.7,13.9,1020.6,12.1,2.87
2020,01,19,19,40,77,10.1,13.1,1020.2,12.0,2.71
2020,01,19,22,40,74,9.0,12.0,1018.3,12.0,2.98
2020,01,20,02,40,81,8.5,11.3,1017.2,12.0,2.49
2020,01,20,05,40,92,7.9,10.5,1017.7,12.1,2.38
2020,01,20,08,40,79,6.4,9.0,1017.4,12.1,2.28
2020,01,20,11,40,93,5.9,8.7,1016.7,12.1,1.91
2020,01,20,14,40,92,5.8,7.7,1016.8,12.1,2.10
2020,01,20,17,40,94,7.1,9.1,1017.7,12.1,2.17
2020,01,20,20,40,155,3.4,4.8,1017.3,12.1,1.90
2020,01,20,23,40,178,4.8,6.1,1016.8,12.0,2.18
2020,01,21,02,40,159,5.6,7.1,1017.2,12.0,2.18
2020,01,21,05,40,163,5.4,6.9,1018.0,12.2,2.98
2020,01,21,08,40,180,5.3,6.5,1018.9,12.2,2.72
2020,01,21,11,40,164,8.2,10.0,1018.5,12.3,2.56
2020,01,21,14,40,167,9.2,10.9,1019.0,12.4,2.44
2020,01,21,17,40,158,10.0,12.8,1020.0,12.4,2.58
2020,01,21,20,40,159,10.5,13.5,1019.5,12.4,3.02
2020,01,21,23,40,168,9.2,12.0,1019.4,12.4,3.83
2020,01,22,02,40,156,0.8,3.2,1020.7,12.4,3.86
2020,01,22,05,40,218,0.5,2.1,1022.4,12.4,3.30
2020,01,22,08,40,3,2.6,3.7,1022.7,12.3,3.33
2020,01,22,11,40,341,2.1,3.6,1023.3,12.3,3.43
2020,01,22,14,40,15,2.6,3.9,1024.1,12.3,3.67
2020,01,22,17,40,74,3.0,6.0,1025.7,12.4,3.33
2020,01,22,20,40,266,0.8,2.3,1025.2,12.5,3.10
2020,01,22,23,40,323,3.1,4.3,1024.5,12.6,2.78
2020,01,23,02,40,338,4.3,5.6,1024.6,12.4,2.66
2020,01,23,05,40,342,3.7,5.0,1025.4,12.4,2.33
2020,01,23,08,40,11,1.8,2.5,1024.8,12.4,2.07
2020,01,23,11,40,71,7.1,9.3,1023.9,12.3,2.25
2020,01,23,14,40,71,8.1,10.6,1023.6,12.2,1.99
2020,01,23,17,40,75,5.3,6.9,1024.3,12.2,1.89
2020,01,23,20,40,76,3.9,5.1,1022.9,12.3,1.43
2020,01,23,23,40,355,2.9,3.8,1021.8,12.4,1.43
2020,01,24,02,40,328,3.0,3.8,1020.7,12.3,1.38
2020,01,24,05,40,319,2.7,3.8,1021.4,12.2,1.57
2020,01,24,08,40,314,4.5,5.8,1021.9,12.2,1.64
2020,01,24,11,40,73,0.1,0.8,1021.6,12.1,1.78
2020,01,24,14,40,311,1.0,2.7,1022.5,12.1,2.22
2020,01,24,17,40,220,1.5,2.7,1022.9,12.2,2.59
2020,01,24,20,40,13,0.2,1.2,1022.4,12.3,2.58
2020,01,25,00,40,281,2.2,3.6,1021.7,12.4,2.65
2020,01,25,03,40,222,1.2,2.4,1021.7,12.5,2.53
2020,01,25,06,40,193,1.9,2.8,1022.1,12.3,2.56
2020,01,25,09,40,124,2.5,4.4,1021.8,12.2,3.04
2020,01,25,12,40,124,3.5,5.5,1020.7,12.3,3.21
2020,01,25,15,40,97,2.1,3.9,1021.4,12.2,2.49
2020,01,25,18,40,116,1.8,3.2,1022.5,12.2,2.57
2020,01,25,21,40,200,1.2,2.0,1020.4,12.3,2.78
2020,01,26,00,40,221,3.6,5.4,1019.6,12.3,2.82
2020,01,26,03,40,185,3.6,4.4,1020.3,12.4,2.41
2020,01,26,06,40,194,3.0,4.0,1020.9,12.3,2.41
2020,01,26,09,40,229,4.9,6.2,1020.9,12.4,1.94
2020,01,26,12,40,222,4.3,5.5,1021.1,12.4,2.02
2020,01,26,15,40,277,4.4,6.0,1022.8,12.4,1.96
2020,01,26,18,40,288,4.9,6.3,1025.7,12.4,2.09
2020,01,26,21,40,295,5.0,6.9,1025.4,12.5,2.08
2020,01,27,00,40,296,5.1,6.5,1025.8,12.6,2.40
2020,01,27,03,40,296,6.3,8.0,1026.9,12.4,2.57
2020,01,27,06,40,306,5.3,7.2,1028.4,12.3,2.81
2020,01,27,09,40,294,4.7,6.4,1028.1,12.3,2.65
2020,01,27,12,40,291,2.5,3.9,1028.4,12.4,2.74
2020,01,27,15,40,192,1.5,2.6,1029.4,12.3,2.48
2020,01,27,18,40,271,3.2,5.1,1031.1,12.4,2.86
2020,01,27,21,40,287,3.2,4.8,1029.6,12.4,2.99
2020,01,28,00,40,269,3.2,4.9,1029.3,12.5,2.87
2020,01,28,03,40,250,2.7,4.3,1029.7,12.4,2.56
2020,01,28,06,40,207,3.5,4.4,1029.1,12.4,2.72
2020,01,28,09,40,246,2.1,3.4,1028.9,12.5,2.83
2020,01,28,12,40,237,0.5,1.6,1028.2,12.4,2.78
2020,01,28,15,40,164,5.3,7.0,1028.1,12.2,2.57
2020,01,28,18,40,192,6.4,8.0,1028.6,12.3,2.51
2020,01,28,21,40,246,2.7,4.1,1026.7,12.5,2.31
2020,01,29,00,40,299,5.2,7.1,1026.5,12.5,2.51
2020,01,29,03,40,325,5.5,7.3,1027.0,12.4,2.69
2020,01,29,06,40,316,7.6,9.5,1026.8,12.5,2.97
2020,01,29,09,40,321,9.2,12.3,1027.2,12.5,3.20
2020,01,29,12,40,331,5.4,7.1,1026.0,12.4,3.15
2020,01,29,15,40,336,5.2,7.0,1026.3,12.2,3.20
2020,01,29,18,40,312,8.4,10.9,1026.4,12.2,3.28
2020,01,29,21,40,321,9.4,11.4,1023.9,12.3,3.09
2020,01,30,00,40,321,8.4,11.0,1023.6,12.3,2.77
2020,01,30,03,40,314,9.0,11.2,1023.9,12.2,2.77
2020,01,30,06,40,310,9.8,12.3,1024.6,12.2,2.61
2020,01,30,09,40,311,9.4,12.0,1024.6,12.2,2.42
2020,01,30,12,40,312,5.4,6.8,1024.0,12.2,2.06
2020,01,30,15,40,305,7.3,8.7,1025.3,12.2,2.11
2020,01,30,18,40,317,6.6,8.2,1025.9,12.2,2.31
2020,01,30,21,40,327,5.8,7.2,1024.9,12.3,2.32
2020,01,31,00,40,311,6.5,8.2,1024.6,12.4,2.48
2020,01,31,03,40,322,6.0,8.0,1025.0,12.4,3.18
2020,01,31,06,40,325,5.2,6.8,1025.6,12.4,3.21
2020,01,31,09,40,341,2.9,4.5,1025.4,12.4,3.09
2020,01,31,12,40,344,1.0,2.4,1025.6,12.3,2.66
2020,01,31,16,40,299,0.9,1.8,1027.2,12.2,2.15
2020,01,31,19,40,308,1.6,2.9,1027.8,12.3,2.30
2020,01,31,22,40,320,4.6,6.2,1026.4,12.6,2.31
2020,02,01,01,40,318,4.3,5.5,1026.6,12.5,2.27
2020,02,01,04,40,331,2.5,4.0,1027.2,12.5,2.61
2020,02,01,07,40,308,4.9,6.8,1027.7,12.4,2.49
2020,02,01,10,40,309,3.7,5.2,1027.0,12.3,2.36
2020,02,01,13,40,319,3.5,4.8,1026.7,12.4,2.07
2020,02,01,16,40,318,4.9,6.8,1027.9,12.2,2.16
2020,02,01,19,40,324,4.9,6.3,1027.8,12.4,1.98
2020,02,01,22,40,325,6.1,7.7,1024.3,12.5,1.96
2020,02,02,02,40,321,9.2,12.1,1023.1,12.5,2.29
2020,02,02,05,40,323,10.2,12.7,1022.9,12.4,2.59
2020,02,02,08,40,323,8.9,10.7,1021.9,12.3,2.67
2020,02,02,11,40,317,11.8,15.0,1020.7,12.3,2.95
2020,02,02,14,40,317,13.6,17.3,1020.5,12.3,3.30
2020,02,02,18,40,318,15.0,19.9,1023.2,12.1,3.81
2020,02,02,21,40,316,15.0,20.1,1021.5,12.1,3.69
2020,02,03,00,40,305,14.5,18.4,1021.2,12.0,3.18
2020,02,03,03,40,309,13.0,17.4,1021.1,11.9,3.26
2020,02,03,06,40,317,13.6,17.0,1021.4,11.9,2.94
2020,02,03,09,40,326,11.5,14.5,1021.0,11.7,3.37
2020,02,03,12,40,328,11.9,15.1,1020.9,11.4,3.19
2020,02,03,15,40,343,9.0,11.5,1022.2,11.5,2.90
2020,02,03,18,40,349,6.5,9.0,1023.9,11.5,2.60
2020,02,03,21,40,314,8.3,10.1,1021.8,11.7,2.74
2020,02,04,00,40,324,10.2,12.6,1021.7,11.6,2.84
2020,02,04,03,40,328,10.1,12.8,1022.1,11.6,3.19
2020,02,04,06,40,338,7.4,9.5,1023.2,11.6,2.94
2020,02,04,09,40,341,6.6,8.9,1024.0,11.5,2.71
2020,02,04,12,40,344,9.3,11.4,1024.2,11.5,2.49
2020,02,04,15,40,353,5.7,7.9,1025.9,11.4,2.45
2020,02,04,18,40,346,3.8,5.1,1027.3,11.3,2.34
2020,02,04,21,40,297,3.8,5.3,1025.3,11.5,2.08
2020,02,05,00,40,327,6.5,8.0,1024.5,11.4,2.05
2020,02,05,03,40,328,5.3,6.9,1024.9,11.2,2.00
2020,02,05,06,40,331,2.4,3.8,1025.6,11.3,1.99
2020,02,05,09,40,308,3.6,5.2,1025.5,11.2,1.97
2020,02,05,12,40,76,2.6,4.0,1024.9,11.1,2.02
2020,02,05,15,40,108,2.2,4.0,1025.6,11.2,2.10
2020,02,05,18,40,85,2.7,4.0,1026.4,11.3,1.80
2020,02,05,21,40,313,5.1,6.8,1024.3,11.7,1.70
2020,02,06,00,40,309,9.3,11.3,1022.9,11.4,1.74
2020,02,06,03,40,321,8.3,10.1,1022.9,11.5,2.12
2020,02,06,07,40,320,7.1,8.7,1023.1,11.4,2.20
2020,02,06,10,40,349,4.7,5.9,1022.9,11.4,2.10
2020,02,06,13,40,327,2.7,4.4,1022.6,11.4,2.06
2020,02,06,16,40,146,0.6,1.9,1023.3,11.5,1.94
2020,02,06,19,40,301,1.3,2.2,1023.1,11.7,1.75
2020,02,06,22,40,302,3.1,4.2,1020.9,11.7,1.71
2020,02,07,01,40,311,5.5,6.9,1020.0,11.7,1.64
2020,02,07,04,40,310,5.6,6.9,1020.2,11.7,1.69
2020,02,07,07,40,323,6.1,7.6,1020.7,11.6,1.97
2020,02,07,10,40,1,2.6,3.9,1020.9,11.6,1.92
2020,02,07,13,40,37,0.2,1.5,1021.0,11.5,2.08
2020,02,07,16,40,314,1.4,2.7,1021.9,11.5,1.76
2020,02,07,19,40,309,3.5,5.1,1022.6,11.7,1.87
2020,02,07,22,40,309,7.4,9.0,1020.6,11.8,1.60
2020,02,08,01,40,319,9.6,12.1,1020.5,11.8,1.92
2020,02,08,04,40,318,9.8,12.4,1020.3,11.7,2.34
2020,02,08,07,40,316,9.9,12.0,1020.2,11.6,2.27
2020,02,08,10,40,316,8.9,11.0,1019.8,11.6,2.51
2020,02,08,13,40,317,12.1,14.5,1019.2,11.5,2.59
2020,02,08,16,40,322,11.6,14.2,1020.1,11.5,2.61
2020,02,08,19,40,318,11.9,16.0,1019.7,11.5,2.83
2020,02,08,22,40,322,11.9,15.7,1017.3,11.5,3.14
2020,02,09,01,40,327,10.2,13.8,1017.4,11.4,3.67
2020,02,09,04,40,317,10.6,13.5,1017.1,11.3,3.28
2020,02,09,07,40,327,10.5,13.1,1016.9,11.3,3.04
2020,02,09,10,40,325,10.4,13.4,1016.1,11.3,3.04
2020,02,09,13,40,330,10.0,13.1,1016.5,11.2,3.31
2020,02,09,16,40,345,10.6,13.2,1018.7,11.1,3.12
2020,02,09,19,40,359,8.1,11.0,1019.0,11.2,2.80
2020,02,09,22,40,4,9.8,12.2,1017.4,11.2,2.56
2020,02,10,01,40,355,8.4,10.0,1017.7,11.3,2.58
2020,02,10,04,40,327,7.6,9.2,1018.4,11.3,2.17
2020,02,10,07,40,335,5.0,6.6,1018.7,11.2,2.30
2020,02,10,10,40,355,7.3,9.4,1017.3,11.2,2.12
2020,02,10,13,40,306,2.7,4.0,1017.1,11.2,2.12
2020,02,10,16,40,43,1.1,2.4,1017.6,11.2,2.18
2020,02,10,19,40,213,2.5,3.9,1018.2,11.3,2.10
2020,02,10,22,40,269,2.6,4.1,1016.6,11.5,1.83
2020,02,11,01,40,313,5.1,6.7,1016.5,11.6,2.18
2020,02,11,04,40,317,2.5,4.4,1017.7,11.3,2.01
2020,02,11,07,40,9,1.8,3.7,1018.3,11.3,2.04
2020,02,11,10,40,337,1.6,2.9,1018.4,11.2,1.86
2020,02,11,13,40,268,0.8,1.7,1018.2,11.1,1.80
2020,02,11,16,40,298,1.0,2.0,1019.5,11.2,1.80
2020,02,11,19,40,254,1.0,1.9,1019.7,11.4,1.92
2020,02,11,22,40,297,2.6,3.6,1017.9,11.7,1.76
2020,02,12,01,40,305,3.3,4.4,1017.4,11.5,1.42
2020,02,12,04,40,330,1.9,3.0,1018.0,11.5,1.73
2020,02,12,07,40,281,1.2,2.7,1018.0,11.4,2.23
2020,02,12,10,40,341,0.4,1.7,1017.6,11.5,2.05
2020,02,12,13,40,343,1.5,2.8,1017.7,11.3,2.09
2020,02,12,17,40,38,1.0,2.3,1019.4,11.4,2.44
2020,02,12,20,40,321,5.5,7.4,1018.4,11.5,2.43
2020,02,12,23,40,316,8.3,10.6,1017.4,11.3,2.32
2020,02,13,02,40,316,7.4,9.6,1017.1,11.3,2.29
2020,02,13,05,40,309,4.5,6.0,1018.1,11.2,2.30
2020,02,13,08,40,303,4.6,6.1,1018.4,11.3,2.22
2020,02,13,11,40,278,1.8,4.1,1018.4,11.4,2.07
2020,02,13,14,40,267,1.9,3.3,1019.3,11.4,1.87
2020,02,13,17,40,222,2.3,3.6,1020.9,11.5,1.79
2020,02,13,20,40,223,2.4,3.7,1020.5,11.5,1.50
2020,02,13,23,40,224,2.5,3.4,1018.8,11.5,1.39
2020,02,14,02,40,293,5.3,7.6,1019.0,11.5,1.20
2020,02,14,05,40,305,4.8,7.5,1019.5,11.5,1.34
2020,02,14,08,40,297,4.5,5.8,1019.3,11.5,1.31
2020,02,14,11,40,323,2.3,3.5,1018.8,11.4,1.19
2020,02,14,14,40,285,3.2,4.5,1019.3,11.4,1.22
2020,02,14,19,40,83,1.4,2.5,1021.3,11.5,1.29
2020,02,14,22,40,297,3.8,5.1,1019.7,11.7,1.52
2020,02,15,01,40,319,6.0,7.2,1019.9,11.5,1.64
2020,02,15,04,40,322,5.6,7.9,1021.7,11.5,1.77
2020,02,15,07,40,326,2.9,4.4,1022.0,11.4,2.20
2020,02,15,10,40,309,4.8,6.5,1022.3,11.3,1.88
2020,02,15,13,40,297,4.4,6.4,1022.9,11.3,2.37
2020,02,15,16,40,328,3.8,5.9,1023.7,11.3,2.63
2020,02,15,19,40,335,2.2,3.5,1024.6,11.6,2.50
2020,02,15,22,40,319,6.7,8.1,1023.3,11.6,2.33
2020,02,16,01,40,334,6.8,8.9,1023.2,11.6,2.56
2020,02,16,04,40,329,8.5,11.0,1024.4,11.4,2.78
2020,02,16,07,40,316,9.6,12.4,1024.8,11.4,2.48
2020,02,16,10,40,316,8.7,11.6,1025.0,11.3,2.01
2020,02,16,13,40,318,8.0,10.1,1024.7,11.4,1.81
2020,02,16,16,40,318,7.2,9.0,1025.6,11.4,1.69
2020,02,16,19,40,307,8.4,10.3,1025.3,11.4,1.70
2020,02,16,22,40,321,10.0,13.3,1023.4,11.4,1.77
2020,02,17,01,40,316,10.0,12.5,1022.3,11.4,1.85
2020,02,17,04,40,315,9.4,12.0,1022.2,11.4,1.97
2020,02,17,07,40,327,6.8,8.4,1021.5,11.4,1.84
2020,02,17,10,40,330,6.7,8.2,1020.7,11.4,1.79
2020,02,17,13,40,324,3.3,4.5,1020.2,11.4,1.75
2020,02,17,16,40,315,5.1,6.6,1020.9,11.4,1.65
2020,02,17,19,40,309,6.1,7.6,1020.5,11.6,2.07
2020,02,17,22,40,313,7.7,9.5,1018.5,11.7,2.01
2020,02,18,01,40,315,7.8,9.7,1017.7,11.6,1.98
2020,02,18,04,40,316,7.7,9.2,1017.6,11.5,1.91
2020,02,18,07,40,310,5.3,6.6,1017.7,11.4,1.81
2020,02,18,10,40,155,2.3,3.4,1017.2,11.4,1.69
2020,02,18,13,40,20,2.3,3.2,1017.5,11.4,1.89
2020,02,18,16,40,338,2.2,3.3,1018.5,11.4,1.57
2020,02,18,19,40,331,2.8,3.7,1018.8,11.7,1.52
2020,02,18,22,40,301,6.6,8.0,1017.4,11.7,1.48
2020,02,19,01,40,319,6.3,7.7,1016.8,11.5,1.46
2020,02,19,04,40,301,6.4,8.1,1017.7,11.3,1.47
2020,02,19,07,40,325,6.7,8.5,1018.7,11.3,1.36
2020,02,19,10,40,314,5.5,7.3,1019.3,11.3,1.57
2020,02,19,13,40,338,3.5,5.3,1019.2,11.4,1.37
2020,02,19,16,40,331,2.2,3.9,1021.2,11.4,1.29
2020,02,19,19,40,179,0.3,0.9,1021.4,11.6,1.20
2020,02,19,23,40,320,4.4,5.4,1019.6,11.6,1.09
2020,02,20,02,40,319,5.4,6.5,1019.3,11.6,1.11
2020,02,20,05,40,322,3.9,4.6,1019.9,11.6,1.05
2020,02,20,08,40,344,2.5,3.2,1020.1,11.4,0.93
2020,02,20,11,40,145,2.3,2.9,1019.0,11.4,0.93
2020,02,20,14,40,335,2.1,2.7,1020.6,11.4,0.85
2020,02,20,17,40,125,2.9,3.8,1021.8,11.5,0.85
2020,02,20,20,40,294,1.9,2.7,1021.1,11.7,0.85
2020,02,20,23,40,328,3.4,4.3,1019.5,12.2,0.98
2020,02,21,02,40,320,6.0,7.0,1019.6,11.7,0.96
2020,02,21,05,40,337,5.1,6.5,1020.6,11.6,0.87
2020,02,21,08,40,328,5.5,6.6,1019.8,11.3,0.94
2020,02,21,11,40,323,4.2,5.0,1019.0,11.4,0.99
2020,02,21,14,40,356,1.3,2.0,1019.4,11.4,1.45
2020,02,21,17,40,325,3.4,4.8,1019.8,11.6,1.53
2020,02,21,20,40,343,2.2,3.8,1018.4,11.9,1.51
2020,02,21,23,40,319,8.2,9.9,1016.2,11.7,1.74
2020,02,22,02,40,324,5.5,7.7,1016.1,11.6,1.79
2020,02,22,05,40,316,7.7,10.0,1015.7,11.5,1.89
2020,02,22,08,40,318,5.0,6.9,1015.3,11.5,2.29
2020,02,22,11,40,332,5.2,7.0,1015.2,11.7,2.15
2020,02,22,14,40,313,8.3,10.7,1015.7,11.7,2.38
2020,02,22,17,40,309,6.4,8.1,1018.2,11.7,2.54
2020,02,22,20,40,305,8.1,9.8,1018.5,11.6,2.47
2020,02,22,23,40,300,8.2,10.2,1018.2,11.6,2.61
2020,02,23,02,40,304,7.8,9.8,1019.0,11.6,2.71
2020,02,23,05,40,308,10.8,13.7,1021.1,11.5,2.97
2020,02,23,08,40,307,10.2,13.6,1022.2,11.5,3.21
2020,02,23,11,40,304,10.4,12.8,1023.1,11.5,2.75
2020,02,23,14,40,305,10.9,13.8,1025.3,11.4,2.74
2020,02,23,17,40,308,9.7,12.5,1028.5,11.4,2.69
2020,02,23,20,40,308,11.2,14.4,1028.8,11.4,2.88
2020,02,23,23,40,329,9.4,12.0,1028.6,11.5,2.72
2020,02,24,02,40,322,11.3,14.7,1028.9,11.5,2.61
2020,02,24,05,40,323,10.3,13.3,1029.7,11.4,2.64
2020,02,24,08,40,324,9.3,12.5,1029.5,11.4,2.50
2020,02,24,11,40,339,6.8,8.2,1028.8,11.3,2.22
2020,02,24,14,40,325,6.7,8.2,1029.4,11.3,2.38
2020,02,24,17,40,334,4.6,6.1,1030.3,11.3,2.41
2020,02,24,20,40,319,5.3,7.1,1028.3,11.6,2.47
2020,02,24,23,40,317,9.5,11.8,1026.7,11.5,2.38
2020,02,25,02,40,315,7.0,9.0,1026.5,11.5,2.90
2020,02,25,05,40,323,7.7,9.8,1026.6,11.4,3.01
2020,02,25,08,40,314,6.7,8.7,1025.9,11.3,2.80
2020,02,25,11,40,313,5.9,7.5,1025.1,11.2,2.48
2020,02,25,14,40,315,6.8,8.5,1025.5,11.2,2.36
2020,02,25,17,40,282,0.5,2.6,1026.4,11.3,2.03
2020,02,25,20,40,306,4.2,5.8,1026.4,11.7,1.73
2020,02,25,23,40,306,4.2,5.3,1024.9,11.8,1.65
2020,02,26,02,40,305,3.0,4.0,1024.9,11.6,1.49
2020,02,26,05,40,307,2.1,3.2,1025.6,11.4,1.56
2020,02,26,08,40,297,1.7,2.9,1025.5,11.4,1.57
2020,02,26,11,40,62,2.0,2.8,1025.2,11.4,1.36
2020,02,26,14,40,109,4.6,6.1,1026.2,11.3,1.29
2020,02,26,17,40,10,1.2,1.9,1028.1,11.5,1.13
2020,02,26,20,40,313,3.4,4.1,1027.5,12.0,1.23
2020,02,26,23,40,311,3.6,5.0,1026.0,12.6,1.30
2020,02,27,02,40,292,3.4,4.1,1025.5,12.2,1.31
2020,02,27,05,40,318,2.5,3.3,1025.6,12.0,1.35
2020,02,27,08,40,317,4.6,5.8,1025.3,11.8,1.45
2020,02,27,11,40,344,4.8,6.3,1024.0,11.7,1.54
2020,02,27,14,40,310,4.2,5.8,1024.6,11.6,1.78
2020,02,27,17,40,322,3.4,4.3,1025.0,11.6,1.68
2020,02,27,20,40,319,5.4,6.4,1023.8,11.8,1.81
2020,02,27,23,40,314,6.6,8.1,1022.4,11.9,1.87
2020,02,28,02,40,312,7.4,8.9,1022.2,11.8,2.01
2020,02,28,05,40,311,6.3,7.8,1021.6,11.7,2.11
2020,02,28,08,40,311,4.5,5.9,1021.1,11.6,2.02
2020,02,28,11,40,318,5.3,6.6,1020.2,11.6,2.19
2020,02,28,14,40,305,3.6,4.9,1020.5,11.5,1.76
2020,02,28,17,40,315,5.1,7.0,1021.9,11.6,1.83
2020,02,28,20,40,322,6.0,7.4,1021.4,11.7,1.53
2020,02,28,23,40,307,7.2,9.0,1020.4,11.7,1.68
2020,02,29,02,40,314,9.8,12.0,1020.2,11.6,1.74
2020,02,29,05,40,317,10.2,12.5,1020.3,11.5,2.20
2020,02,29,08,40,319,9.8,12.7,1019.5,11.5,2.47
2020,02,29,11,40,324,10.1,13.2,1018.6,11.4,2.63
2020,02,29,14,40,309,10.8,14.5,1018.9,11.3,2.95
2020,02,29,17,40,308,11.6,14.3,1020.0,11.4,2.57
2020,02,29,20,40,304,12.7,17.4,1019.4,11.3,2.86
2020,02,29,23,40,302,12.3,16.5,1018.2,11.3,3.23
2020,03,01,02,40,304,12.6,16.1,1017.8,11.2,3.14
2020,03,01,05,40,311,12.0,15.3,1018.3,11.1,3.28
2020,03,01,08,40,302,12.1,15.8,1017.2,11.0,2.96
2020,03,01,11,40,320,11.3,14.3,1016.1,11.0,3.05
2020,03,01,14,40,334,8.2,9.9,1016.1,11.0,2.88
2020,03,01,17,40,346,3.4,4.7,1017.0,11.0,2.61
2020,03,01,20,40,317,6.1,8.0,1016.2,11.1,3.02
2020,03,01,23,40,317,7.9,10.2,1015.2,11.0,3.00
2020,03,02,02,40,319,7.5,9.4,1015.4,11.0,3.44
2020,03,02,05,40,334,7.8,9.7,1017.6,11.0,3.38
2020,03,02,08,40,335,8.8,11.3,1018.4,11.0,3.40
2020,03,02,11,40,308,6.5,9.2,1018.8,10.9,3.52
2020,03,02,14,40,339,7.7,10.5,1019.0,10.9,2.86
2020,03,02,17,40,321,8.0,10.5,1019.9,10.9,2.96
2020,03,02,20,40,322,9.4,12.5,1018.7,11.0,3.19
2020,03,02,23,40,319,10.4,12.8,1016.6,10.9,3.20
2020,03,03,02,40,326,9.5,11.6,1017.0,10.9,3.22
2020,03,03,05,40,326,9.3,11.4,1017.4,11.0,3.30
2020,03,03,08,40,316,7.0,9.0,1017.5,10.9,2.88
2020,03,03,11,40,305,6.3,8.9,1017.0,10.9,2.70
2020,03,03,14,40,317,6.5,8.5,1017.4,10.9,2.30
2020,03,03,17,40,312,3.9,5.4,1018.7,11.0,2.16
2020,03,03,20,40,306,4.4,6.0,1017.8,11.3,2.13
2020,03,03,23,40,310,5.8,7.5,1016.3,11.3,2.04
2020,03,04,02,40,289,5.1,6.5,1016.5,11.3,2.21
2020,03,04,05,40,296,1.5,3.2,1017.4,11.1,2.89
2020,03,04,08,40,318,1.3,2.6,1017.1,11.2,2.54
2020,03,04,11,40,343,2.3,3.7,1017.2,11.2,2.13
2020,03,04,14,40,360,1.2,2.4,1018.2,11.1,2.09
2020,03,04,17,40,312,1.7,3.0,1019.6,11.2,2.10
2020,03,04,20,40,302,3.0,4.3,1019.6,11.4,2.09
2020,03,04,23,40,287,2.1,3.6,1018.9,11.8,2.06
2020,03,05,02,40,188,1.2,2.5,1018.8,11.8,2.04
2020,03,05,05,40,171,6.0,8.3,1020.2,11.8,1.95
2020,03,05,08,40,180,5.5,7.5,1020.9,11.7,1.89
2020,03,05,11,40,169,4.3,6.5,1020.5,11.6,1.83
2020,03,05,14,40,174,5.4,7.8,1021.2,11.3,1.61
2020,03,05,17,40,168,4.5,6.1,1022.8,11.2,1.63
2020,03,05,20,40,143,1.6,2.6,1022.0,11.3,1.74
2020,03,05,23,40,246,1.4,2.0,1020.3,11.7,1.66
2020,03,06,02,40,221,1.7,2.4,1019.5,11.7,1.57
2020,03,06,05,40,207,4.2,5.4,1020.0,11.6,1.75
2020,03,06,08,40,188,2.6,4.5,1019.0,11.5,1.63
2020,03,06,11,40,216,2.5,3.3,1017.5,11.6,1.51
2020,03,06,14,40,261,3.3,5.0,1017.1,11.4,1.40
2020,03,06,17,40,296,1.3,2.0,1018.0,11.4,1.53
2020,03,06,20,40,194,1.9,2.7,1016.9,11.5,1.93
2020,03,06,23,40,201,3.1,4.1,1015.0,11.7,2.17
2020,03,07,02,40,299,5.7,7.0,1014.4,11.6,2.06
2020,03,07,05,40,276,3.2,4.8,1014.6,11.6,2.28
2020,03,07,08,40,257,4.4,5.9,1014.1,11.5,2.10
2020,03,07,11,40,236,2.7,3.9,1013.2,11.4,2.48
2020,03,07,14,40,220,5.6,7.2,1013.5,11.4,2.32
2020,03,07,18,40,329,2.8,4.2,1015.4,11.4,2.30
2020,03,07,21,40,294,2.0,3.2,1014.8,11.7,1.92
2020,03,08,00,40,278,2.5,4.3,1014.9,11.9,2.10
2020,03,08,03,40,273,1.6,3.0,1015.2,11.7,2.18
2020,03,08,06,40,337,0.2,0.8,1016.0,11.7,1.90
2020,03,08,09,40,74,0.8,2.5,1015.6,11.7,2.15
2020,03,08,12,40,100,2.7,4.2,1014.6,11.6,2.05
2020,03,08,15,40,123,3.8,5.7,1015.3,11.5,1.71
2020,03,08,18,40,136,4.3,5.6,1016.9,11.7,1.82
2020,03,08,21,40,170,5.3,6.8,1016.5,11.8,1.65
2020,03,09,00,40,171,5.8,7.1,1016.3,11.8,1.45
2020,03,09,03,40,171,3.7,5.0,1016.5,12.0,1.25
2020,03,09,06,40,141,3.5,4.6,1018.1,11.9,1.18
2020,03,09,09,40,86,3.7,4.5,1018.7,11.9,0.96
2020,03,09,12,40,66,5.6,6.6,1018.5,11.9,0.91
2020,03,09,15,40,86,6.6,8.0,1019.4,11.9,0.97
2020,03,09,18,40,78,5.6,7.1,1020.4,11.9,1.05
2020,03,09,21,40,59,2.7,3.7,1019.4,12.2,1.15
2020,03,10,00,40,326,3.5,5.0,1018.4,12.5,1.28
2020,03,10,03,40,328,4.6,5.8,1018.9,11.8,1.48
2020,03,10,06,40,337,4.1,5.0,1019.3,11.7,1.39
2020,03,10,09,40,11,3.5,4.3,1018.7,11.7,1.40
2020,03,10,12,40,105,1.7,3.2,1017.0,12.1,1.47
2020,03,10,15,40,59,3.8,5.1,1016.8,11.9,1.24
2020,03,10,18,40,181,2.3,3.2,1017.4,12.2,1.33
2020,03,10,21,40,310,4.0,5.6,1015.9,12.5,1.48
2020,03,11,00,40,318,5.9,7.5,1015.3,12.5,1.36
2020,03,11,03,40,310,4.6,5.5,1015.6,12.4,1.42
2020,03,11,06,40,191,4.2,5.1,1017.4,12.4,1.51
2020,03,11,09,40,346,0.2,2.0,1017.6,12.1,1.73
2020,03,11,12,40,342,1.2,2.3,1017.9,12.1,1.90
2020,03,11,15,40,360,0.2,0.9,1018.7,12.1,1.66
2020,03,11,18,40,274,0.6,1.5,1019.5,12.3,1.54
2020,03,11,21,40,260,2.3,3.1,1017.9,12.7,1.65
2020,03,12,01,40,304,5.8,7.5,1016.7,12.6,1.62
2020,03,12,04,40,303,4.1,6.0,1017.1,12.5,1.38
2020,03,12,07,40,305,2.7,4.2,1016.9,12.6,1.38
2020,03,12,10,40,267,1.0,2.7,1015.7,12.6,1.34
2020,03,12,13,40,10,1.5,2.6,1014.8,12.6,1.67
2020,03,12,16,40,287,2.7,3.9,1014.6,12.5,1.63
2020,03,12,19,40,292,3.6,5.0,1012.9,12.5,1.95
2020,03,12,22,40,299,4.4,6.1,1010.4,12.6,1.81
2020,03,13,02,40,256,2.7,4.5,1008.8,12.6,1.93
2020,03,13,05,40,287,4.6,6.0,1008.0,12.5,1.82
2020,03,13,08,40,253,2.6,3.7,1007.2,12.3,1.92
2020,03,13,11,40,175,4.2,6.5,1006.6,12.4,1.95
2020,03,13,14,40,182,5.9,7.5,1007.6,12.3,1.85
2020,03,13,17,40,174,8.5,10.7,1009.1,12.2,1.95
2020,03,13,20,40,192,7.6,9.7,1009.2,12.2,1.91
2020,03,13,23,40,209,7.0,8.5,1009.5,12.3,1.95
2020,03,14,02,40,308,7.5,9.4,1011.1,12.3,2.05
2020,03,14,05,40,298,5.5,7.2,1014.1,12.2,1.92
2020,03,14,08,40,250,4.6,6.0,1014.5,12.2,1.76
2020,03,14,11,40,230,7.9,10.4,1014.0,12.2,1.62
2020,03,14,14,40,240,5.3,6.9,1015.3,12.2,1.43
2020,03,14,17,40,261,5.7,7.2,1016.7,12.2,1.28
2020,03,14,20,40,252,5.1,6.6,1016.6,12.2,1.62
2020,03,14,23,40,229,5.1,6.3,1015.1,12.4,2.02
2020,03,15,02,40,218,5.9,6.9,1014.0,12.3,1.65
2020,03,15,05,40,239,5.8,8.1,1013.7,12.2,1.81
2020,03,15,08,40,219,6.6,8.7,1013.0,12.1,1.69
2020,03,15,11,40,237,9.7,12.3,1012.6,11.9,2.20
2020,03,15,14,40,253,5.9,7.4,1013.5,11.9,2.22
2020,03,15,17,40,230,6.5,8.2,1015.7,11.9,1.84
2020,03,15,20,40,252,4.8,6.4,1016.6,12.1,1.77
2020,03,15,23,40,248,4.1,6.1,1015.8,12.2,1.72
2020,03,16,02,40,243,3.3,4.8,1015.3,12.1,1.66
2020,03,16,05,40,273,1.5,3.2,1015.5,12.1,1.57
2020,03,16,08,40,158,2.9,4.5,1014.6,12.0,1.66
2020,03,16,11,40,57,6.5,8.7,1013.4,11.9,1.40
2020,03,16,14,40,63,8.3,10.5,1013.9,11.8,1.36
2020,03,16,17,40,78,8.2,9.9,1014.3,11.9,1.31
2020,03,16,20,40,83,5.5,7.3,1013.5,12.0,1.09
2020,03,16,23,40,130,3.1,4.1,1012.2,12.2,1.18
2020,03,17,02,40,183,3.3,4.3,1012.5,12.1,1.36
2020,03,17,05,40,197,2.7,3.7,1013.4,12.1,1.19
2020,03,17,09,40,20,4.2,5.3,1014.4,12.1,1.03
2020,03,17,12,40,113,5.7,7.1,1014.4,12.2,0.99
2020,03,17,15,40,120,3.9,5.2,1015.6,12.1,0.99
2020,03,17,18,40,163,0.8,1.5,1016.5,12.2,0.95
2020,03,17,21,40,238,1.9,3.2,1015.4,12.5,0.98
2020,03,18,00,40,283,2.8,3.8,1014.2,12.6,1.05
2020,03,18,03,40,263,1.4,2.3,1014.6,12.6,1.04
2020,03,18,06,40,231,1.4,2.3,1014.9,12.6,0.97
2020,03,18,09,40,191,3.5,4.1,1013.8,12.5,0.94
2020,03,18,12,40,219,4.8,6.9,1012.6,12.5,0.95
2020,03,18,15,40,173,4.8,5.9,1012.6,12.4,1.02
2020,03,18,20,40,343,0.0,0.4,1012.8,12.7,1.16
2020,03,18,23,40,300,4.1,5.4,1011.9,13.1,1.11
2020,03,19,02,40,309,4.4,5.4,1012.0,12.6,1.05
2020,03,19,05,40,325,3.9,5.1,1012.8,12.6,1.08
2020,03,19,08,40,343,2.5,3.5,1013.6,12.5,1.01
2020,03,19,11,40,29,1.1,1.8,1014.2,12.4,1.11
2020,03,19,14,40,355,0.1,0.6,1015.8,12.4,1.05
2020,03,19,17,40,80,2.3,3.2,1017.8,12.5,0.91
2020,03,19,20,40,205,0.9,1.7,1018.7,12.9,1.03
2020,03,19,23,40,255,2.5,3.7,1018.8,13.2,0.92
2020,03,20,02,40,275,0.7,1.3,1019.1,13.3,0.99
2020,03,20,05,40,168,0.8,1.4,1021.0,13.0,1.03
2020,03,20,08,40,126,1.7,2.4,1021.5,13.0,0.96
2020,03,20,11,40,141,3.3,4.3,1021.8,12.9,0.87
2020,03,20,14,40,87,4.9,5.9,1022.4,12.7,0.75
2020,03,20,18,40,97,5.0,6.1,1023.9,12.8,0.77
2020,03,20,21,40,233,1.3,1.9,1022.6,13.1,0.70
2020,03,21,00,40,217,2.1,2.7,1021.6,13.3,0.68
2020,03,21,03,40,325,1.9,2.7,1022.1,13.3,0.68
2020,03,21,06,40,347,5.0,6.0,1022.3,12.9,0.69
2020,03,21,09,40,355,4.4,5.5,1021.5,12.7,0.68
2020,03,21,12,40,87,3.5,4.9,1020.7,12.7,0.70
2020,03,21,15,40,146,3.4,4.2,1022.0,12.7,0.60
2020,03,21,18,40,97,3.3,4.0,1022.0,12.9,0.61
2020,03,21,21,40,275,2.6,3.0,1020.4,13.3,0.60
2020,03,22,00,40,312,3.1,3.7,1019.8,13.7,0.66
2020,03,22,03,40,350,3.7,4.6,1020.7,13.1,0.84
2020,03,22,06,40,60,1.9,2.4,1020.7,12.9,0.75
2020,03,22,09,40,76,2.0,2.6,1020.1,12.9,0.81
2020,03,22,12,40,91,4.1,5.2,1019.2,13.0,1.13
2020,03,22,15,40,87,5.9,7.5,1019.2,12.9,1.20
2020,03,22,18,40,77,5.8,7.4,1019.5,13.0,1.37
2020,03,22,21,40,229,2.5,3.7,1018.5,13.5,1.17
2020,03,23,00,40,242,2.4,3.4,1017.2,13.3,1.49
2020,03,23,03,40,337,6.3,7.6,1016.0,13.0,1.55
2020,03,23,06,40,318,4.9,6.3,1016.5,12.9,1.52
2020,03,23,09,40,313,7.1,8.6,1016.5,13.0,1.44
2020,03,23,12,40,317,9.0,11.6,1017.1,12.8,1.92
2020,03,23,15,40,288,7.4,9.2,1019.8,12.9,1.81
2020,03,23,18,40,290,6.3,8.1,1021.7,12.8,1.80
2020,03,23,21,40,289,4.9,5.9,1022.4,12.9,1.55
2020,03,24,00,40,255,5.5,6.9,1022.0,12.9,1.47
2020,03,24,03,40,263,3.6,5.0,1022.2,12.9,1.40
2020,03,24,06,40,246,4.4,5.6,1022.3,12.8,1.33
2020,03,24,09,40,215,5.5,7.1,1022.1,12.8,1.19
2020,03,24,12,40,218,6.9,8.6,1021.1,12.7,1.20
2020,03,25,13,40,354,5.3,7.0,1019.6,12.8,1.59
2020,03,25,16,40,346,4.4,6.3,1020.6,12.8,1.59
2020,03,25,19,40,308,5.4,7.6,1020.3,12.9,1.59
2020,03,25,22,40,294,6.9,8.8,1018.6,13.1,1.59
2020,03,26,01,40,301,9.3,11.3,1017.8,13.0,1.83
2020,03,26,04,40,310,8.7,10.6,1018.1,13.0,1.91
2020,03,26,07,40,318,8.2,10.1,1017.9,12.9,1.88
2020,03,26,10,40,328,6.0,8.3,1017.9,12.8,1.83
2020,03,26,13,40,327,6.7,8.4,1018.2,12.8,1.66
2020,03,26,16,40,346,3.5,4.6,1019.4,12.8,1.85
2020,03,26,19,40,131,1.2,2.2,1019.9,13.1,1.58
2020,03,26,22,40,296,4.9,6.7,1018.9,13.3,1.80
2020,03,27,01,40,315,9.4,12.0,1018.8,13.0,1.95
2020,03,27,04,40,314,11.8,14.4,1019.3,12.9,2.46
2020,03,27,07,40,316,11.3,13.7,1019.8,12.8,2.38
2020,03,27,10,40,314,10.7,13.0,1019.3,12.7,2.29
2020,03,27,13,40,302,8.8,11.2,1020.2,12.7,2.10
2020,03,27,16,40,301,7.6,9.7,1022.2,12.7,1.76
2020,03,27,19,40,289,6.6,8.1,1023.2,12.7,1.53
2020,03,27,22,40,286,5.6,7.0,1022.7,12.8,1.30
2020,03,28,01,40,263,5.3,6.5,1022.9,12.9,1.13
2020,03,28,04,40,221,2.2,2.9,1023.6,12.8,1.03
2020,03,28,07,40,279,3.0,4.0,1023.7,12.8,0.91
2020,03,28,10,40,314,2.4,3.3,1023.1,12.8,0.93
2020,03,28,13,40,317,1.2,2.3,1022.8,12.8,0.89
2020,03,28,16,40,112,1.3,2.3,1024.2,12.8,0.85
2020,03,28,19,40,159,3.5,4.6,1023.7,12.9,0.88
2020,03,28,22,40,227,3.6,6.2,1022.0,13.0,0.87
2020,03,29,01,40,235,2.7,3.7,1021.4,12.9,0.85
2020,03,29,04,40,178,2.3,3.2,1021.2,12.9,0.79
2020,03,29,07,40,187,3.8,4.6,1020.7,12.8,0.90
2020,03,29,10,40,173,5.0,6.5,1019.6,12.8,0.92
2020,03,29,13,40,144,5.4,6.6,1019.3,12.8,0.91
2020,03,29,16,40,183,3.5,4.8,1020.4,12.8,0.97
2020,03,29,19,40,243,1.1,3.2,1021.4,13.1,0.98
2020,03,29,22,40,269,1.4,2.2,1021.2,13.8,0.99
2020,03,30,01,40,271,3.7,4.8,1020.8,14.2,1.00
2020,03,30,04,40,294,5.6,6.6,1022.3,13.2,0.96
2020,03,30,07,40,305,4.6,5.8,1023.2,13.0,0.97
2020,03,30,10,40,265,3.0,4.1,1024.5,13.0,0.97
2020,03,30,13,40,239,1.9,2.7,1025.6,13.0,1.01
2020,03,30,16,40,135,1.5,2.2,1027.2,12.9,0.86
2020,03,30,19,40,171,4.2,4.9,1027.9,13.4,0.85
2020,03,30,22,40,220,4.0,5.0,1027.0,13.5,0.89
2020,03,31,01,40,264,3.6,4.3,1026.5,13.4,0.85
2020,03,31,04,40,305,3.6,4.7,1026.6,13.2,0.85
2020,03,31,07,40,297,3.9,4.9,1026.5,13.2,1.01
2020,03,31,10,40,326,2.6,3.5,1025.4,13.1,1.26
2020,03,31,13,40,298,2.4,3.9,1024.5,13.1,1.17
2020,03,31,16,40,306,2.8,4.4,1025.1,13.2,1.22
2020,03,31,19,40,316,5.8,7.0,1024.1,13.3,1.34
2020,03,31,22,40,312,6.9,8.4,1021.9,13.4,1.45
2020,04,01,01,40,305,8.0,9.6,1020.2,13.3,1.59
2020,04,01,04,40,307,8.3,10.1,1019.5,13.2,1.86
2020,04,01,07,40,318,10.7,13.6,1018.7,13.1,2.02
2020,04,01,10,40,317,12.2,15.7,1017.3,13.0,2.53
2020,04,01,13,40,317,12.6,15.3,1016.7,12.9,2.80
2020,04,01,16,40,325,12.1,15.8,1017.7,12.8,2.49
2020,04,01,19,40,318,11.8,15.4,1017.6,12.6,2.59
2020,04,01,22,40,313,11.8,15.3,1016.8,12.4,2.76
2020,04,02,01,40,320,13.7,18.0,1015.8,12.4,3.10
2020,04,02,04,40,323,13.5,18.6,1016.6,12.4,3.06
2020,04,02,07,40,325,9.7,12.2,1017.4,12.1,2.31
2020,04,02,10,40,333,9.1,11.2,1018.0,12.1,2.28
2020,04,02,13,40,319,7.6,9.3,1019.2,11.9,2.07
2020,04,02,16,40,330,6.1,7.3,1020.4,12.0,1.71
2020,04,02,19,40,315,8.7,10.3,1020.6,12.2,1.85
2020,04,02,22,40,315,10.8,12.7,1020.3,12.2,2.02
2020,04,03,01,40,314,12.4,15.5,1019.5,12.1,2.49
2020,04,03,04,40,316,12.4,16.2,1020.1,12.0,3.02
2020,04,03,07,40,316,11.8,14.7,1020.2,11.8,2.69
2020,04,03,10,40,315,11.1,13.3,1019.5,11.6,3.06
2020,04,03,13,40,315,12.1,14.7,1018.8,11.5,2.77
2020,04,03,16,40,319,12.0,14.5,1020.1,11.4,2.73
2020,04,03,19,40,318,11.3,14.2,1019.7,11.2,2.44
2020,04,03,22,40,314,12.6,15.5,1018.0,11.2,2.26
2020,04,04,01,40,310,10.8,13.6,1016.8,11.3,2.39
2020,04,04,04,40,314,10.1,13.4,1016.6,11.3,2.34
2020,04,04,07,40,306,9.6,12.0,1016.0,11.3,2.04
2020,04,04,10,40,304,7.5,9.4,1014.9,11.2,1.53
2020,04,04,13,40,274,3.0,4.2,1014.0,11.2,1.28
2020,04,04,16,40,178,6.7,8.2,1013.0,11.2,0.96
2020,04,04,19,40,195,7.5,9.5,1012.2,11.2,1.11
2020,04,04,22,40,215,6.9,8.5,1010.3,11.2,1.30
2020,04,05,01,40,225,4.1,4.9,1009.1,11.2,1.46
2020,04,05,04,40,208,4.1,4.9,1008.6,11.2,1.34
2020,04,05,07,40,194,5.8,7.0,1007.1,11.2,1.36
2020,04,05,10,40,179,7.6,9.0,1004.9,11.2,1.56
2020,04,05,13,40,181,7.9,10.1,1003.1,11.2,1.77
2020,04,05,16,40,228,7.5,9.0,1003.9,11.2,2.04
2020,04,05,19,40,276,4.5,5.7,1006.2,11.3,1.96
2020,04,05,22,40,273,5.8,7.5,1005.9,11.5,1.82
2020,04,06,01,40,310,4.5,5.5,1005.7,11.6,1.89
2020,04,06,04,40,333,3.9,5.5,1006.9,11.5,2.01
2020,04,06,07,40,348,3.1,4.7,1008.2,11.3,2.04
2020,04,06,10,40,24,2.4,3.4,1008.7,11.3,2.00
2020,04,06,13,40,85,3.1,4.5,1009.3,11.3,1.75
2020,04,06,16,40,36,2.4,3.9,1011.2,11.3,1.79
2020,04,06,19,40,328,3.3,4.5,1012.9,11.4,1.61
2020,04,06,22,40,332,6.3,7.7,1013.6,11.4,1.61
2020,04,07,01,40,198,0.8,2.0,1015.5,11.3,1.90
2020,04,07,04,40,328,3.5,4.7,1016.8,11.3,1.66
2020,04,07,07,40,271,0.1,1.3,1017.9,11.2,1.81
2020,04,07,10,40,86,5.0,6.9,1018.2,11.2,1.51
2020,04,07,13,40,116,4.9,6.6,1019.1,11.2,1.59
2020,04,07,16,40,57,3.4,4.6,1020.8,11.3,1.41
2020,04,07,19,40,296,0.9,1.8,1021.2,11.6,1.46
2020,04,07,22,40,297,5.2,6.4,1020.2,12.4,1.54
2020,04,08,01,40,320,8.3,10.2,1018.5,11.2,1.42
2020,04,08,04,40,317,8.3,10.1,1017.1,11.1,1.67
2020,04,08,07,40,307,9.0,10.8,1015.2,11.1,1.79
2020,04,08,10,40,309,7.7,9.7,1015.1,11.2,1.86
2020,04,08,13,40,302,4.2,6.1,1015.2,11.2,1.97
2020,04,08,16,40,274,2.5,4.3,1015.5,11.2,1.94
2020,04,08,19,40,195,1.4,2.3,1015.8,11.3,1.78
2020,04,08,22,40,182,3.3,4.2,1015.7,11.4,1.69
2020,04,09,01,40,184,4.6,5.7,1015.7,11.2,1.63
2020,04,09,04,40,186,3.9,5.0,1016.3,11.1,1.53
2020,04,09,08,40,180,3.8,5.2,1015.2,11.3,1.52
2020,04,09,11,40,162,4.5,6.5,1015.8,11.1,1.49
2020,04,09,14,40,121,5.8,7.5,1016.5,11.1,1.36
2020,04,09,17,40,124,4.0,5.1,1017.7,11.2,1.42
2020,04,09,20,40,157,2.2,3.2,1017.8,11.4,1.28
2020,04,09,23,40,190,1.6,2.2,1016.8,11.5,1.35
2020,04,10,02,40,187,2.8,3.4,1017.6,11.9,1.27
2020,04,10,05,40,200,1.9,3.6,1019.4,11.8,1.21
2020,04,10,08,40,307,3.0,3.8,1019.4,11.7,1.33
2020,04,10,11,40,349,2.2,3.2,1019.1,11.7,1.39
2020,04,10,14,40,289,2.1,2.7,1019.0,11.6,1.32
2020,04,10,17,40,316,3.7,4.6,1019.1,11.6,1.16
2020,04,10,20,40,301,5.4,6.9,1018.5,12.0,1.31
2020,04,10,23,40,295,5.7,7.0,1017.7,12.1,1.22
2020,04,11,02,40,296,5.5,6.9,1017.6,11.9,1.21
2020,04,11,05,40,292,5.9,7.2,1018.4,11.7,1.26
2020,04,11,08,40,300,6.4,8.4,1018.7,11.5,1.11
2020,04,11,11,40,291,3.8,4.8,1017.7,11.5,1.03
2020,04,11,14,40,298,3.0,5.1,1018.4,11.4,1.13
2020,04,11,17,40,300,2.0,2.9,1019.3,11.5,1.05
2020,04,11,20,40,247,2.1,2.8,1018.7,11.8,1.15
2020,04,11,23,40,267,3.5,4.9,1017.9,12.2,1.23
2020,04,12,02,40,297,5.9,7.4,1017.0,11.9,1.36
2020,04,12,05,40,294,6.3,8.0,1017.4,11.6,1.41
2020,04,12,08,40,292,6.3,8.2,1017.0,11.6,1.59
2020,04,12,11,40,293,6.7,9.0,1016.0,11.5,1.81
2020,04,12,14,40,343,4.5,6.5,1017.7,11.4,1.73
2020,04,12,17,40,315,4.5,6.0,1018.8,12.5,1.60
2020,04,12,20,40,299,4.9,6.2,1018.4,12.7,1.69
2020,04,12,23,40,309,6.9,8.4,1018.2,12.0,1.80
2020,04,13,02,40,296,6.3,7.6,1017.8,11.7,1.64
2020,04,13,05,40,302,6.7,8.5,1019.4,11.7,1.62
2020,04,13,08,40,288,4.6,6.3,1019.3,11.6,1.72
2020,04,13,11,40,265,4.7,6.6,1019.2,11.7,1.58
2020,04,13,14,40,317,2.7,4.1,1020.4,11.7,1.47
2020,04,13,17,40,168,2.7,4.0,1022.2,11.9,1.33
2020,04,13,20,40,238,3.2,4.0,1022.1,12.5,1.03
2020,04,13,23,40,318,4.3,5.1,1021.8,13.0,1.12
2020,04,14,02,40,303,5.3,6.3,1021.8,12.3,1.08
2020,04,14,06,40,312,4.4,5.9,1023.2,12.2,1.13
2020,04,14,09,40,308,3.8,4.7,1022.8,12.2,1.00
2020,04,14,12,40,330,1.5,2.3,1023.2,12.2,1.04
2020,04,14,15,40,63,1.8,2.4,1024.8,12.2,1.09
2020,04,14,18,40,281,1.2,2.3,1025.0,12.5,0.93
2020,04,14,21,40,304,5.4,6.8,1023.7,13.3,0.85
2020,04,15,00,40,302,5.8,6.9,1022.1,13.1,0.94
2020,04,15,03,40,289,4.4,5.6,1022.1,13.0,0.86
2020,04,15,06,40,300,3.5,5.0,1022.0,12.8,0.91
2020,04,15,09,40,269,0.3,1.3,1020.7,12.8,0.89
2020,04,15,12,40,306,0.6,1.4,1019.9,12.8,0.97
2020,04,15,15,40,269,2.0,2.8,1020.7,12.9,1.18
2020,04,15,18,40,238,2.3,3.4,1020.6,12.9,1.02
2020,04,15,21,40,231,1.4,2.4,1018.6,13.5,1.09
2020,04,16,00,40,295,7.1,9.0,1016.4,13.1,1.19
2020,04,16,03,40,312,6.4,7.7,1015.3,12.9,1.35
2020,04,16,06,40,312,8.4,10.3,1015.2,12.8,1.70
2020,04,16,09,40,314,7.8,9.6,1014.1,12.8,2.11
2020,04,16,12,40,306,7.6,10.0,1013.6,12.5,2.18
2020,04,16,16,40,302,5.0,7.0,1014.5,12.4,1.78
2020,04,16,19,40,271,3.0,4.3,1014.9,12.5,1.49
2020,04,16,22,40,275,3.6,4.7,1013.9,12.6,1.56
2020,04,17,01,40,288,3.1,5.0,1013.0,12.6,1.49
2020,04,17,04,40,265,1.3,2.1,1013.6,12.6,1.46
2020,04,17,07,40,227,2.8,4.9,1013.5,12.6,1.31
2020,04,17,10,40,249,2.8,3.9,1013.4,12.6,1.26
2020,04,17,13,40,207,3.4,5.1,1013.6,12.6,1.24
2020,04,17,16,40,202,3.5,4.5,1015.3,12.5,1.22
2020,04,17,19,40,203,4.4,5.8,1015.8,12.6,1.52
2020,04,17,22,40,205,5.2,6.7,1015.8,12.6,1.49
2020,04,18,02,40,204,3.8,5.1,1015.6,12.6,1.42
2020,04,18,05,40,188,5.5,7.0,1016.4,12.7,1.40
2020,04,18,08,40,213,3.8,5.2,1016.9,12.7,1.43
2020,04,18,11,40,194,3.6,4.5,1017.2,12.7,1.46
2020,04,18,14,40,177,2.9,4.0,1017.9,12.8,1.49
2020,04,18,17,40,208,1.8,2.5,1019.8,12.8,1.51
2020,04,18,20,40,212,2.4,3.1,1020.0,13.1,1.31
2020,04,18,23,40,253,2.0,2.9,1019.2,13.5,1.22
2020,04,19,02,40,238,2.3,3.1,1018.8,13.2,1.24
2020,04,19,05,40,236,2.4,3.3,1019.8,13.5,1.30
2020,04,19,08,40,242,3.5,4.3,1019.5,13.5,1.33
2020,04,19,11,40,226,1.8,2.7,1018.7,13.3,1.31
2020,04,19,14,40,212,2.1,3.0,1019.4,13.2,1.28
2020,04,19,17,40,212,2.1,2.8,1020.4,13.3,1.28
2020,04,19,20,40,211,2.4,3.2,1020.0,13.7,1.07
2020,04,19,23,40,256,2.9,3.8,1018.6,14.1,1.11
2020,04,20,02,40,264,3.3,4.1,1017.9,13.8,1.05
2020,04,20,05,40,288,4.1,5.0,1018.8,13.4,1.14
2020,04,20,08,40,292,2.8,3.8,1018.6,13.4,1.02
2020,04,20,11,40,300,2.4,3.3,1018.8,13.3,0.95
2020,04,20,14,40,284,3.2,3.9,1019.6,13.3,0.90
2020,04,20,17,40,312,4.4,5.4,1021.5,13.3,1.03
2020,04,20,21,40,294,6.7,7.9,1021.8,13.5,0.99
2020,04,21,00,40,296,7.7,9.3,1021.7,13.6,1.33
2020,04,21,03,40,308,9.0,11.2,1021.8,13.4,1.49
2020,04,21,06,40,304,9.1,11.3,1023.1,13.3,1.87
2020,04,21,09,40,315,10.5,13.2,1023.1,13.2,2.03
2020,04,21,12,40,315,9.0,11.1,1023.3,13.1,2.07
2020,04,21,15,40,312,8.6,10.7,1025.3,13.0,2.08
2020,04,21,18,40,311,8.9,10.8,1025.8,13.0,2.05
2020,04,21,21,40,312,10.4,12.4,1024.8,13.1,2.04
2020,04,22,00,40,308,12.1,15.3,1024.4,13.1,2.06
2020,04,22,03,40,310,11.6,13.9,1024.3,12.8,2.51
2020,04,22,06,40,313,11.6,14.1,1025.5,12.8,2.39
2020,04,22,09,40,318,7.5,9.7,1025.2,12.4,1.93
2020,04,22,12,40,340,4.2,5.8,1025.0,12.0,1.85
2020,04,22,15,40,318,5.8,7.6,1026.6,12.0,1.75
2020,04,22,18,40,315,8.8,10.5,1026.8,12.2,1.57
2020,04,22,21,40,311,9.0,10.8,1026.5,12.4,1.55
2020,04,23,00,40,309,9.6,11.6,1025.4,12.3,1.67
2020,04,23,03,40,318,9.6,11.5,1025.6,12.1,1.59
2020,04,23,06,40,321,8.6,10.3,1025.8,11.7,1.53
2020,04,23,09,40,323,7.1,8.7,1025.6,11.6,1.81
2020,04,23,12,40,314,9.0,11.0,1024.9,11.5,1.79
2020,04,23,15,40,318,9.1,10.8,1025.5,11.4,1.72
2020,04,23,18,40,316,7.8,9.5,1024.7,11.5,1.68
2020,04,23,21,40,317,9.5,12.4,1023.6,11.6,1.84
2020,04,24,00,40,325,8.4,10.9,1022.0,11.7,2.26
2020,04,24,03,40,319,11.0,13.2,1020.8,11.5,2.42
2020,04,24,06,40,326,7.9,10.3,1021.1,11.3,2.44
2020,04,24,09,40,325,8.7,11.6,1020.3,11.1,2.64
2020,04,24,12,40,326,10.1,12.7,1020.4,10.9,2.46
2020,04,24,15,40,323,8.2,10.1,1021.9,11.0,2.28
2020,04,24,18,40,311,9.8,12.1,1021.7,11.1,2.08
2020,04,24,21,40,316,9.3,11.5,1020.7,11.3,2.35
2020,04,25,00,40,313,9.1,11.0,1019.0,11.3,2.22
2020,04,25,03,40,310,8.7,10.6,1017.9,11.4,2.42
2020,04,25,06,40,314,8.9,10.7,1018.4,11.2,2.10
2020,04,25,09,40,315,7.4,9.3,1018.3,11.1,1.93
2020,04,25,12,40,325,6.5,8.2,1018.4,11.1,1.97
2020,04,25,15,40,317,8.1,10.2,1019.2,11.0,1.80
2020,04,25,18,40,300,7.4,8.9,1019.8,11.0,1.80
2020,04,25,21,40,308,4.7,6.3,1019.0,11.1,1.74
2020,04,26,00,40,308,8.8,10.5,1018.0,11.2,1.73
2020,04,26,03,40,307,8.7,11.0,1017.2,11.2,2.09
2020,04,26,06,40,320,7.0,8.6,1018.0,11.3,1.93
2020,04,26,09,40,307,4.9,6.6,1017.8,11.0,1.74
2020,04,26,12,40,311,8.6,10.8,1017.2,10.9,1.79
2020,04,26,15,40,305,6.6,8.5,1019.0,10.9,1.78
2020,04,26,18,40,310,7.3,9.3,1019.9,11.0,1.76
2020,04,26,21,40,308,3.7,5.0,1019.3,11.2,1.68
2020,04,27,00,40,308,7.5,9.0,1018.7,11.2,1.83
2020,04,27,03,40,325,5.8,7.2,1018.7,11.2,2.05
2020,04,27,06,40,299,6.2,8.4,1020.0,11.1,1.76
2020,04,27,09,40,307,7.6,9.5,1019.7,11.2,1.92
2020,04,27,12,40,311,8.3,10.3,1019.7,11.2,1.98
2020,04,27,15,40,314,8.0,10.0,1021.7,11.1,2.19
2020,04,27,18,40,311,7.9,9.8,1022.3,11.0,1.92
2020,04,27,21,40,315,7.0,8.5,1021.9,11.1,1.70
2020,04,28,00,40,313,7.3,9.1,1020.8,11.1,1.89
2020,04,28,03,40,324,8.3,10.4,1020.9,10.8,1.82
2020,04,28,06,40,319,8.8,11.3,1021.3,10.9,2.05
2020,04,28,09,40,321,9.8,12.1,1019.9,11.0,2.34
2020,04,28,12,40,329,5.5,6.8,1019.6,11.0,2.00
2020,04,28,15,40,323,8.2,10.2,1020.4,10.9,2.12
2020,04,28,18,40,316,7.6,9.6,1020.6,11.0,2.06
2020,04,28,21,40,310,7.5,9.0,1018.8,11.3,2.01
2020,04,29,00,40,307,9.2,11.6,1018.0,11.4,2.29
2020,04,29,03,40,304,7.0,9.0,1017.0,11.3,2.21
2020,04,29,06,40,310,6.7,9.5,1017.8,11.3,2.20
2020,04,29,09,40,300,6.2,8.4,1017.0,11.2,1.93
2020,04,29,12,40,307,6.9,8.7,1017.3,11.0,1.72
2020,04,29,15,40,300,6.3,8.1,1019.2,11.0,1.82
2020,04,29,18,40,292,6.3,8.2,1019.6,11.1,1.71
2020,04,29,21,40,303,6.8,8.7,1019.2,11.2,1.60
2020,04,30,00,40,302,8.0,10.3,1018.5,11.1,1.79
2020,04,30,03,40,316,7.7,9.7,1018.9,10.8,2.14
2020,04,30,06,40,311,8.4,11.7,1019.3,10.7,2.47
2020,04,30,09,40,307,7.8,9.6,1018.8,10.7,2.19
2020,04,30,12,40,311,7.5,9.6,1019.8,10.6,2.45
2020,04,30,15,40,321,8.0,10.7,1021.4,10.6,2.49
2020,04,30,18,40,319,5.8,7.6,1022.4,10.6,2.14
2020,04,30,21,40,299,6.4,8.1,1021.2,10.8,2.40
2020,05,01,00,40,313,7.1,9.1,1021.0,10.9,2.48
2020,05,01,03,40,318,6.6,8.5,1019.4,10.7,2.27
2020,05,01,06,40,291,7.8,9.7,1020.2,10.5,2.43
2020,05,01,09,40,299,9.1,11.2,1019.5,10.6,2.26
2020,05,01,12,40,322,6.7,8.5,1019.4,10.5,2.24
2020,05,01,15,40,300,5.9,7.5,1020.4,10.5,1.83
2020,05,01,18,40,305,5.2,6.4,1021.1,10.7,1.98
2020,05,01,21,40,303,3.9,5.2,1020.5,11.4,2.03
2020,05,02,00,40,301,4.2,5.7,1019.7,11.6,2.01
2020,05,02,03,40,291,3.9,4.8,1019.3,11.3,1.69
2020,05,02,06,40,292,5.9,7.9,1019.6,11.2,1.62
2020,05,02,09,40,277,3.2,4.3,1018.9,11.1,1.29
2020,05,02,13,40,290,1.1,1.8,1019.8,11.0,1.20
2020,05,02,16,40,188,1.9,2.7,1020.9,11.1,1.27
2020,05,02,19,40,187,2.3,2.9,1022.1,11.4,1.39
2020,05,02,22,40,187,2.5,3.3,1021.8,11.7,1.64
2020,05,03,01,40,199,2.8,3.8,1021.1,12.4,1.78
2020,05,03,04,40,321,6.7,8.3,1021.8,12.3,1.88
2020,05,03,07,40,343,5.5,7.6,1022.4,11.7,2.01
2020,05,03,10,40,312,8.4,10.2,1021.6,11.6,1.94
2020,05,03,13,40,324,7.3,9.8,1022.1,11.4,1.93
2020,05,03,16,40,320,8.5,10.8,1023.2,11.5,2.18
2020,05,03,19,40,312,9.5,12.5,1023.9,11.6,2.00
2020,05,03,22,40,311,8.9,11.0,1022.8,12.0,2.25
2020,05,04,01,40,323,7.5,9.7,1022.3,12.0,2.33
2020,05,04,04,40,330,6.3,8.2,1022.1,11.9,2.23
2020,05,04,07,40,305,7.9,10.1,1022.6,11.6,2.08
2020,05,04,10,40,320,6.2,7.8,1021.8,11.3,2.05
2020,05,04,13,40,330,6.6,8.3,1022.3,11.1,2.23
2020,05,04,16,40,314,4.6,6.1,1023.3,11.2,2.05
2020,05,04,19,40,312,6.8,9.1,1023.3,11.3,2.15
2020,05,04,22,40,313,7.1,9.0,1022.7,11.6,1.96
2020,05,05,01,40,316,8.2,10.5,1021.4,11.5,1.66
2020,05,05,04,40,300,8.0,10.0,1021.4,11.5,1.57
2020,05,05,07,40,314,5.9,7.1,1020.4,11.5,1.40
2020,05,05,10,40,296,4.8,5.7,1020.2,11.5,1.18
2020,05,05,13,40,307,6.9,10.8,1020.5,11.5,1.25
2020,05,05,16,40,316,5.1,6.4,1022.0,11.6,1.60
2020,05,05,19,40,300,4.7,6.1,1022.4,11.8,1.62
2020,05,05,22,40,296,4.4,5.4,1022.1,11.9,1.60
2020,05,06,01,40,295,5.8,8.0,1021.8,11.3,1.98
2020,05,06,04,40,306,7.8,9.6,1022.9,11.1,2.13
2020,05,06,07,40,309,10.4,13.1,1023.1,10.7,2.02
2020,05,06,10,40,312,10.7,12.6,1022.8,10.5,2.11
2020,05,06,13,40,335,7.0,8.6,1023.2,10.3,2.02
2020,05,06,16,40,325,7.2,9.1,1023.8,10.3,2.07
2020,05,06,19,40,318,10.0,12.1,1023.3,10.7,1.89
2020,05,06,22,40,316,8.4,10.3,1022.3,10.8,2.24
2020,05,07,01,40,319,9.6,12.4,1019.8,10.7,2.60
2020,05,07,04,40,318,9.8,11.7,1018.9,10.7,2.64
2020,05,07,07,40,323,7.2,8.8,1017.9,10.7,2.08
2020,05,07,10,40,303,6.0,7.6,1016.4,10.8,2.01
2020,05,07,13,40,349,4.4,5.3,1016.0,10.7,2.20
2020,05,07,16,40,313,6.8,9.0,1016.6,10.7,1.97
2020,05,07,19,40,302,5.6,7.4,1016.3,11.2,1.99
2020,05,07,22,40,311,8.3,10.9,1015.5,11.2,2.08
2020,05,08,01,40,305,7.4,9.3,1013.9,11.0,1.76
2020,05,08,04,40,311,4.9,6.0,1013.5,10.8,1.72
2020,05,08,07,40,319,7.1,8.6,1013.1,10.7,1.94
2020,05,08,10,40,319,5.2,6.9,1012.8,10.5,1.86
2020,05,08,13,40,335,3.6,4.7,1013.0,10.1,1.86
2020,05,08,16,40,304,3.7,5.0,1013.6,10.2,1.77
2020,05,08,19,40,319,6.4,7.7,1013.7,10.6,1.47
2020,05,08,22,40,317,9.4,11.4,1013.1,10.4,1.64
2020,05,09,01,40,313,7.4,9.9,1012.7,10.3,1.64
2020,05,09,04,40,309,6.7,8.8,1013.1,10.4,1.62
2020,05,09,07,40,313,2.9,4.4,1013.3,10.5,1.48
2020,05,09,10,40,278,1.7,2.8,1013.0,10.8,1.51
2020,05,09,13,40,295,1.3,2.4,1013.8,10.9,1.57
2020,05,09,16,40,276,2.1,3.5,1014.9,10.9,2.00
2020,05,09,19,40,295,3.1,4.3,1015.4,10.9,2.21
2020,05,09,22,40,264,4.2,5.8,1014.9,11.2,1.96
2020,05,10,01,40,304,4.3,6.3,1014.4,11.2,1.82
2020,05,10,04,40,259,2.9,4.9,1014.3,11.2,1.78
2020,05,10,07,40,280,2.5,3.7,1013.9,11.1,1.70
2020,05,10,10,40,232,1.9,2.7,1013.7,11.1,1.52
2020,05,10,13,40,200,2.2,2.9,1014.0,11.1,1.50
2020,05,10,16,40,224,3.3,4.4,1015.7,11.2,1.50
2020,05,11,04,40,175,4.2,5.2,1014.5,12.5,1.27
2020,05,11,07,40,164,4.2,5.3,1014.4,11.7,1.39
2020,05,11,10,40,150,5.5,7.0,1014.0,10.8,1.32
2020,05,11,13,40,154,7.9,10.2,1014.0,10.8,1.49
2020,05,11,16,40,155,10.3,12.8,1014.3,11.0,1.74
2020,05,11,19,40,156,10.5,13.1,1014.7,11.0,1.75
2020,05,11,22,40,155,10.4,13.0,1013.9,11.8,1.87
2020,05,12,01,40,160,7.7,9.7,1013.7,11.5,1.85
2020,05,12,04,40,173,3.7,4.8,1014.6,11.2,1.96
2020,05,12,07,40,157,5.4,6.6,1014.0,11.3,1.57
2020,05,12,10,40,146,1.6,2.2,1014.2,11.4,1.57
2020,05,12,13,40,183,3.9,4.9,1014.2,11.4,1.67
2020,05,12,16,40,255,5.0,6.5,1015.9,11.4,2.07
2020,05,12,19,40,210,3.3,4.3,1017.2,11.9,2.58
2020,05,12,22,40,220,3.9,5.1,1017.3,12.5,2.41
2020,05,13,01,40,232,3.3,4.5,1016.9,12.4,2.14
2020,05,13,04,40,224,2.3,3.1,1018.0,12.1,2.00
2020,05,13,07,40,228,2.3,3.5,1017.8,12.0,2.32
2020,05,13,10,40,181,1.7,2.5,1017.3,11.8,2.31
2020,05,13,13,40,142,4.4,6.2,1017.4,11.7,2.18
2020,05,13,16,40,150,6.1,7.7,1018.1,11.6,1.87
2020,05,13,19,40,163,6.6,8.2,1018.2,11.8,1.87
2020,05,13,22,40,184,5.8,7.0,1018.1,11.9,1.87
2020,05,14,01,40,208,2.9,3.7,1018.1,11.9,1.72
2020,05,14,04,40,207,2.0,2.7,1018.8,11.8,1.55
2020,05,14,07,40,219,1.7,2.3,1019.3,12.0,1.57
2020,05,14,10,40,204,0.8,1.3,1019.1,11.8,1.59
2020,05,14,13,40,161,3.6,4.6,1019.4,11.8,1.54
2020,05,14,16,40,119,4.8,6.1,1020.2,11.8,1.48
2020,05,14,19,40,163,5.5,6.9,1020.5,11.9,1.59
2020,05,14,22,40,227,3.6,4.9,1020.5,12.2,1.40
2020,05,15,01,40,127,1.8,2.9,1020.1,12.3,1.37
2020,05,15,04,40,199,2.8,3.3,1020.2,12.3,1.22
2020,05,15,07,40,333,3.1,4.5,1020.7,12.3,1.46
2020,05,15,10,40,281,4.1,5.3,1020.4,12.1,1.33
2020,05,15,13,40,297,4.6,5.5,1020.7,12.0,1.47
2020,05,15,16,40,314,5.3,6.4,1020.7,12.2,1.36
2020,05,15,19,40,302,4.6,5.8,1021.0,12.4,1.26
2020,05,15,22,40,297,5.6,7.1,1019.9,12.6,1.35
2020,05,16,01,40,296,5.6,6.9,1018.7,12.8,1.43
2020,05,16,04,40,297,5.8,7.2,1018.1,12.8,1.47
2020,05,16,07,40,320,4.0,5.5,1017.0,12.6,1.40
2020,05,16,10,40,290,5.5,6.7,1016.0,13.1,1.36
2020,05,16,13,40,279,4.1,5.3,1016.3,13.2,1.12
2020,05,16,16,40,252,0.6,1.2,1016.6,13.3,1.03
2020,05,16,19,40,192,4.6,5.6,1016.4,13.5,0.85
2020,05,16,22,40,194,5.0,6.0,1014.3,14.2,0.88
2020,05,17,01,40,187,5.2,6.3,1012.7,14.1,0.90
2020,05,17,04,40,168,6.6,8.0,1011.5,13.9,0.88
2020,05,17,07,40,187,5.6,7.5,1011.2,13.7,1.54
2020,05,17,10,40,200,2.3,3.0,1010.0,13.5,2.13
2020,05,17,13,40,218,2.6,3.8,1010.1,13.0,2.08
2020,05,17,16,40,159,3.1,4.2,1010.6,13.6,1.96
2020,05,17,19,40,177,5.0,6.3,1011.8,14.5,1.88
2020,05,17,22,40,178,6.1,7.3,1010.8,14.7,1.97
2020,05,18,01,40,183,6.6,8.0,1010.0,14.0,2.12
2020,05,18,04,40,183,5.7,7.0,1010.1,13.3,2.26
2020,05,18,07,40,197,4.6,6.0,1010.4,13.3,2.11
2020,05,18,10,40,184,2.3,3.4,1009.7,13.4,2.33
2020,05,18,13,40,211,2.8,3.9,1011.2,13.5,2.57
2020,05,18,16,40,230,3.5,4.9,1013.5,13.6,2.70
2020,05,18,19,40,227,3.0,4.5,1015.2,13.9,2.93
2020,05,18,22,40,242,3.7,5.1,1015.6,14.3,2.60
2020,05,19,01,40,253,3.9,5.4,1015.2,14.0,2.25
2020,05,19,04,40,263,3.4,4.8,1015.6,13.9,2.05
2020,05,19,07,40,258,2.3,3.8,1015.8,14.1,2.10
2020,05,19,10,40,254,2.3,3.5,1015.8,14.7,2.14
2020,05,19,13,40,332,4.5,5.9,1016.5,14.4,2.46
2020,05,19,16,40,311,4.3,6.3,1017.9,14.1,2.44
2020,05,19,19,40,292,7.2,9.3,1018.7,14.4,2.50
2020,05,19,22,40,309,9.6,11.7,1018.7,14.7,2.41
2020,05,20,01,40,303,9.2,12.5,1019.1,14.6,2.59
2020,05,20,04,40,298,11.4,14.3,1019.4,14.2,2.93
2020,05,20,07,40,310,11.1,14.1,1019.4,13.6,2.85
2020,05,20,10,40,307,11.2,15.1,1019.1,13.3,2.66
2020,05,20,13,40,310,9.5,11.6,1019.9,13.0,2.70
2020,05,20,16,40,316,6.3,7.8,1021.1,13.0,2.29
2020,05,20,19,40,314,6.6,8.7,1021.6,13.3,2.27
2020,05,20,22,40,311,10.0,12.7,1021.1,13.3,2.02
2020,05,21,01,40,306,9.9,12.8,1020.3,13.4,1.87
2020,05,21,04,40,314,8.9,11.5,1020.0,13.3,1.92
2020,05,21,07,40,313,9.8,12.8,1019.2,12.7,2.15
2020,05,21,10,40,322,8.4,10.0,1018.5,12.4,1.78
2020,05,21,13,40,322,5.6,7.1,1018.3,12.4,1.69
2020,05,21,16,40,332,5.2,6.6,1018.8,12.5,1.55
2020,05,21,19,40,317,7.5,9.1,1018.2,12.7,1.53
2020,05,21,23,40,313,9.3,11.6,1016.8,12.8,1.71
2020,05,22,02,40,315,11.5,14.1,1015.7,12.7,2.46
2020,05,22,05,40,317,10.8,14.4,1016.1,12.0,2.47
2020,05,22,08,40,305,11.2,13.9,1014.5,11.3,2.12
2020,05,22,11,40,312,9.9,13.1,1014.4,11.2,2.31
2020,05,22,14,40,314,11.9,14.5,1014.5,11.1,2.64
2020,05,22,17,40,318,11.0,13.8,1015.1,11.2,2.49
2020,05,22,20,40,317,10.6,13.7,1015.3,11.3,2.11
2020,05,22,23,40,322,10.0,13.1,1014.7,11.3,2.35
2020,05,23,02,40,322,11.4,14.6,1014.0,11.2,2.75
2020,05,23,05,40,317,10.1,12.5,1014.5,11.2,2.54
2020,05,23,08,40,315,9.5,12.0,1014.2,10.9,2.24
2020,05,23,11,40,322,6.8,8.7,1014.2,10.9,2.28
2020,05,23,14,40,321,5.6,7.5,1015.1,10.7,2.10
2020,05,23,17,40,315,7.2,8.8,1016.0,10.8,1.71
2020,05,23,20,40,307,8.3,9.9,1016.1,10.9,1.90
2020,05,23,23,40,310,8.1,10.3,1016.1,10.9,1.85
2020,05,24,02,40,302,6.5,8.5,1015.2,10.8,2.05
2020,05,24,05,40,320,7.3,9.0,1015.5,10.7,2.37
2020,05,24,08,40,319,5.8,7.2,1015.3,10.6,2.10
2020,05,24,11,40,331,4.9,6.4,1015.7,10.3,1.99
2020,05,24,14,40,294,2.3,3.3,1016.5,10.4,1.80
2020,05,24,17,40,311,4.3,5.6,1017.1,10.6,1.75
2020,05,24,20,40,311,7.9,9.9,1016.3,10.9,1.68
2020,05,24,23,40,308,8.1,9.9,1014.7,10.9,1.56
2020,05,25,02,40,302,7.0,8.7,1013.9,10.9,1.56
2020,05,25,05,40,320,2.9,4.5,1013.7,10.7,1.75
2020,05,25,08,40,302,3.0,4.4,1012.9,10.5,1.75
2020,05,25,11,40,309,3.4,4.4,1012.6,10.6,1.67
2020,05,25,14,40,311,3.2,4.0,1013.8,10.5,1.58
2020,05,25,17,40,311,2.9,3.9,1014.4,11.1,1.68
2020,05,25,20,40,311,5.4,6.9,1014.0,11.3,1.78
2020,05,25,23,40,303,7.8,9.5,1012.8,11.2,1.90
2020,05,26,02,40,309,6.7,8.2,1012.2,11.2,1.86
2020,05,26,05,40,308,6.2,8.0,1012.6,11.3,2.01
2020,05,26,08,40,315,5.4,7.0,1011.9,11.5,2.11
2020,05,26,11,40,303,2.6,3.9,1011.8,11.3,2.01
2020,05,26,14,40,307,2.6,3.5,1012.5,11.2,1.94
2020,05,26,17,40,320,3.8,4.9,1013.3,11.5,2.03
2020,05,26,20,40,302,5.2,6.6,1013.1,11.9,1.97
2020,05,26,23,40,316,6.4,8.5,1012.0,11.9,1.86
2020,05,27,02,40,302,6.4,7.9,1011.3,11.5,1.80
2020,05,27,05,40,307,4.8,6.4,1012.1,11.6,2.12
2020,05,27,08,40,316,3.4,4.6,1012.3,11.8,1.88
2020,05,27,11,40,310,2.9,4.3,1012.1,11.7,1.98
2020,05,27,14,40,306,3.6,4.9,1013.2,11.7,1.91
2020,05,27,17,40,319,6.5,8.1,1013.8,12.2,1.74
2020,05,27,20,40,314,8.0,11.7,1013.7,12.1,1.73
2020,05,27,23,40,320,9.9,12.1,1012.4,11.8,2.02
2020,05,28,03,40,310,7.3,10.2,1013.1,11.8,2.08
2020,05,28,06,40,312,8.0,10.2,1013.3,11.5,1.92
2020,05,28,09,40,309,6.6,8.6,1013.2,11.5,1.77
2020,05,28,12,40,311,3.6,4.9,1013.6,11.8,1.40
2020,05,28,15,40,279,3.0,4.2,1014.7,12.1,1.45
2020,05,28,18,40,271,2.3,3.4,1014.5,12.1,1.22
2020,05,28,21,40,294,2.6,3.4,1014.2,12.5,1.16
2020,05,29,00,40,283,4.4,6.4,1013.2,12.4,1.15
2020,05,29,03,40,235,2.4,3.7,1014.0,12.1,1.07
2020,05,29,06,40,233,1.8,3.5,1013.9,12.7,1.10
2020,05,29,09,40,175,3.7,4.6,1013.6,12.5,1.05
2020,05,29,12,40,188,3.1,4.3,1013.1,12.3,1.13
2020,05,29,15,40,198,3.3,4.2,1012.9,12.3,1.40
2020,05,29,18,40,171,3.8,5.0,1013.5,12.4,1.48
2020,05,29,21,40,175,6.8,8.6,1012.7,12.3,1.86
2020,05,30,00,40,162,7.6,9.3,1012.3,12.4,1.91
2020,05,30,03,40,163,7.9,9.8,1012.9,12.5,2.08
2020,05,30,06,40,167,6.7,8.5,1013.0,12.4,1.87
2020,05,30,09,40,149,3.4,5.3,1012.3,12.4,1.78
2020,05,30,12,40,163,3.7,5.1,1012.7,12.3,1.98
2020,05,30,15,40,122,4.1,5.5,1013.9,12.3,2.08
2020,05,30,18,40,150,6.4,9.0,1013.8,12.6,1.75
2020,05,30,21,40,179,2.4,3.3,1014.8,12.9,1.93
2020,05,31,00,40,128,3.0,4.7,1014.1,13.0,1.79
2020,05,31,03,40,143,1.4,2.3,1015.0,13.2,1.65
2020,05,31,06,40,270,0.4,1.7,1015.5,13.0,1.56
2020,05,31,09,40,150,0.9,2.3,1015.3,13.1,1.57
2020,05,31,12,40,294,2.9,4.0,1015.3,12.9,1.67
2020,05,31,15,40,282,3.4,4.5,1016.4,12.8,1.38
2020,05,31,18,40,265,3.3,4.3,1016.9,13.1,1.28
2020,05,31,21,40,263,2.8,3.7,1016.5,13.3,1.30
2020,06,01,00,40,270,4.1,5.1,1015.4,13.5,1.33
2020,06,01,03,40,290,3.7,4.5,1014.7,13.4,1.35
2020,06,01,06,40,295,5.2,6.6,1015.6,13.1,1.41
2020,06,01,09,40,299,3.4,4.8,1015.2,13.2,1.24
2020,06,01,12,40,293,3.7,4.6,1015.6,12.9,1.33
2020,06,01,15,40,290,2.2,3.2,1017.2,13.0,1.36
2020,06,01,18,40,254,1.8,2.8,1018.1,13.2,1.54
2020,06,01,21,40,303,6.8,8.0,1017.4,13.5,1.46
2020,06,02,00,40,310,7.4,9.2,1016.4,13.3,1.44
2020,06,02,03,40,305,7.2,8.7,1015.8,12.9,1.47
2020,06,02,06,40,320,4.5,5.6,1015.8,12.6,1.50
2020,06,02,09,40,313,1.3,1.8,1015.2,12.5,1.55
2020,06,02,12,40,339,0.7,1.7,1015.0,13.0,1.51
2020,06,02,15,40,313,3.0,4.0,1016.3,12.7,1.51
2020,06,02,18,40,305,4.6,5.6,1016.4,13.2,1.44
2020,06,02,21,40,305,6.4,7.6,1016.6,13.3,1.45
2020,06,03,00,40,306,6.8,8.3,1015.6,13.4,1.37
2020,06,03,03,40,311,6.7,8.4,1015.5,13.2,1.50
2020,06,03,06,40,298,4.7,5.8,1015.9,13.2,1.43
2020,06,03,09,40,304,3.8,5.0,1015.2,13.1,1.50
2020,06,03,12,40,312,3.7,5.5,1014.9,13.2,1.60
2020,06,03,15,40,302,2.3,2.9,1015.9,13.1,1.28
2020,06,03,18,40,305,4.9,6.0,1015.8,13.4,1.29
2020,06,03,21,40,310,7.7,9.2,1015.1,13.5,1.51
2020,06,04,00,40,310,8.4,10.2,1013.5,13.7,1.67
2020,06,04,03,40,312,9.1,11.0,1012.4,13.5,1.70
2020,06,04,06,40,312,8.8,10.7,1012.2,13.5,1.79
2020,06,04,09,40,309,5.9,7.6,1011.1,14.2,1.77
2020,06,04,12,40,305,3.7,6.5,1010.0,14.4,1.74
2020,06,04,15,40,316,3.8,5.9,1010.6,14.3,1.87
2020,06,04,18,40,314,7.6,9.4,1010.2,14.5,2.17
2020,06,04,21,40,310,8.8,10.8,1009.0,14.7,2.04
2020,06,05,00,40,298,10.3,12.1,1007.3,14.0,2.25
2020,06,05,03,40,308,5.3,7.1,1007.1,13.4,2.42
2020,06,05,06,40,288,4.9,6.5,1008.7,13.5,2.75
2020,06,05,09,40,286,3.9,5.6,1008.4,13.6,2.57
2020,06,05,12,40,308,8.1,10.2,1008.9,13.4,2.47
2020,06,05,15,40,299,9.1,11.2,1010.1,12.4,2.27
2020,06,05,18,40,284,7.1,9.1,1011.4,12.9,2.21
2020,06,05,21,40,273,7.7,9.5,1011.4,13.8,2.15
2020,06,06,00,40,267,7.5,9.7,1011.7,13.9,2.14
2020,06,06,03,40,278,8.4,10.4,1011.7,12.8,1.88
2020,06,06,06,40,279,6.8,8.3,1012.8,12.9,1.57
2020,06,06,09,40,275,6.5,8.2,1012.7,13.1,1.45
2020,06,06,12,40,281,5.9,7.1,1013.4,13.3,1.44
2020,06,06,15,40,277,5.7,7.8,1015.2,13.5,1.45
2020,06,06,18,40,295,8.4,9.8,1016.5,13.7,1.61
2020,06,06,21,40,290,8.4,10.7,1017.3,13.8,1.64
2020,06,07,00,40,294,9.2,11.7,1017.7,14.1,1.42
2020,06,07,03,40,293,9.5,11.7,1018.1,13.8,1.42
2020,06,07,06,40,301,8.5,11.1,1019.1,13.7,1.44
2020,06,07,09,40,314,8.0,9.9,1019.3,13.7,1.59
2020,06,07,12,40,310,7.3,9.0,1019.9,13.6,1.51
2020,06,07,15,40,311,7.2,9.1,1021.3,13.6,1.63
2020,06,07,18,40,287,7.2,9.1,1022.1,13.8,1.61
2020,06,07,21,40,291,9.8,12.4,1021.6,13.6,1.96
2020,06,08,00,40,304,11.9,14.9,1020.8,13.3,2.28
2020,06,08,03,40,310,13.3,16.4,1020.4,12.5,2.53
2020,06,08,06,40,315,10.8,13.3,1021.2,11.4,2.53
2020,06,08,09,40,321,6.6,8.1,1022.0,10.8,2.08
2020,06,08,12,40,316,6.2,7.5,1022.5,10.6,2.17
2020,06,08,15,40,331,5.4,6.5,1023.2,10.4,1.82
2020,06,08,18,40,305,6.9,8.4,1024.2,10.4,1.76
2020,06,08,21,40,314,7.9,9.8,1023.2,10.5,1.70
2020,06,09,00,40,319,7.7,9.4,1022.9,10.6,1.60
2020,06,09,03,40,314,7.9,9.6,1022.2,10.5,1.84
2020,06,09,06,40,312,7.7,9.8,1022.2,10.6,1.94
2020,06,09,09,40,323,6.3,8.1,1022.1,10.5,1.72
2020,06,09,12,40,326,4.6,5.7,1021.8,10.5,1.41
2020,06,09,15,40,329,3.9,4.9,1022.5,10.6,1.31
2020,06,09,18,40,313,6.3,7.6,1022.6,11.1,1.18
2020,06,09,21,40,309,7.5,8.9,1021.5,11.6,1.15
2020,06,10,00,40,299,5.2,6.5,1020.6,11.5,1.10
2020,06,10,03,40,310,7.2,8.5,1019.4,11.1,1.43
2020,06,10,06,40,309,7.0,8.5,1019.6,10.9,1.51
2020,06,10,09,40,314,5.9,7.3,1019.1,10.8,1.53
2020,06,10,12,40,318,6.9,9.4,1018.5,10.8,1.46
2020,06,10,15,40,325,7.3,10.0,1018.8,10.9,1.26
2020,06,10,18,40,312,4.0,5.1,1018.5,10.9,1.23
2020,06,10,21,40,296,7.0,8.6,1017.5,11.3,1.30
2020,06,11,01,40,305,7.7,9.0,1016.0,11.1,1.30
2020,06,11,04,40,304,7.5,9.2,1016.7,10.9,1.55
2020,06,11,07,40,311,7.8,9.7,1016.7,10.8,1.82
2020,06,11,10,40,317,5.8,7.1,1015.8,11.0,1.45
2020,06,11,13,40,304,2.6,3.4,1016.6,10.9,1.18
2020,06,11,16,40,271,2.2,2.8,1017.0,11.0,1.08
2020,06,11,19,40,287,4.6,6.1,1017.1,12.1,1.32
2020,06,11,22,40,299,5.8,7.2,1016.4,11.7,1.33
2020,06,12,01,40,304,5.4,6.5,1015.7,12.0,1.35
2020,06,12,04,40,300,4.5,5.6,1016.0,11.6,1.27
2020,06,12,07,40,287,5.9,7.4,1016.2,11.7,1.41
2020,06,12,10,40,294,6.4,7.7,1016.4,11.5,1.73
2020,06,12,13,40,284,5.4,7.4,1017.7,11.5,1.66
2020,06,12,16,40,278,4.9,6.5,1019.1,11.7,1.51
2020,06,12,19,40,262,6.0,7.7,1019.7,11.8,1.40
2020,06,12,22,40,262,7.0,8.6,1019.6,12.1,1.42
2020,06,13,01,40,274,7.0,8.4,1018.8,12.2,1.60
2020,06,13,04,40,277,6.8,8.3,1019.3,12.0,1.39
2020,06,13,07,40,268,5.4,6.5,1019.5,11.8,1.46
2020,06,13,10,40,265,5.0,6.4,1019.5,11.8,1.53
2020,06,13,13,40,278,5.1,6.5,1019.3,11.9,1.41
2020,06,13,16,40,276,4.9,5.9,1019.8,12.0,1.45
2020,06,13,19,40,255,3.1,3.8,1020.2,12.4,1.38
2020,06,13,22,40,230,2.1,2.7,1019.5,12.9,1.20
2020,06,14,01,40,235,2.3,2.9,1018.2,13.6,1.27
2020,06,14,04,40,189,1.0,1.7,1017.8,13.1,1.15
2020,06,14,07,40,98,1.3,1.8,1017.3,13.0,0.94
2020,06,14,10,40,167,1.6,2.0,1016.3,12.8,0.90
2020,06,14,13,40,21,0.9,1.5,1016.8,12.8,1.00
2020,06,14,16,40,301,2.1,3.4,1018.1,13.1,1.16
2020,06,14,19,40,290,5.3,6.8,1018.5,13.4,1.30
2020,06,14,22,40,301,6.8,8.2,1017.9,13.1,1.17
2020,06,15,01,40,299,8.2,10.1,1016.7,12.8,1.35
2020,06,15,04,40,310,9.7,11.6,1016.2,12.6,1.48
2020,06,15,07,40,325,5.9,7.4,1016.4,12.5,1.90
2020,06,15,10,40,324,7.2,8.7,1016.2,12.5,1.64
2020,06,15,13,40,307,7.3,8.5,1016.8,12.5,1.75
2020,06,15,16,40,290,8.3,10.2,1017.9,12.5,1.48
2020,06,15,19,40,279,7.1,8.8,1018.4,12.7,1.52
2020,06,15,22,40,299,6.8,8.5,1017.9,13.0,1.54
2020,06,16,01,40,287,8.3,10.0,1017.1,12.8,1.40
2020,06,16,04,40,296,12.7,15.6,1016.4,12.6,1.93
2020,06,16,07,40,302,8.9,11.3,1016.6,12.1,1.75
2020,06,16,10,40,304,10.6,13.1,1015.8,11.6,1.82
2020,06,16,13,40,300,11.2,14.4,1016.4,11.4,2.26
2020,06,16,16,40,294,11.5,14.4,1017.7,11.0,2.11
2020,06,16,19,40,306,9.7,11.8,1018.0,11.0,2.17
2020,06,16,22,40,304,10.5,13.4,1016.9,11.0,2.25
2020,06,17,01,40,312,11.7,14.8,1015.9,10.9,2.62
2020,06,17,04,40,328,10.0,12.4,1016.2,10.6,2.84
2020,06,17,07,40,321,7.3,9.1,1016.0,10.6,2.59
2020,06,17,10,40,321,7.6,9.8,1015.7,10.5,2.51
2020,06,17,13,40,311,8.4,10.4,1016.0,10.4,2.69
2020,06,17,16,40,303,7.1,8.4,1016.5,10.5,2.22
2020,06,17,19,40,295,5.7,7.7,1015.8,10.6,2.28
2020,06,17,22,40,307,6.6,8.2,1015.3,11.2,2.27
2020,06,18,01,40,301,5.8,7.2,1013.8,11.1,2.26
2020,06,18,04,40,280,3.8,5.1,1013.7,10.8,2.43
2020,06,18,07,40,289,2.2,3.6,1013.8,10.7,2.35
2020,06,18,10,40,301,2.2,3.5,1013.4,10.7,2.49
2020,06,18,13,40,357,1.4,2.4,1013.2,10.6,2.30
2020,06,18,16,40,155,1.5,2.6,1013.6,10.8,2.18
2020,06,18,19,40,142,0.4,1.3,1013.8,11.1,1.97
2020,06,18,22,40,269,2.7,4.2,1013.2,11.6,1.74
2020,06,19,01,40,264,1.8,2.8,1012.2,12.6,1.71
2020,06,19,04,40,284,2.3,3.3,1012.2,12.2,1.73
2020,06,19,07,40,195,2.2,2.9,1012.4,11.6,1.54
2020,06,19,11,40,163,5.0,6.8,1012.2,11.1,1.56
2020,06,19,14,40,152,4.8,6.1,1013.5,10.9,1.51
2020,06,19,17,40,153,5.6,7.2,1014.4,11.2,1.51
2020,06,19,20,40,159,2.7,3.5,1014.9,11.7,1.43
2020,06,19,23,40,156,1.5,2.4,1014.0,12.0,1.34
2020,06,20,02,40,233,2.6,3.7,1013.8,11.8,1.42
2020,06,20,06,40,244,1.6,3.0,1014.7,12.0,1.32
2020,06,20,09,40,263,2.2,3.1,1014.9,12.1,1.35
2020,06,20,12,40,171,3.4,4.4,1015.3,12.0,1.34
2020,06,20,15,40,188,3.0,3.9,1016.6,12.0,1.54
2020,06,20,18,40,229,3.6,4.5,1017.5,11.9,1.52
2020,06,20,21,40,266,3.4,4.4,1017.5,12.5,1.37
2020,06,21,00,40,271,3.7,5.3,1016.4,12.5,1.38
2020,06,21,03,40,298,5.0,6.5,1015.7,12.2,1.57
2020,06,21,06,40,301,8.8,10.6,1015.1,12.1,1.92
2020,06,21,09,40,322,5.4,7.2,1014.8,11.9,1.96
2020,06,21,12,40,311,8.3,10.3,1015.2,11.9,1.72
2020,06,21,15,40,306,7.5,9.4,1015.6,11.9,1.73
2020,06,21,18,40,320,6.4,8.2,1016.7,11.7,1.74
2020,06,21,21,40,309,7.2,8.6,1016.1,11.5,1.98
2020,06,22,00,40,297,5.4,7.4,1014.9,11.7,2.20
2020,06,22,03,40,281,5.0,6.4,1014.4,11.8,2.04
2020,06,22,06,40,242,3.3,4.7,1014.7,11.6,2.00
2020,06,22,09,40,261,1.8,2.8,1014.2,12.0,1.92
2020,06,22,12,40,255,1.6,2.7,1014.2,12.6,1.83
2020,06,22,15,40,152,2.8,4.4,1015.4,12.4,1.79
2020,06,22,18,40,159,4.1,5.6,1015.7,12.4,1.51
2020,06,22,21,40,202,3.1,3.9,1015.2,13.5,1.75
2020,06,23,00,40,209,2.2,3.2,1014.6,12.9,1.62
2020,06,23,03,40,182,3.5,4.5,1014.1,12.9,1.53
2020,06,23,06,40,183,3.5,4.6,1014.6,12.7,1.34
2020,06,23,09,40,157,2.2,2.9,1013.8,12.9,1.09
2020,06,23,12,40,151,3.3,4.1,1013.5,13.3,1.11
2020,06,23,15,40,145,4.2,5.7,1014.1,13.5,1.05
2020,06,23,18,40,144,3.3,3.9,1014.3,13.4,1.09
2020,06,23,21,40,142,1.7,2.7,1013.8,13.2,1.08
2020,06,24,00,40,143,1.2,1.9,1012.6,13.2,1.08
2020,06,24,03,40,243,1.8,3.0,1012.9,13.1,1.05
2020,06,24,06,40,293,2.7,3.7,1012.7,13.3,1.09
2020,06,24,09,40,190,2.3,3.2,1011.6,13.9,1.04
2020,06,24,12,40,174,0.5,1.2,1011.0,13.3,1.09
2020,06,24,15,40,296,3.6,4.6,1011.4,13.3,1.48
2020,06,24,18,40,255,0.6,1.3,1011.6,13.3,1.75
2020,06,24,21,40,315,4.3,5.5,1010.7,13.8,1.61
2020,06,25,00,40,282,5.8,7.7,1008.4,14.3,1.81
2020,06,25,03,40,314,6.7,8.6,1008.5,13.7,2.33
2020,06,25,06,40,308,7.7,9.6,1009.1,13.4,2.68
2020,06,25,09,40,305,6.8,8.9,1008.5,13.0,2.05
2020,06,25,12,40,309,5.4,6.9,1008.9,13.3,2.14
2020,06,25,15,40,237,2.2,4.2,1009.8,13.6,1.91
2020,06,25,18,40,195,4.3,5.3,1010.5,13.8,1.88
2020,06,25,21,40,198,3.5,4.4,1010.5,13.8,1.84
2020,06,26,00,40,228,4.1,5.5,1010.1,14.2,1.67
2020,06,26,03,40,233,4.0,5.1,1010.5,14.2,1.59
2020,06,26,06,40,191,3.7,5.8,1012.1,14.1,1.46
2020,06,26,09,40,193,3.5,5.1,1011.6,14.1,1.51
2020,06,26,12,40,191,3.4,4.6,1012.0,14.0,1.33
2020,06,26,15,40,165,5.0,6.8,1013.5,14.1,1.31
2020,06,26,18,40,171,3.6,4.8,1014.0,14.1,1.19
2020,06,26,21,40,195,3.1,3.8,1013.7,14.5,1.33
2020,06,27,00,40,205,2.1,2.9,1012.6,14.4,1.24
2020,06,27,03,40,232,3.3,4.5,1012.2,14.6,1.10
2020,06,27,06,40,222,2.5,3.5,1012.6,14.6,1.06
2020,06,27,09,40,228,3.4,4.1,1012.2,14.3,0.98
2020,06,27,12,40,205,4.4,5.8,1011.8,14.2,0.97
2020,06,27,15,40,192,3.4,4.8,1012.4,13.9,1.10
2020,06,27,18,40,236,3.0,3.9,1013.1,13.9,1.21
2020,06,27,21,40,240,4.4,5.8,1012.6,14.3,1.22
2020,06,28,00,40,313,6.3,7.9,1011.5,14.1,1.42
2020,06,28,03,40,281,5.7,7.8,1010.2,13.8,1.48
2020,06,28,06,40,293,7.9,9.7,1009.4,13.8,2.14
2020,06,28,09,40,298,8.6,11.8,1008.7,13.6,2.66
2020,06,28,12,40,311,9.4,12.3,1008.0,13.2,3.21
2020,06,28,15,40,309,9.8,12.9,1008.5,12.0,3.16
2020,06,28,18,40,303,9.8,13.1,1008.9,12.2,3.26
2020,06,28,21,40,298,12.0,15.8,1007.6,12.3,3.22
2020,06,29,00,40,298,13.6,17.5,1005.8,12.2,4.03
2020,06,29,03,40,329,5.7,8.0,1006.3,12.6,3.13
2020,06,29,06,40,333,4.2,6.4,1007.8,13.0,3.44
2020,06,29,09,40,347,1.4,3.2,1008.7,12.8,3.24
2020,06,29,12,40,155,1.8,3.8,1009.9,12.3,2.76
2020,06,29,15,40,179,2.7,4.4,1012.4,12.0,2.79
2020,06,29,18,40,164,2.6,4.4,1013.6,12.3,2.30
2020,06,29,21,40,213,2.6,3.5,1013.7,12.9,2.44
2020,06,30,00,40,302,4.3,5.5,1013.1,13.3,2.52
2020,06,30,03,40,279,4.6,6.3,1013.2,12.8,2.17
2020,06,30,06,40,264,1.9,3.2,1013.5,12.9,2.08
2020,06,30,09,40,215,1.1,1.6,1013.4,12.7,1.96
2020,06,30,12,40,246,1.5,2.4,1013.6,12.2,2.02
2020,06,30,15,40,188,2.0,2.8,1014.4,12.5,2.01
2020,06,30,18,40,123,1.0,2.5,1014.9,12.8,2.23
2020,06,30,21,40,300,5.8,7.3,1014.2,13.0,1.94
2020,07,01,00,40,303,9.1,11.7,1012.7,12.8,2.09
2020,07,01,03,40,305,7.4,9.3,1011.6,12.5,2.49
2020,07,01,06,40,310,5.6,7.4,1011.4,12.4,2.48
2020,07,01,09,40,319,4.0,5.7,1010.7,12.5,2.54
2020,07,01,12,40,317,4.8,6.9,1010.2,12.4,2.46
2020,07,01,15,40,354,1.0,2.4,1011.0,12.4,2.67
2020,07,01,18,40,193,1.7,3.0,1011.4,13.0,2.22
2020,07,01,21,40,194,2.7,4.0,1011.6,13.6,1.94
2020,07,02,00,40,272,2.1,3.9,1011.1,13.7,2.00
2020,07,02,03,40,263,3.5,4.7,1010.8,13.4,1.94
2020,07,02,06,40,239,2.9,4.5,1011.1,13.2,2.23
2020,07,02,09,40,185,4.5,7.1,1010.6,13.3,2.13
2020,07,02,12,40,161,6.0,8.4,1010.9,13.3,1.76
2020,07,02,15,40,159,7.3,9.2,1012.2,13.2,1.84
2020,07,02,18,40,166,4.2,5.4,1013.6,12.9,1.78
2020,07,02,22,40,186,3.4,4.6,1014.3,13.3,1.67
2020,07,03,01,40,214,2.8,3.6,1013.8,13.1,1.59
2020,07,03,04,40,195,3.7,5.4,1014.3,13.1,1.40
2020,07,03,07,40,192,4.2,5.6,1014.7,13.1,1.38
2020,07,03,10,40,176,4.2,6.4,1015.2,12.9,1.26
2020,07,03,13,40,247,2.6,4.3,1016.5,12.8,1.40
2020,07,03,16,40,258,0.3,0.9,1017.9,13.0,1.31
2020,07,03,19,40,224,3.1,3.8,1018.7,13.3,1.29
2020,07,03,22,40,296,4.9,6.9,1018.6,13.5,1.25
2020,07,04,01,40,308,7.5,9.5,1017.4,13.5,1.40
2020,07,04,04,40,306,7.7,9.4,1017.0,13.1,1.71
2020,07,04,07,40,313,6.5,7.9,1017.1,12.9,1.77
2020,07,04,10,40,311,4.7,6.0,1016.7,12.7,1.64
2020,07,04,13,40,316,4.2,5.4,1017.5,12.5,1.77
2020,07,04,16,40,316,4.8,6.2,1018.4,12.7,1.71
2020,07,04,19,40,314,6.4,7.8,1018.8,12.9,1.81
2020,07,04,22,40,301,8.0,9.6,1017.9,13.0,2.05
2020,07,05,01,40,307,7.9,9.6,1016.6,12.4,2.23
2020,07,05,04,40,313,9.9,12.5,1016.2,12.2,2.55
2020,07,05,07,40,330,6.8,8.7,1016.7,12.0,2.01
2020,07,05,10,40,310,7.3,9.7,1016.6,12.0,2.07
2020,07,05,13,40,317,8.2,10.4,1016.9,12.3,2.13
2020,07,05,16,40,319,7.9,9.9,1017.4,12.2,2.18
2020,07,05,19,40,315,9.5,11.8,1017.3,12.2,2.34
2020,07,05,22,40,316,8.9,11.2,1016.4,13.5,2.53
2020,07,06,01,40,314,10.7,13.9,1015.5,13.6,2.83
2020,07,06,04,40,312,11.9,15.2,1014.9,13.4,3.14
2020,07,06,07,40,307,11.9,14.6,1014.5,13.3,2.64
2020,07,06,10,40,310,11.7,15.5,1013.6,13.2,2.49
2020,07,06,13,40,315,11.7,15.3,1014.5,12.7,2.47
2020,07,06,16,40,310,10.9,14.0,1015.7,12.3,2.63
2020,07,06,19,40,310,11.9,14.8,1016.2,12.3,2.59
2020,07,06,22,40,308,10.4,13.6,1015.9,12.3,2.31
2020,07,07,01,40,306,11.1,13.5,1015.3,12.1,2.59
2020,07,07,04,40,304,12.6,16.3,1014.7,12.0,2.92
2020,07,07,07,40,300,11.9,15.4,1015.1,11.6,2.33
2020,07,07,10,40,303,10.8,13.4,1014.3,10.7,2.21
2020,07,07,13,40,320,8.9,10.7,1015.0,10.5,2.09
2020,07,10,23,40,283,4.5,5.9,1017.4,11.7,1.41
2020,07,11,05,40,311,5.3,7.2,1016.2,11.5,1.68
2020,07,11,08,40,313,5.1,6.8,1015.8,11.5,1.88
2020,07,11,11,40,303,4.0,5.3,1015.7,11.5,1.68
2020,07,11,14,40,313,5.1,6.3,1017.2,11.7,1.42
2020,07,11,17,40,314,7.3,9.0,1017.9,11.9,1.58
2020,07,11,20,40,307,7.7,9.6,1018.1,12.2,1.67
2020,07,11,23,40,306,8.3,10.7,1016.9,12.3,1.74
2020,07,12,02,40,313,8.7,11.0,1015.7,12.2,1.96
2020,07,12,05,40,310,8.6,10.5,1015.8,12.2,2.18
2020,07,12,08,40,315,6.7,8.2,1015.5,12.4,1.97
2020,07,12,11,40,313,5.4,6.9,1014.6,12.1,2.04
2020,07,12,14,40,311,4.4,6.1,1015.3,12.2,1.85
2020,07,12,17,40,316,5.3,6.7,1015.0,12.4,1.75
2020,07,12,20,40,312,7.2,8.7,1014.3,12.7,1.66
2020,07,12,23,40,303,8.9,10.7,1012.4,12.7,1.66
2020,07,13,02,40,312,9.1,11.5,1011.5,12.5,2.41
2020,07,13,05,40,306,10.9,13.9,1011.9,12.3,2.31
2020,07,13,08,40,301,8.9,11.1,1011.6,12.1,2.16
2020,07,13,11,40,309,7.6,9.6,1011.2,12.2,2.57
2020,07,13,14,40,306,6.8,8.6,1012.2,12.2,2.35
2020,07,13,17,40,306,6.9,8.6,1013.0,12.1,2.36
2020,07,13,20,40,289,4.4,6.0,1013.7,12.4,2.28
2020,07,13,23,40,265,4.2,5.3,1013.1,12.9,2.21
2020,07,14,02,40,269,4.5,5.9,1012.6,12.7,2.00
2020,07,14,05,40,261,4.2,5.3,1013.1,12.6,2.18
2020,07,14,08,40,255,3.6,5.0,1013.0,12.5,2.19
2020,07,14,11,40,240,2.4,4.0,1012.1,12.4,1.88
2020,07,14,14,40,153,4.3,5.9,1013.0,12.4,1.74
2020,07,14,17,40,172,6.2,8.0,1014.6,12.4,1.64
2020,07,14,20,40,187,2.0,2.8,1014.9,12.5,1.53
2020,07,14,23,40,201,3.5,4.5,1014.4,12.5,1.55
2020,07,15,02,40,238,1.2,2.1,1014.1,12.5,1.21
2020,07,15,05,40,231,3.3,3.9,1014.4,12.5,1.08
2020,07,15,09,40,192,2.7,3.5,1013.6,12.5,1.10
2020,07,15,12,40,170,3.8,4.6,1013.8,12.5,1.17
2020,07,15,15,40,158,3.1,4.5,1014.1,12.4,1.08
2020,07,15,18,40,162,6.8,9.3,1014.6,12.4,1.24
2020,07,15,21,40,165,3.4,4.8,1014.3,12.9,1.12
2020,07,16,00,40,179,2.1,2.7,1013.3,13.0,1.01
2020,07,16,03,40,180,2.6,3.7,1013.2,13.0,1.01
2020,07,16,06,40,188,3.6,5.0,1013.5,12.7,1.14
2020,07,16,09,40,176,1.8,2.6,1013.0,12.7,1.14
2020,07,16,12,40,128,2.1,2.9,1012.7,12.9,1.10
2020,07,16,15,40,153,3.3,4.1,1013.6,13.0,1.14
2020,07,16,18,40,157,3.0,4.1,1014.4,13.1,1.15
2020,07,16,21,40,198,2.6,3.4,1014.3,13.6,1.16
2020,07,17,00,40,220,2.4,3.1,1013.7,13.0,1.02
2020,07,17,03,40,298,2.4,3.2,1013.8,12.8,1.04
2020,07,17,06,40,289,1.4,2.2,1014.4,12.8,1.21
2020,07,17,09,40,197,2.3,2.9,1014.1,12.9,1.01
2020,07,17,12,40,177,3.6,4.5,1014.1,13.2,1.22
2020,07,17,15,40,170,2.1,3.0,1015.9,12.7,1.26
2020,07,17,18,40,200,0.4,0.7,1016.2,13.1,1.25
2020,07,17,21,40,157,2.6,3.7,1015.7,13.1,1.12
2020,07,18,00,40,184,3.0,4.2,1014.6,13.1,1.30
2020,07,18,03,40,176,2.4,3.5,1014.6,13.0,1.31
2020,07,18,06,40,184,4.4,5.4,1015.2,12.7,1.28
2020,07,18,09,40,165,2.3,3.5,1014.9,12.5,1.11
2020,07,18,12,40,159,3.6,5.0,1015.2,13.0,1.19
2020,07,18,15,40,161,3.7,5.7,1016.5,12.9,1.57
2020,07,18,18,40,148,2.3,4.0,1017.2,13.1,1.73
2020,07,18,21,40,148,1.4,2.6,1016.8,13.2,1.40
2020,07,19,00,40,115,0.4,1.0,1015.5,13.1,1.46
2020,07,19,03,40,188,3.3,4.4,1015.3,13.1,1.38
2020,07,19,06,40,198,2.7,4.5,1015.7,13.3,1.24
2020,07,19,09,40,175,2.4,3.5,1015.5,13.3,1.15
2020,07,19,12,40,179,2.4,3.8,1015.4,13.4,1.02
2020,07,19,15,40,183,1.5,2.1,1016.5,13.3,1.06
2020,07,19,18,40,206,1.3,1.9,1017.2,13.4,1.09
2020,07,19,21,40,249,1.9,2.4,1017.4,13.5,1.04
2020,07,20,00,40,225,2.7,4.2,1016.4,14.0,1.00
2020,07,20,03,40,226,2.7,4.4,1016.0,14.2,0.99
2020,07,20,06,40,275,3.4,4.5,1016.6,14.1,1.04
2020,07,20,09,40,224,1.7,3.2,1016.9,13.9,0.92
2020,07,20,12,40,272,2.5,4.3,1016.9,13.6,0.99
2020,07,20,15,40,254,1.7,3.0,1017.7,13.9,0.92
2020,07,20,18,40,308,2.5,3.5,1017.7,13.9,0.94
2020,07,20,21,40,279,3.2,4.1,1016.8,14.0,0.94
2020,07,21,00,40,288,3.5,4.8,1015.2,14.0,0.80
2020,07,21,03,40,284,4.2,5.4,1014.1,14.1,0.82
2020,07,21,06,40,275,3.2,4.3,1014.2,14.0,0.88
2020,07,21,09,40,279,0.5,1.2,1013.3,13.7,0.90
2020,07,21,12,40,217,2.3,3.1,1013.2,13.8,0.78
2020,07,21,15,40,193,1.6,2.4,1013.7,13.9,0.79
2020,07,21,18,40,283,3.4,4.4,1013.8,13.9,0.90
2020,07,21,21,40,276,4.4,5.9,1012.9,14.4,1.06
2020,07,22,00,40,263,3.5,4.4,1011.4,14.6,0.97
2020,07,22,03,40,251,2.8,4.0,1011.0,14.5,1.06
2020,07,22,06,40,250,3.6,4.7,1011.2,14.3,1.13
2020,07,22,09,40,230,2.5,3.6,1010.9,14.2,1.21
2020,07,22,12,40,154,1.5,2.5,1010.6,14.1,1.14
2020,07,22,15,40,158,5.0,6.3,1011.3,14.0,1.09
2020,07,22,18,40,152,5.9,7.8,1011.9,14.0,1.23
2020,07,22,21,40,198,2.7,3.5,1012.1,14.2,1.27
2020,07,23,00,40,228,3.2,4.0,1011.3,14.4,1.25
2020,07,23,03,40,272,3.6,4.9,1011.6,14.5,0.99
2020,07,23,06,40,279,3.4,4.3,1012.1,14.3,0.97
2020,07,23,09,40,293,3.8,4.8,1012.1,14.1,1.03
2020,07,23,12,40,278,2.4,3.9,1012.4,14.1,1.13
2020,07,23,15,40,231,1.6,2.6,1013.4,14.4,1.45
2020,07,23,18,40,168,3.7,5.3,1014.5,14.2,1.31
2020,07,23,21,40,229,2.4,3.4,1014.3,14.3,1.46
2020,07,24,00,40,292,3.6,5.1,1013.3,14.4,1.25
2020,07,24,03,40,295,5.2,6.8,1012.7,14.3,1.39
2020,07,24,06,40,310,6.5,8.2,1012.8,14.0,1.63
2020,07,24,09,40,311,8.8,10.8,1012.1,13.6,1.81
2020,07,24,12,40,308,9.3,11.4,1013.0,13.9,2.06
2020,07,24,15,40,311,9.1,11.0,1014.3,13.4,2.22
2020,07,24,18,40,301,6.8,8.7,1015.1,13.3,1.83
2020,07,24,21,40,303,5.8,7.1,1014.9,13.7,1.56
2020,07,25,01,40,268,4.3,5.7,1014.1,13.7,1.40
2020,07,25,04,40,259,4.6,5.7,1013.8,13.8,1.34
2020,07,25,07,40,282,2.9,4.3,1013.5,13.6,1.34
2020,07,25,10,40,197,2.4,3.5,1012.9,13.6,1.49
2020,07,25,13,40,158,4.3,6.4,1013.2,14.4,1.40
2020,07,25,16,40,159,5.3,6.7,1014.2,14.2,1.52
2020,07,25,19,40,160,4.5,6.3,1014.6,14.2,1.45
2020,07,25,22,40,177,4.6,6.9,1013.8,14.0,1.47
2020,07,26,01,40,192,3.3,4.6,1013.1,13.6,1.33
2020,07,26,04,40,180,4.4,5.7,1013.8,13.4,1.09
2020,07,26,07,40,210,3.1,4.3,1014.3,13.2,1.06
2020,07,26,10,40,181,2.6,4.1,1014.0,13.3,1.12
2020,07,26,13,40,201,2.6,3.4,1014.3,13.3,1.03
2020,07,26,16,40,218,1.5,2.0,1015.4,13.5,1.05
2020,07,26,19,40,231,0.5,0.9,1015.8,13.3,1.05
2020,07,26,22,40,272,1.4,2.0,1015.0,14.0,1.08
2020,07,27,01,40,228,2.3,4.0,1014.1,14.0,1.01
2020,07,27,04,40,217,1.4,3.1,1014.8,14.4,0.96
2020,07,27,07,40,254,3.0,4.4,1014.7,14.2,1.08
2020,07,27,10,40,231,2.2,3.7,1014.3,13.4,1.01
2020,07,27,13,40,292,2.0,3.0,1014.5,13.7,0.90
2020,07,27,16,40,237,0.7,1.3,1014.9,13.7,0.80
2020,07,27,19,40,233,2.2,2.9,1015.4,14.8,0.83
2020,07,27,22,40,276,3.4,4.3,1014.3,14.7,0.78
2020,07,28,01,40,276,4.0,5.4,1013.7,14.2,0.73
2020,07,28,04,40,291,3.3,4.4,1014.3,14.1,0.75
2020,07,28,07,40,287,3.6,5.3,1014.3,14.3,0.70
2020,07,28,10,40,280,1.9,2.8,1013.2,14.1,0.71
2020,07,28,13,40,281,2.9,4.1,1014.1,14.0,0.74
2020,07,29,02,40,298,4.5,6.3,1012.3,14.4,0.72
2020,07,29,05,40,308,4.3,5.6,1013.2,14.3,0.79
2020,07,29,08,40,297,3.2,5.1,1012.9,14.7,0.83
2020,07,29,11,40,265,3.8,4.9,1012.8,14.5,0.79
2020,07,29,14,40,275,1.0,1.9,1014.1,14.5,0.81
2020,07,29,17,40,281,2.1,2.9,1015.5,14.6,0.84
2020,07,29,20,40,286,3.5,5.0,1015.3,14.8,0.70
2020,07,29,23,40,291,4.8,6.4,1014.6,14.6,0.75
2020,07,30,02,40,296,4.6,6.7,1013.7,14.7,0.72
2020,07,30,05,40,305,3.9,5.8,1014.8,14.4,0.76
2020,07,30,08,40,292,4.5,6.5,1015.7,14.7,0.80
2020,07,30,11,40,270,1.7,3.9,1015.5,14.6,0.70
2020,07,30,14,40,268,4.4,6.3,1017.0,14.6,0.74
2020,07,30,17,40,313,2.6,3.5,1017.6,14.6,0.77
2020,07,30,20,40,284,3.8,4.9,1017.6,14.8,0.68
2020,07,30,23,40,307,6.3,7.5,1016.8,14.9,0.74
2020,07,31,02,40,313,7.0,9.0,1015.9,14.6,0.80
2020,07,31,05,40,301,5.3,7.1,1016.5,14.2,0.91
2020,07,31,08,40,307,4.8,6.2,1016.6,14.4,0.76
2020,07,31,11,40,290,4.6,6.8,1016.5,14.5,0.81
2020,07,31,14,40,300,6.4,8.2,1018.3,14.3,0.81
2020,07,31,17,40,308,8.0,9.8,1018.5,14.0,1.05
2020,07,31,20,40,313,9.6,11.7,1018.1,13.7,1.19
2020,07,31,23,40,309,9.1,11.6,1017.2,14.0,1.44
2020,08,01,02,40,303,9.6,12.2,1016.2,13.6,1.68
2020,08,01,05,40,306,9.8,12.3,1016.8,13.3,1.83
2020,08,01,08,40,315,8.8,10.6,1016.2,13.6,1.62
2020,08,01,11,40,316,9.4,13.5,1016.6,13.9,1.49
2020,08,01,14,40,316,8.4,11.0,1017.7,14.1,1.51
2020,08,01,17,40,316,6.9,9.4,1018.5,14.0,1.54
2020,08,01,20,40,312,8.2,10.5,1018.1,14.0,1.58
2020,08,01,23,40,307,8.6,10.9,1016.8,14.0,1.53
2020,08,02,02,40,304,6.9,8.5,1016.5,13.9,1.68
2020,08,02,05,40,306,7.1,8.5,1016.4,13.8,1.63
2020,08,02,09,40,314,9.3,12.4,1016.5,12.6,1.72
2020,08,02,12,40,314,7.2,9.3,1016.8,12.6,1.54
2020,08,02,15,40,314,6.8,8.6,1017.9,12.0,1.54
2020,08,02,18,40,317,6.6,9.1,1018.3,11.8,1.66
2020,08,02,21,40,309,6.4,8.5,1018.3,11.9,1.50
2020,08,03,00,40,300,9.8,12.6,1017.0,12.0,1.56
2020,08,03,03,40,318,9.2,11.3,1016.2,12.2,2.15
2020,08,03,06,40,311,9.4,11.2,1016.9,12.4,1.79
2020,08,03,09,40,309,8.4,10.0,1016.5,12.0,1.65
2020,08,03,12,40,312,6.3,7.5,1016.8,11.6,1.46
2020,08,03,15,40,321,6.6,8.2,1017.6,11.4,1.80
2020,08,03,18,40,321,6.1,8.1,1018.4,11.3,1.77
2020,08,03,21,40,317,7.5,9.5,1018.2,11.9,1.73
2020,08,04,00,40,306,9.5,11.7,1016.9,11.7,1.90
2020,08,04,03,40,305,9.9,12.2,1016.1,11.6,2.07
2020,08,04,06,40,309,7.8,9.6,1015.7,11.4,1.99
2020,08,04,09,40,313,7.5,9.5,1015.4,11.3,1.89
2020,08,04,12,40,325,5.8,8.0,1015.4,11.2,1.88
2020,08,04,15,40,308,6.7,8.9,1016.0,11.1,1.85
2020,08,04,18,40,300,6.7,8.2,1016.6,11.4,1.77
2020,08,04,21,40,289,6.3,7.9,1016.2,11.9,1.62
2020,08,05,00,40,288,4.3,6.2,1015.4,11.8,1.71
2020,08,05,03,40,295,7.5,9.7,1014.6,12.0,2.22
2020,08,05,06,40,301,7.5,10.0,1014.9,12.1,2.19
2020,08,05,09,40,308,9.4,12.1,1014.3,11.4,2.02
2020,08,05,12,40,301,10.1,12.6,1014.1,11.2,1.77
2020,08,05,15,40,275,6.5,8.2,1015.4,11.0,1.68
2020,08,05,18,40,279,6.7,8.3,1015.5,11.6,1.61
2020,08,05,21,40,265,6.8,8.0,1015.4,12.2,1.56
2020,08,06,00,40,258,6.4,7.9,1014.3,12.0,1.58
2020,08,06,03,40,262,8.2,10.2,1013.4,11.4,1.38
2020,08,06,06,40,293,6.7,8.5,1013.2,11.3,1.42
2020,08,06,09,40,309,3.1,4.4,1013.0,11.2,1.43
2020,08,06,12,40,302,4.6,5.8,1012.4,11.4,1.62
2020,08,06,15,40,335,0.6,1.4,1013.8,11.6,1.42
2020,08,06,18,40,309,0.4,1.0,1014.7,11.8,1.38
2020,08,06,21,40,254,3.5,4.3,1014.5,12.6,1.17
2020,08,07,00,40,312,6.1,9.1,1013.5,11.8,1.53
2020,08,07,03,40,296,8.5,10.5,1013.0,11.6,1.52
2020,08,07,06,40,293,5.0,6.1,1013.2,11.4,1.65
2020,08,07,09,40,267,1.9,2.7,1013.0,11.6,1.96
2020,08,07,12,40,270,3.1,4.6,1013.0,11.7,1.92
2020,08,07,15,40,187,1.9,3.2,1014.3,11.7,1.80
2020,08,07,18,40,140,2.6,3.9,1014.9,11.8,1.63
2020,08,07,21,40,178,1.8,2.8,1014.9,12.4,1.80
2020,08,08,00,40,188,1.1,1.7,1014.3,12.6,1.88
2020,08,08,03,40,266,1.5,3.0,1014.5,12.6,1.82
2020,08,08,06,40,208,1.4,2.4,1014.8,12.4,1.73
2020,08,08,09,40,164,3.9,5.6,1014.4,12.3,2.04
2020,08,08,12,40,182,4.7,7.0,1014.8,12.2,2.30
2020,08,08,15,40,156,4.5,6.1,1015.9,12.4,1.99
2020,08,08,18,40,153,4.7,6.3,1016.2,12.5,1.86
2020,08,08,21,40,152,4.4,5.8,1015.8,13.1,1.83
2020,08,09,00,40,162,1.7,2.7,1014.6,13.6,1.82
2020,08,09,03,40,182,1.8,2.7,1014.4,13.6,1.61
2020,08,09,06,40,169,2.4,3.9,1014.3,13.5,1.67
2020,08,09,09,40,167,3.0,4.3,1013.7,13.4,1.55
2020,08,09,12,40,157,4.0,5.3,1013.7,12.7,1.77
2020,08,09,15,40,164,3.1,5.0,1015.0,13.1,1.68
2020,08,09,18,40,148,2.9,4.4,1015.2,13.3,1.54
2020,08,09,21,40,154,3.0,4.8,1014.4,13.5,1.58
2020,08,10,00,40,163,1.8,3.0,1013.3,13.8,1.73
2020,08,10,03,40,186,2.6,4.1,1013.4,13.2,1.83
2020,08,10,06,40,176,3.0,4.4,1013.6,13.3,2.09
2020,08,10,09,40,152,1.8,3.3,1013.0,13.2,1.65
2020,08,10,12,40,162,1.5,2.6,1012.9,13.1,1.60
2020,08,10,15,40,166,3.6,5.4,1014.1,13.0,1.53
2020,08,10,18,40,155,3.5,5.1,1014.9,12.9,1.55
2020,08,10,21,40,153,2.8,3.7,1014.4,13.9,1.78
2020,08,11,00,40,147,2.2,3.5,1013.5,13.8,1.82
2020,08,11,03,40,203,2.1,2.7,1013.4,13.3,1.41
2020,08,11,06,40,207,2.5,3.6,1013.8,13.0,1.51
2020,08,11,09,40,195,1.2,1.9,1013.4,13.3,1.54
2020,08,11,12,40,166,2.0,3.0,1013.2,13.3,1.47
2020,08,11,15,40,159,3.3,4.6,1014.7,13.0,1.28
2020,08,11,18,40,151,4.0,5.5,1015.6,13.6,1.33
2020,08,11,21,40,168,2.0,3.1,1014.9,13.7,1.44
2020,08,12,00,40,181,1.2,1.9,1013.7,14.2,1.48
2020,08,12,03,40,252,1.9,2.8,1013.5,14.5,1.50
2020,08,12,06,40,278,2.1,3.0,1014.2,14.3,1.34
2020,08,12,09,40,323,3.0,3.8,1013.9,13.9,1.38
2020,08,12,12,40,249,2.0,3.2,1013.5,13.9,1.51
2020,08,12,15,40,300,2.0,2.7,1014.7,13.3,1.24
2020,08,12,18,40,221,1.3,2.5,1015.4,14.1,1.28
2020,08,12,21,40,278,2.5,4.3,1014.9,14.5,1.32
2020,08,13,00,40,303,5.5,7.2,1013.2,14.1,1.42
2020,08,13,03,40,292,4.8,6.2,1013.0,13.2,1.23
2020,08,13,06,40,292,1.2,2.0,1013.5,13.0,1.35
2020,08,13,09,40,300,1.7,2.4,1013.0,13.3,1.44
2020,08,13,12,40,285,1.0,1.7,1012.7,13.3,1.49
2020,08,13,15,40,315,1.8,2.7,1013.6,13.2,1.32
2020,08,13,18,40,287,1.6,2.6,1015.1,14.0,1.42
2020,08,13,21,40,305,5.1,6.2,1014.3,15.0,1.57
2020,08,14,00,40,283,3.9,5.3,1014.3,15.2,1.43
2020,08,14,03,40,319,4.5,5.8,1013.4,14.5,1.33
2020,08,14,06,40,308,5.0,6.5,1013.5,13.9,1.33
2020,08,14,09,40,295,2.5,3.9,1013.8,14.6,1.31
2020,08,14,12,40,306,3.8,5.0,1012.1,13.8,1.10
2020,08,14,15,40,298,3.3,4.4,1013.2,14.3,1.24
2020,08,14,18,40,317,3.6,4.6,1013.5,13.5,1.21
2020,08,14,21,40,307,3.7,4.7,1012.4,14.1,1.23
2020,08,15,00,40,288,5.7,6.7,1010.8,14.8,1.21
2020,08,15,03,40,309,4.7,5.5,1010.3,14.3,1.05
2020,08,15,06,40,193,3.9,5.5,1011.3,14.3,1.17
2020,08,15,09,40,162,1.8,2.6,1011.3,14.0,1.12
2020,08,15,12,40,123,1.4,2.5,1012.0,14.3,1.06
2020,08,15,15,40,226,1.8,2.1,1013.0,14.2,0.87
2020,08,15,18,40,324,0.8,1.5,1013.4,14.2,0.87
2020,08,15,21,40,281,3.6,4.3,1012.7,15.3,0.96
2020,08,16,00,40,302,5.7,6.8,1011.1,15.6,0.83
2020,08,16,03,40,310,3.9,4.6,1011.3,15.2,0.78
2020,08,16,06,40,277,3.2,4.0,1011.7,14.8,0.79
2020,08,16,09,40,287,4.0,4.9,1011.0,14.0,0.75
2020,08,16,12,40,304,7.8,9.7,1010.2,14.0,0.86
2020,08,16,15,40,272,5.7,7.7,1011.8,14.5,0.91
2020,08,16,18,40,342,1.3,3.0,1013.0,14.3,0.76
2020,08,16,21,40,322,4.5,5.5,1013.8,14.4,0.83
2020,08,17,00,40,309,8.7,10.5,1013.0,14.5,0.97
2020,08,17,03,40,318,9.5,11.5,1014.2,13.8,1.24
2020,08,17,06,40,315,8.8,11.0,1014.6,14.4,1.26
2020,08,17,09,40,304,9.1,11.3,1013.6,14.3,1.14
2020,08,17,13,40,317,5.4,8.7,1013.2,13.8,1.12
2020,08,17,16,40,280,5.8,7.7,1015.5,13.8,1.18
2020,08,17,19,40,284,6.5,8.0,1015.5,13.8,1.18
2020,08,17,22,40,301,7.0,8.5,1015.5,14.1,1.19
2020,08,18,01,40,315,8.3,10.9,1014.9,14.1,1.27
2020,08,18,04,40,321,7.8,9.7,1015.5,14.0,1.21
2020,08,18,07,40,317,7.3,8.7,1015.3,14.2,1.14
2020,08,18,10,40,326,6.6,8.2,1015.1,14.2,1.28
2020,08,18,13,40,312,6.4,7.9,1015.6,14.2,1.09
2020,08,18,16,40,311,5.4,6.8,1016.4,14.2,1.10
2020,08,18,19,40,314,6.5,7.7,1016.5,14.5,1.17
2020,08,18,22,40,308,9.0,11.4,1015.0,14.6,1.40
2020,08,19,01,40,312,9.1,11.3,1013.3,14.2,1.65
2020,08,19,04,40,305,8.3,10.5,1013.7,13.8,1.85
2020,08,19,07,40,314,7.3,8.9,1014.4,13.3,1.74
2020,08,19,10,40,316,7.4,8.9,1014.1,13.8,1.61
2020,08,19,13,40,316,7.8,9.9,1013.9,13.7,1.56
2020,08,19,16,40,326,6.9,8.3,1014.8,13.8,1.44
2020,08,19,19,40,314,8.9,11.0,1015.0,13.9,1.57
2020,08,19,22,40,306,8.9,11.0,1014.0,14.4,1.47
2020,08,20,01,40,307,10.2,12.6,1012.8,14.1,1.73
2020,08,20,04,40,318,8.0,10.1,1013.4,13.6,1.81
2020,08,20,07,40,309,8.9,11.1,1013.6,13.5,1.81
2020,08,20,10,40,307,6.9,9.4,1013.5,12.9,1.52
2020,08,20,13,40,318,6.6,8.6,1014.0,12.6,1.36
2020,08,20,16,40,315,6.3,7.9,1013.9,12.5,1.36
2020,08,20,19,40,259,3.4,3.9,1013.6,12.8,1.15
2020,08,20,22,40,295,3.6,4.8,1012.4,13.6,1.19
2020,08,21,01,40,312,6.8,8.9,1011.1,13.1,1.40
2020,08,21,04,40,319,6.5,8.1,1011.6,12.8,1.40
2020,08,21,07,40,311,7.4,8.8,1011.1,12.7,1.31
2020,08,21,10,40,314,5.9,7.3,1011.0,12.5,1.01
2020,08,21,13,40,306,5.9,6.8,1011.6,12.3,1.18
2020,08,21,16,40,328,5.7,7.5,1012.6,12.3,1.07
2020,08,21,19,40,319,3.1,4.0,1012.6,12.3,1.12
2020,08,21,22,40,312,6.2,7.7,1012.3,12.9,1.40
2020,08,22,01,40,299,8.0,10.1,1011.3,13.0,1.44
2020,08,22,04,40,314,8.0,10.2,1011.8,13.1,1.74
2020,08,22,07,40,317,7.2,9.4,1011.7,13.2,1.74
2020,08,22,10,40,321,6.8,8.7,1011.4,13.2,1.40
2020,08,22,13,40,317,5.5,7.1,1011.9,12.7,1.38
2020,08,22,16,40,318,5.5,7.7,1012.7,12.8,1.60
2020,08,22,19,40,304,5.1,6.3,1012.7,13.3,1.48
2020,08,22,22,40,291,5.7,6.9,1012.2,14.0,1.45
2020,08,23,01,40,294,4.3,5.9,1011.1,13.9,1.65
2020,08,23,04,40,273,3.8,5.3,1011.9,13.8,1.75
2020,08,23,07,40,260,3.0,3.9,1011.3,13.7,1.99
2020,08,23,10,40,253,2.5,3.4,1011.1,13.3,1.92
2020,08,23,13,40,247,2.4,3.3,1011.7,13.5,1.82
2020,08,23,16,40,210,2.6,3.6,1012.8,13.6,1.69
2020,08,23,19,40,208,2.0,3.3,1013.2,13.4,1.77
2020,08,23,22,40,242,2.3,3.8,1012.3,13.3,1.82
2020,08,24,01,40,253,1.4,3.0,1011.6,13.9,1.67
2020,08,24,04,40,252,1.5,2.9,1012.1,13.8,1.38
2020,08,24,07,40,295,5.0,6.3,1011.6,13.5,1.41
2020,08,24,10,40,342,0.2,0.8,1011.1,13.2,1.42
2020,08,24,13,40,256,2.3,3.2,1011.3,13.3,1.34
2020,08,24,16,40,228,2.2,2.9,1012.3,13.5,1.16
2020,08,24,19,40,136,1.4,2.3,1012.4,13.6,1.19
2020,08,24,22,40,234,0.8,1.8,1011.3,13.9,1.27
2020,08,25,01,40,240,2.1,3.2,1010.5,14.4,1.16
2020,08,25,04,40,197,1.6,2.0,1011.7,13.4,1.04
2020,08,25,07,40,155,2.9,4.1,1011.7,13.9,1.03
2020,08,25,10,40,189,3.2,4.5,1011.8,13.8,1.02
2020,08,25,13,40,171,2.2,3.0,1012.0,13.9,0.99
2020,08,25,16,40,182,2.0,2.9,1013.1,13.4,1.04
2020,08,25,19,40,164,1.8,2.4,1013.4,13.9,0.84
2020,08,25,22,40,180,1.3,1.8,1012.1,13.9,1.03
2020,08,26,01,40,281,3.1,4.1,1011.2,14.4,1.12
2020,08,26,04,40,299,3.9,5.1,1011.8,13.9,1.07
2020,08,26,07,40,310,3.4,4.4,1011.8,14.3,1.04
2020,08,26,10,40,273,3.2,5.5,1011.3,14.2,1.13
2020,08,26,13,40,301,3.9,5.4,1011.6,14.1,1.48
2020,08,26,16,40,301,6.5,8.3,1012.6,14.1,1.54
2020,08,26,19,40,298,7.3,9.0,1012.5,14.2,1.56
2020,08,26,22,40,297,7.4,9.2,1011.7,13.8,1.75
2020,08,27,01,40,308,8.4,10.5,1010.8,13.3,1.97
2020,08,27,04,40,307,7.4,9.2,1011.2,13.1,1.99
2020,08,27,07,40,300,6.7,9.8,1011.4,13.9,1.81
2020,08,27,10,40,301,7.8,9.6,1010.7,13.9,1.81
2020,08,27,13,40,292,6.9,8.4,1010.8,13.9,1.93
2020,08,27,16,40,292,4.7,6.2,1011.3,13.9,1.37
2020,08,27,19,40,246,2.6,3.7,1011.6,14.0,1.23
2020,08,27,22,40,226,2.4,3.6,1010.4,14.3,1.35
2020,08,28,01,40,268,1.5,3.9,1009.6,14.4,1.53
2020,08,28,04,40,165,1.0,2.7,1010.1,14.3,1.24
2020,08,28,07,40,298,2.0,2.8,1010.5,14.0,0.94
2020,08,28,10,40,172,1.6,2.9,1009.9,14.0,0.94
2020,08,28,13,40,175,2.9,4.0,1010.5,13.8,1.02
2020,08,28,16,40,158,3.7,5.0,1011.3,13.5,1.21
2020,08,28,19,40,188,3.0,4.2,1011.6,13.4,1.59
2020,08,28,22,40,6,0.4,1.2,1010.6,12.9,1.25
2020,08,29,01,40,221,2.9,3.8,1010.2,12.7,1.21
2020,08,29,04,40,240,3.1,3.8,1010.9,12.7,1.05
2020,08,29,07,40,190,2.2,3.0,1011.0,12.6,1.01
2020,08,29,10,40,179,2.9,3.9,1010.7,13.4,1.03
2020,08,29,13,40,153,4.3,5.5,1011.6,12.6,1.19
2020,08,29,16,40,164,3.8,5.0,1012.6,12.5,1.28
2020,08,29,19,40,163,3.9,4.9,1013.0,12.9,1.22
2020,08,29,22,40,213,1.5,2.1,1012.1,13.3,1.12
2020,08,30,01,40,195,2.4,3.8,1011.6,13.0,1.20
2020,08,30,04,40,184,2.5,4.2,1012.5,13.1,1.08
2020,08,30,07,40,161,2.1,3.2,1012.5,13.2,1.06
2020,08,30,10,40,180,2.4,3.2,1011.9,13.5,1.23
2020,08,30,13,40,142,2.2,3.4,1012.0,13.4,1.25
2020,08,30,16,40,189,1.8,2.9,1012.7,13.2,1.39
2020,08,30,19,40,172,4.1,5.3,1012.6,13.7,1.41
2020,08,30,22,40,172,2.9,4.7,1011.4,13.7,1.51
2020,08,31,01,40,186,2.6,4.2,1010.3,13.6,1.28
2020,08,31,04,40,186,2.8,4.5,1010.8,13.6,1.58
2020,08,31,07,40,160,3.1,4.8,1010.5,13.6,1.43
2020,08,31,10,40,157,2.6,4.6,1010.3,13.7,1.59
2020,08,31,13,40,152,3.9,6.3,1010.6,13.6,1.38
2020,08,31,16,40,154,6.0,7.9,1011.9,13.4,1.21
2020,08,31,19,40,161,4.6,6.3,1012.6,13.4,1.35
2020,08,31,22,40,160,1.8,2.6,1011.7,13.4,1.41
2020,09,01,01,40,53,0.9,1.7,1010.9,13.5,1.22
2020,09,01,04,40,193,1.7,3.3,1011.3,13.4,1.13
2020,09,01,07,40,179,3.3,4.3,1012.1,13.3,1.15
2020,09,01,10,40,171,3.3,5.0,1012.5,13.4,1.04
2020,09,01,13,40,164,3.9,5.0,1013.7,13.3,1.05
2020,09,01,16,40,158,3.6,4.6,1015.2,13.3,1.07
2020,09,01,19,40,143,1.7,2.5,1016.1,13.4,1.24
2020,09,01,22,40,172,2.3,3.0,1015.9,13.5,1.22
2020,09,02,01,40,179,1.4,1.8,1015.7,13.4,1.01
2020,09,02,04,40,198,1.9,2.6,1016.0,13.6,0.96
2020,09,02,07,40,209,2.2,3.2,1016.5,13.6,1.02
2020,09,02,10,40,172,1.8,2.6,1016.9,13.6,1.04
2020,09,02,13,40,165,1.3,2.2,1017.7,13.8,0.82
2020,09,02,16,40,157,1.8,2.3,1018.8,14.0,0.96
2020,09,02,19,40,174,1.4,1.9,1019.2,14.1,0.94
2020,09,02,22,40,226,2.2,3.4,1017.9,14.2,0.97
2020,09,03,02,40,303,3.7,4.8,1017.3,14.0,0.84
2020,09,03,05,40,295,4.0,5.1,1018.3,13.7,0.80
2020,09,03,08,40,300,3.8,4.8,1018.1,14.2,0.83
2020,09,03,11,40,305,4.3,5.4,1017.6,14.0,0.84
2020,09,03,14,40,308,2.7,3.3,1018.6,14.1,0.89
2020,09,03,17,40,318,4.3,5.6,1019.0,14.0,0.81
2020,09,03,20,40,312,5.8,6.9,1018.2,14.1,0.89
2020,09,03,23,40,297,5.7,6.9,1016.6,14.1,0.85
2020,09,04,02,40,295,5.9,7.1,1016.2,14.0,0.92
2020,09,04,05,40,282,4.5,5.3,1017.0,14.0,0.97
2020,09,04,08,40,314,7.4,9.6,1017.0,14.0,1.16
2020,09,04,11,40,318,8.2,9.8,1016.4,14.0,1.28
2020,09,04,14,40,315,9.0,11.8,1016.9,13.8,1.21
2020,09,04,17,40,304,7.4,9.1,1017.3,13.9,1.10
2020,09,04,20,40,305,8.0,10.1,1016.4,14.0,1.23
2020,09,04,23,40,308,8.5,10.7,1015.3,14.1,1.28
2020,09,05,02,40,304,9.1,11.4,1014.2,14.2,1.29
2020,09,05,05,40,312,7.2,9.3,1015.3,14.1,1.42
2020,09,05,08,40,324,6.3,7.9,1015.1,14.1,1.27
2020,09,05,11,40,337,4.4,5.4,1014.6,13.9,1.11
2020,09,05,14,40,316,4.4,5.4,1015.3,13.9,1.04
2020,09,05,17,40,326,3.2,4.1,1016.4,14.0,1.12
2020,09,05,20,40,310,5.6,6.9,1015.5,14.4,1.06
2020,09,05,23,40,306,7.4,9.2,1014.0,14.5,1.10
2020,09,06,02,40,306,7.3,8.7,1013.3,14.5,0.94
2020,09,06,05,40,316,3.9,4.8,1014.0,14.3,1.04
2020,09,06,08,40,320,4.2,5.3,1014.2,14.3,0.96
2020,09,06,11,40,313,3.8,4.8,1014.0,14.2,1.02
2020,09,06,14,40,302,4.4,5.4,1015.1,14.2,1.08
2020,09,06,18,40,303,4.2,5.0,1015.4,14.6,0.99
2020,09,06,21,40,306,6.9,8.2,1014.1,14.5,0.95
2020,09,07,00,40,311,7.9,9.5,1012.7,14.6,1.07
2020,09,07,03,40,304,6.1,7.0,1012.4,14.3,1.02
2020,09,07,06,40,306,6.4,7.6,1012.1,14.1,1.01
2020,09,07,09,40,314,6.1,7.2,1011.3,13.9,0.96
2020,09,07,12,40,320,5.7,7.0,1011.0,13.8,1.01
2020,09,07,15,40,318,5.3,6.3,1011.2,13.9,1.03
2020,09,07,18,40,302,5.5,6.8,1011.0,14.2,0.89
2020,09,07,21,40,296,6.1,7.4,1009.1,14.2,0.97
2020,09,08,00,40,290,5.3,6.7,1007.5,14.2,0.99
2020,09,08,03,40,280,6.1,7.2,1006.8,14.3,1.14
2020,09,08,06,40,294,4.9,5.9,1006.7,14.2,1.12
2020,09,08,09,40,306,7.3,9.2,1005.6,14.1,1.16
2020,09,08,12,40,313,6.9,8.6,1005.9,13.7,1.32
2020,09,08,15,40,321,8.5,10.8,1006.9,13.6,1.49
2020,09,08,18,40,309,7.8,9.5,1007.4,14.2,1.34
2020,09,08,21,40,302,6.1,7.9,1006.3,14.1,1.15
2020,09,09,00,40,301,6.2,7.2,1005.3,14.2,1.15
2020,09,09,03,40,256,1.4,2.2,1006.2,14.4,1.10
2020,09,09,06,40,221,1.4,2.0,1007.0,14.4,1.07
2020,09,09,09,40,173,2.0,2.7,1007.6,14.3,1.02
2020,09,09,12,40,144,4.3,5.2,1008.8,14.2,1.04
2020,09,09,15,40,149,4.2,5.2,1010.8,14.1,1.03
2020,09,09,18,40,152,4.1,5.1,1012.0,14.3,1.05
2020,09,09,21,40,148,3.3,4.3,1011.7,14.2,1.00
2020,09,10,00,40,157,2.8,3.5,1011.7,14.1,1.20
2020,09,10,03,40,145,2.1,2.9,1012.9,14.1,1.11
2020,09,10,06,40,113,1.8,2.6,1013.5,14.1,1.00
2020,09,10,09,40,114,1.8,2.7,1014.1,14.1,0.87
2020,09,10,12,40,110,2.4,3.2,1015.0,14.1,1.01
2020,09,10,15,40,102,1.1,1.8,1016.8,14.1,0.94
2020,09,10,18,40,108,1.2,1.8,1017.6,14.0,0.97
2020,09,10,21,40,217,2.8,3.4,1017.6,14.2,0.87
2020,09,11,00,40,217,1.2,1.6,1017.0,14.1,0.91
2020,09,11,03,40,62,0.2,0.9,1017.7,14.0,0.86
2020,09,11,06,40,211,0.3,1.2,1018.2,14.1,0.85
2020,09,11,09,40,63,0.8,1.4,1017.7,14.1,0.86
2020,09,11,12,40,266,0.9,1.4,1017.4,14.0,0.84
2020,09,11,15,40,344,1.7,2.3,1018.4,14.0,0.87
2020,09,11,18,40,297,1.9,2.8,1018.1,14.1,0.86
2020,09,11,21,40,299,4.9,5.8,1016.3,14.3,0.79
2020,09,12,00,40,302,6.4,7.6,1015.1,14.1,0.86
2020,09,12,03,40,312,5.8,7.5,1015.5,13.8,0.94
2020,09,12,06,40,318,5.3,7.2,1015.3,13.6,0.80
2020,09,12,09,40,317,4.4,5.4,1015.3,13.8,0.83
2020,09,12,12,40,321,3.8,5.5,1014.8,14.0,0.85
2020,09,12,15,40,308,2.6,4.2,1015.1,14.0,0.91
2020,09,12,18,40,319,1.9,2.9,1014.9,14.1,0.83
2020,09,12,21,40,309,5.5,6.9,1013.5,14.2,0.91
2020,09,13,00,40,310,5.5,6.6,1012.3,13.9,0.98
2020,09,13,03,40,325,4.0,5.1,1013.0,13.9,0.88
2020,09,13,06,40,307,2.9,4.3,1013.7,14.1,0.92
2020,09,13,09,40,270,2.0,2.9,1013.6,14.1,0.85
2020,09,13,12,40,266,2.1,3.3,1013.5,14.1,0.77
2020,09,13,15,40,300,2.3,3.3,1014.9,14.1,0.83
2020,09,13,18,40,326,1.3,2.0,1015.1,14.0,0.78
2020,09,13,21,40,279,2.5,3.1,1014.1,14.4,0.81
2020,09,14,00,40,284,3.9,5.1,1013.8,14.4,0.79
2020,09,14,03,40,312,3.0,3.9,1014.7,14.2,0.72
2020,09,14,06,40,307,3.1,3.8,1015.7,14.2,0.68
2020,09,14,09,40,313,3.2,4.7,1015.6,14.2,0.69
2020,09,14,12,40,311,3.9,4.9,1015.5,14.2,0.66
2020,09,14,15,40,323,2.9,4.4,1016.8,14.2,0.68
2020,09,14,18,40,310,3.3,4.2,1017.6,14.3,0.63
2020,09,14,21,40,300,3.8,4.6,1016.7,14.7,0.71
2020,09,15,00,40,293,5.0,6.2,1015.9,14.7,0.62
2020,09,15,03,40,277,2.8,3.4,1016.8,14.5,0.70
2020,09,15,06,40,294,1.6,2.0,1018.1,14.4,0.74
2020,09,15,09,40,242,0.6,1.0,1018.2,14.7,0.76
2020,09,15,12,40,276,0.5,1.1,1018.2,15.0,0.80
2020,09,15,15,40,331,3.2,4.0,1019.0,15.1,0.85
2020,09,15,18,40,322,2.4,3.4,1019.4,14.8,1.04
2020,09,15,21,40,284,2.8,3.5,1018.3,15.4,1.14
2020,09,16,00,40,304,6.0,8.2,1017.4,15.6,1.28
2020,09,16,03,40,290,3.0,3.7,1017.6,15.9,1.28
2020,09,16,06,40,267,2.0,2.9,1018.1,16.0,1.34
2020,09,16,09,40,278,2.0,2.8,1017.8,15.9,1.19
2020,09,16,12,40,306,0.9,1.4,1017.4,15.8,1.25
2020,09,16,15,40,268,1.3,2.3,1018.4,15.7,1.09
2020,09,16,18,40,272,1.9,2.9,1018.5,16.4,1.06
2020,09,16,21,40,286,3.7,4.4,1017.3,17.2,0.89
2020,09,17,00,40,310,4.8,5.7,1015.9,16.9,0.95
2020,09,17,03,40,316,4.5,5.6,1016.0,16.5,0.90
2020,09,17,06,40,297,3.6,4.5,1015.8,16.0,0.92
2020,09,17,09,40,298,3.8,5.0,1015.4,16.2,0.92
2020,09,17,12,40,304,3.6,4.5,1015.1,16.2,0.97
2020,09,17,15,40,317,3.3,4.0,1015.7,16.0,1.04
2020,09,17,18,40,307,4.8,6.1,1016.2,16.2,1.15
2020,09,17,21,40,300,5.8,7.4,1015.6,16.3,1.11
2020,09,18,00,40,289,3.0,3.9,1014.9,16.3,1.08
2020,09,18,03,40,292,4.5,5.4,1015.6,16.3,1.23
2020,09,18,06,40,311,0.0,0.5,1016.1,16.2,1.13
2020,09,18,09,40,282,1.4,2.3,1015.8,16.2,1.10
2020,09,18,12,40,23,1.4,2.0,1015.7,16.2,0.92
2020,09,18,15,40,234,1.1,1.4,1016.7,16.1,0.87
2020,09,18,18,40,283,1.7,2.5,1017.1,16.2,0.81
2020,09,18,21,40,300,1.9,2.5,1016.3,16.6,0.80
2020,09,19,00,40,285,2.8,3.7,1015.7,16.9,0.92
2020,09,19,03,40,297,4.0,5.1,1016.0,16.6,1.10
2020,09,19,06,40,325,6.2,7.9,1016.6,16.5,1.15
2020,09,19,09,40,264,2.4,3.2,1016.5,16.4,0.97
2020,09,19,12,40,278,6.9,8.4,1016.2,16.3,0.93
2020,09,19,15,40,310,4.6,6.3,1016.8,16.3,1.11
2020,09,19,18,40,319,7.5,9.4,1016.8,16.4,1.29
2020,09,19,21,40,311,6.3,7.8,1015.3,16.3,1.28
2020,09,20,00,40,305,7.6,9.2,1013.9,16.4,1.19
2020,09,20,03,40,310,7.0,8.5,1013.5,16.0,1.10
2020,09,20,07,40,323,4.4,5.6,1013.0,15.6,1.39
2020,09,20,10,40,329,4.1,5.0,1012.2,15.8,1.34
2020,09,20,13,40,19,1.5,2.7,1012.6,15.4,1.59
2020,09,20,16,40,60,0.5,1.3,1013.8,15.5,1.32
2020,09,20,19,40,298,2.3,3.5,1013.6,16.1,1.45
2020,09,20,22,40,308,7.2,8.9,1012.5,16.4,1.27
2020,09,21,01,40,308,7.2,8.9,1012.3,16.0,1.40
2020,09,21,04,40,309,9.0,11.0,1012.2,15.5,1.46
2020,09,21,07,40,320,5.6,7.0,1012.3,15.2,1.24
2020,09,21,10,40,333,4.2,5.5,1012.3,15.0,1.38
2020,09,21,13,40,330,5.1,6.7,1013.0,15.3,1.31
2020,09,21,16,40,332,4.0,5.5,1014.4,15.2,1.34
2020,09,21,19,40,308,6.9,8.2,1014.6,15.2,1.15
2020,09,21,22,40,296,5.3,6.5,1014.2,15.2,1.27
2020,09,22,01,40,303,8.1,10.0,1013.8,15.0,1.49
2020,09,22,04,40,315,6.1,7.8,1014.6,14.9,1.70
2020,09,22,07,40,311,7.2,9.0,1015.4,14.8,1.40
2020,09,22,10,40,307,8.4,11.9,1015.5,14.7,1.40
2020,09,22,13,40,314,5.4,6.8,1016.8,14.8,1.48
2020,09,22,16,40,304,4.2,5.3,1018.1,14.8,1.53
2020,09,22,19,40,291,4.0,5.5,1018.8,15.2,1.33
2020,09,22,22,40,295,6.4,7.8,1018.2,15.2,1.28
2020,09,23,01,40,307,5.6,7.0,1018.4,15.4,1.25
2020,09,23,04,40,303,6.2,7.4,1019.0,15.0,1.13
2020,09,23,07,40,316,5.5,7.3,1018.7,14.8,1.21
2020,09,23,10,40,322,3.4,5.1,1018.6,14.7,1.26
2020,09,23,13,40,312,4.3,5.8,1019.0,14.6,1.30
2020,09,23,16,40,316,4.6,5.7,1019.9,14.7,1.14
2020,09,23,19,40,291,3.9,4.8,1020.3,15.1,0.96
2020,09,23,22,40,299,5.8,7.1,1019.4,15.5,0.92
2020,09,24,01,40,287,5.7,7.5,1018.4,15.4,1.02
2020,09,24,04,40,292,5.7,6.8,1018.8,15.2,0.95
2020,09,24,07,40,316,2.6,3.8,1018.5,15.3,0.76
2020,09,24,10,40,303,3.4,4.4,1018.3,15.2,0.84
2020,09,24,13,40,293,5.6,7.0,1018.1,15.1,1.19
2020,09,24,16,40,314,4.0,5.3,1019.0,15.2,2.08
2020,09,24,19,40,283,4.3,6.1,1018.4,15.6,2.43
2020,09,24,22,40,304,8.0,10.1,1017.0,15.9,2.51
2020,09,25,01,40,294,8.8,11.0,1016.0,15.7,2.83
2020,09,25,04,40,292,9.0,11.6,1015.9,15.4,3.26
2020,09,25,07,40,297,7.7,9.7,1016.0,15.3,3.38
2020,09,25,10,40,288,7.4,9.5,1016.0,15.2,3.28
2020,09,25,13,40,288,7.1,9.2,1016.5,15.2,3.25
2020,09,25,16,40,311,7.4,9.5,1017.8,15.2,3.20
2020,09,25,19,40,310,6.3,8.3,1018.2,15.4,3.16
2020,09,25,22,40,307,7.6,9.5,1017.2,15.4,2.64
2020,09,26,01,40,311,9.5,11.9,1016.4,15.6,3.05
2020,09,26,04,40,325,9.1,11.6,1017.2,15.5,2.98
2020,09,26,07,40,319,9.9,12.3,1017.5,15.1,2.66
2020,09,26,10,40,310,10.0,12.6,1017.6,14.7,2.58
2020,09,26,13,40,317,7.2,9.2,1017.9,14.6,2.22
2020,09,26,16,40,319,8.6,10.6,1018.8,14.5,2.50
2020,09,26,19,40,311,9.4,11.5,1018.1,14.4,2.30
2020,09,26,22,40,325,9.7,11.8,1016.3,14.4,2.30
2020,09,27,01,40,315,13.2,16.0,1014.1,14.0,2.64
2020,09,27,04,40,321,10.9,13.9,1014.6,13.2,2.57
2020,09,27,07,40,321,8.8,11.0,1014.2,13.1,2.10
2020,09,27,10,40,315,6.6,7.8,1013.2,12.2,2.31
2020,09,27,13,40,332,2.1,3.5,1012.9,12.2,2.04
2020,09,27,16,40,335,1.4,2.5,1013.8,12.6,1.85
2020,09,27,19,40,303,3.9,4.8,1013.4,13.3,1.78
2020,09,27,22,40,290,3.1,4.7,1011.3,13.3,1.70
2020,09,28,01,40,314,3.5,4.4,1010.1,13.3,1.92
2020,09,28,04,40,283,1.9,3.0,1010.5,13.5,2.14
2020,09,28,07,40,1,2.1,3.3,1011.4,13.0,2.16
2020,09,28,10,40,152,4.9,6.3,1011.3,12.9,1.93
2020,09,28,13,40,176,3.6,4.9,1012.4,13.0,1.59
2020,09,28,16,40,139,1.9,3.0,1013.7,12.7,1.75
2020,09,28,19,40,174,2.5,3.9,1014.3,14.3,1.52
2020,09,28,22,40,182,1.4,2.4,1013.5,14.6,1.54
2020,09,29,01,40,165,3.0,3.9,1013.3,14.3,1.46
2020,09,29,04,40,180,3.5,4.4,1014.6,14.1,1.38
2020,09,29,07,40,178,2.6,3.7,1015.3,14.0,1.38
2020,09,29,10,40,172,1.8,3.3,1015.0,13.9,1.18
2020,09,29,13,40,183,2.3,3.5,1016.2,13.8,1.17
2020,09,29,16,40,124,2.2,3.0,1017.9,14.0,1.50
2020,09,29,19,40,137,1.0,1.9,1018.4,14.1,1.59
2020,09,29,22,40,236,1.4,2.0,1017.4,14.4,1.58
2020,09,30,01,40,305,2.0,3.1,1017.2,13.9,1.66
2020,09,30,04,40,313,2.7,4.1,1017.9,14.1,1.56
2020,09,30,07,40,311,4.0,5.4,1018.7,13.8,1.73
2020,09,30,10,40,320,5.8,7.2,1018.9,13.7,1.65
2020,09,30,13,40,329,5.4,8.2,1019.5,13.2,1.65
2020,09,30,16,40,339,6.5,7.9,1020.3,14.2,1.75
2020,09,30,19,40,321,7.7,10.0,1019.6,14.0,1.84
2020,09,30,22,40,316,8.1,10.0,1017.2,14.1,1.76
2020,10,01,01,40,320,7.8,9.5,1016.1,14.0,1.73
2020,10,01,04,40,317,8.0,9.4,1016.5,14.1,1.60
2020,10,01,07,40,329,5.3,6.5,1016.5,14.0,1.65
2020,10,01,10,40,339,3.5,4.3,1015.8,13.9,1.51
2020,10,01,13,40,344,1.5,2.2,1015.4,13.8,1.40
2020,10,01,16,40,310,2.0,2.8,1016.2,13.8,1.42
2020,10,01,19,40,294,3.7,5.0,1015.7,14.2,1.39
2020,10,01,22,40,309,5.2,6.0,1014.6,14.4,1.30
2020,10,02,01,40,306,5.9,7.5,1014.0,14.3,1.60
2020,10,02,04,40,288,3.9,5.1,1014.7,14.2,1.99
2020,10,02,07,40,292,3.0,4.4,1015.2,14.0,2.17
2020,10,02,10,40,283,2.4,3.8,1015.2,13.9,2.38
2020,10,02,13,40,333,1.4,2.0,1015.2,13.8,1.84
2020,10,02,16,40,295,3.4,4.6,1016.2,14.0,1.79
2020,10,02,19,40,301,4.4,5.6,1016.0,14.0,1.63
2020,10,02,22,40,297,6.5,8.0,1014.6,13.9,2.00
2020,10,03,01,40,314,6.7,8.2,1014.1,14.0,1.77
2020,10,03,04,40,316,5.2,6.8,1014.4,14.0,1.64
2020,10,03,07,40,327,6.4,8.0,1014.6,13.9,1.70
2020,10,03,10,40,313,4.0,5.5,1014.0,13.9,1.61
2020,10,03,13,40,336,3.1,4.4,1014.1,13.8,1.42
2020,10,03,16,40,292,3.0,4.1,1014.4,14.2,1.39
2020,10,03,19,40,315,7.8,9.3,1014.3,14.0,1.55
2020,10,03,22,40,311,8.5,10.8,1013.6,13.8,1.49
2020,10,04,01,40,302,9.2,11.2,1012.8,13.2,1.58
2020,10,04,04,40,315,9.2,11.7,1013.8,13.5,1.79
2020,10,04,07,40,320,8.2,10.3,1014.8,13.5,1.96
2020,10,04,10,40,315,8.3,10.2,1015.3,13.8,1.92
2020,10,04,13,40,321,7.8,9.9,1015.5,14.1,2.15
2020,10,04,16,40,315,8.5,10.2,1016.5,14.0,2.10
2020,10,04,19,40,314,5.6,7.1,1016.7,13.7,1.84
2020,10,04,22,40,314,7.4,9.8,1016.0,13.9,1.66
2020,10,05,01,40,315,7.6,9.3,1015.7,13.9,1.78
2020,10,05,04,40,316,5.3,7.2,1016.3,13.7,1.93
2020,10,05,07,40,309,3.7,5.8,1016.6,13.7,2.00
2020,10,05,10,40,297,4.2,6.4,1016.6,13.7,1.74
2020,10,05,13,40,276,2.1,3.9,1016.7,13.7,1.80
2020,10,05,16,40,21,1.6,2.8,1018.0,13.8,1.68
2020,10,05,19,40,309,3.5,4.9,1018.2,13.9,1.63
2020,10,05,22,40,294,4.5,6.1,1016.9,13.9,1.66
2020,10,06,01,40,305,4.2,6.0,1016.5,13.9,1.63
2020,10,06,04,40,303,3.3,5.4,1016.8,13.7,1.46
2020,10,06,07,40,317,3.3,4.7,1017.0,13.6,1.55
2020,10,06,10,40,312,2.4,4.1,1016.6,13.7,1.42
2020,10,06,13,40,318,1.5,3.1,1016.8,13.7,1.48
2020,10,06,16,40,306,3.1,4.6,1017.8,13.7,1.66
2020,10,06,19,40,310,3.2,4.4,1017.5,13.8,1.48
2020,10,06,22,40,311,4.4,5.9,1016.0,13.7,1.54
2020,10,07,01,40,286,5.2,6.7,1015.2,13.7,1.52
2020,10,07,04,40,315,7.3,9.7,1014.8,13.6,1.32
2020,10,07,07,40,317,5.7,8.2,1014.6,13.5,1.34
2020,10,07,10,40,314,4.7,6.1,1014.2,13.5,1.30
2020,10,07,13,40,313,4.6,6.5,1014.7,13.5,1.23
2020,10,07,16,40,320,3.4,5.3,1015.1,13.5,1.27
2020,10,07,19,40,321,3.2,4.3,1015.1,13.6,1.24
2020,10,07,22,40,280,3.5,5.1,1013.8,13.8,1.27
2020,10,08,01,40,302,3.9,5.3,1013.2,13.6,1.08
2020,10,08,04,40,306,3.7,5.9,1013.6,13.9,1.12
2020,10,08,07,40,304,2.0,2.9,1014.1,14.1,1.01
2020,10,08,10,40,270,1.7,2.4,1013.7,14.0,1.19
2020,10,08,13,40,256,1.5,2.1,1014.3,14.0,1.05
2020,10,08,16,40,253,2.0,2.6,1015.5,14.0,1.02
2020,10,08,19,40,227,2.3,2.9,1015.6,13.7,1.04
2020,10,08,22,40,252,2.2,2.9,1014.9,13.8,0.89
2020,10,09,01,40,257,2.5,3.3,1014.7,13.7,0.99
2020,10,09,04,40,250,1.7,2.5,1015.3,14.1,0.95
2020,10,09,07,40,220,2.0,2.5,1015.5,14.4,0.88
2020,10,09,10,40,197,2.0,2.6,1014.9,14.4,0.94
2020,10,09,13,40,162,1.5,2.0,1015.7,13.4,0.81
2020,10,09,16,40,96,1.6,2.3,1016.1,13.9,0.78
2020,10,09,19,40,185,3.4,4.3,1016.1,13.9,0.73
2020,10,09,22,40,177,1.8,2.4,1014.5,13.9,0.76
2020,10,10,01,40,98,0.8,1.1,1013.9,14.0,0.77
2020,10,10,04,40,162,2.8,3.4,1014.9,14.7,0.89
2020,10,10,07,40,77,1.9,2.7,1014.5,14.8,0.80
2020,10,10,10,40,112,1.1,1.5,1013.9,14.7,1.05
2020,10,10,13,40,120,0.9,1.6,1014.7,14.3,1.18
2020,10,10,16,40,162,2.9,3.6,1015.6,14.0,1.08
2020,10,10,19,40,164,4.1,4.8,1016.2,14.0,1.09
2020,10,10,22,40,211,2.8,3.5,1016.2,14.2,1.13
2020,10,11,01,40,293,2.8,3.7,1016.4,14.3,1.29
2020,10,11,04,40,305,4.0,4.7,1017.4,14.4,1.15
2020,10,11,07,40,303,5.9,7.5,1018.0,14.4,1.24
2020,10,11,10,40,322,5.8,7.8,1017.9,14.4,1.39
2020,10,11,13,40,323,6.8,8.8,1018.3,14.3,1.51
2020,10,11,16,40,4,3.4,4.7,1020.1,14.2,1.77
2020,10,11,19,40,321,5.0,6.5,1020.5,14.4,2.06
2020,10,11,22,40,316,9.3,11.7,1019.3,14.4,2.13
2020,10,12,01,40,319,9.7,11.8,1018.6,14.2,2.24
2020,10,12,04,40,318,8.4,10.4,1019.2,14.3,2.62
2020,10,12,07,40,327,6.5,8.7,1020.2,14.3,2.58
2020,10,12,10,40,346,2.5,3.7,1020.2,14.0,2.19
2020,10,12,13,40,346,3.5,4.7,1020.5,14.1,2.02
2020,10,12,16,40,345,2.3,3.2,1021.3,14.0,1.89
2020,10,12,19,40,316,6.1,7.7,1020.5,14.1,1.80
2020,10,12,22,40,317,8.2,9.8,1018.3,14.3,1.74
2020,10,13,01,40,311,8.0,9.6,1017.0,14.3,1.74
2020,10,13,04,40,307,7.0,8.5,1017.3,14.3,1.90
2020,10,13,07,40,316,6.9,8.7,1017.8,14.0,1.97
2020,10,13,10,40,330,5.4,6.9,1017.9,13.9,2.08
2020,10,13,14,40,329,7.4,9.5,1019.3,13.9,1.93
2020,10,13,17,40,334,5.5,7.2,1020.6,14.0,2.02
2020,10,13,20,40,320,7.5,9.4,1019.7,14.2,2.13
2020,10,13,23,40,311,8.7,10.6,1018.6,14.3,1.90
2020,10,14,02,40,312,8.3,10.7,1018.1,14.1,2.03
2020,10,14,05,40,322,9.3,11.6,1018.9,13.9,2.30
2020,10,14,08,40,321,8.7,11.1,1019.2,13.7,1.99
2020,10,14,11,40,328,7.0,8.1,1019.3,13.7,2.03
2020,10,14,14,40,302,7.2,8.5,1020.0,13.7,1.82
2020,10,14,17,40,323,9.4,11.7,1020.8,13.9,2.12
2020,10,14,20,40,318,8.6,10.2,1019.7,14.0,2.06
2020,10,14,23,40,308,8.4,10.2,1017.5,13.9,2.37
2020,10,15,02,40,318,6.8,8.0,1016.7,13.7,2.36
2020,10,15,05,40,323,5.5,7.4,1016.8,13.6,2.44
2020,10,15,08,40,317,3.9,5.0,1016.5,13.5,2.19
2020,10,15,11,40,311,2.2,3.8,1016.1,13.2,2.18
2020,10,15,14,40,318,2.7,3.9,1016.5,13.2,2.27
2020,10,15,17,40,289,3.2,4.5,1017.2,13.6,2.31
2020,10,15,20,40,308,3.7,5.0,1015.8,14.1,2.26
2020,10,15,23,40,323,4.9,6.9,1014.1,14.3,2.15
2020,10,16,02,40,310,4.1,5.1,1013.8,13.9,2.18
2020,10,16,05,40,325,2.7,3.7,1014.3,13.5,2.02
2020,10,16,08,40,320,2.2,3.3,1014.9,13.4,1.87
2020,10,16,11,40,61,3.2,4.5,1014.6,13.4,1.60
2020,10,16,14,40,77,4.0,5.4,1015.0,13.4,1.74
2020,10,16,17,40,89,3.6,5.0,1015.7,13.6,1.55
2020,10,16,20,40,309,3.2,4.3,1014.4,14.0,1.32
2020,10,16,23,40,301,3.7,4.4,1013.7,14.4,1.11
2020,10,17,02,40,321,4.0,5.0,1012.8,14.0,1.19
2020,10,17,05,40,288,3.1,4.0,1013.0,13.7,1.18
2020,10,17,08,40,300,3.2,4.0,1013.2,13.9,1.32
2020,10,17,11,40,356,2.4,3.3,1013.2,13.7,1.28
2020,10,17,14,40,58,1.9,2.9,1013.8,13.6,1.15
2020,10,17,17,40,312,1.8,2.9,1015.4,13.7,1.42
2020,10,17,20,40,283,2.0,2.8,1014.2,14.5,1.44
2020,10,17,23,40,302,4.1,5.1,1013.4,14.7,1.27
2020,10,18,02,40,258,2.8,3.6,1013.5,14.3,1.25
2020,10,18,05,40,219,2.4,3.0,1014.1,14.1,1.26
2020,10,18,09,40,88,1.2,2.0,1014.6,14.3,1.44
2020,10,18,12,40,119,4.0,5.3,1014.6,14.5,1.39
2020,10,18,15,40,185,1.5,2.3,1016.6,14.3,1.31
2020,10,18,18,40,159,2.5,3.5,1017.0,14.8,1.18
2020,10,18,21,40,227,2.0,3.2,1016.2,14.4,1.46
2020,10,19,00,40,252,1.7,2.4,1016.0,14.5,1.36
2020,10,19,03,40,230,2.4,3.3,1016.0,14.6,1.13
2020,10,19,06,40,206,2.0,2.7,1016.5,14.3,1.36
2020,10,19,13,40,137,3.2,4.8,1016.5,14.0,1.28
2020,10,19,16,40,308,3.2,4.2,1017.9,14.2,1.38
2020,10,19,19,40,260,3.3,4.1,1017.2,14.1,1.40
2020,10,19,22,40,314,5.0,6.5,1015.4,14.4,1.72
2020,10,20,01,40,310,5.9,7.6,1014.4,14.1,1.64
2020,10,20,04,40,308,5.1,6.9,1014.3,14.1,1.61
2020,10,20,07,40,297,2.2,3.3,1014.1,13.9,1.75
2020,10,20,10,40,52,1.1,2.3,1013.6,14.2,2.01
2020,10,20,13,40,33,1.4,2.4,1013.2,14.2,2.20
2020,10,20,16,40,156,2.2,4.1,1014.1,14.2,1.93
2020,10,20,19,40,39,0.4,1.6,1013.3,14.2,1.62
2020,10,20,22,40,254,3.0,4.0,1011.8,14.1,1.65
2020,10,21,01,40,298,4.4,5.3,1011.0,13.9,1.50
2020,10,21,04,40,229,1.0,1.7,1011.3,14.0,1.62
2020,10,21,07,40,106,0.5,1.9,1010.6,14.3,1.96
2020,10,21,10,40,328,1.2,2.2,1010.5,14.4,2.14
2020,10,21,13,40,350,0.9,2.2,1010.9,14.3,2.22
2020,10,21,16,40,308,6.3,7.7,1011.7,14.3,2.25
2020,10,21,19,40,331,4.2,5.5,1011.2,14.4,1.93
2020,10,21,22,40,318,9.2,11.5,1009.5,14.4,2.13
2020,10,22,01,40,310,9.1,11.6,1008.5,14.1,2.34
2020,10,22,04,40,318,7.7,10.0,1009.0,14.3,2.30
2020,10,22,07,40,333,6.5,8.6,1009.3,14.3,2.71
2020,10,22,10,40,343,4.3,5.7,1009.4,13.9,3.15
2020,10,22,13,40,346,1.9,3.4,1010.4,13.7,2.98
2020,10,22,16,40,167,4.0,6.5,1012.4,13.7,2.83
2020,10,22,19,40,178,3.5,5.9,1013.3,13.6,2.68
2020,10,22,22,40,184,2.4,4.1,1011.9,13.7,2.52
2020,10,23,01,40,182,3.0,4.9,1011.9,13.7,2.84
2020,10,23,04,40,168,3.4,5.3,1013.3,13.7,2.32
2020,10,23,07,40,178,2.3,3.9,1013.8,13.7,2.05
2020,10,23,10,40,179,1.0,2.1,1014.1,13.5,2.23
2020,10,23,13,40,74,0.1,0.9,1014.3,13.5,2.17
2020,10,23,16,40,88,2.6,4.4,1015.9,13.4,2.23
2020,10,23,19,40,352,0.1,0.5,1016.5,13.7,1.61
2020,10,23,22,40,331,2.6,3.7,1015.4,13.4,1.87
2020,10,24,01,40,318,2.2,3.2,1015.6,13.3,1.86
2020,10,24,04,40,235,0.2,0.7,1016.2,13.2,1.67
2020,10,24,07,40,189,1.3,1.8,1016.4,13.8,1.45
2020,10,24,10,40,245,0.9,1.5,1016.2,13.6,1.31
2020,10,24,13,40,176,1.2,2.2,1016.4,13.2,1.23
2020,10,24,16,40,227,2.2,3.3,1017.4,13.2,1.26
2020,10,24,19,40,142,0.9,1.7,1016.4,13.4,1.03
2020,10,24,22,40,325,0.0,0.3,1014.3,13.7,0.95
2020,10,25,01,40,250,3.4,4.0,1013.5,13.8,0.85
2020,10,25,04,40,238,2.5,3.8,1013.9,13.5,0.87
2020,10,25,07,40,206,2.9,4.4,1014.2,13.2,1.11
2020,10,25,10,40,201,3.3,4.9,1014.1,13.3,1.60
2020,10,25,13,40,203,2.3,4.2,1013.9,13.5,1.81
2020,10,25,16,40,282,0.3,1.2,1014.9,13.5,1.87
2020,10,25,19,40,78,2.5,3.8,1015.1,13.7,1.89
2020,10,25,22,40,294,4.2,5.3,1013.5,14.2,1.82
2020,10,26,01,40,327,8.4,10.1,1014.2,13.7,1.79
2020,10,26,04,40,328,6.5,7.7,1015.6,13.5,1.64
2020,10,26,07,40,351,3.9,5.1,1016.7,13.3,1.99
2020,10,26,10,40,31,1.5,3.4,1017.6,13.8,1.97
2020,10,26,13,40,287,3.1,4.7,1018.7,13.8,1.88
2020,10,26,16,40,71,4.8,7.6,1021.2,13.6,1.77
2020,10,26,19,40,315,1.2,2.9,1021.7,13.6,1.46
2020,10,26,22,40,273,4.1,5.4,1020.6,14.0,1.34
2020,10,27,01,40,287,4.8,5.8,1020.4,13.6,1.20
2020,10,27,04,40,286,2.9,3.6,1020.6,13.7,1.16
2020,10,27,07,40,285,1.6,2.4,1020.0,13.6,1.13
2020,10,27,10,40,313,2.1,3.2,1019.3,13.9,1.33
2020,10,27,13,40,160,0.8,2.7,1019.4,13.8,1.20
2020,10,27,16,40,91,2.8,3.9,1020.2,13.7,1.37
2020,10,27,19,40,233,2.5,3.6,1019.3,13.8,1.39
2020,10,27,22,40,303,2.8,3.8,1017.8,14.3,1.36
2020,10,28,01,40,285,2.1,2.9,1017.4,14.2,1.35
2020,10,28,04,40,187,1.1,1.7,1017.9,14.1,1.36
2020,10,28,07,40,313,1.6,2.2,1018.5,14.1,1.24
2020,10,28,11,40,92,1.9,2.5,1018.4,13.7,1.13
2020,10,28,14,40,142,3.3,4.5,1019.3,13.7,1.21
2020,10,28,17,40,349,1.0,1.8,1020.1,13.8,1.28
2020,10,28,20,40,232,2.4,3.8,1018.6,13.8,1.22
2020,10,28,23,40,310,3.8,4.6,1017.8,14.4,0.95
2020,10,29,02,40,350,2.5,3.2,1017.8,14.0,1.09
2020,10,29,05,40,325,1.8,2.4,1018.3,14.1,1.03
2020,10,29,08,40,310,1.8,2.9,1018.6,14.0,1.02
2020,10,29,11,40,316,3.5,4.5,1018.1,14.0,0.89
2020,10,29,14,40,307,2.7,3.4,1018.7,14.0,0.87
2020,10,29,17,40,308,3.3,4.2,1019.4,13.9,0.85
2020,10,29,20,40,319,5.3,6.1,1018.0,14.0,0.81
2020,10,29,23,40,311,6.2,7.2,1017.0,14.2,0.81
2020,10,30,02,40,320,5.8,6.8,1017.1,13.9,0.85
2020,10,30,05,40,293,4.8,5.8,1018.0,13.8,0.84
2020,10,30,08,40,305,3.3,4.5,1018.2,13.7,0.75
2020,10,30,11,40,312,5.1,7.3,1018.1,13.6,0.76
2020,10,30,14,40,314,3.2,5.1,1018.7,13.6,0.77
2020,10,30,17,40,317,3.1,4.5,1019.8,13.6,0.74
2020,10,30,20,40,312,7.3,8.6,1018.9,13.8,0.78
2020,10,30,23,40,309,6.7,7.7,1017.5,13.8,0.89
2020,10,31,02,40,318,7.1,8.4,1017.6,13.7,0.89
2020,10,31,05,40,317,4.5,5.9,1018.3,13.7,0.82
2020,10,31,08,40,309,1.6,2.3,1018.1,13.6,0.78
2020,10,31,11,40,287,0.7,1.7,1018.2,13.6,0.82
2020,10,31,14,40,15,0.1,0.8,1018.9,13.6,1.05
2020,10,31,17,40,338,2.7,3.4,1019.7,13.6,0.98
2020,10,31,20,40,311,5.0,6.1,1019.1,13.8,1.06
2020,11,01,00,40,307,7.9,9.3,1018.2,13.8,1.07
2020,11,01,03,40,317,6.2,7.7,1018.9,13.7,1.21
2020,11,01,06,40,309,4.7,6.1,1019.5,13.6,1.31
2020,11,01,09,40,318,5.2,6.4,1019.8,13.6,1.43
2020,11,01,12,40,316,5.0,6.5,1020.1,13.5,1.40
2020,11,01,15,40,315,3.5,4.9,1020.9,13.6,1.12
2020,11,01,18,40,309,3.2,4.6,1021.1,13.7,1.10
2020,11,01,21,40,302,7.2,9.0,1020.1,13.9,1.21
2020,11,02,00,40,308,7.1,8.5,1019.5,13.7,1.16
2020,11,02,03,40,306,5.4,6.5,1019.9,13.6,0.99
2020,11,02,06,40,298,2.7,3.7,1020.1,13.7,0.99
2020,11,02,09,40,316,4.2,4.9,1019.6,13.9,1.07
2020,11,02,12,40,326,4.2,5.4,1020.1,13.8,1.14
2020,11,02,15,40,311,1.9,3.9,1020.2,13.8,1.19
2020,11,02,18,40,315,4.6,6.0,1020.0,14.0,1.24
2020,11,02,21,40,302,5.4,6.8,1017.8,14.0,1.37
2020,11,03,00,40,316,7.5,8.7,1017.8,13.9,1.38
2020,11,03,03,40,313,9.0,11.1,1018.4,13.9,1.63
2020,11,03,06,40,295,2.9,4.5,1018.6,14.1,1.42
2020,11,03,09,40,322,3.5,5.1,1018.5,14.1,1.30
2020,11,03,12,40,318,8.2,10.9,1018.5,14.2,1.46
2020,11,03,15,40,320,6.7,8.0,1019.1,14.1,1.40
2020,11,03,18,40,316,1.5,2.5,1020.0,14.1,1.45
2020,11,03,21,40,304,7.3,9.1,1019.3,14.2,1.57
2020,11,04,00,40,305,6.2,7.4,1019.3,14.2,1.60
2020,11,04,03,40,323,6.6,8.2,1020.0,14.2,1.69
2020,11,04,06,40,322,6.3,8.0,1021.1,14.2,1.79
2020,11,04,09,40,315,6.2,8.0,1021.3,14.2,1.55
2020,11,04,12,40,314,6.3,7.9,1022.2,14.2,1.51
2020,11,04,15,40,325,3.7,4.9,1023.7,14.3,1.50
2020,11,04,18,40,322,3.2,4.2,1024.6,14.4,1.44
2020,11,04,21,40,306,6.6,8.1,1023.4,14.5,1.43
2020,11,05,19,40,315,8.1,9.6,1020.0,14.4,1.29
2020,11,05,22,40,301,7.7,9.8,1016.7,14.4,1.40
2020,11,06,01,40,302,5.4,7.3,1014.9,14.4,1.36
2020,11,06,04,40,316,7.6,9.8,1013.2,14.4,1.67
2020,11,06,07,40,306,12.9,16.0,1012.5,14.2,2.31
2020,11,06,10,40,310,12.3,15.8,1011.6,14.1,2.63
2020,11,06,13,40,306,10.6,13.2,1010.9,13.8,2.59
2020,11,06,16,40,305,10.0,12.5,1011.8,13.7,2.29
2020,11,06,19,40,306,7.0,8.6,1010.4,13.7,2.98
2020,11,06,22,40,241,4.9,6.6,1007.6,13.6,3.26
2020,11,07,01,40,293,6.6,8.8,1006.5,13.5,2.93
2020,11,07,04,40,286,4.7,7.2,1005.4,13.4,3.34
2020,11,07,07,40,323,8.1,10.4,1005.4,13.4,4.25
2020,11,07,10,40,336,5.2,6.9,1005.6,13.3,3.97
2020,11,07,13,40,335,5.1,7.5,1006.1,13.2,3.76
2020,11,07,16,40,328,6.7,8.9,1007.6,13.1,4.20
2020,11,07,19,40,315,9.0,11.7,1008.3,13.1,3.65
2020,11,07,22,40,305,8.9,10.9,1007.2,13.2,3.54
2020,11,08,01,40,312,11.8,14.6,1007.6,13.2,3.42
2020,11,08,04,40,309,13.3,16.2,1007.4,12.9,4.00
2020,11,08,07,40,302,14.8,18.8,1007.9,12.4,3.97
2020,11,08,10,40,312,11.6,14.8,1009.9,12.2,2.92
2020,11,08,13,40,307,13.2,16.5,1009.3,12.2,3.26
2020,11,08,16,40,307,12.4,15.5,1010.5,12.1,3.24
2020,11,08,19,40,298,12.0,14.8,1010.0,12.0,3.32
2020,11,08,22,40,309,13.6,17.0,1009.6,11.8,3.56
2020,11,09,01,40,320,11.1,13.8,1012.2,11.8,3.06
2020,11,09,04,40,340,7.2,8.9,1014.1,11.7,2.65
2020,11,09,07,40,320,6.1,7.4,1016.1,11.6,2.07
2020,11,09,10,40,331,4.9,6.6,1017.8,11.6,2.10
2020,11,09,13,40,337,5.3,6.8,1019.6,11.6,2.24
2020,11,09,16,40,9,0.2,1.2,1022.2,11.6,2.14
2020,11,09,19,40,159,2.0,3.7,1022.8,11.9,1.91
2020,11,09,22,40,278,4.1,5.4,1022.8,12.1,1.84
2020,11,10,02,40,337,4.4,5.4,1024.2,11.9,1.64
2020,11,10,05,40,316,3.9,4.8,1025.1,11.9,1.47
2020,11,10,08,40,308,1.7,2.9,1025.5,11.8,1.81
2020,11,10,11,40,291,2.1,3.0,1024.7,11.7,1.65
2020,11,10,14,40,27,1.9,2.4,1025.3,11.7,1.60
2020,11,10,17,40,78,1.2,2.2,1025.6,11.7,1.36
2020,11,10,20,40,271,2.6,3.5,1023.6,11.9,1.20
2020,11,10,23,40,295,4.5,5.4,1022.0,12.2,0.99
2020,11,11,02,40,232,1.2,1.9,1021.3,12.2,1.03
2020,11,11,05,40,294,3.1,4.7,1021.1,12.0,0.88
2020,11,11,08,40,319,4.6,5.8,1020.3,11.8,0.92
2020,11,11,11,40,257,1.4,2.8,1019.8,11.7,0.95
2020,11,11,14,40,83,0.6,1.5,1020.0,11.7,1.08
2020,11,11,17,40,193,1.0,1.9,1020.4,11.7,1.19
2020,11,11,20,40,324,3.3,4.4,1019.2,11.8,1.44
2020,11,11,23,40,328,6.0,7.1,1018.6,11.8,1.51
2020,11,12,02,40,336,5.9,7.0,1018.2,11.8,1.38
2020,11,12,05,40,334,5.7,6.9,1018.8,11.8,1.32
2020,11,12,08,40,316,3.1,4.1,1018.7,11.5,1.55
2020,11,12,11,40,341,3.0,4.0,1018.1,11.7,1.69
2020,11,12,14,40,310,2.9,3.7,1018.9,11.6,1.30
2020,11,12,17,40,8,0.7,1.4,1019.8,11.7,1.25
2020,11,12,20,40,312,6.2,7.5,1019.6,11.8,1.34
2020,11,12,23,40,299,5.6,6.6,1018.7,11.8,1.17
2020,11,13,13,40,188,2.6,3.1,1020.2,11.7,0.91
2020,11,13,16,40,171,5.1,6.3,1021.7,11.7,0.83
2020,11,13,19,40,171,8.2,10.2,1020.1,11.6,1.14
2020,11,13,22,40,177,10.3,12.4,1018.3,11.6,1.47
2020,11,14,01,40,272,5.6,6.8,1019.5,11.7,1.50
2020,11,14,04,40,297,5.0,6.0,1021.7,11.7,1.65
2020,11,14,07,40,310,6.8,8.6,1023.4,11.7,1.39
2020,11,14,10,40,341,3.7,4.5,1023.7,11.6,1.32
2020,11,14,13,40,346,3.3,4.3,1024.2,11.6,1.45
2020,11,14,16,40,352,2.9,3.9,1026.2,11.6,1.87
2020,11,14,19,40,281,2.8,4.3,1025.8,11.9,2.34
2020,11,14,22,40,311,5.8,7.6,1025.2,11.9,2.63
2020,11,15,01,40,326,4.0,5.6,1025.0,11.8,2.44
2020,11,15,04,40,282,2.9,4.6,1025.2,11.7,2.66
2020,11,15,07,40,307,2.9,4.5,1026.0,11.6,2.64
2020,11,15,10,40,347,1.1,2.0,1025.3,11.7,2.25
2020,11,15,13,40,41,0.9,1.7,1025.9,11.6,2.20
2020,11,15,16,40,84,2.6,4.3,1026.6,11.6,2.15
2020,11,15,19,40,96,1.6,3.2,1026.3,11.8,1.93
2020,11,15,22,40,260,2.0,3.1,1024.4,12.1,2.21
2020,11,16,01,40,314,4.1,5.1,1023.0,12.1,1.76
2020,11,16,04,40,326,4.8,5.8,1023.0,11.8,1.93
2020,11,16,07,40,336,3.5,4.8,1022.7,11.7,2.06
2020,11,16,10,40,75,2.9,6.0,1020.8,11.7,2.69
2020,11,16,13,40,69,7.8,10.1,1019.2,11.7,2.52
2020,11,16,16,40,70,8.8,11.5,1018.6,11.7,2.63
2020,11,16,19,40,92,4.2,6.0,1017.3,11.8,2.40
2020,11,16,22,40,81,5.9,7.2,1013.7,11.9,1.86
2020,11,17,01,40,79,7.8,9.7,1010.8,11.9,1.99
2020,11,17,04,40,112,4.5,6.2,1011.0,11.9,1.97
2020,11,17,07,40,124,3.5,4.4,1010.6,11.8,1.55
2020,11,17,10,40,147,7.6,9.4,1010.1,11.8,1.52
2020,11,17,13,40,201,9.0,11.1,1011.3,11.8,1.49
2020,11,17,16,40,147,10.1,12.5,1012.1,11.8,1.67
2020,11,17,19,40,165,10.1,12.5,1013.2,11.8,2.45
2020,11,17,22,40,171,9.5,12.1,1012.7,11.8,2.70
2020,11,18,01,40,180,8.9,11.6,1012.9,11.8,3.10
2020,11,18,04,40,176,8.0,9.7,1013.5,11.8,2.83
2020,11,18,07,40,181,7.2,9.5,1013.7,12.1,2.68
2020,11,18,10,40,177,7.2,9.0,1013.6,12.1,2.42
2020,11,18,13,40,210,6.3,8.1,1014.8,11.9,2.43
2020,11,18,16,40,180,5.0,6.1,1016.5,12.1,2.41
2020,11,18,19,40,191,4.1,5.0,1018.4,12.3,2.58
2020,11,18,22,40,170,2.3,4.0,1019.0,12.7,2.56
2020,11,19,01,40,206,1.0,1.6,1020.7,12.6,2.28
2020,11,19,04,40,214,1.6,2.4,1022.5,12.4,2.11
2020,11,19,07,40,85,1.8,3.0,1023.9,12.3,2.08
2020,11,19,10,40,52,2.0,3.2,1024.8,12.3,2.00
2020,11,19,13,40,51,1.3,2.3,1025.3,12.1,2.14
2020,11,19,16,40,96,1.1,2.5,1027.1,12.1,2.17
2020,11,19,19,40,281,2.6,4.0,1027.0,12.3,2.18
2020,11,19,22,40,320,6.2,7.9,1025.1,12.4,2.04
2020,11,20,01,40,320,7.8,9.5,1024.9,12.5,2.02
2020,11,20,04,40,332,6.7,8.5,1024.9,12.2,1.95
2020,11,20,07,40,350,3.0,4.3,1025.1,12.1,1.89
2020,11,20,10,40,334,2.4,3.4,1024.7,12.0,2.18
2020,11,20,13,40,345,1.0,1.6,1024.9,12.0,2.15
2020,11,20,16,40,100,1.5,3.2,1025.9,12.0,1.84
2020,11,20,19,40,23,1.4,2.2,1024.8,12.3,1.57
2020,11,20,22,40,299,4.2,5.5,1023.7,12.6,1.67
2020,11,21,01,40,325,4.8,5.8,1023.4,12.4,1.71
2020,11,21,05,40,328,5.4,6.5,1023.9,12.1,1.67
2020,11,21,08,40,335,2.5,3.3,1023.8,12.0,1.64
2020,11,21,11,40,25,0.5,1.3,1023.0,12.0,1.63
2020,11,21,14,40,64,4.1,5.0,1023.3,12.0,1.49
2020,11,21,17,40,101,3.2,4.7,1024.3,12.1,1.39
2020,11,21,20,40,312,2.7,3.7,1022.5,12.3,1.41
2020,11,22,00,40,306,2.4,3.3,1020.4,12.3,1.36
2020,11,22,03,40,305,5.0,6.0,1020.4,12.2,1.25
2020,11,22,06,40,312,5.5,6.5,1020.3,12.0,1.22
2020,11,22,09,40,327,5.9,7.3,1019.4,11.9,1.29
2020,11,22,12,40,334,6.4,7.5,1019.0,11.9,1.36
2020,11,22,15,40,337,5.5,6.9,1019.2,11.9,1.36
2020,11,22,18,40,322,6.8,9.0,1019.5,11.9,1.24
2020,11,22,21,40,323,6.6,8.1,1017.0,12.0,1.48
2020,11,23,00,40,304,9.3,11.6,1016.8,12.0,1.51
2020,11,23,03,40,301,6.9,8.7,1017.4,12.1,1.46
2020,11,23,06,40,331,6.7,7.9,1017.2,12.1,1.15
2020,11,23,09,40,306,6.7,8.4,1016.3,12.1,1.13
2020,11,23,13,40,323,8.6,11.0,1016.5,12.1,1.69
2020,11,23,16,40,326,7.5,9.0,1018.5,12.1,1.93
2020,11,23,19,40,324,7.3,9.1,1018.6,12.1,1.98
2020,11,23,22,40,316,9.0,11.1,1017.6,12.1,2.32
2020,11,24,01,40,318,8.8,10.9,1017.6,12.0,2.55
2020,11,24,04,40,318,8.7,10.4,1017.9,12.0,2.40
2020,11,24,07,40,321,5.8,7.5,1018.3,12.0,1.90
2020,11,24,10,40,326,3.8,5.1,1019.0,11.9,1.94
2020,11,24,13,40,1,1.6,2.9,1019.3,11.9,2.28
2020,11,24,16,40,231,0.2,0.9,1020.6,11.9,2.12
2020,11,24,19,40,286,2.6,4.1,1020.9,12.2,2.34
2020,11,24,22,40,297,6.0,8.0,1019.6,12.1,2.50
2020,11,25,01,40,307,7.1,8.8,1019.8,12.0,2.43
2020,11,25,04,40,304,6.7,8.9,1020.8,12.0,2.26
2020,11,25,07,40,305,8.4,10.8,1021.4,12.0,2.03
2020,11,25,10,40,312,7.1,10.5,1022.0,11.9,2.07
2020,11,25,13,40,309,10.3,13.0,1022.2,11.9,2.19
2020,11,25,16,40,306,10.0,12.3,1024.5,11.9,2.45
2020,11,25,19,40,308,9.8,12.1,1024.5,12.0,2.61
2020,11,25,22,40,310,11.0,13.9,1023.4,12.0,2.88
2020,11,26,01,40,313,12.0,15.4,1023.2,11.9,3.23
2020,11,26,04,40,324,10.7,13.8,1024.0,11.6,4.02
2020,11,26,07,40,317,7.4,11.1,1024.2,11.5,3.55
2020,11,26,10,40,331,8.1,10.1,1023.6,11.4,3.26
2020,11,26,13,40,336,8.1,10.0,1023.3,11.3,3.22
2020,11,26,16,40,353,9.7,11.8,1024.8,11.4,3.02
2020,11,26,19,40,352,6.3,7.9,1024.3,11.5,2.93
2020,11,26,22,40,317,6.3,8.0,1022.5,11.5,2.82
2020,11,27,01,40,324,6.0,8.0,1022.1,11.3,2.49
2020,11,27,04,40,309,2.5,4.6,1022.6,11.3,2.44
2020,11,27,07,40,215,1.1,2.0,1022.9,11.3,2.60
2020,11,27,10,40,78,0.9,2.3,1023.2,11.2,2.16
2020,11,27,13,40,25,1.3,2.0,1023.1,11.2,2.03
2020,11,27,16,40,90,3.5,5.0,1024.1,11.3,1.79
2020,11,27,20,40,84,2.4,3.8,1023.4,11.4,1.62
2020,11,27,23,40,329,2.0,2.8,1022.8,11.6,1.52
2020,11,28,02,40,340,1.6,2.4,1023.3,11.4,1.56
2020,11,28,05,40,322,2.9,3.9,1024.0,11.4,1.40
2020,11,28,08,40,333,3.8,4.5,1024.4,11.3,1.45
2020,11,28,11,40,319,2.2,3.2,1024.3,11.3,1.38
2020,11,28,14,40,68,3.9,5.5,1024.9,11.3,1.37
2020,11,28,17,40,52,3.9,7.1,1026.1,11.3,1.39
2020,11,28,20,40,313,3.4,4.3,1024.0,11.5,1.42
2020,11,28,23,40,329,4.2,5.4,1022.7,11.5,1.28
2020,11,29,02,40,332,5.9,7.4,1022.5,11.4,1.29
2020,11,29,05,40,335,4.1,5.3,1022.8,11.3,1.28
2020,11,29,08,40,316,4.7,5.9,1022.8,11.3,1.27
2020,11,29,11,40,333,4.3,5.2,1022.4,11.3,1.41
2020,11,29,14,40,19,2.5,3.3,1022.4,11.2,1.31
2020,11,29,17,40,81,2.0,3.2,1023.3,11.3,1.12
2020,11,29,20,40,291,3.1,4.1,1022.3,11.3,1.29
2020,11,29,23,40,317,4.7,6.0,1022.3,11.7,1.08
2020,11,30,02,40,314,4.6,5.8,1022.6,11.6,1.22
2020,11,30,05,40,316,5.7,6.8,1023.8,11.5,1.43
2020,11,30,08,40,332,4.7,6.1,1024.2,11.4,1.36
2020,11,30,11,40,331,6.1,7.5,1024.8,11.4,1.50
2020,11,30,15,40,336,7.1,8.7,1026.1,11.3,1.53
2020,11,30,18,40,332,4.0,5.0,1026.9,11.4,1.49
2020,11,30,21,40,316,6.7,8.0,1025.2,11.5,1.72
2020,12,01,00,40,319,8.0,10.0,1025.0,11.5,2.12
2020,12,01,03,40,329,7.2,9.1,1025.0,11.5,2.04
2020,12,01,06,40,321,8.6,10.6,1025.6,11.5,2.46
2020,12,01,09,40,318,7.7,9.7,1025.4,11.4,2.52
2020,12,01,12,40,335,4.3,6.6,1024.3,11.5,2.42
2020,12,01,15,40,333,2.0,3.4,1024.1,11.5,2.51
2020,12,01,18,40,321,1.8,3.6,1024.2,11.5,2.67
2020,12,01,21,40,304,3.2,4.8,1021.6,11.7,2.74
2020,12,02,00,40,313,5.0,6.4,1020.6,11.5,2.48
2020,12,02,03,40,329,5.6,6.8,1020.9,11.3,2.48
2020,12,02,06,40,327,4.8,6.6,1021.0,11.2,2.24
2020,12,02,09,40,320,5.5,7.4,1020.4,11.2,2.05
2020,12,02,12,40,10,4.4,5.4,1019.8,11.1,1.93
2020,12,02,15,40,307,1.1,2.4,1020.4,11.1,1.85
2020,12,02,18,40,329,3.1,4.4,1021.6,11.2,1.56
2020,12,02,21,40,323,7.2,8.5,1019.8,11.3,1.59
2020,12,03,00,40,309,7.8,9.4,1019.3,11.3,1.59
2020,12,03,03,40,315,8.9,10.7,1020.5,11.3,1.61
2020,12,03,06,40,344,5.0,6.1,1020.5,11.3,1.70
2020,12,03,09,40,334,5.8,7.1,1021.8,11.3,2.19
2020,12,03,12,40,317,5.2,6.4,1022.7,11.2,2.15
2020,12,03,15,40,25,2.0,2.8,1024.2,11.2,1.84
2020,12,03,18,40,302,1.3,2.6,1025.7,11.3,1.95
2020,12,03,21,40,85,1.9,3.2,1024.1,11.5,2.36
2020,12,04,00,40,263,1.7,2.7,1025.2,11.6,2.27
2020,12,04,03,40,339,4.4,5.6,1026.5,11.4,2.79
2020,12,04,06,40,350,1.2,2.1,1026.7,11.3,3.23
2020,12,04,09,40,67,1.1,2.5,1025.8,11.3,2.73
2020,12,04,12,40,69,3.2,5.1,1025.0,11.3,2.68
2020,12,04,16,40,282,1.3,3.0,1025.8,11.3,2.61
2020,12,04,19,40,31,1.5,2.5,1024.7,11.4,2.16
2020,12,04,22,40,325,2.3,3.4,1022.5,11.7,2.30
2020,12,05,01,40,324,6.3,7.9,1023.0,11.5,2.49
2020,12,05,04,40,335,2.6,3.5,1022.7,11.3,2.32
2020,12,05,07,40,316,5.6,7.0,1023.0,11.3,2.53
2020,12,05,10,40,93,1.9,3.6,1021.9,11.3,2.17
2020,12,05,13,40,338,1.0,2.2,1022.9,11.3,2.21
2020,12,05,16,40,55,1.7,3.2,1024.8,11.3,2.02
2020,12,05,19,40,101,5.4,8.0,1023.2,11.4,1.77
2020,12,05,22,40,267,4.0,5.1,1024.5,11.4,1.55
2020,12,06,01,40,246,3.1,4.4,1025.7,11.5,1.36
2020,12,06,04,40,257,0.5,1.4,1026.8,11.5,1.28
2020,12,06,07,40,100,0.2,0.9,1027.2,11.4,1.12
2020,12,06,10,40,304,3.8,4.9,1027.1,11.4,1.13
2020,12,06,13,40,327,6.5,8.2,1026.9,11.3,1.43
2020,12,06,16,40,354,5.9,7.5,1028.0,11.2,1.44
2020,12,06,19,40,320,5.3,6.8,1027.4,11.3,1.72
2020,12,06,22,40,316,6.0,7.3,1025.2,11.5,1.78
2020,12,07,01,40,322,5.3,7.0,1023.8,11.4,2.02
2020,12,07,04,40,306,6.2,8.0,1023.8,11.4,1.94
2020,12,07,07,40,312,7.2,9.1,1022.5,11.4,2.49
2020,12,07,10,40,305,4.0,5.8,1020.6,11.4,2.45
2020,12,07,13,40,319,3.9,6.3,1020.4,11.3,2.68
2020,12,07,16,40,341,2.5,4.6,1022.1,11.3,2.61
2020,12,07,19,40,74,4.0,6.4,1022.2,11.4,3.10
2020,12,07,22,40,302,3.5,5.0,1021.3,11.4,2.86
2020,12,08,01,40,331,3.1,5.6,1022.0,11.5,3.53
2020,12,08,04,40,339,3.2,5.0,1022.7,11.4,3.47
2020,12,08,07,40,279,1.9,5.1,1022.5,11.4,4.93
2020,12,08,10,40,74,0.7,4.0,1021.9,11.3,5.48
2020,12,08,13,40,12,2.4,3.9,1021.3,11.3,5.19
2020,12,08,16,40,57,2.7,5.5,1022.1,11.2,4.60
2020,12,08,19,40,86,2.4,5.3,1021.4,11.4,4.33
2020,12,08,22,40,333,2.5,4.5,1019.5,11.7,4.26
2020,12,09,01,40,321,4.8,7.2,1019.5,11.3,4.57
2020,12,09,04,40,310,7.4,10.3,1020.6,11.3,3.48
2020,12,09,07,40,305,6.7,9.0,1021.1,11.5,3.71
2020,12,09,10,40,355,1.3,3.1,1020.4,11.3,3.35
2020,12,09,13,40,312,3.7,5.5,1020.1,11.3,3.21
2020,12,09,16,40,301,2.4,4.1,1020.4,11.2,3.38
2020,12,09,19,40,300,3.1,5.1,1019.5,11.3,2.95
2020,12,09,22,40,293,5.7,7.8,1016.6,11.6,3.27
2020,12,10,01,40,326,5.4,8.1,1016.1,11.3,3.10
2020,12,10,04,40,319,4.0,6.5,1016.1,11.3,2.97
2020,12,10,07,40,334,2.7,4.4,1016.1,11.4,3.02
2020,12,10,10,40,316,5.0,6.5,1016.1,11.3,2.69
2020,12,10,13,40,315,3.8,5.5,1016.0,11.3,2.70
2020,12,10,16,40,318,4.2,6.2,1017.6,11.3,2.30
2020,12,10,19,40,306,8.8,10.7,1019.0,11.4,2.31
2020,12,10,22,40,318,8.8,10.8,1018.3,11.4,2.57
2020,12,11,01,40,319,10.4,13.2,1019.4,11.3,3.13
2020,12,11,04,40,303,10.3,13.1,1020.8,11.3,2.62
2020,12,11,07,40,302,9.4,12.2,1021.3,11.2,2.29
2020,12,11,10,40,314,8.4,10.8,1021.9,11.2,2.39
2020,12,11,13,40,318,8.8,11.7,1022.1,11.2,2.38
2020,12,11,16,40,338,6.9,8.4,1022.1,11.2,2.00
2020,12,11,19,40,310,4.8,6.5,1023.1,11.2,1.61
2020,12,11,22,40,297,2.6,3.5,1021.9,11.2,1.64
2020,12,12,01,40,173,5.8,7.6,1020.3,11.2,1.64
2020,12,12,04,40,177,9.0,11.1,1019.1,11.2,1.91
2020,12,12,07,40,261,8.3,10.9,1018.8,11.2,2.23
2020,12,12,10,40,263,7.1,8.9,1018.6,11.2,2.08
2020,12,12,13,40,297,4.7,5.8,1018.9,11.2,2.16
2020,12,12,16,40,306,2.9,4.0,1019.8,11.2,1.86
2020,12,12,19,40,80,5.3,7.3,1020.9,11.3,1.67
2020,12,12,22,40,85,4.7,7.2,1021.0,11.3,1.64
2020,12,13,01,40,83,4.2,5.8,1020.9,11.3,1.54
2020,12,13,04,40,97,5.3,6.9,1021.4,11.3,1.42
2020,12,13,07,40,95,4.6,6.0,1021.9,11.3,1.33
2020,12,13,10,40,130,5.0,6.4,1022.0,11.3,1.07
2020,12,13,13,40,153,7.9,10.0,1020.8,11.3,1.08
2020,12,13,16,40,157,9.1,11.0,1021.0,11.3,1.51
2020,12,13,19,40,198,4.2,5.4,1021.3,11.3,1.53
2020,12,13,22,40,236,4.8,5.8,1020.9,11.3,2.28
2020,12,14,01,40,305,5.2,6.8,1021.9,11.3,3.15
2020,12,14,04,40,311,7.8,10.5,1023.5,11.3,3.84
2020,12,14,08,40,320,6.1,8.3,1024.3,11.2,3.97
2020,12,14,11,40,331,7.8,9.8,1024.8,11.2,3.84
2020,12,14,14,40,303,8.3,10.5,1025.4,11.2,4.07
2020,12,14,17,40,331,8.1,10.8,1026.8,11.2,4.24
2020,12,14,20,40,317,8.1,10.2,1025.8,11.2,3.54
2020,12,14,23,40,314,8.5,11.2,1025.4,11.3,3.34
2020,12,15,02,40,336,8.1,10.3,1025.7,11.2,3.29
2020,12,15,05,40,325,5.6,7.6,1025.8,11.2,3.13
2020,12,15,08,40,334,5.8,7.5,1026.3,11.2,2.93
2020,12,15,11,40,319,4.3,6.1,1026.3,11.2,3.27
2020,12,15,14,40,321,4.2,6.0,1027.1,11.2,2.56
2020,12,15,17,40,360,2.3,3.4,1028.1,11.2,2.29
2020,12,15,20,40,312,3.7,5.3,1027.4,11.4,2.15
2020,12,15,23,40,296,1.7,3.2,1026.8,11.5,1.86
2020,12,16,02,40,337,1.2,2.4,1027.5,11.4,2.00
2020,12,16,05,40,30,0.8,2.2,1027.6,11.3,1.96
2020,12,16,08,40,55,1.2,2.2,1026.4,11.3,2.16
2020,12,16,11,40,82,2.9,4.9,1025.4,11.2,2.37
2020,12,16,14,40,80,6.2,8.5,1024.9,11.2,2.98
2020,12,16,17,40,82,7.5,10.6,1024.4,11.2,2.91
2020,12,16,20,40,95,4.5,7.0,1022.5,11.3,3.61
2020,12,16,23,40,164,2.1,3.8,1021.0,11.3,3.41
2020,12,17,02,40,138,2.2,4.1,1019.7,11.3,3.14
2020,12,17,05,40,181,5.0,6.4,1017.6,11.3,2.76
2020,12,17,08,40,182,6.1,7.4,1015.5,11.3,2.68
2020,12,17,11,40,287,6.5,8.3,1015.9,11.3,2.67
2020,12,17,14,40,303,9.3,11.5,1017.3,11.2,2.66
2020,12,17,17,40,309,11.4,14.7,1019.4,11.2,2.49
2020,12,17,20,40,306,13.6,17.6,1018.6,11.2,3.11
2020,12,17,23,40,311,12.6,15.9,1018.9,11.2,3.04
2020,12,18,02,40,325,9.2,11.5,1020.7,11.2,2.82
2020,12,18,05,40,332,6.1,8.0,1022.6,11.2,2.78
2020,12,18,08,40,324,6.1,7.7,1023.1,11.2,2.78
2020,12,18,11,40,321,4.5,6.3,1024.1,11.1,2.53
2020,12,18,14,40,339,1.9,3.7,1024.6,11.1,2.71
2020,12,18,17,40,333,2.9,4.0,1027.0,11.1,2.65
2020,12,18,20,40,225,1.3,2.5,1026.9,11.3,2.74
2020,12,18,23,40,304,3.5,5.5,1026.7,11.4,2.39
2020,12,19,02,40,317,3.6,5.6,1027.9,11.3,2.37
2020,12,19,05,40,325,4.3,6.0,1028.3,11.2,2.36
2020,12,19,08,40,356,3.6,4.8,1027.9,11.1,2.59
2020,12,19,11,40,353,4.9,6.3,1028.6,11.2,2.22
2020,12,19,14,40,88,2.8,4.7,1028.2,11.1,2.06
2020,12,19,17,40,85,6.6,8.9,1030.1,11.1,2.12
2020,12,19,20,40,355,1.1,2.2,1028.7,11.3,2.11
2020,12,19,23,40,290,1.9,3.1,1028.6,11.3,2.28
2020,12,20,02,40,344,3.4,5.0,1029.1,11.3,2.40
2020,12,20,05,40,334,3.7,5.4,1029.6,11.1,2.28
2020,12,20,08,40,4,1.6,2.8,1028.7,11.2,2.38
2020,12,20,11,40,85,2.3,4.2,1028.0,11.2,2.40
2020,12,20,14,40,316,1.8,3.9,1027.8,11.2,2.49
2020,12,20,17,40,48,0.3,1.0,1027.8,11.2,2.19
2020,12,20,20,40,55,3.6,5.3,1025.4,11.4,1.75
2020,12,20,23,40,324,2.1,2.9,1023.3,11.5,1.66
2020,12,21,02,40,331,3.8,4.9,1023.1,11.4,1.50
2020,12,21,05,40,343,2.9,3.7,1022.4,11.2,1.51
2020,12,21,08,40,36,1.9,2.9,1021.4,11.2,1.64
2020,12,21,11,40,16,2.9,3.7,1020.2,11.1,1.74
2020,12,21,14,40,337,4.0,5.0,1019.5,11.1,1.82
2020,12,21,17,40,317,4.8,6.5,1020.3,11.2,1.67
2020,12,21,20,40,336,3.7,4.6,1018.4,11.2,1.66
2020,12,21,23,40,304,8.6,10.5,1017.7,11.2,1.97
2020,12,22,02,40,311,7.5,10.1,1017.9,11.1,1.73
2020,12,22,05,40,298,5.0,6.3,1018.9,11.1,1.90
2020,12,22,09,40,311,8.1,9.8,1019.8,11.1,1.90
2020,12,22,12,40,323,8.3,10.9,1020.4,11.1,2.31
2020,12,22,15,40,336,7.6,9.1,1021.9,11.1,2.32
2020,12,22,18,40,323,7.1,8.9,1023.9,11.1,2.28
2020,12,22,21,40,324,7.3,9.1,1022.3,11.1,2.15
2020,12,23,00,40,323,5.6,7.2,1022.3,11.1,2.20
2020,12,23,03,40,332,4.9,6.6,1023.0,11.1,2.28
2020,12,23,06,40,333,1.4,2.5,1023.5,11.1,2.29
2020,12,23,09,40,359,1.6,2.7,1023.2,11.1,2.21
2020,12,23,12,40,70,4.7,6.8,1023.1,11.0,1.97
2020,12,23,15,40,84,6.8,9.2,1022.9,10.9,1.72
2020,12,23,18,40,77,6.9,8.8,1024.4,10.9,1.59
2020,12,23,21,40,74,5.0,6.6,1023.4,11.0,1.49
2020,12,24,00,40,66,6.5,8.5,1022.6,11.0,1.37
2020,12,24,03,40,70,6.2,8.1,1023.6,11.0,1.31
2020,12,24,06,40,77,8.0,9.8,1023.5,10.9,1.14
2020,12,24,09,40,75,9.9,12.7,1023.3,10.9,1.33
2020,12,24,12,40,79,11.0,13.4,1023.2,10.9,1.34
2020,12,24,15,40,80,11.9,14.3,1023.4,10.9,1.27
2020,12,24,18,40,90,10.9,13.2,1024.9,11.0,1.22
2020,12,24,21,40,89,7.7,10.1,1022.8,11.0,1.07
2020,12,25,01,40,102,6.3,8.7,1021.1,11.0,1.02
2020,12,25,04,40,93,5.1,6.3,1021.4,11.0,0.88
2020,12,25,07,40,106,3.8,5.8,1020.9,11.0,0.93
2020,12,25,10,40,102,3.9,4.9,1020.1,10.9,1.02
2020,12,25,13,40,167,5.1,6.0,1020.3,10.9,1.12
2020,12,25,17,40,142,7.6,9.2,1019.3,10.9,1.28
2020,12,25,20,40,171,9.5,11.8,1018.2,10.9,1.70
2020,12,25,23,40,160,10.4,13.1,1017.7,10.9,2.30
2020,12,26,02,40,172,9.0,11.0,1017.4,10.9,3.02
2020,12,26,05,40,203,6.0,7.5,1019.1,10.9,3.21
2020,12,26,08,40,220,5.5,6.9,1019.9,10.9,2.63
2020,12,26,11,40,244,5.6,7.4,1020.7,10.8,2.45
2020,12,26,14,40,245,4.6,5.7,1022.6,10.8,2.47
2020,12,26,17,40,271,3.4,4.8,1025.2,10.7,2.43
2020,12,26,20,40,297,1.5,2.9,1024.9,10.9,2.68
2020,12,26,23,40,305,4.2,5.6,1024.1,11.1,2.90
2020,12,27,02,40,335,5.0,6.5,1023.0,11.0,3.01
2020,12,27,05,40,332,3.0,4.3,1021.7,10.8,2.58
2020,12,27,08,40,345,2.5,3.5,1019.6,10.8,2.85
2020,12,27,11,40,330,4.3,5.9,1018.6,10.8,3.40
2020,12,27,14,40,100,3.5,6.0,1016.7,10.7,3.93
2020,12,27,17,40,93,5.4,8.6,1015.5,10.8,3.22
2020,12,27,20,40,113,3.4,5.5,1012.7,10.9,2.85
2020,12,27,23,40,141,4.0,5.7,1009.2,10.9,2.60
2020,12,28,02,40,152,6.0,7.6,1007.9,10.8,2.22
2020,12,28,05,40,66,5.3,7.2,1007.1,10.8,2.92
2020,12,28,08,40,60,8.3,10.7,1005.7,10.8,3.31
2020,12,28,12,40,85,6.3,8.9,1006.5,10.8,3.11
2020,12,28,15,40,7,3.7,6.0,1009.0,10.8,3.06
2020,12,28,18,40,34,4.8,6.4,1011.9,10.8,2.56
2020,12,28,21,40,19,1.6,3.0,1012.2,11.0,2.92
2020,12,29,00,40,331,5.3,7.0,1013.8,11.0,3.36
2020,12,29,03,40,298,3.2,5.0,1015.5,10.9,3.20
2020,12,29,06,40,313,4.3,6.2,1017.3,10.8,3.75
2020,12,29,09,40,353,4.1,5.4,1018.4,10.8,3.31
2020,12,29,12,40,52,0.5,2.1,1020.7,10.7,3.02
2020,12,29,15,40,330,1.3,2.5,1023.6,10.7,2.50
2020,12,29,18,40,280,1.0,2.4,1026.2,10.8,2.71
2020,12,29,21,40,336,2.2,3.4,1025.0,11.2,2.66
2020,12,30,00,40,281,2.7,4.2,1026.2,11.1,2.31
2020,12,30,03,40,316,4.2,6.1,1027.3,10.8,2.38
2020,12,30,06,40,311,2.3,3.6,1027.3,10.8,2.34
2020,12,30,09,40,328,3.2,4.4,1027.5,10.8,2.25
2020,12,30,12,40,310,5.2,7.2,1028.1,10.8,2.55
2020,12,30,15,40,302,5.3,7.2,1028.7,10.8,2.21
2020,12,30,18,40,111,0.7,1.8,1029.2,10.8,1.97
2020,12,30,21,40,283,2.9,4.8,1026.7,11.1,1.99
2020,12,31,00,40,204,2.4,3.3,1025.7,11.0,2.07
2020,12,31,03,40,183,6.2,7.8,1024.1,11.0,2.44
2020,12,31,07,40,299,10.3,14.1,1022.8,10.9,2.52
2020,12,31,10,40,315,8.8,11.6,1023.5,10.9,3.04
2020,12,31,13,40,336,8.0,10.2,1023.4,10.8,3.50
2020,12,31,16,40,343,6.1,8.0,1024.1,10.8,3.54
2020,12,31,19,40,324,7.3,9.5,1023.9,10.9,3.22
2020,12,31,22,40,324,9.0,11.6,1021.8,10.9,3.62
2021,01,01,01,40,328,6.5,8.6,1021.6,10.8,3.38
2021,01,01,04,40,321,7.2,9.2,1020.9,10.8,3.19
2021,01,01,07,40,329,5.5,7.4,1020.9,10.8,3.31
2021,01,01,10,40,321,3.5,4.9,1020.7,10.8,2.81
2021,01,01,13,40,277,3.1,5.1,1020.9,10.8,2.66
2021,01,01,16,40,286,2.9,4.3,1022.0,10.8,2.35
2021,01,01,19,40,188,1.9,2.8,1021.9,11.0,2.58
2021,01,01,22,40,182,2.4,3.3,1021.4,11.1,2.42
2021,01,02,01,40,156,1.9,3.1,1022.5,11.1,2.30
2021,01,02,04,40,152,2.3,3.5,1023.2,11.1,2.29
2021,01,02,07,40,140,6.0,7.6,1022.7,10.9,2.59
2021,01,02,10,40,121,5.0,7.6,1023.6,10.9,2.93
2021,01,02,13,40,103,5.5,8.4,1022.8,10.9,3.10
2021,01,02,17,40,96,4.3,7.8,1025.3,10.9,3.85
2021,01,02,20,40,87,5.6,8.9,1023.8,10.9,3.91
2021,01,02,23,40,91,2.3,5.0,1023.8,11.0,3.69
2021,01,03,02,40,299,1.7,3.8,1024.7,10.9,4.87
2021,01,03,05,40,202,0.8,3.5,1025.4,10.9,4.19
2021,01,03,09,40,130,0.7,2.8,1025.5,11.0,3.85
2021,01,03,12,40,153,1.8,3.6,1024.7,11.0,3.52
2021,01,03,15,40,144,1.9,3.4,1025.2,10.9,2.99
2021,01,03,18,40,110,2.8,5.1,1025.6,10.8,3.13
2021,01,03,21,40,70,1.0,2.6,1023.4,11.1,2.90
2021,01,04,00,40,234,3.5,5.1,1023.0,11.1,2.85
2021,01,04,03,40,159,2.2,3.5,1022.2,11.1,3.01
2021,01,04,06,40,132,5.0,8.1,1021.8,11.0,3.55
2021,01,04,09,40,131,5.4,7.6,1020.7,11.0,3.26
2021,01,04,12,40,148,9.8,13.0,1018.7,11.0,3.36
2021,01,04,15,40,163,12.6,15.6,1018.5,11.0,3.33
2021,01,04,18,40,204,8.2,10.3,1019.8,11.1,3.40
2021,01,04,21,40,246,7.1,9.0,1020.0,11.2,3.19
2021,01,05,00,40,265,5.6,7.6,1021.6,11.2,3.24
2021,01,05,03,40,53,1.1,2.9,1024.1,11.1,3.10
2021,01,05,06,40,242,2.2,4.2,1024.8,11.0,3.52
2021,01,05,09,40,293,3.7,5.9,1025.3,11.1,3.56
2021,01,05,12,40,353,4.2,5.5,1025.0,11.2,3.51
2021,01,05,15,40,31,2.2,3.5,1025.8,11.2,3.80
2021,01,05,18,40,60,1.9,4.4,1027.0,11.3,3.97
2021,01,05,21,40,347,2.0,4.0,1024.7,11.4,3.79
2021,01,06,00,40,7,1.6,2.8,1024.7,11.4,3.12
2021,01,06,03,40,24,3.8,4.9,1023.7,11.3,3.43
2021,01,06,06,40,23,2.6,3.9,1023.9,11.3,3.00
2021,01,06,09,40,338,2.4,3.9,1023.5,11.3,3.31
2021,01,06,12,40,108,2.1,5.0,1022.6,11.3,2.90
2021,01,06,15,40,101,0.8,2.6,1023.9,11.3,2.94
2021,01,06,18,40,121,4.8,6.6,1024.2,11.3,2.89
2021,01,06,21,40,149,3.7,5.2,1022.9,11.3,3.60
2021,01,07,00,40,88,3.0,5.3,1023.3,11.4,3.47
2021,01,07,03,40,251,0.3,1.4,1024.4,11.4,3.91
2021,01,07,06,40,324,2.0,4.2,1025.6,11.4,3.56
2021,01,07,09,40,39,2.3,4.4,1024.5,11.3,3.57
2021,01,07,12,40,70,7.4,10.1,1023.2,11.3,4.10
2021,01,07,15,40,78,8.3,12.0,1023.0,11.3,3.27
2021,01,07,18,40,74,6.2,9.2,1025.5,11.3,3.15
2021,01,07,21,40,83,6.0,9.5,1022.3,11.4,3.21
2021,01,08,00,40,86,4.4,6.9,1021.2,11.3,3.01
2021,01,08,03,40,68,5.8,8.9,1021.2,11.3,3.15
2021,01,08,06,40,89,3.3,5.1,1022.6,11.3,2.69
2021,01,08,09,40,76,0.9,2.3,1024.2,11.3,2.27
2021,01,08,12,40,93,4.8,6.9,1023.3,11.3,2.37
2021,01,08,15,40,85,3.5,5.3,1024.2,11.3,2.40
2021,01,08,18,40,261,1.3,2.8,1026.5,11.3,3.27
2021,01,08,21,40,319,7.2,8.9,1025.8,11.4,3.70
2021,01,09,00,40,315,6.4,8.5,1025.5,11.4,4.10
2021,01,09,03,40,338,4.6,6.3,1026.6,11.4,3.19
2021,01,09,06,40,329,8.1,10.5,1026.9,11.3,3.52
2021,01,09,09,40,345,5.3,6.6,1026.0,11.3,3.22
2021,01,09,12,40,88,4.3,7.1,1024.8,11.2,3.71
2021,01,09,15,40,95,4.0,6.9,1024.7,11.2,3.42
2021,01,09,18,40,83,1.7,3.7,1026.3,11.3,3.28
2021,01,09,21,40,308,3.8,5.1,1024.5,11.5,2.60
2021,01,10,00,40,319,2.4,3.7,1023.9,11.4,1.98
2021,01,10,03,40,283,4.5,6.3,1025.0,11.3,1.72
2021,01,10,06,40,7,2.1,2.9,1025.1,11.3,1.76
2021,01,10,09,40,294,1.5,2.3,1024.4,11.2,1.77
2021,01,10,12,40,344,0.1,0.8,1024.5,11.2,2.00
2021,01,10,15,40,129,1.7,3.5,1025.2,11.2,3.35
2021,01,10,18,40,101,4.4,7.5,1026.3,11.3,4.95
2021,01,10,21,40,28,2.4,5.1,1025.8,11.3,5.44
2021,01,11,00,40,352,1.5,3.3,1025.3,11.4,4.79
2021,01,11,03,40,280,1.1,3.3,1025.4,11.2,5.05
2021,01,11,06,40,336,3.2,4.9,1025.5,11.3,4.37
2021,01,11,09,40,316,4.1,5.9,1025.4,11.2,3.90
2021,01,11,12,40,84,4.5,7.4,1024.5,11.2,3.27
2021,01,11,15,40,24,2.2,3.7,1025.2,11.1,3.04
2021,01,11,18,40,108,6.0,8.4,1025.0,11.2,2.88
2021,01,11,21,40,310,2.6,3.8,1023.8,11.3,2.70
2021,01,12,00,40,314,5.2,6.9,1023.5,11.2,2.60
2021,01,12,03,40,308,5.1,6.5,1023.6,11.2,2.19
2021,01,12,06,40,302,3.9,5.3,1024.3,11.1,2.30
2021,01,12,09,40,58,1.3,2.5,1024.4,11.1,2.02
2021,01,12,12,40,195,0.1,1.1,1024.9,11.1,1.93
2021,01,12,15,40,123,4.7,6.4,1024.7,11.2,2.02
2021,01,12,18,40,102,3.5,5.4,1026.1,11.2,2.01
2021,01,12,21,40,160,0.8,1.9,1026.1,11.3,2.42
2021,01,13,00,40,121,2.2,4.3,1026.7,11.4,2.51
2021,01,13,03,40,121,1.6,3.8,1027.9,11.3,3.42
2021,01,13,06,40,189,1.1,2.9,1029.1,11.3,4.15
2021,01,13,09,40,85,1.9,4.3,1028.6,11.3,3.84
2021,01,13,12,40,86,1.5,3.4,1027.9,11.2,3.18
2021,01,13,15,40,114,2.1,4.2,1028.6,11.3,3.30
2021,01,13,18,40,18,0.3,1.5,1030.1,11.3,3.22
2021,01,13,21,40,140,1.2,3.2,1027.4,11.8,3.28
2021,01,14,00,40,309,3.7,5.4,1027.9,11.9,3.25
2021,01,14,03,40,323,5.5,7.6,1028.6,11.8,3.52
2021,01,14,06,40,325,4.3,6.0,1028.5,11.5,2.81
2021,01,14,09,40,344,1.4,2.7,1027.6,11.2,2.81
2021,01,14,12,40,13,1.6,2.7,1027.0,11.3,2.63
2021,01,14,15,40,73,3.1,5.5,1026.9,11.4,2.85
2021,01,14,18,40,19,2.3,3.3,1028.1,11.4,2.26
2021,01,14,21,40,299,4.8,6.2,1026.5,11.8,2.42
2021,01,15,00,40,310,9.5,11.7,1026.6,11.4,1.98
2021,01,15,03,40,314,7.3,9.1,1026.7,11.3,2.02
2021,01,15,06,40,333,4.1,5.0,1026.7,11.3,1.77
2021,01,15,09,40,52,1.3,2.3,1026.9,11.3,1.74
2021,01,15,12,40,313,1.2,2.8,1026.0,11.3,1.59
2021,01,15,15,40,319,4.9,6.4,1026.3,11.3,1.49
2021,01,15,18,40,322,2.0,2.9,1027.1,11.2,1.41
2021,01,15,21,40,357,2.0,3.2,1025.0,11.5,1.64
2021,01,16,00,40,328,3.9,6.3,1025.2,11.4,2.12
2021,01,16,03,40,13,3.0,4.0,1024.4,11.6,2.30
2021,01,16,06,40,347,4.5,6.0,1024.3,11.7,2.53
2021,01,16,09,40,317,6.1,8.3,1023.6,11.5,2.72
2021,01,16,12,40,321,7.2,9.2,1022.6,11.5,3.16
2021,01,16,15,40,319,8.3,10.4,1023.1,11.5,3.27
2021,01,16,18,40,320,7.6,10.1,1024.0,11.5,2.77
2021,01,16,21,40,316,6.4,7.9,1021.4,11.5,3.23
2021,01,17,00,40,314,8.5,10.3,1020.4,11.5,2.97
2021,01,17,03,40,325,7.7,10.1,1020.6,11.5,3.24
2021,01,17,06,40,331,4.0,4.9,1020.6,11.5,2.76
2021,01,17,09,40,60,3.3,5.3,1020.1,11.4,2.87
2021,01,17,12,40,330,2.9,5.0,1020.3,11.4,2.70
2021,01,17,15,40,11,2.1,3.8,1020.7,11.4,2.43
2021,01,17,18,40,326,1.4,2.6,1021.3,11.5,2.27
2021,01,17,21,40,335,2.1,2.9,1018.4,12.0,2.17
2021,01,18,00,40,301,6.6,8.0,1017.4,12.1,2.44
2021,01,18,03,40,321,6.0,7.4,1016.8,11.6,2.22
2021,01,18,06,40,333,4.0,5.3,1015.8,11.5,2.36
2021,01,18,09,40,316,6.6,8.2,1015.2,11.4,3.22
2021,01,18,12,40,32,1.3,2.8,1014.4,11.6,3.07
2021,01,18,15,40,341,2.8,4.1,1014.3,11.6,2.98
2021,01,18,18,40,326,3.7,5.9,1016.2,11.7,3.10
2021,01,18,21,40,331,6.4,7.7,1013.8,11.7,2.94
2021,01,19,00,40,324,7.7,9.3,1013.2,11.6,3.09
2021,01,19,03,40,329,5.3,6.9,1013.0,11.5,3.02
2021,01,19,06,40,322,1.6,4.3,1013.2,11.4,2.88
2021,01,19,09,40,4,12.4,16.3,1013.4,11.3,2.81
2021,01,19,12,40,19,11.6,15.6,1013.4,11.3,2.78
2021,01,19,15,40,8,12.9,16.7,1014.5,11.3,2.62
2021,01,19,18,40,13,8.5,12.2,1016.2,11.2,2.28
2021,01,19,21,40,41,5.4,8.1,1015.4,11.3,1.96
2021,01,20,00,40,46,4.7,5.9,1015.8,11.3,1.58
2021,01,20,03,40,351,2.9,4.9,1016.7,11.3,1.61
2021,01,20,06,40,49,2.0,2.7,1017.8,11.2,1.27
2021,01,20,09,40,93,6.9,9.0,1017.8,11.2,1.26
2021,01,20,12,40,81,5.5,6.6,1018.5,11.2,1.20
2021,01,20,15,40,55,3.8,4.6,1019.9,11.2,1.26
2021,01,20,18,40,49,2.5,3.2,1021.1,11.2,1.30
2021,01,20,21,40,5,1.3,1.8,1019.0,11.6,1.28
2021,01,21,00,40,297,4.4,5.3,1018.6,11.5,1.12
2021,01,21,03,40,321,5.4,6.5,1018.9,11.9,1.26
2021,01,21,06,40,325,3.0,3.8,1019.1,11.8,1.18
2021,01,21,09,40,308,3.6,5.2,1019.3,11.7,1.59
2021,01,21,12,40,318,3.3,5.5,1019.1,11.7,1.66
2021,01,21,15,40,305,1.0,2.7,1019.2,11.7,1.70
2021,01,21,18,40,160,1.1,2.9,1019.9,11.7,1.57
2021,01,21,21,40,155,2.3,3.6,1018.0,11.8,1.62
2021,01,22,00,40,253,2.0,4.1,1017.0,11.8,1.66
2021,01,22,03,40,229,3.2,4.6,1016.5,11.8,1.58
2021,01,22,06,40,176,3.5,4.3,1015.8,11.8,1.55
2021,01,22,09,40,190,5.1,6.3,1013.9,11.7,1.50
2021,01,22,12,40,311,10.1,13.3,1013.6,11.7,2.05
2021,01,22,15,40,273,7.7,9.8,1013.6,11.7,2.14
2021,01,22,18,40,266,7.5,9.5,1013.4,11.7,2.27
2021,01,22,21,40,301,3.9,5.4,1011.3,11.8,2.89
2021,01,23,00,40,319,7.6,9.5,1011.6,11.8,3.25
2021,01,23,03,40,313,7.7,9.8,1012.1,11.7,3.18
2021,01,23,06,40,319,7.0,8.6,1012.5,11.6,2.86
2021,01,23,09,40,11,3.4,4.8,1013.2,11.6,2.90
2021,01,23,12,40,16,5.6,6.9,1013.7,11.6,3.10
2021,01,23,15,40,38,4.6,6.1,1015.0,11.5,3.33
2021,01,23,18,40,303,3.2,5.0,1016.9,11.6,2.57
2021,01,23,21,40,313,6.9,8.4,1015.2,11.7,2.60
2021,01,24,00,40,310,7.9,10.1,1014.8,11.7,2.82
2021,01,24,03,40,323,8.9,11.0,1014.5,11.6,2.68
2021,01,24,06,40,318,8.9,11.0,1014.9,11.5,3.02
2021,01,24,09,40,316,10.0,12.1,1015.1,11.4,2.89
2021,01,24,12,40,311,11.2,13.8,1014.3,11.4,3.00
2021,01,24,15,40,307,8.1,10.5,1014.4,11.4,2.80
2021,01,24,18,40,294,8.2,10.3,1014.6,11.4,2.42
2021,01,24,21,40,281,5.5,6.9,1012.6,11.4,2.10
2021,01,25,00,40,290,9.8,13.6,1011.7,11.4,2.21
2021,01,25,03,40,322,13.0,16.8,1011.6,11.3,3.45
2021,01,25,06,40,309,14.3,18.5,1011.4,11.1,4.42
2021,01,25,09,40,319,12.8,16.0,1011.2,11.1,4.30
2021,01,25,12,40,308,14.6,18.1,1010.8,11.1,3.80
2021,01,25,15,40,316,15.1,19.3,1011.6,11.2,3.91
2021,01,25,18,40,314,14.8,18.9,1012.5,11.2,4.36
2021,01,25,21,40,304,14.3,17.9,1011.6,10.8,3.96
2021,01,26,00,40,306,14.2,17.6,1011.3,10.9,3.84
2021,01,26,03,40,311,12.6,15.7,1011.4,10.8,3.25
2021,01,26,06,40,314,12.7,15.4,1012.2,10.8,3.15
2021,01,26,09,40,321,10.8,13.5,1013.4,10.7,2.95
2021,01,26,12,40,316,9.3,11.0,1013.5,10.4,2.80
2021,01,26,15,40,347,2.4,4.4,1014.8,10.4,3.22
2021,01,26,18,40,149,4.1,6.0,1015.7,10.5,2.96
2021,01,26,21,40,167,8.2,10.7,1012.9,10.5,2.47
2021,01,27,00,40,155,13.5,17.2,1009.5,10.5,2.76
2021,01,27,03,40,153,17.0,22.0,1005.3,10.5,3.91
2021,01,27,06,40,173,15.7,23.4,1003.2,10.4,5.01
2021,01,27,09,40,225,7.7,10.0,1004.6,10.3,4.62
2021,01,27,12,40,209,8.1,10.0,1006.0,10.3,4.05
2021,01,27,16,40,178,7.4,9.5,1008.8,10.3,3.71
2021,01,27,19,40,163,7.9,9.9,1009.0,10.7,3.39
2021,01,27,22,40,145,10.2,14.1,1006.4,10.5,3.63
2021,01,28,01,40,101,5.7,9.6,1005.6,10.4,4.55
2021,01,28,04,40,157,8.2,11.8,1005.3,10.4,4.37
2021,01,28,07,40,170,6.7,8.9,1005.5,10.7,4.30
2021,01,28,10,40,188,4.3,6.1,1006.2,10.7,3.90
2021,01,28,13,40,183,3.8,5.1,1006.7,10.8,3.74
2021,01,28,16,40,195,2.9,4.3,1007.7,10.9,3.19
2021,01,28,19,40,180,3.0,5.0,1008.2,10.9,4.00
2021,01,28,22,40,216,2.6,3.9,1007.5,11.1,3.64
2021,01,29,01,40,269,1.7,3.6,1007.3,11.1,3.54
2021,01,29,04,40,359,1.4,2.7,1007.7,11.0,3.04
2021,01,29,07,40,40,1.4,3.8,1008.2,11.0,2.62
2021,01,29,10,40,130,3.2,5.3,1009.0,10.9,2.50
2021,01,29,13,40,112,1.6,3.7,1009.4,10.9,2.72
2021,01,29,16,40,115,1.2,2.9,1012.2,10.9,2.65
2021,01,29,19,40,162,2.0,3.8,1014.4,11.0,2.53
2021,01,29,22,40,215,2.4,3.2,1015.3,11.2,2.09
2021,01,30,01,40,229,1.5,2.5,1016.8,11.1,1.84
2021,01,30,04,40,217,2.4,3.3,1018.4,11.0,1.80
2021,01,30,07,40,181,2.9,3.7,1019.9,11.0,1.84
2021,01,30,10,40,134,4.3,5.6,1020.8,10.9,2.00
2021,01,30,13,40,130,4.3,5.6,1021.0,10.9,1.83
2021,01,30,16,40,115,4.1,5.4,1022.1,10.8,1.61
2021,01,30,19,40,142,4.4,5.5,1022.8,10.9,1.44
2021,01,30,22,40,173,4.3,5.3,1021.8,11.1,1.38
2021,01,31,01,40,139,4.8,6.1,1021.3,11.0,1.38
2021,01,31,04,40,161,5.3,6.5,1021.1,11.0,1.25
2021,01,31,07,40,144,5.5,6.8,1022.1,10.9,1.56
2021,01,31,10,40,135,5.4,7.5,1021.9,10.9,1.68
2021,01,31,13,40,136,7.2,10.0,1021.6,10.9,1.79
2021,01,31,16,40,151,5.4,6.8,1022.2,10.9,1.78
2021,01,31,19,40,158,5.4,6.9,1021.5,10.9,1.91
2021,01,31,22,40,160,4.4,5.3,1019.5,11.0,1.88
2021,02,01,01,40,114,3.2,4.5,1018.8,11.0,1.90
2021,02,01,04,40,157,4.5,6.3,1018.8,11.0,2.28
2021,02,01,07,40,143,4.8,6.4,1018.4,10.9,2.33
2021,02,01,10,40,158,5.3,7.1,1017.4,10.9,2.40
2021,02,01,13,40,163,6.4,8.4,1016.3,10.9,2.72
2021,02,01,16,40,169,7.7,9.6,1016.8,10.9,2.68
2021,02,01,19,40,156,9.4,12.3,1016.5,10.9,2.59
2021,02,01,22,40,157,9.7,12.5,1015.4,10.9,2.67
2021,02,02,01,40,153,10.3,13.8,1015.1,10.9,3.03
2021,02,02,04,40,159,8.1,10.2,1016.5,10.9,2.84
2021,02,02,07,40,170,6.4,8.5,1017.5,10.8,2.85
2021,02,02,10,40,192,7.4,9.2,1017.9,11.2,2.80
2021,02,02,13,40,198,2.1,2.9,1018.3,11.6,2.49
2021,02,02,16,40,268,2.2,3.9,1020.1,11.5,2.67
2021,02,02,19,40,291,1.9,3.1,1021.1,11.8,2.31
2021,02,02,22,40,296,4.4,6.4,1020.6,11.8,2.45
2021,02,03,01,40,297,4.0,5.3,1020.8,11.7,2.22
2021,02,03,04,40,307,5.7,7.2,1022.1,11.6,2.17
2021,02,03,07,40,311,6.1,7.7,1023.3,11.6,1.91
2021,02,03,10,40,318,6.7,8.4,1023.9,11.7,1.89
2021,02,03,13,40,334,1.7,3.2,1023.7,11.6,1.86
2021,02,03,16,40,284,4.4,5.9,1025.1,11.4,1.81
2021,02,03,19,40,284,4.1,5.5,1026.0,11.5,1.79
2021,02,03,22,40,252,4.5,5.9,1023.5,11.8,1.64
2021,02,04,01,40,308,5.8,7.2,1023.6,11.7,1.62
2021,02,04,04,40,321,7.7,10.0,1024.1,11.2,2.00
2021,02,04,07,40,345,4.8,6.1,1024.0,11.0,1.97
2021,02,04,10,40,340,6.0,7.1,1024.0,10.9,2.05
2021,02,04,13,40,340,3.8,5.1,1024.3,10.9,2.12
2021,02,04,16,40,332,0.4,1.2,1026.0,10.8,2.13
2021,02,04,19,40,254,1.9,2.7,1026.0,11.0,1.99
2021,02,04,22,40,301,3.1,4.3,1024.5,11.4,1.79
2021,02,05,01,40,300,3.6,4.7,1024.4,11.4,1.71
2021,02,05,04,40,309,3.0,4.4,1024.6,11.0,1.86
2021,02,05,07,40,283,1.2,2.3,1025.0,11.0,1.75
2021,02,05,10,40,292,1.1,1.9,1024.2,11.0,1.81
2021,02,05,13,40,113,1.7,3.0,1023.7,11.0,1.90
2021,02,05,17,40,84,0.7,1.5,1024.7,10.8,1.51
2021,02,05,20,40,308,4.4,5.6,1024.1,11.3,1.36
2021,02,05,23,40,321,9.0,11.1,1021.7,11.2,1.45
2021,02,06,02,40,318,7.7,9.2,1020.7,11.1,2.01
2021,02,06,05,40,322,8.2,10.3,1020.7,11.1,2.33
2021,02,06,08,40,321,7.3,9.1,1020.1,11.0,2.20
2021,02,06,11,40,315,6.2,7.9,1019.8,11.0,1.84
2021,02,06,14,40,320,5.1,6.4,1020.3,11.0,1.79
2021,02,06,17,40,346,2.0,2.9,1020.9,11.0,2.10
2021,02,06,20,40,305,1.5,2.7,1019.8,11.4,1.89
2021,02,06,23,40,324,6.6,9.0,1018.4,11.3,1.83
2021,02,07,02,40,308,6.0,7.5,1018.3,11.2,1.85
2021,02,07,06,40,321,3.7,5.2,1018.3,11.1,1.94
2021,02,07,09,40,357,4.0,5.0,1017.2,11.0,1.94
2021,02,07,12,40,325,6.5,7.9,1016.5,11.0,1.92
2021,02,07,15,40,315,7.0,8.6,1017.4,11.0,1.97
2021,02,07,18,40,309,4.8,6.0,1017.0,11.2,1.87
2021,02,07,21,40,309,6.8,8.2,1015.6,11.4,1.58
2021,02,08,00,40,317,7.6,9.0,1014.9,11.4,1.49
2021,02,08,03,40,318,5.6,7.0,1014.6,11.3,1.54
2021,02,08,06,40,307,5.7,6.9,1014.8,11.3,1.33
2021,02,08,09,40,313,5.1,6.9,1014.7,11.1,1.41
2021,02,08,12,40,301,3.2,4.8,1014.5,11.1,1.51
2021,02,08,15,40,133,1.7,2.8,1014.6,11.1,1.63
2021,02,08,18,40,143,1.1,2.7,1016.3,11.2,1.49
2021,02,08,21,40,269,1.5,2.3,1015.7,11.3,1.39
2021,02,09,00,40,328,2.6,3.4,1015.6,11.4,1.26
2021,02,09,03,40,316,1.5,2.4,1016.0,11.3,1.23
2021,02,09,06,40,258,4.7,5.9,1016.8,11.3,1.06
2021,02,09,09,40,333,2.2,3.3,1016.7,11.2,1.09
2021,02,09,12,40,273,0.7,1.4,1016.2,11.2,1.14
2021,02,09,15,40,308,2.9,3.6,1017.0,11.2,1.11
2021,02,09,18,40,308,1.9,2.6,1018.6,11.3,0.94
2021,02,09,21,40,295,3.9,4.7,1017.8,11.3,0.94
2021,02,10,00,40,313,3.2,3.9,1017.6,11.3,1.00
2021,02,10,03,40,305,5.5,6.6,1018.4,11.4,1.02
2021,02,10,06,40,300,6.1,7.3,1018.8,11.3,0.98
2021,02,10,09,40,306,5.6,6.8,1019.0,11.3,1.08
2021,02,10,12,40,323,6.0,7.2,1019.1,11.2,1.18
2021,02,10,15,40,291,4.9,5.9,1019.3,11.2,1.12
2021,02,10,18,40,299,6.2,7.2,1021.3,11.3,1.03
2021,02,10,21,40,324,5.4,6.3,1019.6,11.5,1.08
2021,02,11,00,40,296,6.9,8.3,1019.6,11.5,1.06
2021,02,11,03,40,301,5.7,7.0,1020.4,11.5,1.06
2021,02,11,06,40,296,4.3,5.3,1020.6,11.4,1.10
2021,02,11,09,40,291,4.0,5.3,1021.2,11.3,1.17
2021,02,11,12,40,297,1.1,1.7,1019.5,11.3,0.96
2021,02,11,15,40,254,1.9,2.8,1019.7,11.3,1.01
2021,02,11,18,40,177,2.3,2.9,1020.1,11.4,0.99
2021,02,11,21,40,181,3.9,4.9,1018.1,11.5,0.98
2021,02,12,00,40,164,5.9,7.0,1016.2,11.4,1.08
2021,02,12,03,40,195,8.2,11.6,1014.0,11.4,1.43
2021,02,12,06,40,292,8.7,10.7,1014.9,11.4,1.59
2021,02,12,09,40,291,7.2,9.2,1015.5,11.4,1.39
2021,02,12,12,40,308,10.3,13.2,1016.9,11.3,1.51
2021,02,12,15,40,318,7.4,9.2,1018.4,11.2,1.49
2021,02,12,18,40,287,6.0,7.4,1019.8,11.2,1.58
2021,02,12,21,40,293,6.6,8.0,1018.9,11.3,1.66
2021,02,13,00,40,307,6.3,7.9,1018.8,11.4,1.99
2021,02,13,03,40,303,6.3,8.6,1018.2,11.4,2.23
2021,02,13,06,40,300,8.3,10.2,1019.9,11.3,2.46
2021,02,13,09,40,302,2.7,4.5,1017.3,11.3,2.37
2021,02,13,12,40,248,5.3,6.5,1017.0,11.4,2.16
2021,02,13,15,40,292,8.4,11.1,1017.3,11.4,2.27
2021,02,13,18,40,305,10.0,12.8,1018.2,11.4,2.28
2021,02,13,21,40,304,9.3,11.2,1018.4,11.4,2.11
2021,02,14,00,40,297,13.1,16.4,1018.2,11.4,2.30
2021,02,14,03,40,314,10.7,14.7,1019.0,11.3,2.24
2021,02,14,06,40,316,9.9,12.1,1019.0,11.3,2.33
2021,02,14,09,40,312,11.0,13.8,1019.7,11.2,2.40
2021,02,14,12,40,317,10.4,13.4,1018.8,11.2,2.84
2021,02,14,15,40,311,8.1,10.5,1019.6,11.1,2.60
2021,02,14,18,40,300,6.2,8.1,1021.1,11.2,2.84
2021,02,14,21,40,256,2.3,3.8,1020.0,11.3,2.83
2021,02,15,00,40,179,6.2,7.6,1018.8,11.3,2.80
2021,02,15,03,40,248,5.1,6.6,1019.0,11.3,2.79
2021,02,15,06,40,265,5.0,6.8,1019.1,11.2,2.87
2021,02,15,09,40,235,3.4,4.8,1018.5,11.2,2.66
2021,02,15,12,40,234,4.4,5.4,1019.2,11.2,2.52
2021,02,15,15,40,202,5.7,6.6,1018.6,11.2,2.50
2021,02,15,18,40,282,6.9,8.7,1019.8,11.2,2.55
2021,02,15,21,40,277,5.0,6.8,1019.2,11.3,2.71
2021,02,16,00,40,285,7.3,9.2,1019.6,11.3,2.28
2021,02,16,03,40,303,9.3,12.6,1020.8,11.1,2.54
2021,02,16,06,40,311,10.1,13.2,1021.0,11.1,2.58
2021,02,16,09,40,301,11.1,14.1,1021.0,11.1,2.63
2021,02,16,12,40,306,10.4,13.1,1021.4,11.1,2.71
2021,02,16,15,40,307,11.7,14.9,1022.7,11.1,2.73
2021,02,16,18,40,310,9.3,11.7,1023.5,11.1,2.67
2021,02,16,21,40,309,9.1,11.2,1022.6,11.1,2.79
2021,02,17,00,40,303,11.3,14.3,1021.2,11.2,2.86
2021,02,17,03,40,316,10.4,13.0,1021.7,11.0,2.84
2021,02,17,06,40,319,9.1,11.4,1021.5,10.7,2.97
2021,02,17,09,40,315,8.4,10.6,1022.0,10.4,2.83
2021,02,17,12,40,330,7.3,8.9,1022.3,10.4,2.63
2021,02,17,15,40,336,6.9,9.0,1023.6,10.4,2.62
2021,02,17,18,40,341,3.1,4.4,1024.7,10.6,2.28
2021,02,17,21,40,304,5.7,7.0,1023.0,10.8,2.14
2021,02,18,00,40,313,7.5,9.1,1023.4,10.8,1.97
2021,02,18,03,40,313,7.2,8.9,1024.7,10.7,1.88
2021,02,18,06,40,319,6.0,7.5,1024.9,10.7,1.77
2021,02,18,09,40,302,2.5,3.6,1024.9,10.7,1.72
2021,02,18,12,40,306,2.3,3.0,1025.7,10.7,1.35
2021,02,18,15,40,4,1.0,1.7,1027.5,10.7,1.29
2021,02,18,18,40,74,1.9,2.9,1028.8,10.8,1.24
2021,02,18,21,40,134,2.6,3.4,1028.0,10.9,1.21
2021,02,19,02,40,115,2.6,3.9,1027.9,11.0,1.24
2021,02,19,05,40,154,2.8,3.8,1028.3,11.0,1.17
2021,02,19,08,40,157,6.2,7.4,1027.4,10.7,1.31
2021,02,19,11,40,161,7.3,9.2,1025.9,10.7,1.43
2021,02,19,14,40,167,5.4,7.1,1026.5,10.7,1.39
2021,02,19,17,40,289,3.9,5.2,1027.7,10.8,1.33
2021,02,19,20,40,326,4.2,5.8,1027.1,10.9,1.43
2021,02,19,23,40,292,4.0,5.0,1026.3,10.9,1.63
2021,02,20,02,40,279,4.5,5.8,1026.0,10.7,1.67
2021,02,20,05,40,271,5.7,7.4,1026.6,10.7,1.72
2021,02,20,08,40,257,11.5,15.0,1025.6,10.7,1.79
2021,02,20,11,40,302,10.3,12.9,1025.8,10.5,2.37
2021,02,20,14,40,302,11.4,14.3,1027.0,10.4,3.09
2021,02,20,17,40,311,12.1,15.5,1028.8,10.4,3.54
2021,02,20,20,40,313,10.7,13.8,1029.1,10.7,4.02
2021,02,20,23,40,318,8.9,11.9,1029.1,10.9,3.32
2021,02,21,02,40,321,11.0,13.8,1030.0,10.8,3.53
2021,02,21,05,40,319,10.6,14.8,1031.2,10.7,3.43
2021,02,21,08,40,321,8.9,10.8,1031.5,10.7,3.40
2021,02,21,11,40,324,8.4,10.1,1031.2,10.7,2.87
2021,02,21,14,40,321,8.0,9.9,1031.2,10.7,2.73
2021,02,21,17,40,322,6.1,7.4,1032.7,10.7,2.70
2021,02,21,20,40,319,6.3,8.7,1031.9,10.8,2.33
2021,02,21,23,40,313,7.9,9.8,1030.1,10.8,2.36
2021,02,22,02,40,320,6.5,8.0,1029.1,10.8,2.65
2021,02,22,05,40,334,3.1,4.8,1029.1,10.7,2.74
2021,02,22,08,40,323,3.4,5.3,1028.6,10.7,2.36
2021,02,22,11,40,356,3.2,4.2,1027.7,10.7,2.08
2021,02,22,14,40,57,1.4,4.2,1027.1,10.7,1.99
2021,02,22,17,40,83,4.4,6.4,1027.7,10.8,2.05
2021,02,22,20,40,321,3.8,4.9,1026.4,11.2,2.06
2021,02,22,23,40,304,5.2,6.6,1023.7,11.4,2.37
2021,02,23,02,40,308,6.3,8.2,1022.5,11.0,2.37
2021,02,23,05,40,320,5.7,7.6,1022.9,10.9,2.37
2021,02,23,08,40,24,1.6,3.3,1021.9,10.9,2.56
2021,02,23,11,40,336,3.4,4.9,1021.0,10.9,2.32
2021,02,23,14,40,307,6.6,8.3,1021.2,10.8,2.24
2021,02,23,17,40,311,7.6,9.6,1022.4,10.8,2.94
2021,02,23,20,40,308,9.1,11.2,1021.3,11.0,2.82
2021,02,23,23,40,314,9.6,11.8,1020.5,10.9,2.88
2021,02,24,02,40,313,8.7,11.0,1020.2,10.8,3.12
2021,02,24,05,40,327,7.8,10.7,1020.8,10.8,3.15
2021,02,24,08,40,320,9.2,11.3,1020.8,10.8,3.46
2021,02,24,11,40,318,10.4,12.9,1021.1,10.7,3.53
2021,02,24,14,40,316,9.0,11.5,1021.7,10.7,3.93
2021,02,24,17,40,318,8.7,11.0,1023.1,10.7,3.19
2021,02,24,20,40,307,7.5,9.6,1023.3,10.8,2.95
2021,02,24,23,40,314,8.5,10.8,1023.3,10.9,2.85
2021,02,25,02,40,331,8.9,11.2,1023.6,10.9,2.60
2021,02,25,05,40,300,3.4,8.1,1024.7,10.9,2.83
2021,02,25,08,40,349,3.4,5.6,1025.1,10.8,2.64
2021,02,25,11,40,327,4.4,6.4,1024.7,10.7,2.78
2021,02,25,14,40,66,0.8,2.3,1025.5,10.7,2.06
2021,02,25,17,40,305,4.6,5.9,1026.7,10.7,2.24
2021,02,25,20,40,299,5.5,7.1,1025.6,11.1,2.26
2021,02,25,23,40,314,7.2,10.1,1024.0,11.1,2.33
2021,02,26,02,40,309,10.1,12.7,1023.1,11.0,2.68
2021,02,26,05,40,322,11.2,13.9,1023.2,10.8,3.33
2021,02,26,08,40,326,9.5,12.6,1023.7,10.7,3.15
2021,02,26,11,40,323,12.1,16.5,1022.8,10.6,2.85
2021,02,26,14,40,322,13.3,16.5,1022.9,10.5,3.11
2021,02,26,17,40,318,13.2,16.8,1024.1,10.5,3.15
2021,02,26,20,40,311,14.5,18.5,1022.4,10.5,3.41
2021,02,26,23,40,311,13.9,17.4,1020.8,10.4,3.21
2021,02,27,02,40,314,13.7,17.7,1020.2,10.2,3.58
2021,02,27,05,40,317,14.9,19.5,1020.5,10.1,3.51
2021,02,27,08,40,319,14.6,18.4,1020.9,9.9,3.93
2021,02,27,11,40,327,12.1,15.3,1021.3,9.7,3.37
2021,02,27,14,40,327,11.2,14.2,1022.4,9.5,2.92
2021,02,27,18,40,328,9.8,12.0,1024.1,9.5,2.66
2021,02,27,21,40,315,11.5,14.4,1022.7,9.6,2.79
2021,02,28,00,40,322,12.2,15.7,1022.0,9.6,2.73
2021,02,28,03,40,322,10.3,13.2,1021.9,9.6,2.69
2021,02,28,06,40,316,9.6,11.7,1022.4,9.5,2.53
2021,02,28,09,40,320,7.7,9.4,1022.2,9.5,2.37
2021,02,28,12,40,305,6.9,8.7,1022.2,9.5,2.29
2021,02,28,15,40,308,4.4,5.8,1023.4,9.5,2.42
2021,02,28,18,40,281,2.0,3.8,1024.0,9.6,2.30
2021,02,28,21,40,307,4.6,5.8,1022.4,10.0,1.95
2021,03,01,01,40,308,4.3,5.3,1021.8,9.9,1.65
2021,03,01,04,40,309,3.7,4.8,1022.0,9.8,1.53
2021,03,01,07,40,135,1.8,3.4,1021.7,9.7,1.44
2021,03,01,10,40,126,2.6,3.7,1021.0,9.7,1.42
2021,03,01,13,40,160,4.4,5.6,1020.9,9.6,1.41
2021,03,01,16,40,197,2.6,3.3,1022.2,9.6,1.35
2021,03,01,20,40,164,3.8,4.8,1020.6,10.1,1.37
2021,03,01,23,40,132,4.0,5.2,1018.4,10.3,1.37
2021,03,02,02,40,162,2.8,3.5,1017.9,10.2,1.31
2021,03,02,05,40,51,0.8,1.3,1018.0,10.0,1.42
2021,03,02,08,40,73,1.3,2.5,1016.7,10.0,1.56
2021,03,02,11,40,142,1.9,2.7,1015.5,9.9,1.30
2021,03,02,14,40,80,1.9,2.6,1015.1,9.9,1.07
2021,03,02,17,40,129,1.5,2.2,1015.8,10.0,1.09
2021,03,02,20,40,325,1.6,2.4,1014.6,10.4,1.30
2021,03,02,23,40,311,2.8,4.1,1012.2,10.7,1.67
2021,03,03,02,40,315,2.7,3.9,1011.3,11.0,2.10
2021,03,03,05,40,316,2.9,4.6,1010.6,10.4,2.43
2021,03,03,08,40,298,3.8,5.3,1009.1,10.1,2.62
2021,03,03,11,40,342,2.9,4.8,1007.9,10.4,2.58
2021,03,03,14,40,284,1.8,3.4,1008.1,10.3,2.71
2021,03,03,17,40,245,1.4,2.9,1009.4,10.4,2.63
2021,03,03,20,40,273,1.8,3.7,1009.8,10.6,2.24
2021,03,04,05,40,208,2.6,3.7,1017.3,10.4,1.84
2021,03,04,08,40,176,2.3,3.4,1019.1,10.3,1.70
2021,03,04,11,40,175,2.8,3.9,1020.8,10.5,1.69
2021,03,04,14,40,164,4.9,6.1,1022.8,10.4,1.52
2021,03,04,17,40,165,5.0,7.8,1025.1,10.5,1.60
2021,03,05,00,40,152,3.6,4.4,1024.9,10.8,1.30
2021,03,05,03,40,147,5.1,6.3,1024.7,10.8,1.25
2021,03,05,06,40,154,5.8,6.9,1024.9,10.7,1.35
2021,03,05,09,40,150,6.2,7.5,1024.4,10.6,1.79
2021,03,05,12,40,151,5.2,6.8,1023.8,10.5,2.14
2021,03,05,15,40,142,5.3,6.9,1023.7,10.0,2.71
2021,03,05,18,40,149,4.4,6.0,1023.1,10.3,2.91
2021,03,05,21,40,161,4.7,5.9,1020.2,10.7,3.25
2021,03,06,00,40,155,5.7,7.7,1017.5,10.7,3.18
2021,03,06,03,40,163,7.8,10.0,1016.2,10.6,3.13
2021,03,06,06,40,308,11.9,15.2,1016.8,10.4,2.92
2021,03,06,09,40,304,6.3,7.9,1019.4,10.3,2.89
2021,03,06,12,40,312,5.0,6.8,1020.7,10.2,2.80
2021,03,06,15,40,7,1.7,2.9,1023.0,10.3,3.05
2021,03,06,18,40,303,4.1,5.7,1023.0,10.4,2.76
2021,03,06,21,40,314,5.4,6.9,1021.7,10.7,2.85
2021,03,07,00,40,300,7.7,9.6,1021.0,10.7,2.62
2021,03,07,03,40,304,7.9,10.1,1021.1,10.6,2.34
2021,03,07,06,40,319,7.7,9.8,1021.9,10.4,2.42
2021,03,07,09,40,327,5.6,7.4,1021.7,10.4,2.26
2021,03,07,12,40,332,5.3,6.8,1020.9,10.3,2.68
2021,03,07,15,40,318,5.3,6.8,1021.4,10.3,1.96
2021,03,07,18,40,308,6.7,8.2,1021.7,10.4,1.92
2021,03,07,21,40,302,7.5,8.9,1020.1,10.6,1.94
2021,03,08,00,40,310,8.4,10.2,1018.9,10.5,1.86
2021,03,08,03,40,308,7.5,9.1,1018.6,10.5,2.11
2021,03,08,06,40,286,9.3,11.8,1019.0,10.7,2.77
2021,03,08,09,40,291,7.8,10.0,1019.5,10.5,3.60
2021,03,08,12,40,276,5.3,7.4,1020.4,10.5,3.39
2021,03,08,15,40,261,3.1,5.6,1022.3,10.6,3.57
2021,03,08,18,40,163,2.2,4.6,1023.8,10.7,3.50
2021,03,08,21,40,203,5.2,6.6,1023.1,10.8,3.30
2021,03,09,00,40,184,7.5,9.6,1022.7,10.7,3.15
2021,03,09,03,40,187,5.8,7.1,1023.0,10.7,2.87
2021,03,09,06,40,199,5.0,6.2,1023.3,10.6,2.88
2021,03,09,10,40,209,3.1,4.0,1021.9,10.5,2.76
2021,03,09,13,40,168,5.1,6.6,1020.5,10.5,2.40
2021,03,09,16,40,194,5.8,7.5,1020.5,10.5,2.52
2021,03,15,19,40,308,13.4,18.1,1017.9,10.1,3.91
2021,03,15,22,40,315,14.3,18.4,1016.9,10.3,4.78
2021,03,16,01,40,318,13.7,17.5,1017.2,10.3,3.94
2021,03,16,04,40,323,9.4,12.0,1017.7,10.3,3.48
2021,03,16,07,40,324,8.0,10.0,1017.2,10.3,2.92
2021,03,16,10,40,316,9.1,11.2,1016.7,10.2,3.10
2021,03,16,13,40,318,9.7,12.4,1017.9,10.2,2.91
2021,03,16,16,40,311,6.8,9.3,1019.0,10.1,2.92
2021,03,16,19,40,258,5.2,7.3,1019.6,10.3,2.51
2021,03,16,22,40,264,5.2,6.7,1019.2,10.5,2.11
2021,03,17,01,40,297,5.2,6.5,1019.3,10.5,1.86
2021,03,17,04,40,297,6.1,8.0,1020.5,10.3,1.83
2021,03,17,07,40,292,5.7,7.4,1020.4,10.2,1.72
2021,03,17,10,40,288,5.0,6.4,1020.1,10.2,1.63
2021,03,17,13,40,274,2.3,4.3,1020.2,10.1,1.46
2021,03,17,16,40,167,1.4,2.4,1020.6,10.1,1.38
2021,03,17,19,40,165,2.7,3.5,1020.8,10.2,1.11
2021,03,17,22,40,174,4.3,5.3,1019.5,10.3,1.06
2021,03,18,01,40,187,5.8,6.9,1019.1,10.2,1.01
2021,03,18,04,40,150,6.5,8.4,1018.8,10.2,1.07
2021,03,18,07,40,158,7.1,8.9,1019.1,10.1,1.21
2021,03,18,10,40,159,8.9,10.7,1018.3,10.2,1.41
2021,03,18,13,40,150,10.4,13.3,1018.0,10.1,1.62
2021,03,18,16,40,154,10.3,12.5,1018.6,10.1,1.82
2021,03,18,21,40,164,9.9,12.8,1018.8,10.2,2.30
2021,03,19,00,40,169,7.0,8.8,1019.2,10.3,2.04
2021,03,19,06,40,175,4.5,5.6,1021.3,10.2,1.78
2021,03,19,09,40,165,5.6,7.1,1021.4,10.2,1.87
2021,03,19,12,40,200,2.1,3.1,1021.6,10.3,2.35
2021,03,19,15,40,336,1.5,3.3,1022.7,10.3,3.35
2021,03,19,18,40,297,2.2,4.6,1023.7,10.6,4.07
2021,03,19,22,40,294,4.8,6.5,1022.5,10.8,3.22
2021,03,20,01,40,298,4.2,6.7,1021.8,10.7,3.74
2021,03,20,04,40,299,6.0,8.8,1022.9,10.5,3.07
2021,03,20,07,40,304,5.6,7.2,1023.8,10.5,3.45
2021,03,20,10,40,299,6.0,7.7,1024.4,10.5,3.41
2021,03,20,13,40,303,4.5,6.9,1025.4,10.5,2.82
2021,03,20,16,40,306,4.3,6.1,1027.4,10.4,2.45
2021,03,20,19,40,290,6.0,8.0,1028.3,10.6,2.24
2021,03,20,22,40,298,8.0,9.4,1027.0,10.7,2.17
2021,03,21,01,40,312,7.5,9.7,1026.4,10.6,2.06
2021,03,21,04,40,321,9.1,12.4,1026.5,10.6,2.03
2021,03,21,07,40,323,8.6,10.5,1026.1,10.5,2.34
2021,03,21,10,40,318,8.7,11.1,1025.4,10.4,2.21
2021,03,21,13,40,334,7.3,9.2,1025.5,10.4,2.31
2021,03,21,16,40,319,9.3,11.1,1026.3,10.4,2.39
2021,03,21,19,40,317,10.3,12.1,1026.5,10.5,2.26
2021,03,21,22,40,314,11.9,15.4,1025.3,10.6,2.51
2021,03,22,01,40,318,11.3,15.0,1024.5,10.6,2.53
2021,03,22,04,40,309,12.7,16.9,1024.0,10.5,2.87
2021,03,22,07,40,315,11.8,14.9,1024.2,10.4,2.73
2021,03,22,10,40,315,11.6,15.2,1023.8,10.3,2.82
2021,03,22,13,40,321,10.7,14.1,1023.9,10.2,3.09
2021,03,22,16,40,314,12.1,15.3,1024.5,10.2,2.52
2021,03,22,19,40,307,11.2,14.6,1023.8,10.1,2.18
2021,03,22,22,40,306,11.1,15.1,1022.3,10.1,1.93
2021,03,23,01,40,298,11.8,14.8,1020.7,10.2,2.06
2021,03,23,04,40,309,11.1,13.6,1021.6,10.2,2.12
2021,03,23,07,40,312,10.5,13.4,1019.6,10.1,2.18
2021,03,23,10,40,319,12.7,16.5,1018.7,10.1,2.66
2021,03,23,13,40,328,10.0,12.1,1019.4,9.8,2.56
2021,03,23,16,40,328,9.2,11.4,1020.7,9.8,2.19
2021,03,23,19,40,318,11.6,13.5,1020.3,9.9,2.27
2021,03,23,22,40,313,11.4,15.1,1019.0,9.9,2.31
2021,03,24,02,40,328,8.4,10.4,1019.1,10.0,2.18
2021,03,24,05,40,307,6.7,8.1,1020.0,10.0,2.04
2021,03,24,08,40,325,7.0,8.7,1019.4,10.0,1.90
2021,03,24,11,40,309,3.2,5.8,1018.7,9.9,1.84
2021,03,24,14,40,300,4.0,6.0,1019.1,9.9,1.83
2021,03,24,17,40,285,4.1,5.4,1019.1,10.0,1.69
2021,03,24,20,40,300,5.7,7.2,1018.2,10.2,1.98
2021,03,25,00,40,301,8.7,10.5,1015.1,10.0,1.94
2021,03,25,03,40,304,13.7,17.4,1013.4,9.9,3.18
2021,03,25,06,40,308,14.2,18.4,1012.9,9.8,3.16
2021,03,25,09,40,307,12.1,15.7,1012.3,9.7,2.51
2021,03,25,12,40,310,11.5,15.4,1010.6,9.6,2.36
2021,03,25,15,40,303,12.1,14.9,1010.8,9.5,2.69
2021,03,25,18,40,312,11.9,15.0,1011.6,9.5,2.86
2021,03,25,21,40,315,11.1,13.9,1010.5,9.6,3.09
2021,03,26,00,40,313,11.1,14.5,1009.9,9.6,3.21
2021,03,26,03,40,318,12.2,15.5,1010.7,9.6,3.48
2021,03,26,06,40,319,9.0,11.5,1012.3,9.6,3.37
2021,03,26,09,40,323,6.9,9.7,1013.9,9.6,2.91
2021,03,26,12,40,330,6.0,7.7,1014.8,9.5,3.07
2021,03,26,15,40,348,3.6,5.5,1017.6,9.6,2.52
2021,03,26,19,40,287,3.9,5.6,1019.6,9.9,2.28
2021,03,26,22,40,305,7.5,9.7,1019.4,10.0,1.93
2021,03,27,01,40,311,7.0,8.8,1019.9,9.8,1.83
2021,03,27,04,40,292,4.2,5.5,1020.9,9.7,1.80
2021,03,27,07,40,288,2.9,4.2,1022.3,9.7,1.86
2021,03,27,10,40,214,0.2,0.8,1023.0,9.5,1.92
2021,03,27,14,40,142,1.0,2.4,1024.7,9.5,1.88
2021,03,27,17,40,139,1.5,2.6,1026.1,9.7,1.73
2021,03,27,20,40,270,0.3,1.3,1026.4,10.2,1.49
2021,03,27,23,40,272,2.7,3.4,1025.7,11.2,1.34
2021,03,28,02,40,309,2.9,3.7,1025.4,10.8,1.40
2021,03,28,05,40,280,2.2,3.2,1026.3,10.2,1.41
2021,03,28,08,40,259,1.9,3.0,1026.2,10.4,1.28
2021,03,28,11,40,239,1.4,2.5,1025.4,10.2,1.07
2021,03,28,14,40,85,0.4,1.1,1025.9,10.3,0.93
2021,03,28,17,40,293,1.3,2.3,1026.2,10.3,0.95
2021,03,28,20,40,315,5.6,7.1,1025.3,10.4,0.95
2021,03,28,23,40,299,8.0,9.7,1023.6,10.3,0.98
2021,03,29,02,40,305,8.7,10.5,1022.6,9.9,1.09
2021,03,29,05,40,311,7.2,9.0,1022.5,9.9,1.30
2021,03,29,08,40,315,8.2,10.2,1021.8,9.7,1.89
2021,03,29,11,40,317,8.0,10.0,1020.2,9.6,1.70
2021,03,29,14,40,314,11.9,16.0,1019.3,9.6,2.25
2021,03,29,17,40,311,10.6,13.9,1019.4,10.0,2.67
2021,03,29,21,40,311,8.9,10.8,1016.9,10.1,2.43
2021,03,30,00,40,318,8.3,10.2,1015.1,10.2,2.66
2021,03,30,03,40,311,8.3,10.1,1014.5,10.1,2.71
2021,03,30,08,40,318,6.9,9.1,1015.6,10.1,2.78
2021,03,30,11,40,70,0.3,1.5,1016.0,10.1,2.40
2021,03,30,14,40,318,2.5,4.1,1017.2,10.0,2.38
2021,03,30,17,40,274,2.1,3.3,1018.1,10.3,2.73
2021,03,30,20,40,288,3.5,5.6,1018.0,10.7,2.65
2021,03,30,23,40,284,3.3,4.4,1017.5,11.2,2.44
2021,03,31,02,40,276,4.8,6.0,1017.1,10.9,2.28
2021,03,31,05,40,291,2.0,3.4,1018.1,10.8,2.32
2021,03,31,08,40,249,0.7,2.4,1018.6,10.7,2.10
2021,03,31,11,40,41,1.7,3.2,1018.7,10.6,2.05
2021,03,31,14,40,101,5.3,7.4,1019.7,10.5,2.08
2021,03,31,17,40,82,6.3,8.5,1020.2,10.4,1.92
2021,03,31,20,40,87,2.4,3.9,1019.8,11.0,1.84
2021,03,31,23,40,179,1.7,2.6,1018.4,11.6,1.56
2021,04,01,02,40,256,2.0,2.7,1017.5,11.5,1.40
2021,04,01,05,40,116,1.2,1.9,1017.9,11.0,1.35
2021,04,01,08,40,34,1.0,1.5,1017.3,10.8,1.36
2021,04,01,11,40,39,1.8,2.4,1015.4,11.1,1.33
2021,04,01,14,40,80,4.7,5.6,1015.2,11.1,1.10
2021,04,01,17,40,317,3.2,4.1,1015.6,11.3,1.07
2021,04,01,20,40,289,3.1,4.1,1014.6,12.0,1.06
2021,04,01,23,40,312,3.8,5.0,1013.4,12.0,1.12
2021,04,02,02,40,306,5.2,6.4,1012.6,11.5,1.03
2021,04,02,05,40,276,3.8,4.8,1014.1,11.2,1.00
2021,04,02,08,40,307,6.1,7.5,1015.3,11.8,1.21
2021,04,02,11,40,315,5.3,6.9,1015.2,11.6,1.48
2021,04,02,14,40,311,4.4,6.4,1016.4,11.4,1.12
2021,04,02,17,40,304,4.3,6.3,1018.5,11.4,1.28
2021,04,02,20,40,270,4.4,5.7,1018.9,11.8,1.23
2021,04,02,23,40,278,5.1,6.4,1018.0,11.7,1.04
2021,04,03,02,40,283,4.8,6.0,1018.6,11.4,1.17
2021,04,03,05,40,290,3.0,4.6,1019.8,11.5,1.10
2021,04,03,08,40,229,2.9,4.3,1020.5,11.4,1.04
2021,04,03,12,40,202,2.8,3.5,1020.5,11.2,1.18
2021,04,03,15,40,222,2.5,3.9,1021.8,10.9,0.95
2021,04,03,18,40,257,2.9,3.9,1023.5,10.9,1.13
2021,04,03,21,40,271,3.0,3.9,1022.7,11.8,0.94
2021,04,04,00,40,251,4.4,5.9,1021.9,11.7,1.16
2021,04,04,03,40,290,4.1,5.3,1022.6,11.4,1.13
2021,04,04,06,40,283,5.0,6.5,1023.8,11.3,1.66
2021,04,04,09,40,291,5.5,7.9,1023.8,11.2,1.56
2021,04,04,12,40,316,4.9,6.5,1023.2,11.1,1.49
2021,04,04,15,40,307,5.1,6.4,1023.8,10.8,1.44
2021,04,04,18,40,292,5.2,6.6,1023.9,10.8,1.33
2021,04,04,21,40,289,6.0,7.2,1022.3,11.3,1.35
2021,04,05,00,40,305,7.2,9.1,1021.2,11.2,1.40
2021,04,05,03,40,294,7.2,8.6,1020.5,11.0,1.48
2021,04,05,06,40,285,7.1,8.9,1020.6,10.9,1.57
2021,04,05,09,40,290,7.8,9.5,1019.7,10.8,1.49
2021,04,05,12,40,294,5.7,7.3,1019.0,10.7,1.48
2021,04,05,15,40,283,6.3,7.9,1020.0,10.8,1.32
2021,04,05,18,40,285,4.7,6.0,1020.0,10.9,1.35
2021,04,05,21,40,286,5.6,7.2,1018.9,11.1,1.45
2021,04,06,00,40,293,5.5,7.2,1017.1,11.1,1.78
2021,04,06,03,40,302,5.3,7.1,1017.1,11.0,1.67
2021,04,06,06,40,301,5.3,7.2,1017.9,11.0,1.56
2021,04,06,09,40,306,4.7,6.4,1017.7,10.9,1.64
2021,04,06,12,40,295,3.0,4.6,1017.1,10.9,1.61
2021,04,06,15,40,289,3.9,5.9,1018.7,10.9,1.56
2021,04,06,18,40,312,4.4,5.6,1020.0,11.0,1.54
2021,04,06,21,40,280,4.8,6.7,1020.0,11.5,1.55
2021,04,07,00,40,302,6.0,7.6,1019.1,11.4,1.39
2021,04,07,03,40,296,6.5,8.6,1019.9,11.3,1.40
2021,04,07,06,40,297,5.4,8.1,1021.7,11.3,1.32
2021,04,07,09,40,313,6.0,8.6,1021.4,11.3,1.38
2021,04,07,12,40,298,6.6,9.0,1021.7,11.2,1.48
2021,04,07,15,40,319,7.4,10.1,1022.4,11.1,1.45
2021,04,07,18,40,321,7.7,10.1,1023.6,11.2,1.38
2021,04,07,21,40,306,7.9,9.4,1024.2,11.4,1.29
2021,04,08,00,40,304,8.8,11.6,1022.8,11.4,1.44
2021,04,08,03,40,308,10.1,13.6,1022.0,11.2,1.68
2021,04,08,06,40,306,10.8,14.1,1023.1,10.8,2.11
2021,04,08,09,40,311,9.7,12.0,1022.9,10.5,2.14
2021,04,08,12,40,309,9.7,12.5,1022.8,10.4,1.86
2021,04,08,15,40,314,10.8,12.9,1023.1,10.4,2.16
2021,04,08,18,40,316,9.3,12.3,1023.8,10.4,1.89
2021,04,08,21,40,303,9.1,10.9,1022.9,10.4,1.76
2021,04,09,00,40,312,7.4,9.7,1021.2,10.0,1.80
2021,04,09,03,40,313,6.8,9.2,1020.9,10.0,2.23
2021,04,09,06,40,311,10.2,12.7,1021.0,9.9,2.09
2021,04,09,09,40,305,9.6,12.7,1021.2,9.8,2.05
2021,04,09,12,40,311,11.9,14.7,1021.0,9.7,2.48
2021,04,09,15,40,307,10.8,13.4,1021.6,9.7,2.41
2021,04,09,18,40,314,11.0,13.5,1022.2,9.8,2.11
2021,04,09,21,40,309,10.6,12.8,1021.4,9.8,2.16
2021,04,10,00,40,310,11.0,14.5,1020.2,9.8,2.53
2021,04,10,03,40,305,11.6,14.6,1020.8,9.6,2.49
2021,04,10,06,40,316,10.2,13.2,1021.5,9.6,2.62
2021,04,10,09,40,301,10.9,13.7,1021.3,9.5,2.49
2021,04,10,12,40,318,11.4,14.4,1019.9,9.3,2.66
2021,04,10,15,40,341,7.5,10.1,1020.7,9.4,2.61
2021,04,10,18,40,315,8.5,11.2,1020.4,9.5,2.42
2021,04,10,21,40,312,9.6,12.1,1018.8,9.6,2.27
2021,04,11,00,40,317,11.4,14.3,1016.5,9.6,2.57
2021,04,11,03,40,301,9.1,11.3,1016.7,9.5,2.49
2021,04,11,06,40,314,9.9,13.8,1016.0,9.4,3.14
2021,04,11,09,40,320,9.1,11.5,1014.7,9.3,2.86
2021,04,11,12,40,314,7.6,10.0,1014.3,9.3,2.82
2021,04,11,15,40,317,9.2,12.1,1014.8,9.2,2.70
2021,04,11,18,40,322,8.1,10.0,1014.6,9.3,2.85
2021,04,11,21,40,311,8.6,11.2,1013.3,9.4,2.96
2021,04,12,00,40,305,8.3,10.9,1012.0,9.4,3.12
2021,04,12,03,40,296,6.8,9.3,1011.9,9.4,3.08
2021,04,12,06,40,302,4.9,6.9,1011.6,9.4,2.93
2021,04,12,09,40,288,4.2,5.8,1011.2,9.4,2.54
2021,04,12,12,40,323,4.8,6.8,1011.3,9.4,2.51
2021,04,12,15,40,313,1.2,2.4,1012.2,9.4,2.61
2021,04,12,18,40,257,1.3,2.3,1013.1,9.7,2.42
2021,04,12,21,40,270,1.9,3.3,1012.1,10.4,2.13
2021,04,13,00,40,260,2.2,3.5,1011.7,11.0,1.94
2021,04,13,03,40,311,4.0,5.4,1011.4,10.2,2.05
2021,04,13,06,40,277,3.6,4.7,1011.9,10.0,2.10
2021,04,13,09,40,290,6.1,7.6,1012.2,9.8,2.23
2021,04,13,12,40,303,9.5,12.4,1011.2,9.5,2.64
2021,04,13,15,40,313,7.7,10.6,1012.5,9.5,2.96
2021,04,13,18,40,298,10.0,12.2,1012.7,9.5,2.63
2021,04,13,21,40,304,8.9,10.9,1012.1,9.6,2.60
2021,04,14,00,40,307,6.3,8.8,1011.8,9.6,2.78
2021,04,14,03,40,285,9.1,11.5,1011.1,9.6,2.70
2021,04,14,06,40,295,6.9,8.6,1011.0,9.6,2.59
2021,04,14,09,40,294,2.4,4.4,1012.0,9.5,2.37
2021,04,14,12,40,301,2.1,3.5,1012.9,9.5,2.05
2021,04,14,15,40,144,2.9,4.4,1015.0,9.6,2.16
2021,04,14,18,40,190,2.2,3.1,1016.4,10.0,1.92
2021,04,14,22,40,238,1.8,2.9,1016.3,10.4,1.90
2021,04,15,01,40,218,2.5,3.3,1016.2,10.5,1.81
2021,04,15,04,40,311,0.9,1.8,1016.7,10.9,1.62
2021,04,15,07,40,225,1.2,1.7,1017.3,10.7,1.54
2021,04,15,10,40,257,3.8,4.7,1017.0,10.6,1.45
2021,04,15,13,40,267,0.7,1.2,1017.8,10.5,1.37
2021,04,15,16,40,157,2.2,3.5,1018.7,10.5,1.20
2021,04,15,19,40,245,2.5,3.5,1019.2,11.4,1.25
2021,04,15,22,40,290,4.0,4.9,1018.4,11.9,1.20
2021,04,16,01,40,285,4.6,5.6,1017.7,11.5,1.00
2021,04,16,04,40,305,5.2,7.3,1018.9,11.2,1.15
2021,04,16,07,40,299,3.8,5.6,1018.7,11.0,1.18
2021,04,16,10,40,298,3.9,5.4,1018.1,10.9,1.09
2021,04,16,13,40,306,5.2,7.0,1017.8,10.8,1.12
2021,04,16,16,40,311,4.8,6.2,1018.4,10.9,1.11
2021,04,16,19,40,310,6.0,7.4,1018.1,10.8,1.14
2021,04,16,22,40,307,7.4,8.9,1017.3,10.9,1.25
2021,04,17,01,40,311,9.0,10.4,1017.1,10.7,1.39
2021,04,17,04,40,304,8.2,9.9,1018.1,10.4,1.65
2021,04,17,07,40,304,7.5,9.1,1018.4,10.4,1.64
2021,04,17,10,40,316,6.9,8.6,1017.9,10.3,1.69
2021,04,17,13,40,313,7.1,9.4,1018.2,10.4,1.56
2021,04,17,16,40,303,6.4,7.9,1019.4,10.5,1.38
2021,04,17,19,40,310,7.5,9.2,1019.8,10.5,1.41
2021,04,17,22,40,308,8.3,10.8,1018.7,10.6,1.48
2021,04,18,01,40,305,9.7,12.1,1018.0,10.6,1.54
2021,04,18,04,40,311,9.5,12.0,1019.0,10.4,1.76
2021,04,18,07,40,312,10.8,14.2,1018.9,10.2,2.04
2021,04,18,10,40,312,9.7,12.0,1019.6,9.9,1.93
2021,04,18,13,40,328,4.7,6.5,1020.3,9.8,1.92
2021,04,18,16,40,342,4.6,5.9,1021.2,9.8,1.63
2021,04,18,19,40,305,6.7,8.6,1021.8,10.0,1.44
2021,04,18,22,40,299,7.0,9.8,1021.0,10.2,1.58
2021,04,19,01,40,301,9.1,11.5,1019.8,10.1,1.55
2021,04,19,04,40,297,7.0,8.9,1020.2,10.0,1.70
2021,04,19,07,40,313,8.7,11.1,1020.1,10.0,1.78
2021,04,19,10,40,314,9.7,11.6,1020.0,9.9,1.99
2021,04,19,13,40,306,8.3,10.2,1020.5,10.0,2.10
2021,04,19,16,40,309,7.7,10.0,1021.3,10.0,1.96
2021,04,19,20,40,304,10.2,12.5,1020.6,10.0,1.99
2021,04,19,23,40,305,9.3,11.6,1019.1,10.1,2.05
2021,04,20,02,40,308,11.7,14.8,1017.3,9.9,2.73
2021,04,20,05,40,309,11.8,15.4,1017.7,9.8,2.54
2021,04,20,08,40,308,10.8,13.7,1016.9,9.6,2.70
2021,04,20,11,40,307,13.1,16.7,1015.0,9.5,2.81
2021,04,20,14,40,308,12.5,17.0,1015.0,9.5,3.25
2021,04,20,17,40,306,13.4,16.9,1015.1,9.5,3.48
2021,04,20,20,40,304,12.9,17.0,1014.0,9.7,3.41
2021,04,20,23,40,295,11.4,14.4,1012.3,9.7,3.30
2021,04,21,02,40,322,11.5,14.6,1011.2,9.5,3.48
2021,04,21,05,40,322,9.3,11.6,1011.1,9.4,3.68
2021,04,21,08,40,310,8.7,11.2,1011.1,9.4,3.39
2021,04,21,11,40,315,6.7,9.1,1011.0,9.3,3.55
2021,04,21,14,40,316,5.6,8.2,1012.5,9.3,3.14
2021,04,21,17,40,295,3.1,5.6,1013.5,9.3,2.88
2021,04,21,20,40,276,3.3,5.1,1013.6,9.4,2.76
2021,04,21,23,40,285,5.0,6.5,1012.6,9.5,2.73
2021,04,22,02,40,287,5.3,7.5,1011.8,9.5,2.61
2021,04,22,05,40,241,2.8,4.3,1012.8,9.4,2.66
2021,04,22,08,40,216,2.9,4.0,1013.0,9.5,2.41
2021,04,22,11,40,237,3.9,5.8,1013.2,9.5,2.42
2021,04,22,14,40,271,1.7,3.7,1013.9,9.5,2.36
2021,04,22,18,40,284,5.0,6.4,1016.4,9.5,2.02
2021,04,22,21,40,251,4.5,5.6,1016.6,9.6,2.09
2021,04,23,00,40,290,6.9,9.0,1015.4,9.6,1.85
2021,04,23,03,40,292,5.9,7.7,1015.3,9.6,2.15
2021,04,23,06,40,265,5.7,7.7,1015.2,9.6,2.00
2021,04,23,09,40,257,5.5,7.1,1014.9,9.6,1.89
2021,04,23,12,40,292,6.8,8.7,1015.0,9.6,1.72
2021,04,23,15,40,297,2.2,3.5,1016.3,9.6,1.73
2021,04,23,18,40,187,2.5,3.8,1017.9,9.7,1.70
2021,04,23,21,40,294,4.4,5.4,1018.3,10.0,1.51
2021,04,24,00,40,284,5.0,6.3,1017.8,10.1,1.35
2021,04,24,03,40,268,4.9,6.6,1017.9,9.8,1.32
2021,04,24,06,40,286,3.4,4.4,1018.3,9.8,1.29
2021,04,24,09,40,234,3.4,4.6,1017.6,9.8,1.10
2021,04,24,12,40,176,3.0,4.0,1017.6,9.8,1.05
2021,04,24,15,40,169,3.6,4.3,1018.2,9.8,1.23
2021,04,24,18,40,176,3.7,5.3,1018.8,10.0,1.00
2021,04,24,21,40,188,3.2,4.2,1018.1,10.7,1.11
2021,04,25,00,40,248,3.5,4.1,1016.2,11.0,1.03
2021,04,25,04,40,245,3.0,4.1,1015.3,10.6,0.98
2021,04,25,07,40,289,1.4,2.0,1014.6,10.6,1.01
2021,04,25,10,40,242,1.9,2.6,1013.5,10.5,0.98
2021,04,25,13,40,175,3.8,4.6,1012.9,10.5,1.21
2021,04,25,16,40,166,6.0,7.4,1013.1,10.6,1.26
2021,04,25,19,40,215,4.5,5.6,1013.5,10.5,1.42
2021,04,25,22,40,282,3.6,4.3,1012.9,10.8,1.26
2021,04,26,01,40,287,3.7,4.5,1012.5,11.3,1.26
2021,04,26,04,40,288,2.7,3.4,1013.4,10.9,1.37
2021,04,26,07,40,291,3.7,4.8,1013.6,10.6,1.22
2021,04,26,10,40,302,4.1,5.3,1013.6,10.5,1.34
2021,04,26,13,40,302,3.5,4.5,1013.5,10.4,1.43
2021,04,26,17,40,307,3.4,4.5,1015.2,10.8,1.60
2021,04,26,20,40,293,5.6,7.0,1015.2,11.1,1.45
2021,04,27,00,40,301,8.5,10.5,1014.5,11.1,1.69
2021,04,27,03,40,307,8.8,10.8,1014.4,10.6,1.88
2021,04,27,06,40,314,8.8,11.0,1014.5,10.3,1.91
2021,04,27,09,40,319,8.1,10.0,1014.5,10.2,1.78
2021,04,27,12,40,322,5.8,7.2,1015.4,10.2,1.56
2021,04,27,15,40,326,3.6,4.6,1017.5,10.7,1.41
2021,04,27,18,40,309,7.6,9.4,1018.4,11.0,1.44
2021,04,27,21,40,302,7.7,9.1,1018.6,11.0,1.43
2021,04,28,01,40,307,3.4,4.9,1019.0,10.6,1.72
2021,04,28,04,40,316,7.6,9.2,1019.6,10.5,1.85
2021,04,28,07,40,316,7.5,9.8,1020.8,10.8,1.61
2021,04,28,10,40,323,5.7,7.4,1020.8,10.7,1.52
2021,04,28,13,40,325,2.8,3.9,1021.9,10.6,1.38
2021,04,28,16,40,287,1.1,1.9,1023.3,10.8,1.16
2021,04,28,19,40,308,4.5,5.3,1023.8,11.4,1.08
2021,04,28,22,40,305,7.3,9.0,1023.1,11.9,1.05
2021,04,29,01,40,299,8.3,10.1,1022.4,11.2,1.14
2021,04,29,04,40,317,5.8,7.2,1022.9,10.8,1.19
2021,04,29,07,40,313,6.0,7.3,1023.2,10.7,1.46
2021,04,29,11,40,327,5.7,7.7,1023.2,10.7,1.58
2021,04,29,14,40,317,4.8,6.5,1024.1,10.7,1.34
2021,04,29,17,40,304,4.7,6.3,1025.0,10.8,1.14
2021,04,29,20,40,300,7.9,9.7,1025.4,10.9,1.39
2021,04,29,23,40,300,7.0,8.8,1024.4,11.0,1.45
2021,04,30,02,40,302,6.9,8.7,1023.7,11.3,1.36
2021,04,30,05,40,297,7.9,9.8,1023.5,11.1,1.41
2021,04,30,08,40,308,7.2,9.3,1022.9,11.0,1.63
2021,04,30,11,40,304,9.1,12.3,1022.2,11.0,1.83
2021,04,30,14,40,312,9.1,11.7,1022.5,11.0,1.87
2021,04,30,17,40,312,8.0,10.2,1023.1,11.1,1.85
2021,04,30,20,40,298,7.9,9.6,1022.1,11.2,1.72
2021,05,01,00,40,306,8.4,11.1,1020.2,11.4,1.71
2021,05,01,03,40,300,9.7,12.3,1019.6,11.3,1.83
2021,05,01,06,40,297,8.4,10.1,1019.3,11.3,1.99
2021,05,01,09,40,311,7.5,9.1,1018.2,11.2,1.84
2021,05,01,12,40,307,9.4,11.8,1017.7,11.1,1.91
2021,05,01,15,40,304,9.1,11.5,1018.5,10.8,1.97
2021,05,01,18,40,293,9.5,12.2,1019.2,10.4,2.06
2021,05,01,21,40,302,10.8,14.9,1018.1,10.3,2.19
2021,05,02,00,40,295,12.5,16.8,1016.6,10.2,2.84
2021,05,02,03,40,307,13.1,17.5,1015.8,10.0,3.33
2021,05,02,06,40,312,12.4,16.8,1015.8,9.7,3.19
2021,05,02,09,40,316,12.5,15.7,1015.1,9.6,3.05
2021,05,02,12,40,314,13.2,16.4,1015.6,9.6,3.08
2021,05,02,15,40,315,11.8,14.1,1016.2,9.6,3.02
2021,05,02,18,40,314,10.8,13.6,1016.4,9.7,2.59
2021,05,02,21,40,312,12.5,15.4,1015.1,9.8,2.78
2021,05,03,00,40,311,12.5,15.7,1013.5,9.8,3.26
2021,05,03,03,40,314,12.3,15.7,1013.3,9.8,3.03
2021,05,03,06,40,319,9.6,12.0,1014.0,9.7,2.94
2021,05,03,09,40,319,9.1,11.2,1013.5,9.5,2.81
2021,05,03,12,40,316,9.6,11.8,1013.9,9.5,2.75
2021,05,03,15,40,315,7.8,9.4,1015.5,9.5,2.54
2021,05,03,18,40,310,8.6,11.0,1015.9,9.7,2.41
2021,05,03,21,40,311,9.7,12.3,1015.1,9.8,2.43
2021,05,04,00,40,315,10.0,12.4,1013.9,9.8,2.73
2021,05,04,03,40,315,11.8,14.7,1013.7,9.7,3.16
2021,05,04,06,40,318,8.9,11.5,1014.8,9.7,3.14
2021,05,04,09,40,316,9.4,11.9,1015.0,9.6,2.85
2021,05,04,12,40,314,9.0,11.0,1014.9,9.6,2.60
2021,05,04,15,40,318,8.8,11.6,1016.5,9.7,2.35
2021,05,04,18,40,306,8.6,10.9,1017.1,9.8,2.36
2021,05,04,21,40,306,8.0,10.3,1015.9,9.9,1.96
2021,05,05,00,40,304,9.0,11.2,1014.2,9.9,2.23
2021,05,05,03,40,305,7.6,9.4,1013.7,9.8,2.20
2021,05,05,07,40,320,7.4,9.1,1014.3,9.7,2.05
2021,05,05,10,40,322,6.0,7.6,1014.0,9.7,2.08
2021,05,05,13,40,325,6.3,7.9,1014.2,9.7,2.05
2021,05,05,16,40,317,3.5,5.1,1014.9,9.7,1.86
2021,05,05,19,40,306,5.3,6.6,1015.4,9.8,1.68
2021,05,05,22,40,294,6.0,7.5,1015.1,9.9,1.53
2021,05,06,01,40,303,5.9,7.1,1014.9,9.9,1.41
2021,05,06,04,40,299,5.7,7.1,1016.5,9.8,1.43
2021,05,06,07,40,302,3.9,4.9,1017.5,9.7,1.45
2021,05,06,10,40,309,4.6,6.9,1017.1,10.0,1.38
2021,05,06,13,40,307,4.1,5.1,1017.9,10.1,1.25
2021,05,06,16,40,302,6.4,8.0,1019.4,10.2,1.19
2021,05,06,19,40,306,7.6,9.5,1020.1,10.1,1.24
2021,05,06,22,40,299,4.8,6.3,1019.9,10.0,1.23
2021,05,07,01,40,310,8.7,11.0,1019.0,10.0,1.37
2021,05,07,04,40,306,10.6,13.5,1018.8,10.2,1.92
2021,05,07,07,40,304,12.1,16.3,1018.4,10.2,2.24
2021,05,07,10,40,310,9.2,12.6,1018.2,10.0,2.42
2021,05,07,13,40,309,12.9,16.0,1017.9,9.9,3.02
2021,05,07,16,40,318,11.6,15.1,1019.0,9.9,3.26
2021,05,07,19,40,315,11.3,14.5,1019.8,9.9,3.09
2021,05,07,22,40,318,11.3,14.4,1018.7,9.9,3.54
2021,05,08,01,40,321,12.8,16.0,1017.4,9.8,3.84
2021,05,08,04,40,318,10.8,13.3,1017.7,9.8,3.67
2021,05,08,07,40,316,9.7,11.7,1017.8,9.8,3.18
2021,05,08,10,40,316,8.6,10.8,1017.4,9.8,3.06
2021,05,08,13,40,311,7.9,9.8,1017.7,9.8,3.33
2021,05,08,17,40,315,9.2,11.2,1018.5,9.9,2.71
2021,05,08,20,40,314,10.8,13.4,1018.1,10.0,2.61
2021,05,08,23,40,316,10.2,12.9,1017.1,10.0,3.23
2021,05,09,02,40,314,10.8,14.2,1015.9,10.0,3.36
2021,05,09,05,40,320,11.0,14.1,1016.1,9.9,3.46
2021,05,09,09,40,320,11.2,13.6,1015.9,9.9,3.21
2021,05,09,12,40,312,10.0,12.7,1015.6,9.9,2.78
2021,05,09,15,40,318,9.0,10.9,1016.2,9.9,3.03
2021,05,09,18,40,315,8.6,10.7,1015.9,9.9,2.88
2021,05,09,21,40,321,8.9,11.2,1014.8,10.1,2.85
2021,05,10,00,40,313,10.4,13.0,1013.1,10.0,3.31
2021,05,10,03,40,316,11.9,14.9,1012.4,10.0,3.36
2021,05,10,06,40,318,10.2,12.6,1012.4,10.0,3.18
2021,05,10,09,40,318,10.4,13.0,1011.9,9.9,2.76
2021,05,10,12,40,324,6.5,8.5,1012.1,9.9,3.03
2021,05,10,15,40,321,8.2,10.5,1013.2,9.9,2.46
2021,05,10,18,40,309,6.0,7.9,1013.8,10.1,2.39
2021,05,10,21,40,307,6.0,7.9,1013.1,10.4,2.00
2021,05,11,00,40,308,7.7,9.8,1012.5,10.5,2.10
2021,05,11,03,40,300,6.1,7.7,1012.3,10.3,2.09
2021,05,11,06,40,285,3.2,4.8,1012.8,10.3,2.18
2021,05,11,09,40,271,1.9,3.2,1012.6,10.3,2.33
2021,05,11,12,40,234,1.6,2.3,1012.9,10.3,2.03
2021,05,11,15,40,154,2.4,3.7,1014.1,10.4,1.85
2021,05,11,18,40,164,4.5,6.1,1014.8,10.7,1.68
2021,05,11,21,40,170,4.3,5.8,1014.6,11.2,1.88
2021,05,12,00,40,158,2.3,3.5,1014.0,11.7,1.74
2021,05,12,03,40,234,1.1,3.1,1014.0,11.7,1.84
2021,05,12,06,40,181,1.7,3.5,1014.5,11.5,1.69
2021,05,12,09,40,175,3.1,4.7,1014.4,11.5,1.61
2021,05,12,12,40,161,3.1,4.6,1015.0,11.4,1.45
2021,05,12,15,40,165,5.4,6.7,1017.0,11.2,1.49
2021,05,12,18,40,162,4.6,5.8,1018.4,11.1,1.46
2021,05,12,21,40,209,2.4,3.1,1018.2,11.6,1.54
2021,05,13,00,40,235,2.0,3.3,1017.6,11.7,1.49
2021,05,13,03,40,267,2.0,3.7,1017.8,11.5,1.39
2021,05,13,06,40,291,2.2,3.3,1018.5,11.5,1.35
2021,05,13,09,40,279,1.2,3.8,1018.4,11.5,1.34
2021,05,13,12,40,239,1.1,3.9,1018.2,11.5,1.41
2021,05,13,15,40,232,2.4,3.6,1018.9,11.4,1.44
2021,05,13,18,40,254,2.4,3.5,1019.3,11.5,1.39
2021,05,13,21,40,274,4.1,5.5,1018.6,11.5,1.35
2021,05,14,00,40,289,4.9,6.5,1017.3,11.5,1.40
2021,05,14,03,40,303,5.6,6.9,1016.7,11.2,1.39
2021,05,14,06,40,301,5.7,7.5,1017.0,11.1,1.56
2021,05,14,09,40,300,6.0,7.9,1016.2,11.1,2.05
2021,05,14,12,40,296,7.3,9.5,1015.5,11.0,2.35
2021,05,14,15,40,307,8.7,10.8,1016.2,10.7,2.37
2021,05,14,18,40,307,9.5,11.7,1016.2,10.6,2.29
2021,05,14,21,40,306,9.2,12.2,1015.4,10.6,2.46
2021,05,15,00,40,300,12.2,15.3,1013.8,10.3,2.75
2021,05,15,03,40,302,12.2,15.2,1013.9,10.2,3.13
2021,05,15,06,40,305,12.1,15.3,1013.9,10.2,3.22
2021,05,15,09,40,292,9.8,13.4,1013.4,10.3,2.95
2021,05,15,12,40,300,9.8,14.0,1012.5,10.3,2.71
2021,05,15,15,40,294,7.7,10.1,1013.5,10.3,2.34
2021,05,15,18,40,289,4.2,5.6,1013.9,10.4,2.09
2021,05,15,21,40,253,2.1,3.0,1013.3,10.5,2.10
2021,05,16,00,40,247,2.1,3.4,1012.8,10.7,2.18
2021,05,16,03,40,224,2.4,3.7,1013.2,10.5,2.21
2021,05,16,06,40,263,2.8,4.2,1013.3,10.5,1.96
2021,05,16,09,40,244,2.7,4.3,1013.6,10.5,2.02
2021,05,16,12,40,236,1.8,3.0,1013.7,10.5,2.01
2021,05,16,15,40,231,3.0,3.8,1015.2,10.4,1.67
2021,05,16,18,40,212,3.4,4.3,1016.2,10.6,1.53
2021,05,16,21,40,223,3.5,4.4,1016.4,11.0,1.67
2021,05,17,00,40,227,3.4,4.5,1015.6,11.0,1.71
2021,05,17,03,40,242,2.7,3.8,1016.2,10.9,1.58
2021,05,17,06,40,258,3.3,4.3,1017.3,10.8,1.44
2021,05,17,09,40,259,4.1,5.0,1017.3,10.8,1.24
2021,05,17,12,40,295,4.7,6.1,1017.3,10.6,1.25
2021,05,17,15,40,287,6.0,8.3,1019.1,10.5,1.39
2021,05,17,18,40,298,5.3,8.1,1020.2,10.6,1.35
2021,05,17,21,40,301,8.2,10.2,1020.0,10.5,1.57
2021,05,18,00,40,289,7.5,9.0,1019.1,10.5,1.65
2021,05,18,03,40,295,9.4,11.8,1018.8,10.6,1.99
2021,05,18,06,40,310,10.7,14.2,1019.0,10.4,2.18
2021,05,18,09,40,299,11.1,14.2,1018.8,10.3,2.09
2021,05,18,12,40,307,10.4,13.2,1019.2,10.3,2.06
2021,05,18,15,40,311,7.9,10.2,1020.5,10.4,1.66
2021,05,18,18,40,314,8.2,10.8,1020.2,10.8,1.75
2021,05,18,21,40,307,9.0,11.3,1019.7,11.1,1.52
2021,05,19,00,40,310,9.8,11.8,1018.7,11.1,1.86
2021,05,19,03,40,309,11.7,14.5,1017.6,11.0,2.31
2021,05,19,06,40,299,12.2,15.2,1017.6,10.8,2.56
2021,05,19,09,40,294,11.9,15.2,1017.1,10.7,2.41
2021,05,19,12,40,299,13.0,16.3,1016.6,10.6,2.80
2021,05,19,15,40,299,11.5,14.9,1017.0,10.7,2.73
2021,05,19,18,40,300,12.9,17.1,1016.8,10.7,2.48
2021,05,19,21,40,302,13.7,18.5,1016.3,10.7,2.77
2021,05,20,00,40,298,12.5,15.8,1016.2,10.4,2.86
2021,05,20,03,40,307,14.1,18.3,1016.1,10.0,3.47
2021,05,20,06,40,299,14.4,18.0,1016.7,10.1,3.33
2021,05,20,09,40,306,13.1,16.0,1017.1,10.0,3.19
2021,05,20,12,40,318,11.8,14.6,1017.7,9.9,2.75
2021,05,20,15,40,324,11.8,15.1,1019.1,9.8,2.87
2021,05,20,18,40,307,13.6,16.8,1019.4,9.8,2.73
2021,05,20,21,40,304,14.0,19.3,1018.6,9.9,2.87
2021,05,21,00,40,304,14.2,17.8,1017.0,9.7,3.17
2021,05,21,03,40,311,14.2,18.6,1016.8,9.5,3.37
2021,05,21,06,40,313,13.2,16.5,1017.2,9.4,3.19
2021,05,21,09,40,315,10.5,12.9,1017.0,9.2,2.68
2021,05,21,12,40,311,9.9,12.2,1016.8,9.1,2.13
2021,05,21,15,40,313,9.4,12.3,1017.3,9.0,2.28
2021,05,21,18,40,304,9.9,12.1,1017.3,8.9,2.45
2021,05,21,21,40,304,10.9,13.4,1016.6,8.9,2.32
2021,05,22,00,40,307,11.3,15.4,1015.4,9.1,2.81
2021,05,22,03,40,314,9.5,11.8,1016.0,9.1,2.81
2021,05,22,06,40,312,8.0,9.8,1016.8,9.1,2.64
2021,05,22,09,40,309,3.7,5.1,1016.7,9.1,2.33
2021,05,22,12,40,337,0.3,1.1,1017.2,9.1,2.35
2021,05,22,15,40,161,4.2,6.2,1018.9,9.1,2.18
2021,05,22,18,40,167,3.1,4.6,1019.6,9.3,2.01
2021,05,22,21,40,282,2.8,3.9,1020.1,9.8,1.85
2021,05,23,00,40,296,5.4,7.1,1019.9,9.8,1.93
2021,05,23,03,40,281,4.8,6.0,1019.7,9.7,1.60
2021,05,23,06,40,252,3.7,4.9,1020.2,9.6,1.63
2021,05,23,09,40,288,3.8,5.3,1020.3,9.6,1.73
2021,05,23,12,40,254,3.2,4.4,1020.2,9.6,1.51
2021,05,23,15,40,258,4.2,7.3,1021.6,9.7,1.41
2021,05,23,18,40,282,4.4,5.9,1022.8,9.8,1.32
2021,05,23,21,40,297,4.7,6.9,1022.9,10.1,1.28
2021,05,24,00,40,291,6.2,7.5,1021.5,10.1,1.27
2021,05,24,03,40,299,4.9,6.0,1020.8,10.0,1.33
2021,05,24,06,40,314,7.6,9.6,1021.1,9.9,1.67
2021,05,24,09,40,314,10.3,12.4,1020.9,9.8,1.99
2021,05,24,12,40,318,8.8,11.6,1020.8,9.7,1.91
2021,05,24,15,40,329,7.8,9.9,1021.8,9.6,1.86
2021,05,24,18,40,319,7.5,9.6,1022.1,9.7,1.74
2021,05,24,21,40,308,6.7,9.0,1021.3,9.8,1.61
2021,05,25,00,40,308,8.7,10.7,1020.3,9.9,1.68
2021,05,25,03,40,303,7.6,9.2,1019.8,9.8,1.79
2021,05,25,06,40,306,10.2,12.7,1019.8,9.8,1.85
2021,05,25,09,40,296,7.3,9.0,1019.8,9.8,1.40
2021,05,25,12,40,310,6.8,8.2,1019.8,10.0,1.27
2021,05,25,15,40,297,7.0,9.1,1020.5,10.1,1.50
2021,05,25,18,40,303,9.3,12.6,1020.7,10.1,1.44
2021,05,25,21,40,318,7.2,8.9,1020.0,10.2,1.70
2021,05,26,00,40,310,7.4,9.8,1018.6,10.4,1.94
2021,05,26,03,40,308,9.4,11.9,1017.4,10.3,2.35
2021,05,26,06,40,314,8.9,11.3,1017.7,10.3,2.29
2021,05,26,09,40,317,8.0,9.9,1017.5,10.2,1.90
2021,05,26,12,40,313,7.6,9.6,1017.3,10.2,2.15
2021,05,26,15,40,315,6.6,8.3,1018.6,10.2,2.05
2021,05,26,18,40,308,8.7,11.3,1019.6,10.3,1.95
2021,05,26,21,40,305,9.6,12.1,1019.5,10.4,1.98
2021,05,27,00,40,306,9.2,11.3,1018.9,10.5,1.99
2021,05,27,03,40,307,8.4,10.9,1018.8,10.4,2.18
2021,05,27,06,40,313,8.0,10.5,1019.8,10.4,2.29
2021,05,27,09,40,296,7.8,9.7,1019.4,10.4,1.74
2021,05,27,12,40,295,9.8,11.8,1019.4,10.2,1.70
2021,05,27,15,40,293,7.9,9.8,1020.6,9.9,1.43
2021,05,27,18,40,301,5.3,6.6,1021.4,10.2,1.30
2021,05,27,21,40,305,5.6,6.8,1020.8,10.3,1.30
2021,05,28,00,40,306,7.8,10.0,1019.5,10.2,1.40
2021,05,28,03,40,313,6.9,8.4,1018.9,10.0,1.28
2021,05,28,06,40,308,6.7,8.1,1019.3,10.1,1.33
2021,05,28,09,40,293,5.4,6.2,1018.6,10.1,1.30
2021,05,28,12,40,329,2.6,4.1,1018.3,10.0,1.14
2021,05,28,15,40,266,2.8,3.9,1018.9,9.8,1.53
2021,05,28,18,40,295,4.5,6.3,1018.4,10.1,1.55
2021,05,28,21,40,265,5.0,6.0,1017.8,10.6,1.67
2021,05,29,00,40,292,5.6,7.0,1016.7,10.6,1.81
2021,05,29,03,40,284,5.8,7.6,1016.2,10.6,2.19
2021,05,29,06,40,297,7.0,9.0,1015.9,10.8,2.29
2021,05,29,09,40,303,7.6,10.2,1015.5,10.6,2.40
2021,05,29,12,40,304,9.4,12.4,1015.1,10.3,2.54
2021,05,29,15,40,300,9.0,11.1,1016.0,10.1,2.52
2021,05,29,18,40,306,8.6,11.0,1015.4,10.1,2.37
2021,05,29,21,40,305,7.9,10.0,1014.9,10.1,2.16
2021,05,30,00,40,298,8.6,11.4,1014.3,10.1,2.38
2021,05,30,03,40,293,8.6,11.0,1015.0,10.0,2.71
2021,05,30,06,40,298,6.1,7.6,1014.8,10.0,2.56
2021,05,30,09,40,303,7.5,9.1,1013.4,10.1,2.46
2021,05,30,12,40,316,6.4,8.1,1013.2,10.0,2.33
2021,05,30,15,40,332,1.9,3.0,1014.6,10.0,2.12
2021,05,30,18,40,314,7.0,8.4,1014.6,10.3,1.82
2021,05,30,21,40,312,8.4,10.3,1013.5,10.3,1.88
2021,05,31,00,40,309,6.0,8.1,1012.4,10.3,1.83
2021,05,31,03,40,306,6.4,7.9,1011.7,10.3,2.15
2021,05,31,06,40,305,4.6,6.6,1012.1,10.2,2.32
2021,05,31,09,40,302,2.6,3.8,1012.1,10.2,2.12
2021,05,31,12,40,302,2.0,3.0,1012.3,10.2,1.95
2021,05,31,15,40,137,1.2,2.1,1013.4,10.2,1.60
2021,05,31,18,40,124,2.2,3.4,1014.9,10.7,1.34
2021,05,31,21,40,179,2.0,2.7,1014.5,11.6,1.34
2021,06,01,00,40,204,1.6,2.3,1013.8,12.4,1.24
2021,06,01,03,40,294,2.3,3.1,1013.8,12.5,1.21
2021,06,01,06,40,205,3.0,3.8,1014.5,11.9,1.35
2021,06,01,09,40,177,2.8,3.5,1014.3,11.3,1.48
2021,06,01,12,40,168,5.5,7.4,1014.4,10.8,1.83
2021,06,01,15,40,183,5.4,6.6,1015.8,10.6,1.79
2021,06,01,18,40,189,3.9,5.0,1016.7,10.6,1.67
2021,06,01,21,40,223,2.6,3.4,1016.2,11.4,1.53
2021,06,02,00,40,256,2.4,3.7,1014.6,11.1,1.43
2021,06,02,03,40,298,3.0,4.4,1014.4,11.3,1.34
2021,06,02,06,40,311,5.2,7.1,1014.5,11.1,1.41
2021,06,02,09,40,298,3.0,4.1,1013.7,11.0,1.41
2021,06,02,12,40,275,3.5,4.6,1014.0,10.9,1.49
2021,06,02,15,40,239,2.3,3.2,1015.2,11.2,1.60
2021,06,02,18,40,280,3.5,4.9,1015.5,11.6,1.67
2021,06,02,21,40,288,3.6,4.9,1014.3,12.0,1.60
2021,06,03,00,40,302,5.7,7.3,1012.8,11.7,1.77
2021,06,03,03,40,298,6.8,8.7,1012.6,11.2,1.67
2021,06,03,06,40,286,5.1,6.8,1012.9,11.2,1.79
2021,06,03,09,40,307,4.9,6.6,1012.3,11.1,1.88
2021,06,03,12,40,307,5.0,6.4,1011.5,10.9,2.01
2021,06,03,15,40,283,4.3,5.5,1012.5,10.9,2.07
2021,06,03,18,40,300,2.9,4.1,1012.8,11.0,1.84
2021,06,03,21,40,315,4.2,5.6,1012.5,11.7,1.88
2021,06,04,00,40,291,4.4,6.0,1011.3,11.6,1.90
2021,06,04,03,40,304,8.7,10.8,1010.8,11.6,2.81
2021,06,04,06,40,311,10.0,12.7,1012.6,11.5,2.45
2021,06,04,09,40,306,8.3,11.2,1013.2,11.3,2.64
2021,06,04,12,40,309,7.7,10.3,1014.0,11.3,2.37
2021,06,04,15,40,307,10.6,13.5,1015.1,11.3,2.44
2021,06,04,18,40,308,8.6,11.1,1016.0,11.3,2.54
2021,06,04,21,40,300,9.5,11.5,1015.7,11.4,2.50
2021,06,05,00,40,294,6.3,8.2,1014.7,11.5,2.37
2021,06,05,03,40,288,4.3,5.7,1014.2,11.7,2.18
2021,06,05,06,40,287,5.3,6.8,1014.8,11.9,2.32
2021,06,05,09,40,297,6.1,7.5,1013.9,11.9,2.16
2021,06,05,12,40,312,6.8,8.8,1013.7,11.9,2.42
2021,06,05,15,40,311,7.8,10.1,1014.2,11.8,2.53
2021,06,05,18,40,315,7.2,9.0,1015.0,11.9,2.03
2021,06,05,21,40,301,7.8,9.8,1014.1,12.2,2.54
2021,06,06,00,40,312,9.6,12.1,1011.9,12.3,2.82
2021,06,06,03,40,313,10.2,12.8,1010.8,12.1,3.14
2021,06,06,06,40,313,10.2,12.8,1010.7,11.3,3.02
2021,06,06,09,40,316,8.8,11.1,1009.9,10.7,2.94
2021,06,06,12,40,316,8.7,11.0,1010.0,11.2,3.25
2021,06,06,15,40,324,7.1,9.0,1011.6,11.1,3.48
2021,06,06,18,40,309,5.4,7.2,1013.1,11.2,3.61
2021,06,06,21,40,321,9.8,12.8,1012.6,11.2,3.42
2021,06,07,00,40,313,13.5,17.8,1011.3,10.8,3.99
2021,06,07,03,40,309,11.9,16.1,1011.2,10.5,3.84
2021,06,07,06,40,303,12.2,15.5,1011.5,10.3,3.49
2021,06,07,09,40,288,11.5,13.9,1011.7,10.4,3.25
2021,06,07,12,40,300,11.0,14.4,1011.5,10.6,2.97
2021,06,07,15,40,305,9.7,12.2,1012.9,10.5,2.79
2021,06,07,18,40,296,9.9,12.7,1013.6,10.6,2.51
2021,06,07,21,40,284,8.6,10.7,1014.5,10.8,2.35
2021,06,08,00,40,293,8.7,10.6,1014.0,10.9,2.17
2021,06,08,03,40,290,7.0,8.9,1014.1,10.9,2.21
2021,06,08,06,40,272,5.0,6.4,1015.1,10.9,2.06
2021,06,08,09,40,284,7.3,8.7,1015.1,10.9,2.21
2021,06,08,12,40,275,6.7,8.5,1016.3,10.8,1.85
2021,06,08,15,40,274,6.4,7.6,1018.1,10.8,1.88
2021,06,08,18,40,277,4.6,6.3,1019.5,11.0,1.64
2021,06,08,21,40,262,4.2,5.4,1020.5,11.3,1.68
2021,06,09,00,40,276,4.0,5.3,1020.5,11.8,1.69
2021,06,09,03,40,282,5.5,6.8,1020.2,11.7,1.43
2021,06,09,06,40,295,3.7,5.0,1020.5,11.4,1.43
2021,06,09,09,40,282,4.7,6.0,1019.6,11.2,1.41
2021,06,09,12,40,278,4.3,5.3,1020.0,11.2,1.42
2021,06,09,15,40,279,3.4,4.3,1021.3,11.2,1.22
2021,06,09,18,40,284,3.9,5.5,1022.2,11.5,1.43
2021,06,09,21,40,267,4.6,5.8,1022.7,12.6,1.29
2021,06,10,00,40,276,5.8,6.7,1022.9,12.5,1.34
2021,06,10,03,40,272,5.3,6.4,1023.5,11.9,1.35
2021,06,10,06,40,281,5.0,6.0,1024.3,11.5,1.28
2021,06,10,09,40,290,3.9,5.0,1024.5,11.5,1.17
2021,06,10,12,40,303,3.8,4.6,1024.8,11.4,1.03
2021,06,10,15,40,290,4.4,5.3,1025.6,11.5,1.06
2021,06,10,18,40,280,4.9,5.9,1025.5,12.2,1.03
2021,06,10,21,40,274,5.1,6.1,1024.9,12.8,0.98
2021,06,11,00,40,296,4.8,5.6,1023.4,12.8,0.90
2021,06,11,03,40,297,5.2,6.6,1021.7,12.3,0.97
2021,06,11,06,40,298,4.5,5.5,1021.4,12.2,0.95
2021,06,11,09,40,285,2.8,3.8,1020.5,11.9,0.93
2021,06,11,12,40,314,2.7,3.8,1020.0,11.8,0.88
2021,06,11,15,40,241,1.1,1.9,1020.6,11.9,0.84
2021,06,11,18,40,197,1.7,2.4,1020.4,12.7,0.72
2021,06,11,21,40,236,3.5,4.1,1019.6,14.3,0.65
2021,06,12,00,40,247,3.4,4.1,1018.6,14.3,0.67
2021,06,12,03,40,240,2.6,3.2,1017.9,14.3,0.86
2021,06,12,06,40,93,1.3,2.6,1018.1,13.5,1.71
2021,06,12,09,40,135,2.0,2.9,1017.4,13.8,1.70
2021,06,12,12,40,84,1.3,2.7,1016.5,13.3,1.70
2021,06,12,15,40,103,1.0,2.0,1016.6,13.4,1.50
2021,06,12,18,40,231,1.4,2.8,1016.5,14.1,1.39
2021,06,12,21,40,287,5.3,6.4,1016.0,14.0,1.14
2021,06,13,00,40,305,4.5,5.5,1014.9,13.2,1.51
2021,06,13,03,40,305,3.7,4.7,1014.0,13.7,1.63
2021,06,13,06,40,297,2.6,3.3,1014.5,13.2,1.44
2021,06,13,09,40,302,2.1,3.3,1014.0,13.3,1.41
2021,06,13,13,40,232,3.6,4.4,1014.5,13.2,1.26
2021,06,13,16,40,213,1.3,1.9,1015.6,13.3,1.43
2021,06,13,19,40,227,3.0,4.4,1016.1,13.8,1.41
2021,06,13,22,40,249,3.2,4.5,1016.1,13.9,1.49
2021,06,14,01,40,232,0.5,1.4,1015.9,14.1,1.25
2021,06,14,04,40,156,1.2,1.7,1016.2,14.1,1.16
2021,06,14,07,40,180,2.9,3.8,1016.1,14.1,1.11
2021,06,14,10,40,198,3.0,4.0,1016.4,14.0,1.35
2021,06,14,13,40,269,2.0,2.5,1017.7,13.9,1.38
2021,06,14,16,40,313,5.5,6.6,1018.9,13.7,1.44
2021,06,14,19,40,300,6.5,8.3,1019.3,13.7,1.34
2021,06,14,22,40,299,5.6,7.0,1019.6,13.8,1.19
2021,06,15,01,40,296,5.6,7.0,1019.0,13.8,1.31
2021,06,15,04,40,307,8.1,10.2,1019.1,13.6,1.42
2021,06,15,07,40,326,6.2,7.5,1019.5,13.6,1.43
2021,06,15,10,40,313,7.6,9.8,1020.1,13.5,1.42
2021,06,15,13,40,314,7.1,9.0,1020.9,13.3,1.44
2021,06,15,16,40,329,8.2,10.3,1022.0,13.3,1.43
2021,06,15,19,40,315,8.4,10.1,1021.7,13.4,1.52
2021,06,15,22,40,319,8.8,11.0,1020.7,13.5,1.85
2021,06,16,01,40,316,9.9,12.6,1018.5,13.6,2.30
2021,06,16,04,40,320,10.8,13.7,1017.9,13.2,2.59
2021,06,16,07,40,317,10.1,12.5,1017.3,12.5,2.38
2021,06,16,10,40,329,7.1,9.1,1016.3,12.1,2.13
2021,06,16,13,40,331,4.0,5.3,1017.4,11.7,2.06
2021,06,16,16,40,316,7.4,9.4,1017.6,11.5,1.85
2021,06,16,19,40,317,8.1,10.3,1017.0,11.1,2.02
2021,06,16,22,40,308,7.0,8.5,1015.6,10.9,1.94
2021,06,17,01,40,303,9.5,11.6,1012.9,10.9,1.96
2021,06,17,04,40,314,9.1,10.8,1012.2,10.7,2.25
2021,06,17,07,40,327,6.3,8.2,1012.3,10.4,2.46
2021,06,17,10,40,316,7.9,10.0,1010.9,10.4,2.31
2021,06,17,13,40,320,7.5,9.6,1011.1,10.4,2.24
2021,06,17,16,40,318,7.5,9.2,1011.8,10.5,2.11
2021,06,17,19,40,312,8.7,10.9,1011.2,10.6,2.01
2021,06,17,22,40,308,9.3,11.8,1009.6,10.7,1.95
2021,06,18,01,40,301,8.4,10.1,1008.2,10.7,2.19
2021,06,18,04,40,307,5.5,6.7,1007.8,10.5,2.10
2021,06,18,07,40,316,3.7,5.3,1008.5,10.5,2.18
2021,06,18,10,40,305,4.5,5.8,1007.7,10.4,2.25
2021,06,18,13,40,311,2.1,3.4,1008.2,10.4,2.32
2021,06,18,16,40,336,2.6,4.0,1008.9,10.6,2.02
2021,06,18,19,40,314,4.2,5.2,1009.1,11.2,1.82
2021,06,18,22,40,320,3.9,5.1,1008.0,11.6,1.90
2021,06,19,01,40,297,3.9,5.4,1007.0,12.0,2.07
2021,06,19,04,40,248,2.7,3.5,1007.5,11.9,1.88
2021,06,19,07,40,206,2.3,3.0,1007.7,12.4,2.11
2021,06,19,10,40,139,2.8,4.6,1007.1,11.4,1.99
2021,06,19,13,40,162,3.7,5.1,1008.1,11.5,1.94
2021,06,19,16,40,175,6.2,7.7,1009.6,11.5,1.89
2021,06,19,19,40,184,5.5,7.1,1010.1,11.8,1.69
2021,06,19,22,40,189,4.1,5.8,1009.5,12.4,1.80
2021,06,20,01,40,188,3.5,5.3,1008.3,13.2,1.87
2021,06,20,05,40,165,4.5,6.0,1009.4,13.0,1.65
2021,06,20,08,40,173,5.0,7.3,1009.6,12.7,1.55
2021,06,20,11,40,167,4.6,6.1,1009.5,12.8,1.49
2021,06,20,14,40,177,4.8,6.0,1010.7,12.8,1.49
2021,06,20,17,40,167,4.2,5.5,1012.1,12.4,1.34
2021,06,20,20,40,185,4.0,5.4,1012.9,12.4,1.23
2021,06,20,23,40,177,1.1,1.6,1012.2,12.8,1.30
2021,06,21,02,40,191,3.3,4.6,1011.9,12.8,1.25
2021,06,21,05,40,191,2.5,3.7,1013.2,12.6,1.30
2021,06,21,08,40,189,2.3,2.9,1013.3,12.1,1.22
2021,06,21,11,40,172,3.5,4.6,1013.1,12.1,1.23
2021,06,21,14,40,168,4.2,6.1,1014.0,12.1,1.18
2021,06,21,17,40,157,3.5,4.4,1015.2,12.4,1.31
2021,06,21,20,40,172,5.7,7.2,1016.0,12.8,1.37
2021,06,21,23,40,179,6.6,8.3,1014.8,13.1,1.39
2021,06,22,02,40,148,3.1,4.4,1014.3,12.9,1.30
2021,06,22,05,40,144,3.4,4.6,1014.3,12.9,1.42
2021,06,22,08,40,166,3.0,3.9,1013.8,12.9,1.45
2021,06,22,11,40,150,4.0,5.3,1013.3,12.8,1.39
2021,06,22,14,40,143,4.3,5.4,1013.6,12.9,1.47
2021,06,22,17,40,154,2.6,3.3,1014.2,13.1,1.46
2021,06,22,20,40,137,3.2,4.5,1014.2,13.7,1.43
2021,06,22,23,40,171,5.0,6.3,1013.1,13.9,1.54
2021,06,23,02,40,183,1.9,3.2,1012.6,13.8,1.55
2021,06,23,05,40,142,2.0,3.0,1013.9,13.5,1.53
2021,06,23,08,40,191,1.9,2.7,1013.7,13.9,1.39
2021,06,23,11,40,133,0.2,0.9,1013.1,13.7,1.43
2021,06,23,14,40,107,2.2,2.9,1013.7,13.7,1.31
2021,06,23,17,40,141,1.8,2.5,1014.8,14.3,1.38
2021,06,23,20,40,214,2.2,2.9,1015.5,14.4,1.32
2021,06,23,23,40,241,2.4,3.1,1015.2,15.5,1.42
2021,06,24,02,40,323,3.4,4.4,1015.1,14.3,1.23
2021,06,24,05,40,308,1.1,1.8,1016.2,14.3,1.16
2021,06,24,08,40,315,3.6,4.6,1016.4,14.4,1.17
2021,06,24,11,40,328,6.0,7.2,1016.7,14.1,1.14
2021,06,24,14,40,321,1.7,3.1,1017.4,14.3,1.10
2021,06,24,17,40,330,2.5,3.4,1018.3,14.9,0.99
2021,06,24,20,40,287,4.4,5.4,1018.4,15.5,0.96
2021,06,24,23,40,311,4.6,5.8,1018.0,15.5,1.04
2021,06,25,02,40,278,5.1,6.5,1017.4,15.7,1.08
2021,06,25,05,40,283,4.2,6.0,1017.9,15.2,1.12
2021,06,25,08,40,313,4.7,6.8,1017.6,14.8,0.97
2021,06,25,11,40,300,4.7,6.4,1017.1,15.2,1.00
2021,06,25,14,40,291,4.5,6.0,1017.8,15.1,0.98
2021,06,25,17,40,292,3.4,4.6,1017.6,15.0,1.07
2021,06,25,20,40,310,6.0,7.3,1016.8,15.1,0.99
2021,06,25,23,40,296,7.6,9.3,1016.0,15.2,1.03
2021,06,26,02,40,298,6.7,8.6,1015.7,15.0,1.18
2021,06,26,05,40,299,6.7,8.3,1016.1,14.7,1.17
2021,06,26,09,40,296,5.3,6.5,1015.5,14.5,1.09
2021,06,26,12,40,307,5.8,7.2,1015.3,14.5,1.12
2021,06,26,15,40,313,5.9,7.5,1015.3,14.4,1.12
2021,06,26,18,40,299,6.6,8.0,1015.5,14.5,1.22
2021,06,26,21,40,299,8.5,10.2,1014.5,14.6,1.34
2021,06,27,00,40,311,8.2,10.1,1012.7,14.6,1.50
2021,06,27,03,40,300,8.5,10.2,1012.0,14.4,1.66
2021,06,27,06,40,307,7.5,9.4,1011.9,14.1,1.62
2021,06,27,09,40,307,8.2,9.9,1011.5,13.9,1.53
2021,06,27,12,40,304,7.1,8.6,1011.2,13.9,1.45
2021,06,27,15,40,309,6.6,8.0,1011.8,14.0,1.45
2021,06,27,18,40,301,6.2,7.6,1012.3,14.1,1.57
2021,06,27,22,40,299,7.2,9.4,1011.1,14.3,1.34
2021,06,28,01,40,298,7.9,9.6,1010.0,14.3,1.40
2021,06,28,04,40,307,7.3,9.2,1010.1,14.3,1.27
2021,06,28,07,40,299,6.7,7.9,1010.1,14.2,1.33
2021,06,28,10,40,302,7.6,9.5,1010.3,14.1,1.25
2021,06,28,13,40,304,6.8,8.1,1010.6,14.1,1.18
2021,06,28,16,40,307,6.4,7.7,1011.4,13.9,1.22
2021,06,28,19,40,310,6.2,7.7,1011.9,14.1,1.20
2021,06,28,22,40,302,8.9,10.7,1011.0,14.1,1.35
2021,06,29,01,40,313,8.5,10.6,1010.2,13.9,1.45
2021,06,29,04,40,318,7.0,8.6,1010.3,14.1,1.68
2021,06,29,07,40,308,8.7,10.8,1010.5,13.4,1.79
2021,06,29,10,40,306,8.4,10.3,1010.1,13.1,1.87
2021,06,29,13,40,309,7.7,9.6,1010.9,12.3,1.86
2021,06,29,16,40,307,7.7,9.5,1011.4,12.9,1.90
2021,06,29,19,40,301,6.6,8.1,1011.4,13.1,1.71
2021,06,29,22,40,296,7.0,8.4,1009.9,13.3,1.83
2021,06,30,01,40,295,8.7,11.2,1009.1,13.3,2.07
2021,06,30,04,40,314,7.8,9.7,1009.8,13.2,2.58
2021,06,30,07,40,312,8.5,10.3,1010.2,13.0,2.51
2021,06,30,10,40,298,9.8,11.9,1009.9,12.9,2.49
2021,06,30,13,40,298,7.1,9.0,1011.7,13.0,2.04
2021,06,30,16,40,282,4.8,8.0,1013.5,12.5,2.06
2021,06,30,19,40,235,3.8,5.0,1014.2,12.9,1.90
2021,06,30,22,40,251,4.4,5.9,1013.7,13.1,1.85
2021,07,01,01,40,270,5.2,6.5,1013.4,13.3,1.64
2021,07,01,04,40,286,5.7,7.9,1013.5,13.2,1.76
2021,07,01,07,40,282,4.2,5.4,1013.1,13.3,1.89
2021,07,01,10,40,257,3.7,5.7,1012.7,13.3,1.79
2021,07,01,13,40,261,2.8,3.8,1013.4,12.9,1.77
2021,07,01,16,40,224,2.1,3.1,1014.4,12.4,1.98
2021,07,01,19,40,229,3.4,4.3,1014.8,12.9,2.05
2021,07,01,22,40,272,2.4,3.4,1014.2,13.7,1.85
2021,07,02,01,40,308,5.3,7.2,1013.4,13.0,2.05
2021,07,02,04,40,292,5.9,7.8,1013.7,12.5,1.94
2021,07,02,07,40,295,5.6,7.2,1013.2,12.4,1.82
2021,07,02,10,40,279,2.5,3.4,1013.2,12.2,1.69
2021,07,02,13,40,285,4.4,5.7,1014.0,12.2,1.53
2021,07,02,16,40,266,3.2,4.8,1014.2,12.2,1.76
2021,07,02,19,40,313,3.9,5.3,1015.2,12.4,1.67
2021,07,02,22,40,271,3.5,4.4,1014.3,13.1,1.52
2021,07,03,01,40,300,5.9,8.2,1013.4,12.6,1.56
2021,07,03,04,40,286,2.9,4.0,1014.2,12.6,1.64
2021,07,03,07,40,280,2.2,3.0,1014.5,12.7,1.34
2021,07,03,10,40,289,0.9,1.5,1014.3,12.7,1.24
2021,07,03,13,40,265,1.0,1.6,1014.9,12.6,1.26
2021,07,03,16,40,135,2.1,3.2,1015.4,13.1,1.43
2021,07,03,19,40,223,2.6,3.4,1015.9,13.7,1.39
2021,07,03,22,40,244,2.9,3.8,1015.3,14.0,1.40
2021,07,04,01,40,268,3.0,4.2,1014.7,13.7,1.39
2021,07,04,04,40,208,1.7,2.5,1015.1,13.5,1.32
2021,07,04,07,40,236,2.1,3.0,1015.5,13.5,1.25
2021,07,04,10,40,191,2.8,3.6,1015.2,13.4,1.29
2021,07,04,13,40,224,2.7,3.5,1015.7,13.3,1.14
2021,07,04,16,40,208,2.6,3.3,1016.5,13.5,1.19
2021,07,04,19,40,235,2.3,2.9,1017.2,14.1,1.27
2021,07,04,22,40,230,2.8,3.9,1016.7,14.5,1.16
2021,07,05,01,40,256,3.0,4.5,1015.5,14.2,1.23
2021,07,05,04,40,237,2.9,4.8,1016.0,14.3,1.31
2021,07,05,07,40,228,2.7,4.3,1015.7,14.3,1.16
2021,07,05,10,40,235,2.3,4.0,1015.4,14.1,1.11
2021,07,05,13,40,271,1.8,2.7,1016.4,14.1,1.06
2021,07,05,16,40,227,0.8,1.4,1017.6,14.1,1.30
2021,07,05,19,40,260,3.4,4.1,1017.8,14.8,1.16
2021,07,05,22,40,261,4.1,5.3,1017.4,14.9,1.19
2021,07,06,01,40,281,5.6,7.0,1016.5,14.6,1.25
2021,07,06,05,40,300,3.3,4.5,1017.1,14.5,1.26
2021,07,06,08,40,310,4.5,7.3,1017.0,14.2,1.24
2021,07,06,11,40,310,7.5,9.7,1016.6,14.3,1.19
2021,07,06,14,40,311,7.9,9.5,1017.7,13.9,1.50
2021,07,06,17,40,302,7.8,9.4,1018.4,14.0,1.60
2021,07,06,20,40,299,8.2,10.0,1018.1,13.9,1.49
2021,07,06,23,40,304,9.9,11.7,1017.0,14.2,1.73
2021,07,07,02,40,302,9.9,12.3,1016.4,14.0,1.78
2021,07,07,05,40,303,9.2,11.1,1016.7,13.6,1.93
2021,07,07,08,40,307,9.7,12.8,1016.0,14.1,2.06
2021,07,07,11,40,306,10.2,13.1,1015.4,13.7,1.97
2021,07,07,14,40,313,10.2,12.8,1015.4,13.2,1.92
2021,07,07,17,40,312,8.3,10.4,1015.4,12.9,1.93
2021,07,07,20,40,305,7.4,10.1,1015.1,12.6,1.82
2021,07,07,23,40,308,10.8,13.6,1013.2,12.6,2.11
2021,07,08,02,40,304,8.8,12.2,1012.2,12.5,1.91
2021,07,08,05,40,309,8.2,10.6,1012.2,12.2,2.09
2021,07,08,08,40,304,6.5,8.7,1011.9,12.0,1.88
2021,07,08,11,40,302,5.9,8.1,1011.2,12.2,1.67
2021,07,08,14,40,336,2.7,4.2,1011.2,12.6,1.83
2021,07,08,18,40,356,3.1,4.4,1012.4,12.7,1.74
2021,07,08,21,40,303,6.1,7.5,1012.3,12.4,1.66
2021,07,09,00,40,304,6.5,7.8,1011.2,13.3,1.71
2021,07,09,03,40,293,4.8,5.9,1010.7,13.5,1.68
2021,07,09,06,40,302,3.3,4.9,1011.2,13.1,1.78
2021,07,09,09,40,340,2.0,2.9,1011.2,12.6,1.68
2021,07,09,12,40,313,4.9,6.1,1011.8,12.2,1.64
2021,07,09,15,40,307,7.1,8.5,1013.3,12.4,1.50
2021,07,09,18,40,313,6.4,7.9,1015.0,12.4,1.73
2021,07,09,21,40,310,8.1,9.6,1015.1,12.2,1.93
2021,07,10,00,40,305,8.2,10.1,1014.2,12.1,1.83
2021,07,10,03,40,303,7.1,8.5,1014.9,12.1,1.73
2021,07,10,06,40,312,6.9,9.1,1015.5,12.0,1.84
2021,07,10,09,40,311,7.0,8.7,1015.0,11.9,1.79
2021,07,10,12,40,315,6.3,7.9,1014.9,11.8,1.75
2021,07,10,15,40,309,6.0,7.4,1015.6,11.8,1.80
2021,07,10,18,40,319,6.7,8.2,1016.0,11.8,1.80
2021,07,10,21,40,305,7.0,9.1,1015.5,11.9,1.83
2021,07,11,00,40,308,7.2,9.6,1014.2,11.9,2.19
2021,07,11,03,40,307,10.0,12.4,1013.2,11.8,2.14
2021,07,11,06,40,307,8.8,10.8,1014.0,11.9,2.15
2021,07,11,09,40,308,8.2,10.8,1013.5,11.5,2.04
2021,07,11,12,40,310,8.5,10.2,1013.7,11.9,2.15
2021,07,11,15,40,312,7.4,9.2,1014.9,12.3,1.91
2021,07,11,18,40,303,6.9,9.0,1015.4,12.5,1.79
2021,07,11,21,40,304,6.3,8.0,1014.6,12.5,1.68
2021,07,12,00,40,302,8.4,10.5,1013.0,12.6,1.73
2021,07,12,03,40,301,8.6,10.8,1012.9,12.6,1.81
2021,07,12,06,40,306,7.3,10.0,1013.4,12.5,2.31
2021,07,12,09,40,304,8.5,11.2,1013.2,12.3,2.30
2021,07,12,12,40,308,8.5,10.3,1013.7,12.4,2.17
2021,07,12,15,40,307,7.4,9.4,1014.5,12.2,2.03
2021,07,12,18,40,309,7.2,9.4,1015.2,12.2,1.95
2021,07,12,21,40,309,8.3,10.1,1014.2,12.3,1.91
2021,07,13,00,40,302,8.3,10.7,1013.0,12.3,1.72
2021,07,13,03,40,295,6.2,9.2,1012.8,12.2,1.91
2021,07,13,06,40,301,6.4,8.2,1012.9,12.2,2.10
2021,07,13,09,40,300,6.4,8.0,1012.7,12.3,2.20
2021,07,13,12,40,297,6.7,8.4,1012.8,12.4,2.13
2021,07,13,15,40,289,5.6,7.3,1013.7,12.3,1.94
2021,07,13,18,40,266,4.1,5.1,1014.9,12.3,1.88
2021,07,13,21,40,252,4.5,5.6,1014.8,12.4,1.95
2021,07,14,00,40,273,4.7,5.8,1013.7,12.4,1.73
2021,07,14,03,40,282,2.9,4.0,1013.4,12.4,1.82
2021,07,14,06,40,234,2.0,3.8,1014.0,12.4,1.71
2021,07,14,09,40,243,2.6,3.8,1013.7,12.4,1.63
2021,07,14,12,40,207,5.4,6.6,1013.7,12.3,1.64
2021,07,14,15,40,192,4.3,5.9,1015.1,12.3,1.68
2021,07,14,18,40,202,2.8,3.4,1015.4,12.3,1.58
2021,07,14,21,40,196,2.7,3.5,1015.6,12.7,1.68
2021,07,15,00,40,203,1.3,2.6,1015.0,12.9,1.68
2021,07,15,03,40,293,3.8,5.9,1015.1,12.6,1.67
2021,07,15,06,40,293,4.6,5.9,1016.0,12.6,1.56
2021,07,15,09,40,285,5.2,6.9,1015.9,12.6,1.76
2021,07,15,12,40,300,5.6,8.6,1015.9,12.5,1.98
2021,07,15,15,40,304,7.1,9.1,1017.2,12.3,1.85
2021,07,15,18,40,300,6.5,8.2,1017.9,12.4,1.77
2021,07,15,21,40,299,5.8,7.5,1017.3,12.5,1.51
2021,07,16,00,40,303,7.7,9.5,1016.0,12.5,1.55
2021,07,16,03,40,300,7.6,10.0,1015.5,12.5,1.75
2021,07,16,06,40,296,5.6,7.5,1015.4,12.4,1.78
2021,07,16,09,40,295,5.5,7.1,1014.4,12.4,1.75
2021,07,16,12,40,284,5.2,7.0,1014.0,12.4,1.90
2021,07,16,15,40,3,3.0,4.4,1015.2,12.4,1.82
2021,07,16,18,40,358,2.1,3.3,1016.2,12.5,1.83
2021,07,16,21,40,289,4.4,6.2,1015.4,12.8,1.98
2021,07,17,00,40,305,6.3,7.9,1014.0,12.7,1.73
2021,07,17,03,40,284,4.5,6.1,1013.3,12.7,1.72
2021,07,17,06,40,265,2.8,3.8,1013.5,12.6,1.98
2021,07,17,09,40,243,1.6,3.3,1012.9,12.5,2.11
2021,07,17,12,40,160,2.9,4.4,1013.2,12.5,1.77
2021,07,17,15,40,140,5.6,7.4,1014.9,12.6,1.68
2021,07,17,18,40,184,1.6,2.6,1015.9,12.7,1.62
2021,07,17,21,40,312,1.9,3.2,1015.7,13.3,1.60
2021,07,18,00,40,305,7.3,9.0,1014.5,13.0,1.54
2021,07,18,03,40,308,5.4,6.6,1014.4,12.7,1.69
2021,07,18,06,40,269,3.0,4.1,1015.0,12.7,1.96
2021,07,18,09,40,232,1.8,2.6,1015.1,12.7,1.80
2021,07,18,12,40,239,1.1,1.8,1015.1,12.7,1.82
2021,07,18,15,40,204,2.2,2.9,1015.9,12.7,1.74
2021,07,18,18,40,176,3.5,4.6,1016.6,12.7,1.60
2021,07,18,21,40,326,0.9,1.8,1016.6,13.3,1.53
2021,07,19,00,40,269,2.9,4.0,1016.4,13.2,1.60
2021,07,19,03,40,306,3.9,5.2,1016.6,12.9,1.74
2021,07,19,06,40,299,3.2,4.5,1016.8,12.8,1.82
2021,07,19,09,40,295,2.3,3.8,1016.3,12.9,1.74
2021,07,19,12,40,209,1.1,1.7,1016.1,12.8,1.70
2021,07,19,15,40,279,0.9,1.8,1017.4,12.8,1.70
2021,07,19,18,40,310,5.8,7.5,1018.0,13.0,1.88
2021,07,19,21,40,291,6.7,8.5,1018.3,13.0,1.82
2021,07,20,00,40,303,6.6,8.2,1017.9,13.0,1.71
2021,07,20,03,40,296,5.8,7.4,1017.6,13.0,1.58
2021,07,20,06,40,288,4.1,5.3,1017.8,13.0,1.56
2021,07,20,09,40,294,4.5,6.3,1017.2,13.0,2.05
2021,07,20,12,40,304,7.8,10.0,1017.1,12.8,2.19
2021,07,20,15,40,312,7.4,9.5,1018.9,12.9,2.09
2021,07,20,18,40,308,7.3,9.7,1019.7,12.6,1.73
2021,07,20,21,40,313,8.9,11.1,1018.2,12.6,1.84
2021,07,21,00,40,301,8.6,10.2,1016.6,12.7,2.39
2021,07,21,03,40,303,7.0,9.4,1015.5,12.6,1.94
2021,07,21,06,40,303,7.9,9.5,1015.1,12.5,1.84
2021,07,21,09,40,306,7.0,8.8,1014.8,12.4,1.83
2021,07,21,12,40,315,8.1,10.1,1014.9,12.4,1.88
2021,07,21,15,40,310,8.1,10.3,1015.5,12.5,1.94
2021,07,21,18,40,310,7.7,9.5,1016.0,12.7,2.06
2021,07,21,21,40,309,7.4,9.6,1015.0,13.2,1.79
2021,07,22,00,40,301,9.8,12.6,1013.1,13.2,2.13
2021,07,22,03,40,305,6.6,9.0,1013.2,13.0,2.40
2021,07,22,06,40,303,5.6,7.7,1013.7,13.1,2.29
2021,07,22,09,40,304,7.0,8.6,1013.7,12.5,2.00
2021,07,22,12,40,319,8.1,10.5,1013.4,12.6,2.00
2021,07,22,15,40,320,6.4,8.2,1015.3,12.4,2.10
2021,07,22,18,40,308,5.9,7.6,1016.5,12.5,1.82
2021,07,22,21,40,305,7.8,10.5,1016.7,12.8,1.70
2021,07,23,00,40,298,7.3,8.8,1015.7,13.0,1.61
2021,07,23,03,40,288,5.0,6.5,1015.5,12.6,1.65
2021,07,23,06,40,286,3.3,4.6,1016.2,12.6,1.97
2021,07,23,09,40,291,4.6,6.1,1015.6,12.8,1.95
2021,07,23,12,40,352,2.9,3.8,1015.4,13.2,1.84
2021,07,23,15,40,125,3.4,4.8,1016.9,13.2,1.57
2021,07,23,18,40,163,4.8,6.3,1017.9,13.0,1.42
2021,07,23,21,40,178,3.6,5.1,1017.8,13.1,1.38
2021,07,24,01,40,251,2.1,3.4,1016.7,14.2,1.45
2021,07,24,04,40,297,2.2,4.2,1017.0,13.7,1.20
2021,07,24,07,40,261,1.4,2.5,1016.8,13.4,1.19
2021,07,24,10,40,191,2.9,5.1,1016.3,13.4,1.28
2021,07,24,13,40,180,4.4,6.0,1016.6,13.3,1.25
2021,07,24,16,40,169,3.9,5.5,1017.3,13.1,1.27
2021,07,24,19,40,185,4.8,5.8,1016.9,13.4,1.13
2021,07,24,22,40,200,3.5,4.9,1015.9,13.8,1.07
2021,07,25,01,40,204,3.0,4.6,1014.9,13.7,1.13
2021,07,25,04,40,207,2.7,4.1,1015.4,13.6,1.08
2021,07,25,07,40,206,3.4,4.1,1015.6,13.6,0.97
2021,07,25,10,40,192,3.3,4.1,1015.2,13.5,1.12
2021,07,25,13,40,186,3.9,5.7,1016.0,13.4,1.27
2021,07,25,16,40,171,4.0,5.1,1015.9,13.3,1.10
2021,07,25,19,40,200,4.9,5.9,1015.6,13.4,1.13
2021,07,25,22,40,203,3.6,5.3,1014.4,13.8,1.26
2021,07,26,01,40,192,3.6,4.6,1013.4,13.7,1.33
2021,07,26,04,40,211,3.0,4.2,1014.2,13.5,1.36
2021,07,26,07,40,231,3.6,4.9,1013.7,13.5,1.28
2021,07,26,10,40,231,2.8,3.7,1013.0,13.5,1.20
2021,07,26,13,40,204,3.9,4.8,1014.2,13.4,1.28
2021,07,26,16,40,212,1.9,3.1,1014.5,13.3,1.24
2021,07,26,19,40,193,3.0,3.9,1014.9,13.4,1.32
2021,07,26,22,40,184,4.5,5.5,1014.6,13.6,1.40
2021,07,27,01,40,168,4.9,6.4,1014.5,13.7,1.46
2021,07,27,04,40,176,3.3,4.4,1014.8,13.5,1.29
2021,07,27,07,40,173,3.2,4.6,1015.1,13.1,1.13
2021,07,27,10,40,199,1.5,3.2,1014.6,13.1,1.06
2021,07,27,13,40,183,1.9,3.0,1015.7,13.4,1.03
2021,07,27,16,40,114,1.6,2.6,1017.2,13.5,0.98
2021,07,27,19,40,276,0.8,1.5,1017.5,13.8,1.07
2021,07,27,22,40,237,3.2,4.2,1016.9,14.8,0.98
2021,07,28,01,40,240,2.9,3.5,1016.4,14.7,1.06
2021,07,28,04,40,326,1.6,2.1,1017.0,13.5,0.95
2021,07,28,07,40,203,2.0,2.9,1017.5,14.3,0.92
2021,07,28,10,40,203,1.4,2.4,1017.2,13.7,0.92
2021,07,28,13,40,280,2.1,2.7,1017.8,14.4,0.84
2021,07,28,16,40,205,1.3,2.2,1018.4,14.4,0.85
2021,07,28,19,40,246,2.2,3.0,1018.6,14.7,0.81
2021,07,28,22,40,257,2.9,4.5,1017.6,14.4,0.83
2021,07,29,01,40,250,2.4,4.0,1016.5,14.9,0.78
2021,07,29,04,40,244,2.8,3.7,1016.8,14.7,0.78
2021,07,29,07,40,238,2.2,2.8,1016.4,15.0,0.83
2021,07,29,10,40,221,1.4,2.6,1015.5,14.7,0.87
2021,07,29,13,40,216,2.0,2.6,1015.5,14.2,0.79
2021,07,29,16,40,200,1.7,2.7,1015.7,14.6,0.75
2021,07,29,19,40,203,2.0,2.9,1015.5,15.1,0.79
2021,07,29,22,40,254,1.4,2.4,1014.5,15.0,0.79
2021,07,30,01,40,273,2.0,3.5,1013.4,15.1,0.76
2021,07,30,04,40,292,2.7,3.7,1014.1,14.5,0.81
2021,07,30,07,40,292,2.0,3.0,1013.7,14.6,0.92
2021,07,30,10,40,260,2.3,3.5,1013.1,14.8,0.78
2021,07,30,13,40,206,1.5,2.5,1013.7,14.7,0.91
2021,07,30,16,40,209,2.8,4.0,1015.1,14.4,1.05
2021,07,30,19,40,195,2.8,3.9,1015.4,15.0,1.06
2021,07,30,22,40,218,2.8,4.3,1014.8,15.4,1.00
2021,07,31,01,40,224,3.0,4.0,1014.7,15.0,1.14
2021,07,31,04,40,187,3.0,4.5,1015.6,14.9,1.09
2021,07,31,07,40,189,4.4,6.0,1015.7,14.5,0.91
2021,07,31,10,40,196,4.2,5.2,1015.6,14.7,0.87
2021,07,31,13,40,180,4.4,5.6,1016.5,14.7,0.92
2021,07,31,16,40,176,5.8,7.1,1018.4,14.5,0.89
2021,07,31,19,40,188,5.4,6.5,1018.9,14.6,0.87
2021,07,31,22,40,179,3.9,5.4,1018.5,14.6,0.86
2021,08,01,01,40,206,3.1,4.3,1017.6,14.4,0.83
2021,08,01,04,40,164,3.0,4.2,1018.1,14.3,0.76
2021,08,01,07,40,176,3.6,4.9,1018.2,14.3,0.69
2021,08,01,10,40,200,3.9,6.5,1017.8,14.2,0.74
2021,08,01,13,40,195,2.6,3.9,1018.4,13.9,0.76
2021,08,01,16,40,152,1.2,1.6,1019.4,13.9,0.71
2021,08,01,19,40,167,1.9,2.5,1019.8,14.1,0.69
2021,08,01,22,40,206,2.6,3.3,1019.4,14.8,0.78
2021,08,02,01,40,246,0.3,1.2,1018.6,15.5,0.80
2021,08,02,04,40,255,1.6,2.1,1019.2,15.3,0.82
2021,08,02,07,40,249,2.3,3.0,1019.6,15.1,0.77
2021,08,02,10,40,209,2.2,4.5,1019.1,15.3,0.77
2021,08,02,13,40,223,0.9,1.6,1020.0,15.3,0.82
2021,08,02,16,40,241,1.0,2.5,1020.8,15.5,0.80
2021,08,02,19,40,243,2.9,4.4,1020.6,15.1,0.88
2021,08,02,22,40,284,4.2,4.9,1019.5,15.3,0.92
2021,08,03,01,40,315,7.4,9.1,1018.1,15.1,0.95
2021,08,03,04,40,315,7.1,8.7,1018.4,14.5,1.26
2021,08,03,07,40,296,4.6,7.0,1018.5,14.3,1.16
2021,08,03,10,40,294,4.3,5.6,1018.0,14.5,1.13
2021,08,03,13,40,302,2.4,4.6,1018.4,14.7,1.09
2021,08,03,16,40,286,3.4,4.6,1019.0,14.6,1.25
2021,08,03,19,40,305,4.6,5.7,1018.6,14.6,1.42
2021,08,03,22,40,302,5.0,7.4,1016.7,14.9,1.24
2021,08,04,01,40,306,8.4,10.4,1015.2,14.6,1.34
2021,08,04,04,40,312,7.3,9.3,1015.4,13.8,1.56
2021,08,04,07,40,301,5.7,7.4,1015.6,14.3,1.75
2021,08,04,10,40,314,6.6,8.7,1015.2,14.7,1.84
2021,08,04,13,40,299,5.0,7.2,1015.6,14.6,1.49
2021,08,04,16,40,291,5.8,7.6,1016.7,14.5,1.40
2021,08,04,19,40,304,4.9,6.1,1017.0,14.6,1.30
2021,08,04,22,40,294,6.4,8.4,1016.1,14.7,1.25
2021,08,05,01,40,283,5.1,6.8,1015.4,14.7,1.22
2021,08,05,04,40,284,4.6,5.5,1015.9,14.6,1.10
2021,08,05,07,40,289,5.8,6.9,1016.1,14.8,0.97
2021,08,05,10,40,303,5.6,6.8,1016.1,14.8,1.06
2021,08,05,13,40,268,3.8,4.5,1016.8,14.7,1.02
2021,08,05,16,40,296,7.7,9.3,1017.5,14.7,1.06
2021,08,05,19,40,312,7.5,9.4,1018.6,14.8,1.32
2021,08,05,22,40,316,8.7,11.2,1017.2,15.1,1.41
2021,08,06,01,40,308,7.8,9.8,1015.9,14.9,1.63
2021,08,06,04,40,322,9.7,12.3,1015.9,14.8,2.35
2021,08,06,07,40,316,9.7,12.8,1015.6,14.9,2.31
2021,08,06,10,40,332,7.1,8.7,1015.2,14.6,2.33
2021,08,06,13,40,333,5.4,6.7,1015.6,14.5,1.86
2021,08,06,16,40,338,4.0,5.4,1016.5,14.7,1.72
2021,08,06,19,40,291,5.9,7.3,1016.7,15.0,1.51
2021,08,06,22,40,308,8.5,10.5,1015.0,15.0,1.49
2021,08,07,01,40,309,8.6,10.6,1013.1,14.9,1.58
2021,08,07,04,40,310,8.2,9.7,1013.4,14.6,1.73
2021,08,07,07,40,314,5.1,6.5,1013.2,14.0,1.65
2021,08,07,10,40,306,3.7,5.0,1012.6,14.2,1.51
2021,08,07,13,40,309,2.8,4.1,1012.8,14.4,1.37
2021,08,07,16,40,182,3.5,4.9,1013.4,14.7,1.54
2021,08,07,19,40,165,4.7,6.0,1013.8,14.9,1.43
2021,08,07,22,40,221,4.5,5.5,1013.2,15.1,1.44
2021,08,08,01,40,257,3.1,4.0,1012.2,14.9,1.35
2021,08,08,04,40,205,2.5,3.7,1012.1,14.6,1.28
2021,08,08,07,40,238,2.3,3.2,1012.0,14.5,1.03
2021,08,08,10,40,199,3.2,4.1,1011.5,14.6,1.25
2021,08,08,13,40,167,0.9,2.2,1011.9,14.3,1.50
2021,08,08,16,40,165,4.5,5.6,1012.8,14.3,1.40
2021,08,08,19,40,214,4.1,5.4,1013.7,14.6,1.48
2021,08,08,22,40,240,1.7,3.0,1013.2,15.0,1.36
2021,08,09,01,40,317,3.9,5.4,1012.2,14.6,1.19
2021,08,09,05,40,277,3.7,4.5,1012.3,14.4,1.19
2021,08,09,08,40,248,2.1,2.8,1012.2,14.3,1.65
2021,08,09,11,40,200,3.3,4.3,1012.3,14.1,1.85
2021,08,09,14,40,169,4.6,5.9,1013.3,14.2,1.36
2021,08,09,17,40,178,4.4,5.7,1014.0,14.1,1.28
2021,08,09,21,40,197,3.8,4.8,1013.6,14.4,1.50
2021,08,10,00,40,214,3.5,4.5,1012.7,14.1,1.75
2021,08,10,03,40,206,2.1,3.5,1012.6,14.2,1.41
2021,08,10,06,40,166,3.0,4.7,1013.4,14.1,1.32
2021,08,10,09,40,163,3.2,5.1,1013.7,13.9,1.37
2021,08,10,12,40,175,2.7,4.5,1013.9,14.0,1.32
2021,08,10,15,40,154,2.7,4.8,1015.2,13.9,1.17
2021,08,10,18,40,155,3.4,5.0,1015.1,14.2,1.27
2021,08,10,21,40,199,2.5,4.1,1014.6,14.8,1.35
2021,08,11,00,40,227,2.3,3.5,1014.0,14.7,1.29
2021,08,11,03,40,227,1.9,3.2,1014.3,14.5,1.10
2021,08,11,06,40,224,1.2,1.8,1014.9,14.4,1.11
2021,08,11,09,40,204,1.4,3.0,1014.7,14.5,1.06
2021,08,11,12,40,293,1.6,3.2,1014.8,14.1,1.14
2021,08,11,15,40,291,0.9,2.0,1016.2,14.6,1.00
2021,08,11,18,40,207,2.8,3.9,1017.0,14.9,0.97
2021,08,11,21,40,266,2.4,3.5,1016.5,15.2,0.99
2021,08,12,00,40,260,3.8,5.0,1015.1,15.8,0.98
2021,08,12,03,40,276,2.6,3.6,1015.6,15.5,0.76
2021,08,12,06,40,309,4.2,5.2,1015.5,15.1,0.83
2021,08,12,09,40,297,4.6,6.5,1015.1,15.3,0.83
2021,08,12,12,40,294,3.5,4.5,1015.6,14.9,0.81
2021,08,12,15,40,272,4.3,7.9,1015.9,14.6,0.94
2021,08,12,18,40,285,4.5,6.2,1017.2,14.8,0.90
2021,08,12,21,40,275,5.2,6.0,1016.6,15.3,0.92
2021,08,13,00,40,312,6.4,8.1,1015.3,15.1,0.88
2021,08,13,03,40,307,5.1,6.0,1015.9,15.2,0.94
2021,08,13,06,40,294,5.5,6.9,1016.6,15.3,1.04
2021,08,13,09,40,299,3.3,4.4,1016.7,15.3,1.12
2021,08,13,12,40,292,3.8,5.0,1017.0,15.3,1.06
2021,08,13,15,40,273,3.1,4.0,1018.8,15.4,1.14
2021,08,13,18,40,273,3.5,4.4,1019.8,15.5,1.24
2021,08,13,21,40,305,5.5,6.8,1019.0,15.7,1.17
2021,08,14,00,40,291,7.1,9.1,1018.6,15.4,1.50
2021,08,14,03,40,298,3.5,6.1,1018.5,15.6,1.31
2021,08,14,06,40,306,4.5,5.9,1018.9,15.5,1.38
2021,08,14,09,40,303,5.9,7.2,1018.8,15.3,1.47
2021,08,14,12,40,312,5.7,7.7,1018.2,15.2,1.51
2021,08,14,15,40,317,4.1,5.7,1019.0,15.2,1.50
2021,08,14,18,40,287,4.2,5.5,1019.9,15.3,1.35
2021,08,14,21,40,292,3.4,4.6,1019.5,15.4,1.34
2021,08,15,00,40,295,4.1,5.6,1018.3,15.5,1.30
2021,08,15,03,40,282,4.7,5.9,1018.1,15.5,1.31
2021,08,15,06,40,284,3.6,4.5,1017.8,15.6,1.46
2021,08,15,09,40,297,3.1,4.5,1016.9,15.5,1.36
2021,08,15,12,40,290,3.2,4.3,1016.6,15.3,1.21
2021,08,15,15,40,293,3.3,4.3,1016.8,15.4,1.29
2021,08,15,18,40,298,5.1,6.8,1016.9,15.7,1.27
2021,08,15,21,40,305,7.9,9.5,1015.2,15.5,1.30
2021,08,16,00,40,305,7.5,9.7,1013.4,15.1,1.81
2021,08,16,03,40,293,7.3,9.3,1012.5,15.1,2.11
2021,08,16,07,40,310,6.5,8.5,1012.6,15.2,2.09
2021,08,16,10,40,314,9.1,11.1,1011.5,15.1,2.17
2021,08,16,13,40,309,9.5,11.9,1011.1,14.9,2.42
2021,08,16,16,40,315,9.4,11.7,1011.7,14.9,2.47
2021,08,16,19,40,318,8.6,11.2,1010.9,14.9,2.46
2021,08,16,22,40,312,10.2,13.0,1009.8,15.1,2.61
2021,08,17,01,40,309,10.4,13.2,1008.7,15.0,2.37
2021,08,17,04,40,299,11.8,14.9,1009.0,15.2,2.61
2021,08,17,07,40,300,8.2,10.8,1009.4,14.6,1.85
2021,08,17,10,40,298,7.1,9.1,1009.3,14.2,2.31
2021,08,17,13,40,308,10.3,13.6,1009.1,14.2,2.42
2021,08,17,16,40,316,7.6,10.0,1010.6,14.3,2.47
2021,08,17,19,40,290,5.0,6.4,1010.6,14.6,1.89
2021,08,17,22,40,297,6.1,8.0,1009.3,14.9,2.24
2021,08,18,01,40,295,7.5,9.6,1007.5,14.8,2.72
2021,08,18,04,40,306,3.4,5.5,1008.1,14.7,3.11
2021,08,18,07,40,4,0.2,1.3,1008.6,14.5,2.71
2021,08,18,10,40,159,1.7,3.5,1009.2,14.6,2.91
2021,08,18,13,40,158,5.5,7.6,1010.1,14.7,2.50
2021,08,18,16,40,158,7.5,9.7,1011.6,14.7,2.14
2021,08,18,19,40,177,5.0,6.8,1012.5,14.7,2.41
2021,08,18,22,40,183,4.8,6.5,1012.0,14.7,2.42
2021,08,19,01,40,75,0.1,1.2,1012.0,14.9,2.33
2021,08,19,04,40,141,2.9,4.6,1012.7,14.8,2.16
2021,08,19,07,40,244,0.9,1.7,1013.0,14.7,2.08
2021,08,19,10,40,246,1.2,2.2,1013.7,14.7,2.12
2021,08,19,13,40,158,3.0,5.0,1014.2,14.7,2.26
2021,08,19,16,40,134,2.8,4.6,1015.3,14.8,2.00
2021,08,19,19,40,225,1.7,2.5,1015.6,15.2,2.16
2021,08,19,22,40,269,1.7,2.9,1014.1,15.4,2.14
2021,08,20,01,40,243,3.1,4.5,1012.6,15.4,1.84
2021,08,20,04,40,176,2.5,3.9,1012.1,15.0,1.48
2021,08,20,07,40,190,2.5,4.0,1011.9,14.9,1.52
2021,08,20,10,40,151,3.9,5.6,1011.0,14.7,1.92
2021,08,20,13,40,156,4.2,5.8,1011.2,14.7,1.82
2021,08,20,16,40,164,4.7,6.6,1012.0,14.6,2.05
2021,08,20,19,40,172,3.5,5.0,1012.0,14.7,1.99
2021,08,20,22,40,228,1.4,2.2,1011.0,14.8,2.14
2021,08,21,01,40,214,2.1,3.7,1009.9,14.6,1.80
2021,08,21,04,40,208,3.1,3.9,1009.9,14.5,1.71
2021,08,21,07,40,207,3.9,5.3,1009.9,14.6,1.61
2021,08,21,10,40,196,3.6,4.7,1009.1,14.6,1.60
2021,08,21,13,40,248,4.1,5.3,1009.1,14.6,1.62
2021,08,21,16,40,219,4.4,5.5,1009.8,14.8,1.45
2021,08,21,19,40,201,4.7,5.7,1010.5,14.6,1.53
2021,08,21,22,40,305,1.9,2.7,1010.6,14.6,1.42
2021,08,22,01,40,240,3.2,4.9,1009.9,14.9,1.36
2021,08,22,04,40,303,3.1,4.2,1010.6,14.7,1.40
2021,08,22,07,40,272,1.7,3.2,1010.5,14.6,1.34
2021,08,22,10,40,165,2.2,3.4,1010.3,14.6,1.20
2021,08,22,13,40,171,1.6,2.4,1010.4,14.6,1.23
2021,08,22,16,40,151,3.5,4.6,1011.2,14.7,1.33
2021,08,22,19,40,174,3.3,4.2,1011.7,14.9,1.20
2021,08,22,22,40,196,3.1,3.8,1010.9,15.1,1.28
2021,08,23,01,40,176,2.2,3.7,1010.2,14.9,1.18
2021,08,23,05,40,245,1.6,2.7,1011.0,15.0,1.19
2021,08,23,08,40,241,2.6,3.9,1010.7,15.0,1.12
2021,08,23,11,40,201,3.0,4.9,1010.6,15.0,1.17
2021,08,23,14,40,170,2.7,4.8,1011.4,14.9,1.25
2021,08,23,17,40,183,4.0,5.6,1012.5,14.9,1.39
2021,08,23,20,40,243,2.9,3.8,1012.9,15.0,1.35
2021,08,23,23,40,227,3.3,4.3,1012.3,14.8,1.18
2021,08,24,02,40,246,3.6,4.6,1011.9,14.8,1.37
2021,08,24,05,40,230,1.9,3.4,1012.6,14.9,1.52
2021,08,24,08,40,206,3.8,5.5,1013.1,14.8,1.28
2021,08,24,11,40,170,3.9,5.2,1013.2,14.6,1.12
2021,08,24,14,40,177,4.0,5.5,1014.1,14.6,1.18
2021,08,24,17,40,158,3.8,5.8,1015.5,14.6,1.23
2021,08,24,20,40,178,3.7,5.4,1015.1,14.7,1.23
2021,08,24,23,40,184,3.3,4.4,1014.2,15.1,1.09
2021,08,25,02,40,221,1.7,3.0,1014.0,15.1,1.15
2021,08,25,05,40,321,1.8,3.3,1015.4,14.8,1.25
2021,08,25,08,40,272,2.2,3.7,1015.6,14.7,0.97
2021,08,25,11,40,167,1.5,2.9,1015.8,14.9,1.06
2021,08,25,14,40,126,1.3,2.7,1016.5,15.1,1.00
2021,08,25,18,40,170,1.5,2.4,1017.8,15.3,1.20
2021,08,25,21,40,294,1.4,2.6,1017.1,15.8,1.07
2021,08,26,00,40,295,6.2,7.4,1016.1,15.9,0.91
2021,08,26,03,40,309,6.6,8.6,1016.0,15.3,1.09
2021,08,26,06,40,311,5.5,6.7,1016.2,15.0,1.19
2021,08,26,09,40,309,4.4,5.5,1015.7,14.8,1.18
2021,08,26,12,40,325,6.8,8.5,1015.5,15.1,1.46
2021,08,26,15,40,322,6.2,7.7,1016.1,15.2,1.70
2021,08,26,18,40,350,3.1,4.2,1016.5,15.3,1.45
2021,08,26,21,40,309,7.8,9.7,1015.0,15.5,1.56
2021,08,27,00,40,313,8.4,10.7,1013.1,15.4,1.41
2021,08,27,03,40,306,7.2,8.6,1011.8,15.2,1.57
2021,08,27,06,40,320,6.8,8.3,1011.1,15.1,1.73
2021,08,27,09,40,319,4.4,5.6,1010.4,15.0,1.78
2021,08,27,12,40,330,2.6,3.5,1009.5,14.9,1.48
2021,08,27,15,40,3,2.3,3.3,1010.2,14.9,1.59
2021,08,27,18,40,316,6.4,7.7,1010.1,15.3,1.52
2021,08,27,21,40,305,7.6,9.4,1008.8,15.4,1.70
2021,08,28,00,40,303,7.2,8.9,1007.1,15.4,1.99
2021,08,28,03,40,300,4.9,6.5,1006.5,15.2,1.81
2021,08,28,06,40,328,2.3,3.7,1006.8,15.2,1.86
2021,08,28,09,40,309,3.2,4.6,1006.1,15.0,1.72
2021,08,28,12,40,311,2.7,3.9,1006.3,15.3,2.04
2021,08,28,15,40,209,0.1,0.8,1007.7,15.2,1.80
2021,08,28,18,40,204,1.8,2.5,1008.3,15.3,1.82
2021,08,28,21,40,157,1.4,3.0,1008.4,16.8,1.78
2021,08,29,00,40,194,1.9,2.9,1007.8,16.3,1.78
2021,08,29,03,40,165,2.5,3.9,1008.1,16.0,1.46
2021,08,29,06,40,198,1.7,2.4,1009.1,16.2,1.42
2021,08,29,09,40,163,5.1,6.6,1009.5,15.8,1.45
2021,08,29,12,40,171,2.3,3.9,1009.7,15.6,1.49
2021,08,29,15,40,172,1.5,2.8,1010.9,15.4,1.37
2021,08,29,18,40,189,2.5,3.7,1011.4,15.5,1.31
2021,08,29,21,40,263,3.3,4.9,1010.6,15.8,1.37
2021,08,30,00,40,301,3.6,5.4,1009.3,15.8,1.18
2021,08,30,03,40,310,4.6,6.1,1009.7,15.7,1.32
2021,08,30,06,40,298,3.1,5.0,1010.2,15.5,1.34
2021,08,30,10,40,290,4.3,6.1,1009.4,15.5,1.71
2021,08,30,13,40,270,3.6,5.7,1009.5,15.4,1.60
2021,08,30,16,40,307,2.5,4.3,1009.3,15.5,1.52
2021,08,30,19,40,308,5.8,7.7,1009.4,15.5,1.72
2021,08,30,23,40,294,6.1,7.5,1007.7,15.7,1.84
2021,08,31,02,40,295,5.9,7.4,1006.6,15.7,1.71
2021,08,31,05,40,294,2.9,4.0,1006.8,15.6,1.90
2021,08,31,08,40,314,5.3,7.0,1006.5,15.6,2.16
2021,08,31,11,40,304,3.9,5.2,1006.6,15.5,2.28
2021,08,31,14,40,311,5.4,7.2,1007.4,15.5,2.30
2021,08,31,17,40,261,2.9,4.4,1008.7,15.6,2.28
2021,08,31,20,40,256,2.9,4.8,1008.7,15.7,1.81
2021,08,31,23,40,281,4.1,5.3,1007.7,16.0,1.77
2021,09,01,02,40,271,5.0,6.5,1007.7,15.9,1.92
2021,09,01,05,40,273,4.7,6.0,1008.2,15.8,1.80
2021,09,01,08,40,289,4.1,6.4,1008.2,15.8,2.05
2021,09,01,11,40,288,4.1,6.4,1008.7,15.7,1.97
2021,09,01,14,40,251,2.8,4.8,1010.0,15.8,2.00
2021,09,01,17,40,214,4.8,6.2,1011.7,15.8,1.69
2021,09,01,20,40,217,4.7,5.6,1012.0,15.8,1.76
2021,09,01,23,40,226,5.4,6.5,1011.6,15.7,1.67
2021,09,02,02,40,225,5.1,7.2,1011.5,15.5,1.71
2021,09,02,05,40,200,3.5,5.8,1012.2,15.4,1.51
2021,09,02,08,40,209,3.2,4.7,1012.8,15.3,1.38
2021,09,02,11,40,201,2.6,3.5,1013.1,15.3,1.31
2021,09,02,14,40,198,2.2,3.1,1014.2,15.2,1.30
2021,09,02,17,40,234,1.6,2.3,1015.3,15.3,1.30
2021,09,02,20,40,200,1.9,3.2,1015.3,15.5,1.38
2021,09,02,23,40,280,2.6,3.6,1014.6,15.9,1.39
2021,09,03,02,40,252,1.9,3.0,1014.5,15.8,1.42
2021,09,03,05,40,294,1.3,3.3,1015.1,15.6,1.18
2021,09,03,08,40,241,1.7,3.1,1015.3,15.6,1.08
2021,09,03,11,40,274,1.6,2.9,1014.9,15.6,1.11
2021,09,03,14,40,102,1.5,2.5,1015.6,15.5,1.09
2021,09,03,17,40,184,0.7,1.5,1016.4,15.4,1.22
2021,09,03,20,40,269,2.2,2.9,1016.0,15.5,1.04
2021,09,03,23,40,269,2.5,3.7,1015.2,15.7,1.10
2021,09,04,02,40,283,2.2,4.7,1014.6,15.7,1.16
2021,09,04,05,40,272,1.5,3.8,1015.1,15.6,0.97
2021,09,04,08,40,337,1.4,3.8,1015.0,15.5,0.80
2021,09,04,11,40,297,2.4,3.4,1014.7,15.4,0.72
2021,09,04,14,40,331,2.4,4.2,1015.7,15.4,0.84
2021,09,04,17,40,301,1.9,3.7,1016.4,15.4,0.88
2021,09,04,20,40,286,1.8,3.1,1016.0,15.5,0.79
2021,09,04,23,40,300,4.7,6.4,1014.7,15.6,0.73
2021,09,05,02,40,317,5.7,7.2,1014.0,15.5,0.80
2021,09,05,05,40,303,3.2,4.3,1014.7,15.3,0.82
2021,09,05,08,40,235,1.2,3.4,1014.7,15.2,0.73
2021,09,05,11,40,345,1.2,2.2,1014.2,15.0,0.76
2021,09,05,14,40,356,0.5,1.5,1015.4,14.8,0.78
2021,09,05,17,40,260,1.0,2.4,1016.5,14.8,0.92
2021,09,05,20,40,306,1.7,3.3,1015.6,15.3,0.90
2021,09,05,23,40,312,4.3,5.7,1014.3,15.4,0.90
2021,09,06,02,40,315,6.6,8.1,1013.2,15.2,1.00
2021,09,06,05,40,323,4.9,6.4,1014.1,15.0,1.13
2021,09,06,08,40,290,2.8,4.3,1014.5,14.9,1.00
2021,09,06,11,40,262,1.3,2.1,1014.8,14.6,1.07
2021,09,06,14,40,234,1.1,1.5,1015.6,14.6,1.10
2021,09,06,17,40,300,1.6,2.9,1016.1,15.0,1.46
2021,09,06,20,40,280,3.5,4.5,1015.4,15.5,1.35
2021,09,06,23,40,310,5.6,6.8,1014.2,15.5,1.44
2021,09,07,02,40,302,5.3,6.6,1013.5,15.5,1.52
2021,09,07,05,40,305,3.9,5.1,1014.5,15.3,1.38
2021,09,07,08,40,315,5.0,6.4,1015.3,15.2,1.32
2021,09,07,11,40,324,5.1,6.8,1014.5,15.2,1.29
2021,09,07,14,40,322,4.3,6.1,1015.1,15.1,1.40
2021,09,07,17,40,307,3.5,4.7,1016.5,15.2,1.45
2021,09,07,20,40,315,4.8,6.3,1015.9,15.3,1.35
2021,09,07,23,40,311,6.3,8.1,1014.9,15.4,1.34
2021,09,08,02,40,316,7.3,9.2,1013.3,15.3,1.46
2021,09,08,05,40,320,4.3,5.8,1014.0,15.1,1.72
2021,09,08,09,40,312,5.6,7.5,1013.1,15.0,1.52
2021,09,08,12,40,312,7.2,8.7,1013.0,14.8,1.44
2021,09,08,15,40,314,9.4,11.7,1014.0,14.8,1.71
2021,09,08,18,40,319,8.8,11.3,1014.0,14.7,1.72
2021,09,08,22,40,310,9.5,12.1,1012.6,14.7,1.79
2021,09,09,01,40,310,9.4,10.8,1011.4,14.7,1.79
2021,09,09,04,40,300,5.6,6.9,1011.3,14.7,1.82
2021,09,09,07,40,312,4.9,6.6,1011.5,14.5,1.55
2021,09,09,10,40,307,6.0,7.4,1011.2,14.4,1.36
2021,09,09,13,40,293,5.5,6.7,1012.1,14.5,1.43
2021,09,09,16,40,303,5.2,7.7,1012.7,14.7,1.60
2021,09,09,19,40,283,6.4,8.2,1012.9,14.8,1.60
2021,09,09,22,40,301,6.4,8.0,1011.6,14.9,1.54
2021,09,10,01,40,302,6.0,7.7,1011.5,15.2,1.49
2021,09,10,04,40,298,5.9,7.4,1012.0,15.3,1.56
2021,09,10,07,40,276,5.1,6.4,1012.7,15.0,1.50
2021,09,10,10,40,314,6.6,8.5,1012.9,14.8,1.46
2021,09,10,13,40,313,6.5,8.1,1015.0,15.0,1.53
2021,09,10,17,40,293,5.7,7.1,1017.0,15.0,1.38
2021,09,10,20,40,306,4.8,6.1,1017.1,15.2,1.28
2021,09,10,23,40,310,7.0,8.5,1016.5,15.3,1.16
2021,09,11,02,40,304,4.6,6.0,1016.4,15.0,1.23
2021,09,11,05,40,307,5.9,7.2,1016.9,14.9,1.37
2021,09,11,08,40,310,6.5,8.4,1016.5,14.8,1.45
2021,09,11,11,40,297,4.1,5.2,1016.5,14.8,1.46
2021,09,11,14,40,313,2.2,3.1,1017.1,14.8,1.45
2021,09,11,17,40,261,2.5,3.9,1018.5,14.9,1.37
2021,09,11,20,40,294,5.9,7.4,1017.8,15.0,1.30
2021,09,11,23,40,310,6.9,9.0,1016.6,14.9,1.41
2021,09,12,02,40,310,8.0,10.0,1015.6,14.8,1.34
2021,09,12,05,40,312,5.0,5.9,1015.6,14.8,1.45
2021,09,12,08,40,288,2.4,3.4,1015.3,14.8,1.27
2021,09,12,11,40,260,1.3,2.5,1015.0,14.9,1.32
2021,09,12,14,40,234,2.2,3.4,1015.6,14.8,1.48
2021,09,12,17,40,205,0.6,1.5,1016.1,14.8,1.73
2021,09,12,20,40,316,1.7,3.5,1015.8,15.1,1.82
2021,09,12,23,40,310,7.6,9.2,1014.8,14.9,1.99
2021,09,13,02,40,306,6.1,7.9,1013.6,14.8,1.93
2021,09,13,05,40,327,5.3,7.3,1013.9,14.8,2.01
2021,09,13,08,40,322,7.0,9.0,1014.0,14.7,2.12
2021,09,13,11,40,319,6.3,8.5,1013.1,14.7,2.53
2021,09,13,14,40,320,7.9,10.0,1013.6,14.6,2.70
2021,09,13,17,40,320,6.5,8.4,1014.0,14.7,2.63
2021,09,13,20,40,309,5.4,6.8,1013.2,14.9,2.53
2021,09,13,23,40,313,7.5,9.2,1012.0,15.0,2.52
2021,09,14,02,40,311,6.6,8.0,1011.4,14.9,2.56
2021,09,14,05,40,299,4.4,5.7,1012.2,14.8,2.26
2021,09,14,08,40,281,2.2,3.3,1011.9,14.8,2.29
2021,09,14,11,40,198,2.0,3.0,1011.4,14.9,2.22
2021,09,14,14,40,172,3.6,5.1,1012.4,14.9,2.39
2021,09,14,17,40,168,4.2,5.9,1014.0,14.9,2.09
2021,09,14,20,40,172,5.0,7.6,1013.9,14.9,1.89
2021,09,14,23,40,205,3.9,5.4,1013.2,14.9,1.68
2021,09,15,02,40,187,3.1,5.2,1013.0,14.9,1.49
2021,09,15,05,40,185,3.7,5.2,1013.8,14.9,1.59
2021,09,15,08,40,203,3.4,5.4,1013.9,14.9,1.48
2021,09,15,11,40,201,3.6,5.0,1013.4,14.8,1.38
2021,09,15,14,40,201,3.1,4.2,1013.8,14.7,1.37
2021,09,15,17,40,179,4.4,6.1,1014.9,15.0,1.25
2021,09,15,20,40,198,4.6,6.0,1014.2,14.9,1.35
2021,09,15,23,40,228,4.6,6.0,1013.1,15.0,1.36
2021,09,16,02,40,216,3.9,5.2,1012.3,14.9,1.33
2021,09,16,05,40,252,3.6,4.7,1012.7,15.0,1.31
2021,09,16,08,40,202,3.2,4.8,1012.1,15.0,1.19
2021,09,16,11,40,190,3.3,5.0,1011.0,15.0,1.47
2021,09,16,14,40,229,2.1,3.0,1011.6,15.0,1.70
2021,09,16,17,40,234,1.6,3.5,1012.2,15.0,1.96
2021,09,16,20,40,215,3.4,4.8,1012.5,15.0,1.83
2021,09,16,23,40,211,3.3,4.2,1011.6,15.1,1.79
2021,09,17,02,40,270,3.1,5.2,1011.8,15.0,1.86
2021,09,17,05,40,298,3.5,4.9,1012.5,14.9,1.77
2021,09,17,08,40,271,3.2,5.4,1013.0,14.9,1.66
2021,09,17,11,40,221,3.2,4.7,1012.7,14.9,1.79
2021,09,17,14,40,175,3.2,5.1,1014.1,14.8,1.79
2021,09,17,17,40,185,4.9,6.8,1015.5,14.7,1.56
2021,09,17,20,40,187,4.4,5.8,1016.2,14.7,1.51
2021,09,17,23,40,202,5.6,7.3,1015.9,15.0,1.15
2021,09,18,02,40,228,3.5,4.7,1016.0,14.8,1.35
2021,09,18,05,40,245,2.8,4.2,1017.0,14.7,1.28
2021,09,18,08,40,200,2.6,3.4,1017.3,14.6,1.10
2021,09,18,11,40,192,2.6,3.4,1017.1,14.7,0.96
2021,09,18,14,40,172,5.1,6.5,1018.1,14.6,0.94
2021,09,18,17,40,178,6.6,8.0,1019.3,14.6,1.04
2021,09,18,20,40,183,5.9,7.2,1019.4,14.1,1.04
2021,09,18,23,40,197,3.8,4.5,1018.4,14.1,0.93
2021,09,19,02,40,187,3.3,4.0,1017.7,14.1,0.84
2021,09,19,05,40,170,4.4,5.6,1017.9,13.6,0.83
2021,09,19,08,40,292,3.6,4.4,1018.4,14.0,0.88
2021,09,19,11,40,318,2.8,3.7,1018.9,14.1,1.16
2021,09,19,14,40,277,1.9,2.5,1020.0,14.0,1.15
2021,09,19,17,40,293,5.8,7.2,1020.8,14.2,1.38
2021,09,19,21,40,307,6.9,8.5,1019.4,14.4,1.77
2021,09,20,00,40,322,9.8,12.2,1018.3,14.3,1.85
2021,09,20,03,40,324,7.7,10.1,1017.6,14.2,1.85
2021,09,20,06,40,335,5.4,6.8,1017.2,14.1,2.26
2021,09,20,09,40,325,4.1,5.6,1016.1,14.3,1.95
2021,09,20,12,40,337,2.4,4.0,1015.3,14.2,2.11
2021,09,20,15,40,335,1.1,2.2,1016.1,14.3,2.48
2021,09,20,18,40,300,1.9,3.7,1015.9,14.4,2.38
2021,09,20,21,40,322,3.7,5.0,1014.9,15.0,2.56
2021,09,21,00,40,341,4.9,6.2,1013.8,15.2,2.36
2021,09,21,03,40,348,5.8,6.8,1014.4,15.0,2.02
2021,09,21,06,40,86,1.5,2.8,1014.8,14.8,2.02
2021,09,21,09,40,73,3.8,5.0,1014.8,14.7,1.85
2021,09,21,12,40,100,5.7,7.4,1015.6,14.6,1.79
2021,09,21,15,40,94,4.8,6.9,1017.4,14.5,1.95
2021,09,21,18,40,116,3.1,4.8,1019.1,14.7,1.84
2021,09,21,21,40,166,2.8,4.0,1018.4,15.1,1.59
2021,09,22,00,40,161,1.7,2.7,1018.4,14.9,1.49
2021,09,22,03,40,136,2.4,3.3,1019.0,15.2,1.52
2021,09,22,06,40,146,3.4,4.6,1020.0,14.8,1.35
2021,09,22,09,40,171,3.4,4.4,1019.8,14.7,1.29
2021,09,22,12,40,244,2.6,3.8,1019.9,14.7,1.24
2021,09,22,15,40,278,0.6,1.7,1021.1,14.6,1.35
2021,09,22,18,40,248,1.9,2.9,1021.0,14.5,1.20
2021,09,22,21,40,266,2.4,3.8,1019.8,14.7,1.27
2021,09,23,00,40,313,3.8,5.3,1018.3,14.9,1.28
2021,09,23,03,40,300,4.6,6.3,1017.4,15.0,1.63
2021,09,23,06,40,274,3.6,5.0,1016.6,15.1,1.66
2021,09,23,09,40,164,0.6,2.2,1015.8,14.8,1.96
2021,09,23,12,40,124,2.6,4.6,1014.7,14.8,2.14
2021,09,23,15,40,104,1.6,3.2,1015.6,14.7,2.04
2021,09,23,18,40,334,2.2,3.7,1015.2,14.9,1.85
2021,09,23,21,40,307,5.9,7.8,1013.2,15.0,1.91
2021,09,24,00,40,314,7.6,9.4,1012.3,14.6,2.07
2021,09,24,03,40,304,4.3,5.9,1012.4,14.5,1.95
2021,09,24,06,40,158,1.3,2.2,1012.6,14.5,1.78
2021,09,24,09,40,157,2.9,4.0,1013.2,14.4,1.61
2021,09,24,12,40,173,2.2,3.4,1013.4,14.5,1.65
2021,09,24,16,40,158,2.6,4.3,1014.9,15.0,1.52
2021,09,24,19,40,188,3.7,5.0,1014.8,15.2,1.47
2021,09,24,22,40,199,1.0,1.8,1013.6,15.2,1.49
2021,09,25,01,40,258,2.8,5.0,1014.0,15.2,1.34
2021,09,25,04,40,225,2.1,3.3,1014.9,15.2,1.27
2021,09,25,07,40,182,4.8,6.6,1016.0,15.1,1.21
2021,09,25,10,40,197,2.2,3.2,1015.9,15.0,1.16
2021,09,25,13,40,179,1.1,1.9,1016.0,15.1,1.07
2021,09,25,16,40,212,2.2,3.7,1017.1,14.9,1.10
2021,09,25,19,40,310,2.2,3.2,1017.0,15.2,1.19
2021,09,25,22,40,295,3.3,4.6,1015.8,15.2,1.48
2021,09,26,01,40,278,3.0,4.1,1015.5,15.3,1.33
2021,09,26,04,40,277,4.2,6.3,1016.6,15.3,1.38
2021,09,26,07,40,295,2.6,4.0,1016.8,15.0,1.50
2021,09,26,10,40,298,3.5,4.8,1016.5,15.0,1.51
2021,09,26,13,40,314,5.2,7.6,1016.9,15.0,1.52
2021,09,26,16,40,305,4.8,6.5,1018.1,14.9,1.62
2021,09,26,19,40,299,4.9,6.5,1018.6,15.0,1.85
2021,09,26,22,40,311,5.0,7.4,1017.7,15.1,1.58
2021,09,27,01,40,299,4.9,6.7,1017.5,15.1,1.56
2021,09,27,04,40,295,5.1,6.8,1018.1,15.0,1.38
2021,09,27,07,40,277,4.6,5.6,1018.3,15.1,1.48
2021,09,27,10,40,262,2.9,3.7,1017.7,15.1,1.44
2021,09,27,13,40,254,2.1,2.9,1018.1,15.0,1.33
2021,09,27,16,40,249,1.2,1.9,1019.1,15.2,1.15
2021,09,27,19,40,210,1.3,1.9,1019.3,15.2,1.12
2021,09,27,22,40,235,3.7,4.9,1017.7,15.5,1.40
2021,09,28,01,40,327,6.2,8.2,1017.1,15.4,1.19
2021,09,28,04,40,312,8.8,11.1,1018.8,15.2,1.53
2021,09,28,07,40,319,7.6,9.5,1019.7,15.1,2.83
2021,09,28,10,40,313,8.1,10.7,1019.5,15.0,2.87
2021,09,28,13,40,321,8.5,10.6,1019.1,14.9,3.22
2021,09,28,16,40,330,8.6,11.2,1019.5,14.9,2.87
2021,09,28,19,40,327,8.8,11.7,1018.6,15.0,3.20
2021,09,28,22,40,325,11.0,13.8,1017.0,15.0,3.50
2021,09,29,01,40,324,12.1,15.5,1015.9,14.9,3.91
2021,09,29,04,40,318,11.9,15.6,1015.9,14.8,3.42
2021,09,29,07,40,322,10.3,13.1,1016.5,14.9,3.41
2021,09,29,10,40,328,9.9,12.5,1016.1,14.7,3.20
2021,09,29,13,40,333,8.3,10.5,1016.7,14.5,2.65
2021,09,29,16,40,344,5.7,7.5,1017.8,14.4,2.54
2021,09,29,19,40,315,6.2,7.7,1017.5,14.6,2.33
2021,09,29,22,40,327,7.5,9.6,1016.5,14.7,2.01
2021,09,30,01,40,324,9.4,12.0,1015.8,14.7,2.41
2021,09,30,05,40,331,5.7,7.2,1016.3,14.6,2.20
2021,09,30,08,40,344,3.7,4.8,1016.4,14.5,1.99
2021,09,30,11,40,8,1.5,2.2,1016.3,14.3,1.77
2021,09,30,14,40,323,0.2,0.9,1017.0,14.1,1.66
2021,09,30,17,40,310,1.6,2.9,1017.8,14.2,1.60
2021,09,30,20,40,306,4.9,6.1,1016.7,14.9,1.63
2021,09,30,23,40,302,6.8,8.2,1015.2,15.1,1.63
2021,10,01,02,40,307,6.0,8.0,1014.8,14.9,1.72
2021,10,01,05,40,295,2.9,4.1,1015.5,14.8,1.61
2021,10,01,08,40,301,0.2,0.8,1014.8,14.7,1.77
2021,10,01,11,40,72,3.0,4.3,1014.5,14.5,2.11
2021,10,01,14,40,190,0.2,0.9,1015.6,14.5,2.21
2021,10,01,17,40,327,1.8,3.3,1016.3,14.8,2.25
2021,10,01,20,40,284,3.6,5.0,1015.9,15.5,2.22
2021,10,01,23,40,319,5.8,7.9,1014.8,15.1,2.33
2021,10,02,02,40,325,7.2,9.0,1014.6,15.0,2.41
2021,10,02,05,40,321,6.0,7.5,1015.8,14.8,2.12
2021,10,02,08,40,313,3.2,4.5,1016.5,14.7,2.43
2021,10,02,11,40,301,1.7,2.8,1015.6,14.7,2.45
2021,10,02,14,40,192,1.5,2.6,1016.6,14.7,2.49
2021,10,02,18,40,356,1.4,2.7,1017.3,14.9,2.44
2021,10,02,21,40,301,5.8,7.1,1015.8,15.5,2.33
2021,10,03,00,40,285,4.3,5.8,1015.0,15.1,2.33
2021,10,03,03,40,311,3.4,4.9,1015.2,14.9,2.16
2021,10,03,06,40,311,3.5,4.8,1016.0,14.9,1.99
2021,10,03,09,40,313,1.9,3.0,1015.8,14.9,1.77
2021,10,03,12,40,297,1.7,2.8,1015.1,14.9,1.78
2021,10,03,15,40,353,0.2,0.9,1015.7,14.9,1.94
2021,10,03,18,40,295,2.7,3.8,1015.9,15.0,1.75
2021,10,03,21,40,294,3.8,4.8,1014.3,15.1,1.54
2021,10,04,00,40,298,3.6,4.9,1013.4,15.7,1.68
2021,10,04,03,40,289,4.2,5.4,1013.1,15.4,1.86
2021,10,04,06,40,311,1.4,2.6,1013.6,15.1,1.68
2021,10,04,09,40,315,3.6,5.0,1013.4,15.0,1.50
2021,10,04,12,40,317,4.0,5.0,1013.0,14.9,1.56
2021,10,04,15,40,327,3.4,4.5,1013.3,14.8,1.57
2021,10,04,18,40,303,2.1,3.3,1014.3,14.9,1.77
2021,10,04,21,40,298,3.3,5.6,1013.2,15.0,1.61
2021,10,05,00,40,279,2.0,3.2,1012.5,15.2,1.37
2021,10,05,03,40,293,2.2,3.7,1013.1,15.2,1.42
2021,10,05,06,40,217,1.6,3.1,1014.0,15.1,1.43
2021,10,05,09,40,177,3.1,5.4,1014.5,15.2,1.45
2021,10,05,12,40,221,2.0,4.2,1014.5,15.1,1.40
2021,10,05,15,40,237,2.7,4.7,1016.2,15.0,1.39
2021,10,05,18,40,267,1.2,3.0,1016.2,15.1,1.39
2021,10,05,21,40,294,2.9,4.1,1015.7,15.3,1.16
2021,10,06,00,40,307,5.4,6.7,1015.4,15.3,1.08
2021,10,06,03,40,322,7.0,8.8,1015.6,15.1,1.41
2021,10,06,06,40,304,7.3,9.5,1016.6,14.9,1.61
2021,10,06,09,40,318,5.4,7.2,1016.9,14.8,1.28
2021,10,06,12,40,316,5.4,6.9,1016.6,14.9,1.16
2021,10,06,16,40,310,6.6,8.1,1017.5,15.0,1.81
2021,10,06,19,40,310,7.3,9.5,1017.5,14.9,1.97
2021,10,06,22,40,306,7.4,9.1,1016.7,15.0,1.92
2021,10,07,01,40,307,7.3,9.0,1016.0,14.8,1.93
2021,10,07,04,40,303,7.9,9.6,1016.2,14.7,2.26
2021,10,07,07,40,315,7.9,10.0,1015.6,14.6,2.50
2021,10,07,10,40,316,7.7,9.5,1015.3,14.5,2.44
2021,10,07,13,40,308,7.6,9.5,1016.0,14.4,2.10
2021,10,07,16,40,316,7.0,8.6,1016.7,14.4,2.13
2021,10,07,19,40,302,7.6,9.2,1017.1,14.5,2.02
2021,10,07,22,40,306,7.3,8.9,1016.5,14.5,2.25
2021,10,08,01,40,302,6.4,8.1,1016.5,14.4,2.08
2021,10,08,04,40,308,7.7,9.3,1017.0,14.4,1.91
2021,10,08,07,40,302,8.5,10.7,1016.8,14.3,2.07
2021,10,08,10,40,303,9.4,11.5,1017.3,14.2,2.33
2021,10,08,13,40,310,9.7,11.8,1018.1,13.9,2.40
2021,10,08,16,40,302,9.1,11.0,1019.2,13.8,2.00
2021,10,08,19,40,287,8.1,10.2,1020.4,13.9,1.83
2021,10,08,22,40,271,7.3,8.8,1020.8,14.0,1.60
2021,10,09,01,40,271,4.1,5.4,1020.7,13.9,1.48
2021,10,09,04,40,270,2.3,3.5,1021.0,13.9,1.26
2021,10,09,07,40,158,0.7,1.2,1021.4,13.9,0.99
2021,10,09,10,40,93,1.8,2.4,1021.4,13.9,0.90
2021,10,09,13,40,126,3.4,4.4,1021.7,14.0,0.95
2021,10,09,16,40,88,3.2,4.0,1022.9,14.1,0.69
2021,10,09,19,40,291,1.0,1.4,1023.3,14.6,0.84
2021,10,09,22,40,317,7.2,8.6,1022.1,15.0,0.84
2021,10,10,01,40,322,8.5,10.8,1021.4,14.3,1.16
2021,10,10,05,40,325,6.5,8.0,1021.7,14.1,1.24
2021,10,10,08,40,341,6.3,8.2,1021.3,14.0,1.69
2021,10,10,11,40,328,4.2,5.9,1020.5,14.0,1.72
2021,10,10,14,40,320,3.8,5.1,1020.5,14.1,1.74
2021,10,10,17,40,282,2.8,4.4,1021.0,14.2,1.75
2021,10,10,20,40,326,4.0,5.3,1019.6,14.5,1.60
2021,10,10,23,40,321,9.2,11.3,1017.8,14.4,1.85
2021,10,11,02,40,318,12.4,15.5,1016.6,14.1,2.70
2021,10,11,05,40,321,14.6,18.4,1016.6,13.6,4.08
2021,10,11,08,40,325,15.3,19.8,1016.7,13.3,3.96
2021,10,11,11,40,315,16.1,20.4,1017.0,12.8,3.74
2021,10,11,14,40,323,14.1,16.9,1017.8,12.6,3.14
2021,10,11,17,40,327,12.7,15.7,1018.0,12.5,3.20
2021,10,11,20,40,324,11.8,14.9,1016.5,12.5,3.27
2021,10,11,23,40,321,14.1,17.8,1015.1,12.5,3.64
2021,10,12,02,40,332,12.4,15.5,1015.6,12.4,3.36
2021,10,12,05,40,335,10.2,12.6,1016.4,12.2,2.86
2021,10,12,08,40,336,7.9,9.6,1017.5,12.1,2.29
2021,10,12,11,40,334,6.6,8.4,1017.8,12.1,2.30
2021,10,12,14,40,326,7.0,9.3,1019.0,12.1,2.08
2021,10,12,17,40,330,6.6,8.8,1019.2,12.1,2.45
2021,10,12,20,40,314,8.6,11.0,1018.1,12.1,2.16
2021,10,12,23,40,318,10.7,13.2,1017.9,12.1,2.29
2021,10,13,02,40,322,10.1,12.3,1017.4,12.1,2.28
2021,10,13,05,40,324,11.0,13.1,1017.3,11.9,2.40
2021,10,13,08,40,320,8.2,10.4,1017.1,11.8,2.22
2021,10,13,11,40,307,6.3,8.6,1016.6,11.7,1.95
2021,10,13,14,40,285,3.6,4.7,1016.7,11.7,1.89
2021,10,13,17,40,300,2.7,3.7,1017.7,11.7,1.59
2021,10,13,20,40,312,7.6,10.2,1017.3,11.9,1.42
2021,10,13,23,40,317,6.0,7.7,1016.6,11.9,1.67
2021,10,14,02,40,336,5.9,8.2,1016.4,11.8,2.21
2021,10,14,05,40,336,5.5,7.5,1017.2,11.6,2.64
2021,10,14,08,40,334,6.5,8.4,1018.0,11.5,2.57
2021,10,14,11,40,355,3.7,5.3,1018.5,11.4,2.55
2021,10,14,14,40,296,1.5,2.7,1019.7,11.7,2.35
2021,10,14,17,40,300,0.7,1.9,1021.3,12.0,2.40
2021,10,14,20,40,299,5.5,6.7,1020.3,12.3,2.03
2021,10,14,23,40,320,4.9,6.2,1019.3,12.4,2.09
2021,10,15,02,40,311,5.0,6.3,1019.1,12.2,1.82
2021,10,15,05,40,312,2.2,3.3,1019.6,12.1,2.04
2021,10,15,08,40,353,1.6,2.4,1020.1,12.1,1.99
2021,10,15,11,40,43,1.0,1.8,1019.9,12.3,1.97
2021,10,15,14,40,31,1.6,2.1,1020.7,12.4,1.92
2021,10,15,17,40,360,1.8,2.5,1021.6,12.4,1.66
2021,10,15,20,40,323,4.1,5.1,1020.6,12.9,1.64
2021,10,15,23,40,318,5.4,6.8,1019.2,12.9,1.94
2021,10,16,02,40,316,4.4,5.7,1018.8,12.8,1.98
2021,10,16,05,40,358,1.9,2.8,1019.3,12.6,1.69
2021,10,16,08,40,317,2.1,2.8,1018.5,12.6,1.49
2021,10,16,11,40,62,1.2,2.4,1017.4,12.5,1.48
2021,10,16,14,40,96,2.7,4.4,1016.6,12.6,1.53
2021,10,16,17,40,95,5.4,6.8,1016.4,12.6,1.40
2021,10,16,20,40,144,2.0,3.1,1014.9,12.9,1.52
2021,10,16,23,40,9,0.7,1.9,1014.2,13.1,1.39
2021,10,17,02,40,72,0.9,1.7,1013.5,12.7,1.58
2021,10,17,05,40,253,2.7,3.7,1014.4,12.7,1.41
2021,10,17,08,40,127,2.7,3.7,1013.7,12.6,1.25
2021,10,17,11,40,203,2.1,3.1,1012.6,12.6,1.26
2021,10,17,14,40,223,3.1,4.6,1013.1,12.5,1.43
2021,10,17,18,40,175,3.5,4.5,1014.2,12.7,1.24
2021,10,17,21,40,184,5.2,6.1,1012.9,12.8,0.98
2021,10,18,00,40,297,8.0,9.8,1012.9,12.5,1.34
2021,10,18,03,40,258,6.5,8.3,1013.6,12.3,1.29
2021,10,18,06,40,277,5.7,7.1,1015.0,12.5,1.22
2021,10,18,09,40,271,6.1,8.0,1015.4,12.4,1.41
2021,10,18,14,40,309,6.1,7.5,1016.8,12.4,1.72
2021,10,18,17,40,302,5.0,7.2,1018.3,12.4,2.06
2021,10,18,20,40,299,4.1,5.8,1017.8,12.5,2.06
2021,10,18,23,40,301,4.9,6.3,1017.5,12.6,2.29
2021,10,19,02,40,301,4.3,5.6,1017.5,12.5,2.28
2021,10,19,05,40,304,3.7,4.8,1018.1,12.7,1.94
2021,10,19,08,40,53,1.7,2.9,1017.4,12.5,2.01
2021,10,19,11,40,106,3.1,4.6,1016.0,12.5,2.04
2021,10,19,14,40,172,3.2,4.5,1016.5,12.4,1.84
2021,10,19,17,40,122,5.1,6.6,1017.0,12.5,1.73
2021,10,19,20,40,167,7.2,8.7,1015.4,12.6,1.28
2021,10,19,23,40,164,7.4,9.5,1014.5,12.6,1.20
2021,10,20,02,40,149,10.1,12.2,1012.6,12.5,1.41
2021,10,20,05,40,166,10.4,13.7,1014.6,12.5,2.02
2021,10,20,08,40,162,12.2,15.8,1014.9,12.5,2.50
2021,10,20,11,40,157,11.1,13.9,1015.9,12.4,3.54
2021,10,20,14,40,165,10.4,13.8,1017.2,12.4,3.17
2021,10,20,17,40,157,10.8,13.3,1018.7,12.4,3.16
2021,10,20,20,40,156,8.6,10.7,1018.6,12.4,2.99
2021,10,20,23,40,153,8.4,10.4,1017.9,12.4,3.20
2021,10,21,02,40,143,7.5,9.9,1017.8,12.5,3.56
2021,10,21,05,40,152,8.5,11.1,1017.7,12.5,3.33
2021,10,21,08,40,162,8.9,11.1,1018.0,12.4,3.10
2021,10,21,11,40,165,6.9,8.6,1017.8,12.9,2.75
2021,10,21,14,40,165,7.6,9.5,1018.4,13.0,2.96
2021,10,21,17,40,161,8.2,10.1,1019.4,13.1,2.50
2021,10,21,20,40,166,6.8,8.8,1019.2,13.5,2.43
2021,10,21,23,40,166,6.7,8.2,1018.4,13.6,2.09
2021,10,22,02,40,165,6.2,7.6,1018.0,13.6,2.13
2021,10,22,05,40,161,8.2,10.0,1016.8,13.5,1.91
2021,10,22,08,40,167,9.2,10.8,1015.0,13.4,2.12
2021,10,22,11,40,290,6.5,8.6,1015.1,13.5,2.83
2021,10,22,14,40,217,2.3,3.4,1015.9,13.5,2.72
2021,10,22,17,40,215,2.6,3.7,1017.8,13.6,4.05
2021,10,22,20,40,188,4.3,5.5,1017.6,13.7,3.73
2021,10,22,23,40,223,3.0,4.9,1016.7,13.8,3.90
2021,10,23,02,40,251,2.1,3.9,1016.9,13.7,3.63
2021,10,23,05,40,255,2.6,4.2,1016.3,13.7,3.55
2021,10,23,08,40,196,1.6,2.6,1015.5,13.8,3.39
2021,10,23,11,40,187,1.1,2.2,1015.2,13.7,3.47
2021,10,23,15,40,167,2.3,3.8,1015.0,13.7,3.35
2021,10,23,19,40,162,6.3,8.4,1015.0,13.7,3.02
2021,10,23,22,40,167,8.6,10.9,1012.9,13.7,2.68
2021,10,24,01,40,163,9.6,11.9,1011.1,13.7,2.28
2021,10,24,04,40,163,9.4,12.1,1010.3,13.6,2.54
2021,10,24,07,40,167,10.8,13.2,1007.9,13.7,2.81
2021,10,24,10,40,185,12.1,14.9,1004.8,13.7,2.94
2021,10,24,13,40,193,12.2,15.2,1003.9,13.8,3.22
2021,10,24,16,40,188,14.0,18.0,1003.2,13.9,3.19
2021,10,24,19,40,189,13.9,17.8,1002.1,14.0,3.88
2021,10,24,22,40,233,4.9,6.4,1002.3,14.0,3.79
2021,10,25,01,40,221,5.6,7.8,1003.2,14.1,3.80
2021,10,25,04,40,220,6.0,7.9,1004.1,14.1,3.46
2021,10,25,07,40,193,6.8,9.0,1003.3,14.1,5.39
2021,10,25,10,40,228,7.9,10.5,1003.6,14.1,5.90
2021,10,25,13,40,262,6.1,9.1,1005.3,14.0,6.87
2021,10,25,16,40,267,6.7,9.5,1008.3,14.0,5.88
2021,10,25,19,40,254,4.6,6.9,1011.5,14.1,5.07
2021,10,25,22,40,276,4.7,6.9,1012.8,14.2,4.51
2021,10,26,01,40,275,4.2,6.4,1014.6,14.1,4.75
2021,10,26,04,40,264,3.8,5.6,1016.9,13.9,4.49
2021,10,26,07,40,255,4.0,5.9,1018.5,13.8,4.99
2021,10,26,10,40,209,2.3,3.3,1019.2,13.7,4.44
2021,10,26,13,40,217,3.0,4.7,1020.7,13.7,4.31
2021,10,26,16,40,201,2.6,3.5,1023.1,13.7,3.79
2021,10,26,19,40,178,4.9,6.7,1024.3,13.8,3.38
2021,10,26,22,40,173,5.5,7.2,1023.4,14.0,3.41
2021,10,27,01,40,168,5.2,7.4,1023.6,13.9,3.14
2021,10,27,04,40,172,4.4,7.0,1025.2,14.0,3.22
2021,10,27,07,40,180,3.5,5.4,1025.7,14.0,2.92
2021,10,27,10,40,165,2.7,3.8,1025.7,14.0,2.35
2021,10,27,13,40,161,1.3,2.5,1026.5,14.0,2.25
2021,10,27,16,40,102,1.8,3.4,1028.1,13.9,2.53
2021,10,27,19,40,302,2.4,3.8,1027.4,14.2,2.59
2021,10,27,22,40,294,4.4,5.7,1025.6,14.6,2.67
2021,10,28,01,40,328,6.5,7.9,1024.7,14.4,2.63
2021,10,28,04,40,320,6.7,8.4,1024.1,14.4,2.28
2021,10,28,07,40,311,5.9,7.4,1023.2,14.3,2.84
2021,10,28,10,40,341,1.9,3.2,1022.3,14.3,3.31
2021,10,28,13,40,285,1.3,2.9,1021.9,14.3,3.40
2021,10,28,16,40,324,1.4,3.0,1022.4,14.2,3.39
2021,10,28,19,40,306,2.4,3.8,1021.0,14.5,3.01
2021,10,28,22,40,289,3.3,4.9,1019.4,14.4,2.79
2021,10,29,01,40,307,4.7,6.8,1018.4,14.5,2.10
2021,10,29,04,40,323,3.1,4.8,1018.1,14.3,2.75
2021,10,29,07,40,318,4.3,5.5,1017.2,14.2,2.42
2021,10,29,10,40,314,2.7,4.8,1015.8,14.2,2.32
2021,10,29,13,40,337,5.4,6.9,1015.8,14.2,2.26
2021,10,29,16,40,329,5.2,6.7,1016.5,14.1,2.00
2021,10,29,19,40,318,5.5,7.2,1015.9,14.3,1.93
2021,10,29,22,40,314,6.5,8.2,1014.2,14.3,2.04
2021,10,30,01,40,313,7.1,8.8,1013.7,14.3,1.70
2021,10,30,04,40,302,5.4,6.7,1014.2,14.2,1.81
2021,10,30,07,40,307,3.7,5.0,1014.8,14.4,1.75
2021,10,30,10,40,258,0.9,1.8,1014.5,14.4,1.50
2021,10,30,13,40,184,1.7,2.5,1014.2,14.4,1.44
2021,10,30,16,40,174,4.5,5.6,1015.2,14.3,1.45
2021,10,30,19,40,204,2.3,3.0,1015.6,14.4,1.56
2021,10,30,22,40,245,4.2,5.1,1014.7,14.6,1.84
2021,10,31,02,40,201,4.2,5.0,1014.9,14.5,1.84
2021,10,31,05,40,218,4.2,5.3,1015.3,14.5,1.69
2021,10,31,08,40,195,4.1,5.0,1015.8,14.5,1.59
2021,10,31,11,40,258,3.3,4.3,1015.7,14.5,1.49
2021,10,31,14,40,141,2.1,3.2,1015.9,14.5,1.37
2021,10,31,17,40,160,4.0,5.4,1016.5,14.4,1.31
2021,10,31,20,40,181,3.8,5.6,1016.5,14.6,1.14
2021,10,31,23,40,177,4.7,5.8,1016.0,14.7,1.18
2021,11,01,02,40,155,4.8,5.8,1015.9,14.6,1.04
2021,11,01,05,40,153,6.1,7.5,1016.1,14.5,1.00
2021,11,01,08,40,148,8.5,10.2,1016.0,14.5,1.13
2021,11,01,11,40,154,7.9,9.7,1015.7,14.4,1.41
2021,11,01,14,40,149,9.7,12.1,1015.4,14.4,1.55
2021,11,01,17,40,154,9.6,12.6,1017.1,14.5,1.98
2021,11,01,20,40,161,11.2,14.1,1016.4,14.5,2.46
2021,11,01,23,40,213,4.5,6.2,1018.2,14.6,2.90
2021,11,02,02,40,130,0.8,2.0,1019.7,14.6,2.51
2021,11,02,05,40,43,2.2,3.5,1021.3,14.5,2.70
2021,11,02,08,40,13,0.4,1.6,1021.8,14.6,2.59
2021,11,02,11,40,85,1.7,3.7,1022.0,14.6,2.54
2021,11,02,14,40,131,1.4,2.8,1022.6,14.5,2.96
2021,11,02,17,40,255,0.2,1.2,1024.2,14.6,2.45
2021,11,02,20,40,140,0.4,1.9,1023.5,14.6,2.36
2021,11,02,23,40,333,1.4,2.3,1022.1,14.9,1.94
2021,11,03,02,40,295,3.3,4.6,1022.3,14.9,1.98
2021,11,03,05,40,310,3.0,3.9,1022.9,14.8,1.79
2021,11,03,08,40,165,0.9,1.6,1022.4,14.6,1.75
2021,11,03,11,40,342,2.0,2.9,1022.2,14.7,1.84
2021,11,03,14,40,120,1.9,3.0,1021.7,14.5,1.62
2021,11,03,17,40,88,3.9,5.3,1021.9,14.6,1.47
2021,11,03,20,40,155,1.6,2.5,1020.1,14.8,1.51
2021,11,03,23,40,143,2.6,3.7,1018.7,14.8,1.64
2021,11,04,02,40,132,1.3,2.4,1018.9,15.0,1.83
2021,11,04,05,40,166,4.4,5.6,1018.8,14.9,1.84
2021,11,04,08,40,179,5.6,7.4,1019.0,14.8,1.93
2021,11,04,11,40,237,4.0,5.2,1019.8,14.8,2.38
2021,11,04,14,40,257,4.6,6.3,1020.7,14.8,2.39
2021,11,04,17,40,293,3.8,5.1,1022.7,14.8,2.38
2021,11,04,20,40,324,5.9,7.6,1022.7,14.9,2.88
2021,11,04,23,40,327,6.9,9.0,1021.2,14.9,3.80
2021,11,05,02,40,323,5.2,6.6,1020.6,14.9,3.73
2021,11,05,05,40,321,6.7,8.6,1020.9,14.8,3.33
2021,11,05,08,40,325,7.5,9.6,1020.8,14.7,3.82
2021,11,05,11,40,328,9.6,11.8,1020.2,14.7,3.25
2021,11,05,14,40,340,6.4,8.5,1019.6,14.6,3.24
2021,11,05,17,40,36,0.8,1.8,1020.0,14.6,2.99
2021,11,05,20,40,302,7.1,9.3,1019.2,14.7,3.04
2021,11,05,23,40,333,3.6,5.0,1018.1,14.7,2.45
2021,11,06,02,40,313,4.6,6.2,1018.7,14.7,2.18
2021,11,06,05,40,339,2.3,3.7,1019.3,14.7,2.04
2021,11,06,08,40,282,2.8,4.4,1019.9,14.8,1.72
2021,11,06,11,40,355,3.0,3.8,1019.8,14.9,1.57
2021,11,06,14,40,336,5.1,6.1,1020.3,14.9,1.67
2021,11,06,17,40,339,4.2,5.6,1021.5,14.8,2.02
2021,11,06,20,40,330,5.7,7.2,1021.3,14.9,2.41
2021,11,06,23,40,332,7.3,8.7,1021.0,14.9,2.05
2021,11,07,02,40,321,8.7,10.7,1021.8,14.7,1.97
2021,11,07,05,40,328,9.0,11.2,1022.5,14.7,2.23
2021,11,07,08,40,331,9.4,12.2,1022.5,14.6,2.35
2021,11,07,11,40,336,9.7,12.1,1022.1,14.5,2.80
2021,11,07,14,40,332,8.4,10.3,1023.2,14.5,2.39
2021,11,07,17,40,342,7.6,8.9,1024.1,14.5,2.25
2021,11,07,20,40,326,8.9,11.1,1023.0,14.5,2.11
2021,11,07,23,40,318,7.9,10.2,1021.8,14.5,2.24
2021,11,08,02,40,329,9.1,11.2,1021.7,14.4,2.32
2021,11,08,05,40,326,7.5,9.4,1021.4,14.3,2.33
2021,11,08,08,40,339,6.6,8.1,1020.6,14.2,2.15
2021,11,08,11,40,46,2.6,4.2,1019.1,14.2,2.15
2021,11,08,14,40,93,4.4,5.9,1018.7,14.1,1.74
2021,11,08,17,40,89,6.3,8.1,1018.8,14.2,1.92
2021,11,08,21,40,148,3.5,5.1,1016.3,14.3,2.11
2021,11,09,00,40,170,8.3,10.2,1015.5,14.2,1.88
2021,11,09,03,40,158,10.9,13.7,1015.8,14.1,1.85
2021,11,09,06,40,161,14.2,19.1,1013.5,14.1,2.62
2021,11,09,09,40,172,12.3,15.8,1014.8,14.0,3.58
2021,11,09,12,40,173,8.2,11.1,1016.2,14.1,3.25
2021,11,09,15,40,176,5.5,7.5,1018.7,14.1,2.86
2021,11,09,18,40,176,7.0,8.7,1021.4,14.1,2.40
2021,11,09,21,40,179,4.7,6.1,1021.8,14.1,2.35
2021,11,10,00,40,178,2.4,3.6,1023.3,14.1,2.43
2021,11,10,03,40,259,1.5,3.2,1025.0,14.1,2.23
2021,11,10,06,40,307,3.8,5.1,1025.6,14.2,2.62
2021,11,10,09,40,268,1.5,3.1,1025.9,14.2,2.63
2021,11,10,12,40,343,2.8,4.6,1026.2,14.2,2.68
2021,11,10,15,40,348,2.6,3.8,1027.5,14.2,2.43
2021,11,10,18,40,335,3.1,4.2,1028.6,14.3,2.02
2021,11,10,21,40,313,2.5,3.9,1026.5,14.6,2.22
2021,11,11,00,40,318,5.4,7.1,1026.2,14.6,2.44
2021,11,11,03,40,339,6.1,7.9,1026.5,14.4,2.67
2021,11,11,06,40,341,6.4,8.4,1027.0,14.3,2.59
2021,11,11,09,40,340,4.5,5.7,1026.1,14.3,2.01
2021,11,11,12,40,358,4.8,5.9,1025.8,14.2,1.90
2021,11,11,15,40,311,2.2,3.2,1026.3,14.2,1.72
2021,11,11,18,40,338,3.1,4.0,1026.5,14.3,1.62
2021,11,11,21,40,321,3.6,4.8,1024.3,14.7,1.53
2021,11,12,00,40,330,4.7,6.0,1022.9,14.5,1.49
2021,11,12,03,40,331,5.2,6.3,1023.3,14.4,1.38
2021,11,12,06,40,337,5.5,6.5,1024.0,14.5,1.16
2021,11,12,09,40,326,3.9,5.2,1024.1,14.3,1.15
2021,11,12,12,40,342,2.9,3.9,1023.9,14.3,1.20
2021,11,12,15,40,322,4.6,5.5,1024.8,14.3,1.27
2021,11,12,18,40,324,4.4,5.7,1025.3,14.4,1.21
2021,11,12,21,40,325,5.3,6.6,1023.5,14.4,1.35
2021,11,13,00,40,335,6.3,7.4,1022.7,14.5,1.37
2021,11,13,03,40,328,6.4,8.1,1023.0,14.4,1.47
2021,11,13,06,40,358,2.6,3.5,1022.8,14.4,1.51
2021,11,13,09,40,324,2.7,3.9,1022.5,14.5,1.53
2021,11,13,12,40,333,4.7,5.8,1022.4,14.5,1.72
2021,11,13,15,40,323,5.0,6.4,1023.1,14.4,1.84
2021,11,13,18,40,318,3.3,4.9,1023.3,14.4,1.76
2021,11,13,21,40,314,4.4,6.0,1021.4,14.6,1.64
2021,11,14,00,40,319,5.7,7.2,1020.8,14.6,1.68
2021,11,14,03,40,328,6.3,7.8,1021.2,14.5,1.63
2021,11,14,06,40,331,2.7,3.5,1021.7,14.4,1.55
2021,11,14,09,40,347,1.6,2.4,1021.2,14.4,1.84
2021,11,14,12,40,39,0.4,1.1,1020.7,14.4,1.81
2021,11,14,15,40,24,2.1,2.9,1021.5,14.4,1.86
2021,11,14,18,40,73,3.8,5.3,1021.8,14.5,1.66
2021,11,14,21,40,321,2.1,2.9,1020.2,14.7,1.44
2021,11,15,00,40,334,1.9,2.7,1019.4,14.8,1.52
2021,11,15,03,40,318,4.0,5.6,1019.5,14.8,1.66
2021,11,15,06,40,324,1.3,2.3,1018.9,14.7,1.57
2021,11,15,09,40,86,6.8,9.3,1018.3,14.7,1.51
2021,11,15,12,40,28,1.9,2.9,1018.9,14.6,1.42
2021,11,15,15,40,96,6.6,8.0,1019.5,14.6,1.38
2021,11,15,19,40,250,1.6,2.4,1020.9,14.7,1.29
2021,11,15,22,40,317,4.1,5.4,1019.5,14.6,1.16
2021,11,16,01,40,321,6.7,8.1,1020.0,14.5,1.29
2021,11,16,04,40,328,6.3,7.8,1020.6,14.5,1.43
2021,11,16,07,40,305,6.1,7.9,1021.2,14.5,1.35
2021,11,16,10,40,325,6.0,8.0,1020.7,14.5,1.24
2021,11,16,13,40,328,9.0,11.7,1020.2,14.5,1.56
2021,11,16,16,40,335,7.0,9.7,1020.5,14.4,2.08
2021,11,16,19,40,11,1.4,2.5,1020.3,14.5,2.15
2021,11,16,22,40,313,1.9,3.4,1018.3,14.7,2.00
2021,11,17,01,40,317,6.0,7.5,1017.5,14.6,2.20
2021,11,17,04,40,319,5.8,7.2,1017.8,14.5,2.36
2021,11,17,07,40,346,1.6,3.2,1017.5,14.4,2.41
2021,11,17,10,40,323,1.9,3.2,1017.6,14.4,2.03
2021,11,17,13,40,83,1.8,3.9,1017.4,14.3,1.96
2021,11,17,16,40,90,5.5,8.4,1018.7,14.4,1.92
2021,11,17,19,40,97,3.6,5.4,1018.8,14.5,1.66
2021,11,17,22,40,341,2.3,3.1,1017.6,14.8,1.52
2021,11,18,01,40,337,2.7,3.7,1017.8,14.6,1.40
2021,11,18,04,40,337,4.3,5.3,1018.6,14.6,1.45
2021,11,18,07,40,314,4.0,5.1,1019.4,14.5,1.50
2021,11,18,10,40,115,2.6,3.6,1018.1,14.4,1.37
2021,11,18,13,40,91,1.9,3.0,1019.0,14.3,1.16
2021,11,18,16,40,166,4.2,5.3,1019.8,14.2,1.15
2021,11,18,19,40,181,2.7,3.7,1020.2,14.3,1.02
2021,11,18,22,40,161,1.7,2.5,1019.4,14.4,0.96
2021,11,19,01,40,197,2.6,3.4,1020.0,14.4,0.96
2021,11,19,04,40,197,1.7,2.5,1020.3,14.4,0.87
2021,11,19,07,40,193,3.0,3.7,1020.8,14.2,0.75
2021,11,19,10,40,170,4.5,5.4,1020.3,14.3,0.74
2021,11,19,13,40,161,5.1,6.3,1020.5,14.2,0.85
2021,11,19,16,40,154,4.0,4.9,1021.3,14.3,1.27
2021,11,19,19,40,316,4.5,5.8,1021.6,14.3,1.78
2021,11,19,22,40,307,5.0,6.8,1020.6,14.5,1.81
2021,11,20,01,40,313,5.4,7.2,1020.6,14.4,1.94
2021,11,20,04,40,341,3.4,4.5,1021.3,14.4,1.95
2021,11,20,07,40,78,2.7,4.1,1021.7,14.3,2.41
2021,11,20,10,40,349,3.0,4.1,1021.9,14.2,2.50
2021,11,20,13,40,340,3.0,4.3,1022.6,14.2,2.21
2021,11,20,16,40,9,1.7,2.6,1024.0,14.2,1.80
2021,11,20,19,40,310,3.9,5.1,1023.8,14.5,1.76
2021,11,20,22,40,298,4.8,5.8,1022.5,14.6,1.48
2021,11,21,01,40,336,4.2,5.5,1022.8,14.4,1.41
2021,11,21,04,40,317,4.5,5.6,1022.8,14.4,1.45
2021,11,21,07,40,327,4.9,6.1,1022.8,14.3,1.42
2021,11,21,10,40,73,1.5,3.7,1022.9,14.3,1.51
2021,11,21,13,40,84,6.0,7.4,1022.8,14.3,1.37
2021,11,21,16,40,83,8.6,11.5,1023.6,14.2,1.43
2021,11,21,19,40,85,8.0,10.4,1023.1,14.3,1.31
2021,11,21,22,40,79,6.7,8.3,1021.3,14.3,1.28
2021,11,22,01,40,46,4.7,6.5,1021.6,14.3,1.39
2021,11,22,04,40,74,7.0,8.6,1022.0,14.3,1.37
2021,11,22,07,40,95,7.6,9.2,1021.7,14.2,1.19
2021,11,22,10,40,90,8.1,9.4,1021.0,14.1,1.08
2021,11,22,13,40,93,7.4,9.0,1020.8,14.1,0.97
2021,11,22,16,40,78,8.8,10.8,1021.4,14.1,0.94
2021,11,22,19,40,78,6.2,9.4,1020.1,14.1,0.86
2021,11,22,23,40,324,4.7,5.9,1018.1,14.4,0.72
2021,11,23,02,40,87,1.4,1.8,1017.5,14.3,0.58
2021,11,23,05,40,346,3.2,4.3,1018.4,14.2,0.49
2021,11,23,08,40,326,4.5,6.1,1018.1,14.2,0.60
2021,11,23,11,40,322,5.4,6.4,1017.8,14.1,0.62
2021,11,23,14,40,316,7.5,9.2,1018.2,14.1,0.94
2021,11,23,17,40,323,7.9,10.0,1019.6,14.1,1.44
2021,11,23,20,40,329,10.7,13.3,1018.5,14.2,1.67
2021,11,23,23,40,340,6.5,8.0,1017.8,14.2,1.86
2021,11,24,02,40,336,8.5,11.2,1019.2,14.2,2.04
2021,11,24,05,40,335,8.8,10.6,1019.7,14.1,2.58
2021,11,24,08,40,334,7.5,9.6,1019.8,14.0,2.83
2021,11,24,11,40,341,5.3,6.8,1020.1,14.0,2.31
2021,11,24,14,40,11,2.3,3.3,1021.5,13.9,2.27
2021,11,24,17,40,179,0.2,1.5,1023.8,13.9,2.16
2021,11,24,20,40,289,2.3,3.9,1023.1,14.1,2.24
2021,11,24,23,40,328,2.2,3.2,1023.1,14.3,2.00
2021,11,25,02,40,307,4.7,5.9,1024.2,14.1,1.92
2021,11,25,05,40,336,2.4,3.4,1025.2,14.0,1.76
2021,11,25,08,40,339,2.1,3.3,1025.8,13.9,1.83
2021,11,25,11,40,94,4.1,5.8,1026.2,14.0,1.80
2021,11,25,14,40,70,5.8,7.5,1027.3,14.0,1.66
2021,11,25,17,40,64,3.1,4.8,1028.7,14.0,1.46
2021,11,25,20,40,82,7.1,9.1,1027.1,14.0,1.56
2021,11,25,23,40,316,3.1,4.5,1026.6,14.1,1.61
2021,11,26,02,40,344,5.7,6.9,1026.9,14.1,1.50
2021,11,26,05,40,27,2.6,3.7,1027.1,14.0,1.40
2021,11,26,08,40,49,3.3,4.6,1026.3,13.9,1.52
2021,11,26,11,40,103,3.9,6.4,1024.8,13.7,1.64
2021,11,26,15,40,90,5.0,6.5,1024.8,13.5,1.74
2021,11,26,18,40,358,2.2,3.2,1025.6,13.6,1.74
2021,11,26,21,40,311,3.5,4.8,1022.3,13.8,1.52
2021,11,27,00,40,329,6.6,8.2,1021.3,14.0,1.80
2021,11,27,03,40,324,7.3,8.9,1021.6,13.8,2.09
2021,11,27,06,40,329,5.4,6.9,1021.5,13.8,2.25
2021,11,27,09,40,19,2.9,3.6,1020.4,13.9,2.16
2021,11,27,12,40,306,1.4,2.6,1020.6,13.9,2.57
2021,11,27,15,40,82,1.3,2.9,1021.2,13.6,2.41
2021,11,27,18,40,51,2.4,4.2,1021.9,13.6,2.37
2021,11,27,21,40,313,3.1,4.5,1020.4,14.1,1.97
2021,11,28,00,40,289,2.8,4.1,1020.5,14.3,2.08
2021,11,28,03,40,324,2.9,3.8,1021.4,14.1,1.73
2021,11,28,06,40,311,3.6,4.5,1021.9,14.0,1.75
2021,11,28,09,40,87,1.6,3.0,1021.8,14.0,1.87
2021,11,28,12,40,320,2.4,3.3,1022.2,13.4,1.79
2021,11,28,15,40,54,1.6,2.5,1023.6,13.3,1.65
2021,11,28,18,40,91,4.4,6.1,1024.4,13.4,1.68
2021,11,28,21,40,295,3.6,4.8,1022.8,13.8,1.43
2021,11,29,00,40,320,4.8,5.9,1022.5,13.6,1.35
2021,11,29,03,40,337,3.4,4.3,1022.4,14.1,1.30
2021,11,29,07,40,318,5.1,6.3,1022.7,13.8,1.48
2021,11,29,10,40,334,4.2,5.5,1022.8,13.4,1.43
2021,11,29,13,40,317,5.7,7.0,1022.3,13.4,1.46
2021,11,29,16,40,339,3.1,3.9,1022.8,13.4,1.61
2021,11,29,19,40,324,5.6,7.0,1022.4,13.5,1.52
2021,11,29,22,40,322,5.9,7.5,1020.7,13.5,1.54
2021,11,30,01,40,324,8.5,10.3,1020.5,13.4,1.49
2021,11,30,04,40,325,6.3,7.7,1020.9,13.4,1.59
2021,11,30,07,40,337,4.8,6.0,1021.3,13.5,1.61
2021,11,30,10,40,360,1.6,2.6,1020.5,13.4,1.78
2021,11,30,13,40,347,1.6,2.7,1020.4,13.4,1.84
2021,11,30,16,40,325,2.7,4.1,1021.6,13.3,1.87
2021,11,30,19,40,330,1.8,2.8,1021.0,13.6,1.85
2021,11,30,22,40,311,5.1,6.5,1019.6,13.7,1.99
2021,12,01,01,40,323,3.7,4.9,1018.7,13.6,2.19
2021,12,01,04,40,299,2.0,2.9,1019.5,13.6,2.07
2021,12,01,07,40,320,2.6,3.8,1019.5,13.5,2.01
2021,12,01,10,40,345,1.0,2.2,1019.2,13.4,2.06
2021,12,01,13,40,69,4.4,6.0,1018.5,13.5,2.02
2021,12,01,16,40,88,6.8,8.6,1019.5,13.4,1.78
2021,12,01,19,40,82,6.4,8.5,1018.9,13.5,1.77
2021,12,01,22,40,43,3.1,4.3,1017.7,13.7,1.62
2021,12,02,01,40,283,1.6,2.5,1017.8,13.6,1.61
2021,12,02,04,40,32,1.6,2.2,1018.5,13.6,1.79
2021,12,02,08,40,102,2.9,5.4,1019.1,13.5,1.99
2021,12,02,11,40,93,3.7,5.3,1018.6,13.5,1.92
2021,12,02,15,40,118,1.8,3.2,1019.6,13.5,1.84
2021,12,02,18,40,131,2.3,3.5,1020.5,13.6,1.79
2021,12,02,21,40,169,4.7,5.9,1018.9,13.7,1.79
2021,12,03,00,40,201,2.1,3.4,1018.8,13.7,2.07
2021,12,03,03,40,231,1.0,1.9,1020.4,13.7,2.20
2021,12,03,06,40,143,2.8,4.6,1020.3,13.6,2.10
2021,12,03,09,40,141,2.6,4.5,1020.3,13.5,2.11
2021,12,03,12,40,174,1.6,2.9,1020.1,13.5,2.06
2021,12,03,15,40,154,2.6,4.6,1020.2,13.4,1.73
2021,12,03,18,40,156,2.4,3.8,1021.0,13.4,1.73
2021,12,03,21,40,132,1.8,3.0,1019.4,13.4,1.62
2021,12,04,00,40,169,1.1,3.4,1019.5,13.5,1.65
2021,12,04,03,40,186,0.9,2.2,1020.7,13.4,1.68
2021,12,04,06,40,196,1.3,2.5,1021.1,13.4,1.55
2021,12,04,09,40,239,0.9,2.4,1021.7,13.5,1.76
2021,12,04,12,40,342,1.7,2.9,1021.9,13.6,1.75
2021,12,04,15,40,312,0.4,1.8,1023.0,13.5,1.81
2021,12,04,18,40,357,2.0,3.8,1024.6,13.5,1.74
2021,12,04,21,40,337,4.1,5.1,1023.8,13.6,1.59
2021,12,05,00,40,318,6.4,7.9,1024.8,13.6,1.52
2021,12,05,03,40,329,6.6,9.6,1025.0,13.5,1.51
2021,12,05,06,40,316,5.8,7.5,1025.4,13.4,1.47
2021,12,05,09,40,28,1.5,4.1,1025.3,13.3,1.48
2021,12,05,12,40,328,2.3,4.1,1025.8,13.2,1.43
2021,12,05,15,40,352,2.2,3.8,1026.1,13.1,1.60
2021,12,05,18,40,322,3.1,4.6,1026.2,13.0,1.48
2021,12,05,21,40,348,4.4,5.8,1024.4,13.2,1.69
2021,12,06,00,40,320,7.4,9.3,1023.0,13.4,1.90
2021,12,06,03,40,323,8.6,10.8,1022.8,13.2,2.09
2021,12,06,06,40,341,7.0,8.4,1023.0,13.1,1.88
2021,12,06,09,40,326,7.7,9.7,1022.2,13.0,1.74
2021,12,06,12,40,352,4.6,6.1,1021.0,13.0,1.91
2021,12,06,15,40,103,2.5,4.0,1021.3,13.0,1.75
2021,12,06,18,40,321,8.5,10.9,1021.9,13.0,1.57
2021,12,06,21,40,326,7.5,9.3,1019.5,13.0,1.60
2021,12,07,00,40,324,3.7,4.9,1018.4,13.0,1.54
2021,12,07,03,40,360,0.3,0.8,1018.1,13.1,1.37
2021,12,07,06,40,291,3.4,4.5,1017.3,13.1,1.06
2021,12,07,09,40,106,2.2,3.7,1015.9,13.0,1.03
2021,12,07,12,40,71,5.0,6.1,1014.8,13.0,0.92
2021,12,07,15,40,84,8.9,11.5,1014.9,12.9,1.04
2021,12,07,18,40,83,7.0,8.6,1016.5,12.9,0.89
2021,12,07,21,40,117,1.9,2.8,1015.6,13.0,0.77
2021,12,08,00,40,337,6.9,8.6,1016.2,13.0,0.92
2021,12,08,03,40,307,5.6,8.1,1017.7,13.1,0.97
2021,12,08,06,40,316,5.3,7.5,1018.1,13.2,1.21
2021,12,08,09,40,55,1.2,2.0,1017.4,13.2,1.25
2021,12,08,12,40,307,2.4,3.4,1017.8,12.9,1.34
2021,12,08,15,40,305,1.1,1.7,1018.1,12.9,1.25
2021,12,08,18,40,298,3.3,4.5,1018.8,12.9,1.33
2021,12,08,21,40,294,3.2,4.3,1017.0,12.9,1.37
2021,12,09,00,40,300,5.2,6.4,1016.5,12.9,1.40
2021,12,09,03,40,305,6.7,8.2,1016.1,12.8,1.32
2021,12,09,06,40,310,7.4,9.4,1015.8,12.7,1.63
2021,12,09,09,40,297,9.0,11.2,1014.6,12.8,1.88
2021,12,09,12,40,303,10.8,13.9,1014.0,12.7,2.36
2021,12,09,15,40,321,14.4,17.8,1015.1,12.8,3.02
2021,12,09,18,40,318,12.8,16.4,1016.5,13.0,3.33
2021,12,09,21,40,323,12.5,16.1,1016.1,13.0,2.98
2021,12,10,00,40,326,12.5,15.3,1016.9,12.9,3.31
2021,12,10,03,40,323,12.3,15.1,1018.6,12.8,3.12
2021,12,10,06,40,328,10.3,12.4,1020.0,12.7,2.70
2021,12,10,09,40,346,8.0,10.0,1020.2,12.5,2.58
2021,12,10,12,40,336,7.0,8.7,1021.1,12.4,2.22
2021,12,10,15,40,337,6.5,8.0,1022.9,12.4,2.37
2021,12,10,18,40,342,4.9,6.0,1025.2,12.4,2.14
2021,12,10,22,40,313,4.8,6.0,1023.5,12.5,2.02
2021,12,11,01,40,323,6.1,7.4,1024.3,12.4,2.00
2021,12,11,04,40,335,4.1,5.3,1024.7,12.4,1.88
2021,12,11,07,40,317,3.0,4.4,1025.3,12.4,1.72
2021,12,11,11,40,305,2.8,4.2,1024.5,12.3,1.97
2021,12,11,14,40,322,2.8,4.1,1024.2,12.2,1.86
2021,12,11,17,40,114,2.3,3.7,1024.3,12.2,1.61
2021,12,11,21,40,237,1.5,2.7,1021.6,12.6,1.36
2021,12,12,00,40,232,2.7,3.7,1020.1,12.5,1.38
2021,12,12,03,40,179,5.5,6.8,1019.3,12.3,1.16
2021,12,12,06,40,158,8.0,9.4,1018.4,12.2,1.36
2021,12,12,09,40,178,8.8,11.0,1017.5,12.2,1.86
2021,12,12,12,40,162,11.0,13.9,1015.2,12.1,2.47
2021,12,12,15,40,166,12.6,16.4,1014.5,12.3,3.07
2021,12,12,18,40,162,12.2,15.5,1014.3,12.3,3.31
2021,12,12,21,40,165,11.6,14.5,1011.4,12.2,3.36
2021,12,13,00,40,176,11.2,13.8,1010.5,12.1,3.17
2021,12,13,03,40,209,4.1,6.9,1010.3,12.1,3.38
2021,12,13,06,40,132,5.1,7.3,1009.9,11.9,3.60
2021,12,13,09,40,199,6.4,8.1,1008.8,11.7,3.77
2021,12,13,12,40,218,6.0,8.1,1007.7,11.6,3.87
2021,12,13,15,40,192,6.0,7.7,1007.5,11.7,3.48
2021,12,13,18,40,187,8.9,12.3,1007.5,11.7,3.69
2021,12,13,21,40,234,8.8,11.9,1005.3,11.7,3.86
2021,12,14,00,40,220,7.2,9.2,1004.7,11.6,4.40
2021,12,14,03,40,313,12.0,15.8,1005.3,11.6,4.31
2021,12,14,06,40,154,3.5,5.6,1006.8,11.7,3.66
2021,12,14,09,40,263,5.4,8.4,1006.9,12.0,3.99
2021,12,14,12,40,326,6.8,9.4,1008.4,12.0,4.08
2021,12,14,15,40,341,4.8,7.0,1010.8,12.1,3.57
2021,12,14,18,40,324,8.0,10.2,1013.2,12.1,3.31
2021,12,14,21,40,292,7.4,10.2,1013.7,12.1,3.62
2021,12,15,00,40,308,6.8,8.7,1015.4,12.1,3.23
2021,12,15,03,40,291,3.5,5.9,1017.4,12.0,3.37
2021,12,15,06,40,227,3.7,4.9,1019.1,12.0,3.14
2021,12,15,09,40,249,3.8,5.3,1020.5,11.9,3.45
2021,12,15,12,40,259,4.2,5.9,1021.4,11.9,2.98
2021,12,15,15,40,206,5.9,7.4,1022.4,12.0,3.01
2021,12,15,18,40,165,9.6,12.3,1022.5,12.0,2.70
2021,12,15,21,40,182,12.1,15.4,1019.9,11.9,2.77
2021,12,16,00,40,188,13.6,17.0,1018.0,11.9,2.97
2021,12,16,03,40,189,14.2,18.2,1016.2,11.9,3.63
2021,12,16,06,40,251,5.4,7.6,1016.7,12.1,3.93
2021,12,16,09,40,251,4.0,5.7,1016.6,12.2,2.84
2021,12,16,12,40,309,4.2,6.3,1017.2,12.2,2.95
2021,12,16,15,40,308,5.7,7.8,1019.1,12.2,2.98
2021,12,16,19,40,333,5.3,7.6,1021.0,12.2,3.29
2021,12,16,22,40,320,5.1,6.9,1020.8,12.2,3.27
2021,12,17,01,40,336,4.5,6.0,1021.1,12.1,3.26
2021,12,17,04,40,8,3.9,4.8,1022.1,12.0,2.95
2021,12,17,07,40,89,4.0,6.3,1023.0,12.0,2.74
2021,12,17,10,40,87,5.0,6.9,1023.7,12.0,2.62
2021,12,17,13,40,68,2.9,4.7,1024.5,12.0,2.35
2021,12,17,16,40,87,3.9,5.7,1026.2,12.1,2.37
2021,12,17,19,40,58,2.2,3.7,1026.7,12.1,2.14
2021,12,17,22,40,313,3.6,5.2,1025.3,12.3,1.80
2021,12,18,01,40,328,7.1,8.5,1025.5,12.1,1.65
2021,12,18,04,40,345,4.6,5.7,1026.0,12.1,1.66
2021,12,18,07,40,91,2.6,4.0,1026.3,12.0,1.46
2021,12,18,10,40,45,3.7,4.9,1026.1,12.0,1.50
2021,12,18,13,40,86,5.5,7.3,1025.4,11.9,1.58
2021,12,18,16,40,76,6.9,9.2,1026.0,11.9,1.43
2021,12,18,19,40,75,7.5,9.2,1025.1,11.9,1.50
2021,12,18,22,40,39,2.4,3.3,1022.5,12.0,1.21
2021,12,19,01,40,337,0.9,1.8,1021.2,12.0,1.10
2021,12,19,04,40,90,6.2,7.7,1020.8,11.9,1.14
2021,12,19,07,40,82,5.8,6.9,1020.8,11.9,1.02
2021,12,19,10,40,92,6.5,7.9,1019.4,12.0,1.09
2021,12,19,13,40,90,7.6,9.7,1018.4,12.1,1.14
2021,12,19,16,40,180,5.0,7.1,1019.1,12.2,1.17
2021,12,19,19,40,190,4.6,6.4,1019.5,12.2,1.23
2021,12,19,22,40,168,5.6,7.5,1018.5,12.2,1.35
2021,12,20,01,40,151,7.4,9.4,1018.7,12.2,1.46
2021,12,20,04,40,117,7.4,9.2,1019.2,12.1,1.58
2021,12,20,07,40,160,7.8,10.0,1019.4,12.0,1.76
2021,12,20,10,40,159,9.1,12.3,1019.4,12.1,1.73
2021,12,20,13,40,135,8.8,10.7,1018.9,12.1,1.87
2021,12,20,16,40,134,8.5,10.5,1019.5,12.2,2.16
2021,12,20,19,40,96,8.3,10.2,1019.4,12.2,2.21
2021,12,20,22,40,77,8.7,11.5,1017.9,12.2,2.22
2021,12,21,01,40,77,9.6,12.4,1018.3,12.2,2.24
2021,12,21,04,40,80,8.1,10.6,1019.6,12.2,2.03
2021,12,21,07,40,83,10.1,12.5,1019.9,12.2,1.86
2021,12,21,10,40,83,10.9,13.9,1019.3,12.2,1.81
2021,12,21,13,40,90,10.9,13.0,1019.3,12.3,1.87
2021,12,21,16,40,88,10.3,13.1,1019.7,12.3,2.08
2021,12,21,19,40,90,9.1,11.8,1020.0,12.2,2.29
2021,12,21,22,40,100,6.6,8.0,1019.3,12.3,2.36
2021,12,22,02,40,89,8.0,10.0,1019.4,12.3,2.16
2021,12,22,05,40,98,11.4,13.7,1018.6,12.2,2.06
2021,12,22,08,40,97,11.0,13.1,1017.9,12.3,2.17
2021,12,22,11,40,96,8.5,10.5,1017.1,12.3,2.06
2021,12,22,15,40,96,8.3,10.5,1016.5,12.3,1.91
2021,12,22,19,40,171,7.8,9.8,1015.7,12.3,2.05
2021,12,22,22,40,160,6.6,8.3,1013.4,12.3,1.74
2021,12,23,01,40,156,3.4,4.0,1012.4,12.3,1.63
2021,12,23,04,40,175,4.3,5.4,1012.2,12.3,1.62
2021,12,23,07,40,191,5.5,6.7,1010.9,12.4,1.70
2021,12,23,11,40,201,8.3,10.3,1008.4,12.4,1.74
2021,12,23,14,40,206,5.1,6.1,1007.2,12.4,1.61
2021,12,23,17,40,171,4.3,5.5,1007.2,12.4,1.63
2021,12,23,20,40,210,5.9,7.2,1007.1,12.5,1.57
2021,12,23,23,40,183,5.5,6.8,1006.4,12.6,1.49
2021,12,24,02,40,176,5.7,7.3,1006.5,12.5,1.77
2021,12,24,05,40,177,4.6,5.6,1006.5,12.5,1.70
2021,12,24,08,40,199,3.8,4.5,1006.4,12.5,1.93
2021,12,24,11,40,336,6.8,8.5,1006.2,12.6,1.74
2021,12,24,14,40,322,11.5,14.1,1007.7,12.6,2.42
2021,12,24,18,40,307,8.9,11.8,1011.8,12.5,2.82
2021,12,24,21,40,260,6.7,8.6,1011.5,12.5,2.32
2021,12,25,00,40,274,6.7,8.5,1012.6,12.5,2.38
2021,12,25,03,40,259,4.7,6.0,1013.0,12.5,2.36
2021,12,25,06,40,210,6.7,8.6,1013.9,12.5,2.34
2021,12,25,09,40,204,7.8,9.7,1012.6,12.6,2.36
2021,12,25,12,40,193,10.0,13.4,1011.1,12.6,2.76
2021,12,25,15,40,202,11.3,15.0,1010.0,12.6,3.13
2021,12,25,18,40,253,7.9,12.1,1010.7,12.6,3.68
2021,12,25,21,40,253,9.2,12.1,1008.1,12.6,3.23
2021,12,26,00,40,285,7.4,9.2,1007.5,12.6,3.23
2021,12,26,03,40,302,9.2,12.5,1008.9,12.5,2.97
2021,12,26,06,40,302,9.7,12.4,1010.9,12.5,2.93
2021,12,26,09,40,290,10.9,15.3,1013.3,12.5,2.85
2021,12,26,12,40,319,9.4,11.5,1015.6,12.5,3.07
2021,12,26,15,40,280,5.6,8.1,1017.2,12.5,2.84
2021,12,26,18,40,250,5.9,7.7,1020.2,12.5,2.73
2021,12,26,21,40,225,5.4,7.0,1018.8,12.5,2.60
2021,12,27,00,40,218,7.0,8.6,1017.9,12.4,2.91
2021,12,27,03,40,218,7.8,9.7,1016.9,12.4,3.02
2021,12,27,06,40,236,8.4,10.0,1016.4,12.4,2.81
2021,12,27,09,40,241,7.9,9.8,1014.4,12.4,2.62
2021,12,27,12,40,263,7.3,9.5,1013.0,12.5,2.56
2021,12,27,15,40,323,7.6,9.9,1012.8,12.5,2.37
2021,12,27,18,40,305,11.1,13.1,1014.1,12.4,2.44
2021,12,27,21,40,313,10.0,12.3,1013.2,12.4,2.57
2021,12,28,00,40,311,9.8,12.3,1013.3,12.3,2.72
2021,12,28,03,40,330,10.0,13.8,1014.0,12.3,2.65
2021,12,28,06,40,325,9.9,12.6,1013.4,12.1,2.66
2021,12,28,09,40,328,8.5,11.1,1013.3,12.2,2.38
2021,12,28,13,40,340,3.6,5.7,1012.9,12.0,2.04
2021,12,28,16,40,120,3.2,5.8,1012.8,11.9,1.75
2021,12,28,19,40,110,5.9,8.0,1012.6,11.8,1.58
2021,12,28,22,40,105,7.3,9.4,1010.5,11.9,1.38
2021,12,29,01,40,151,8.1,10.0,1009.9,12.1,1.29
2021,12,29,04,40,153,9.4,11.6,1008.3,12.1,1.55
2021,12,29,07,40,169,11.5,14.4,1007.2,12.2,2.07
2021,12,29,10,40,296,4.0,5.5,1006.4,12.3,1.55
2021,12,29,13,40,298,2.0,3.1,1004.8,12.3,1.59
2021,12,29,16,40,86,5.0,7.0,1005.6,12.2,1.78
2021,12,29,19,40,80,6.9,9.0,1007.0,12.2,1.89
2021,12,29,22,40,64,9.7,11.7,1007.1,11.8,2.03
2021,12,30,01,40,63,10.2,12.6,1009.1,11.8,1.89
2021,12,30,04,40,68,11.0,13.2,1010.6,11.9,1.98
2021,12,30,07,40,72,9.6,11.7,1012.2,12.0,1.93
2021,12,30,10,40,71,8.9,11.2,1013.0,12.0,1.99
2021,12,30,13,40,72,5.2,7.4,1012.8,12.1,2.27
2021,12,30,16,40,36,2.2,3.3,1014.1,12.1,2.18
2021,12,30,19,40,60,1.4,2.6,1014.1,12.1,2.45
2021,12,30,22,40,321,7.0,8.9,1013.1,12.0,2.05
2021,12,31,01,40,313,7.0,9.7,1012.9,11.9,2.06
2021,12,31,04,40,331,8.1,10.1,1013.0,11.9,2.07
2021,12,31,07,40,330,8.0,9.7,1013.2,11.4,1.92
2021,12,31,10,40,331,7.7,9.8,1013.1,11.4,1.78
2021,12,31,13,40,318,9.0,11.5,1011.7,11.3,1.68
2021,12,31,16,40,336,10.8,13.4,1013.2,11.3,2.18
2021,12,31,19,40,323,11.2,13.7,1013.8,11.5,2.35
2021,12,31,22,40,325,12.8,15.5,1013.2,11.7,2.37
2022,01,01,01,40,322,12.5,15.4,1013.9,11.7,2.50
2022,01,01,04,40,333,10.2,12.6,1016.1,11.8,2.52
2022,01,01,07,40,334,9.3,11.7,1018.1,11.7,2.18
2022,01,01,10,40,342,5.8,6.9,1019.3,11.6,1.99
2022,01,01,13,40,338,3.8,5.4,1020.7,11.6,1.73
2022,01,01,16,40,347,2.3,3.3,1023.1,11.6,1.58
2022,01,01,19,40,90,2.3,4.3,1024.1,11.6,1.60
2022,01,01,22,40,336,0.2,1.2,1023.5,11.8,1.54
2022,01,02,01,40,306,2.0,3.3,1023.7,11.7,1.36
2022,01,02,04,40,358,0.9,1.9,1025.2,11.7,1.45
2022,01,02,07,40,75,4.4,5.8,1025.6,11.6,1.37
2022,01,02,10,40,93,7.0,8.6,1025.3,11.6,1.43
2022,01,02,13,40,94,7.0,8.7,1025.2,11.5,1.40
2022,01,02,16,40,86,6.8,8.4,1026.0,11.2,1.26
2022,01,02,19,40,81,6.1,7.4,1025.5,11.4,1.25
2022,01,02,22,40,109,3.5,4.7,1023.8,11.4,1.11
2022,01,03,01,40,201,3.1,3.9,1023.2,11.4,1.08
2022,01,03,04,40,210,4.9,5.9,1023.1,11.4,0.98
2022,01,03,07,40,200,5.4,6.6,1023.6,11.4,0.92
2022,01,03,10,40,197,5.4,6.8,1023.2,11.4,0.98
2022,01,03,13,40,173,6.5,7.7,1022.2,11.4,0.98
2022,01,03,16,40,160,8.4,10.3,1022.7,11.4,1.40
2022,01,03,19,40,172,10.5,13.1,1022.7,11.5,1.82
2022,01,03,22,40,179,10.1,12.4,1021.3,11.6,2.10
2022,01,04,01,40,189,9.4,11.7,1021.8,11.6,2.51
2022,01,04,04,40,204,6.7,8.0,1023.3,11.6,3.26
2022,01,04,07,40,189,4.1,5.8,1024.6,11.6,3.62
2022,01,04,10,40,203,5.0,6.1,1025.0,11.6,3.87
2022,01,04,13,40,285,0.6,2.5,1025.7,11.6,3.97
2022,01,04,16,40,152,2.0,3.5,1027.1,11.6,3.23
2022,01,04,19,40,155,2.1,4.1,1027.3,11.9,3.48
2022,01,04,22,40,177,0.6,2.6,1026.5,12.2,3.35
2022,01,05,01,40,238,2.2,3.7,1027.3,12.1,3.15
2022,01,05,04,40,268,2.1,3.5,1027.8,12.0,3.47
2022,01,05,07,40,270,2.3,4.4,1027.8,12.0,2.95
2022,01,05,10,40,246,2.2,4.4,1027.3,12.0,3.05
2022,01,05,13,40,164,2.2,4.2,1026.8,12.0,2.43
2022,01,05,16,40,164,3.9,5.5,1026.8,11.9,2.75
2022,01,05,19,40,188,2.3,3.5,1026.5,12.1,2.12
2022,01,05,22,40,326,3.8,5.3,1024.4,12.4,2.17
2022,01,06,01,40,340,2.3,3.3,1023.5,12.3,2.04
2022,01,06,04,40,348,3.1,4.5,1023.6,12.0,1.91
2022,01,06,07,40,340,4.5,5.6,1022.9,12.0,2.05
2022,01,06,10,40,351,3.6,5.1,1021.9,12.0,2.20
2022,01,06,13,40,316,2.5,3.8,1021.0,11.9,1.85
2022,01,06,16,40,52,0.7,2.1,1020.4,11.9,1.59
2022,01,06,19,40,297,1.8,2.6,1020.0,12.0,1.59
2022,01,06,22,40,356,2.0,3.1,1017.1,12.1,1.44
2022,01,07,01,40,312,3.5,4.8,1016.2,12.1,1.32
2022,01,07,04,40,296,1.8,2.8,1016.2,11.9,1.25
2022,01,07,07,40,237,3.2,4.1,1015.5,11.8,1.25
2022,01,07,10,40,238,3.3,4.2,1015.3,11.8,1.20
2022,01,07,14,40,191,5.1,7.4,1014.4,12.0,1.09
2022,01,07,17,40,185,8.3,10.4,1015.4,11.9,1.21
2022,01,07,20,40,305,4.1,5.1,1015.0,12.1,1.20
2022,01,07,23,40,308,5.1,6.5,1015.1,12.2,1.68
2022,01,08,02,40,313,6.1,7.6,1016.3,11.9,1.87
2022,01,08,05,40,314,7.9,9.8,1017.7,11.8,2.07
2022,01,08,08,40,325,7.8,9.6,1017.8,11.7,2.15
2022,01,08,11,40,333,7.5,9.2,1019.3,11.6,1.97
2022,01,08,14,40,351,4.5,5.9,1020.2,11.6,2.26
2022,01,08,17,40,88,5.3,7.2,1021.9,11.6,1.99
2022,01,08,20,40,82,6.0,7.9,1021.3,11.7,2.20
2022,01,08,23,40,58,3.6,4.8,1020.7,11.8,2.04
2022,01,09,02,40,335,4.5,5.5,1021.2,11.7,1.81
2022,01,09,05,40,73,3.3,4.5,1021.9,11.7,1.64
2022,01,09,08,40,90,5.5,7.2,1022.4,11.5,1.99
2022,01,09,12,40,86,7.2,8.9,1022.4,11.5,1.63
2022,01,09,15,40,85,9.8,12.2,1023.8,11.5,1.68
2022,01,09,18,40,80,10.1,12.3,1025.2,11.6,1.51
2022,01,09,21,40,79,8.7,10.7,1024.1,11.7,1.49
2022,01,10,00,40,81,7.2,8.6,1025.6,11.7,1.18
2022,01,10,04,40,103,5.8,7.4,1028.1,11.6,1.00
2022,01,10,07,40,104,5.7,7.3,1029.3,11.6,0.96
2022,01,10,11,40,100,5.2,6.5,1028.7,11.6,0.93
2022,01,10,14,40,81,4.6,6.0,1029.6,11.5,0.78
2022,01,10,17,40,88,6.6,8.2,1030.8,11.5,0.80
2022,01,10,20,40,15,2.6,3.5,1029.9,11.7,0.94
2022,01,10,23,40,296,2.4,3.6,1028.8,12.0,1.13
2022,01,11,02,40,30,0.7,1.3,1029.2,11.7,1.34
2022,01,11,05,40,354,0.9,1.4,1029.8,11.6,1.32
2022,01,11,08,40,326,1.2,2.2,1029.7,11.3,1.45
2022,01,11,11,40,71,3.0,4.3,1028.9,11.3,1.30
2022,01,11,14,40,69,2.1,3.4,1028.3,11.4,1.82
2022,01,11,17,40,73,3.8,5.8,1029.9,11.7,2.46
2022,01,11,20,40,67,2.6,4.5,1027.9,11.9,2.59
2022,01,11,23,40,317,4.0,5.6,1026.9,12.2,2.86
2022,01,12,02,40,334,2.5,3.9,1026.2,12.0,2.77
2022,01,12,05,40,319,0.8,2.2,1026.8,11.6,2.92
2022,01,12,08,40,339,1.6,2.6,1026.4,11.6,3.12
2022,01,12,11,40,90,6.2,9.1,1024.3,11.5,2.97
2022,01,12,14,40,57,1.9,3.5,1024.9,11.5,2.89
2022,01,12,17,40,65,8.3,11.1,1025.2,11.7,2.69
2022,01,12,20,40,90,5.4,7.6,1024.5,11.8,2.45
2022,01,12,23,40,54,3.3,4.8,1022.7,11.9,2.60
2022,01,13,02,40,325,2.4,3.6,1024.4,11.9,2.60
2022,01,13,05,40,92,2.2,4.5,1024.7,11.8,2.25
2022,01,13,08,40,336,1.2,2.9,1025.1,11.6,2.25
2022,01,13,11,40,328,3.7,4.8,1024.9,11.6,2.19
2022,01,13,14,40,326,7.4,8.9,1025.6,11.6,2.04
2022,01,13,17,40,322,7.4,9.4,1026.6,11.7,2.17
2022,01,13,20,40,314,4.8,6.7,1025.3,11.8,2.22
2022,01,13,23,40,331,8.3,10.3,1023.9,11.9,2.46
2022,01,14,02,40,340,7.6,10.7,1024.3,11.8,3.04
2022,01,14,05,40,332,6.9,8.7,1023.9,11.8,3.04
2022,01,14,08,40,332,5.4,7.0,1023.9,11.8,2.85
2022,01,14,11,40,346,4.4,5.9,1023.8,11.7,3.01
2022,01,14,14,40,319,2.2,3.8,1023.5,11.7,2.83
2022,01,14,17,40,343,2.9,4.1,1024.1,11.7,2.68
2022,01,14,20,40,302,4.0,5.4,1022.0,11.9,2.56
2022,01,14,23,40,259,1.6,3.5,1021.2,12.1,2.54
2022,01,15,02,40,326,3.5,4.5,1021.8,12.0,2.04
2022,01,15,05,40,329,3.3,4.5,1022.2,11.8,2.07
2022,01,15,08,40,64,5.7,8.1,1021.8,11.8,2.16
2022,01,15,11,40,76,8.7,11.1,1021.6,11.7,2.40
2022,01,15,14,40,81,10.3,14.3,1021.6,11.7,2.86
2022,01,15,17,40,80,9.2,12.0,1022.5,11.7,2.46
2022,01,15,20,40,82,6.2,8.6,1021.9,11.7,2.39
2022,01,15,23,40,92,6.1,8.9,1021.5,11.8,2.24
2022,01,16,02,40,83,2.2,3.8,1022.3,11.8,2.69
2022,01,16,05,40,64,0.9,2.4,1022.4,11.8,2.64
2022,01,16,09,40,121,2.8,4.9,1021.3,11.7,2.35
2022,01,16,12,40,78,4.5,7.3,1020.6,11.7,2.20
2022,01,16,15,40,72,3.9,5.6,1020.0,11.7,2.25
2022,01,16,18,40,86,4.0,5.5,1020.5,11.8,1.98
2022,01,16,21,40,69,2.9,4.3,1018.9,11.8,1.96
2022,01,17,00,40,328,1.9,2.7,1018.4,11.8,2.06
2022,01,17,03,40,8,1.5,2.3,1018.2,11.8,2.15
2022,01,17,06,40,29,0.2,1.2,1018.6,11.8,1.86
2022,01,17,09,40,91,2.8,4.0,1017.9,11.7,1.67
2022,01,17,12,40,77,4.7,6.3,1017.2,11.7,1.67
2022,01,17,15,40,83,4.0,5.4,1018.0,11.7,1.66
2022,01,17,18,40,89,4.7,6.7,1019.1,11.8,1.52
2022,01,17,21,40,332,3.1,4.5,1017.7,12.0,1.45
2022,01,18,00,40,312,2.5,3.3,1017.6,12.1,1.40
2022,01,18,03,40,319,6.0,7.2,1018.4,12.0,1.45
2022,01,18,06,40,321,5.5,6.6,1019.0,11.9,1.48
2022,01,18,09,40,308,4.5,5.8,1019.6,11.8,1.30
2022,01,18,12,40,306,4.2,5.4,1019.9,11.8,1.48
2022,01,18,15,40,319,4.7,6.0,1021.0,11.8,1.63
2022,01,18,18,40,315,4.8,6.1,1022.4,11.8,1.62
2022,01,18,21,40,293,3.5,4.7,1020.9,12.0,1.53
2022,01,19,00,40,308,5.5,6.9,1021.0,11.9,1.57
2022,01,19,03,40,318,5.4,7.2,1021.9,11.9,1.76
2022,01,19,06,40,320,4.3,6.3,1022.7,11.9,1.69
2022,01,19,09,40,45,0.9,2.2,1022.8,11.9,1.52
2022,01,19,12,40,26,1.6,3.2,1023.6,11.9,1.63
2022,01,19,15,40,79,2.0,3.5,1024.5,11.9,1.60
2022,01,19,18,40,92,1.4,2.3,1026.0,12.0,1.44
2022,01,19,21,40,320,6.1,7.7,1024.2,12.1,1.45
2022,01,20,00,40,321,7.7,9.1,1024.0,12.1,1.41
2022,01,20,03,40,315,5.7,7.3,1025.0,12.0,1.39
2022,01,20,06,40,308,5.3,7.0,1025.9,11.9,1.46
2022,01,20,09,40,354,1.8,3.4,1026.3,11.9,1.47
2022,01,20,12,40,39,1.9,2.7,1026.6,11.9,1.33
2022,01,20,15,40,332,2.0,3.4,1027.2,11.9,1.27
2022,01,20,18,40,325,4.2,5.5,1029.1,11.9,1.25
2022,01,20,21,40,247,1.3,2.0,1025.8,12.3,1.26
2022,01,21,00,40,312,4.8,5.9,1025.4,12.2,1.40
2022,01,21,03,40,310,3.8,5.3,1025.6,12.1,1.40
2022,01,21,06,40,339,3.0,3.9,1024.5,12.1,1.39
2022,01,21,09,40,4,1.3,2.2,1023.6,12.0,1.55
2022,01,21,12,40,347,3.5,4.7,1023.3,12.0,1.91
2022,01,21,15,40,297,1.3,2.3,1023.7,11.9,1.87
2022,01,21,18,40,337,6.7,8.1,1023.1,11.9,1.98
2022,01,21,21,40,354,3.9,7.3,1020.6,12.1,2.00
2022,01,22,00,40,343,4.9,6.3,1020.2,12.2,1.97
2022,01,22,03,40,20,5.5,6.4,1019.8,12.1,1.70
2022,01,22,06,40,44,6.9,11.2,1019.5,12.0,1.95
2022,01,22,09,40,38,4.0,5.6,1018.8,12.0,1.78
2022,01,22,12,40,145,1.3,3.1,1019.2,11.9,1.62
2022,01,22,15,40,83,1.8,4.2,1020.0,12.1,1.36
2022,01,22,18,40,32,2.1,3.1,1021.0,12.1,1.45
2022,01,22,21,40,107,1.7,3.2,1018.6,12.5,1.11
2022,01,23,00,40,326,4.1,5.9,1019.4,12.5,1.16
2022,01,23,03,40,328,4.4,5.4,1020.2,12.2,1.05
2022,01,23,06,40,78,0.3,0.7,1021.6,12.1,1.00
2022,01,23,09,40,151,3.3,4.4,1022.7,12.0,1.00
2022,01,23,12,40,89,6.4,7.7,1022.9,12.0,1.06
2022,01,23,15,40,86,7.1,8.5,1024.6,11.9,1.19
2022,01,23,18,40,103,5.6,7.2,1026.2,11.9,1.04
2022,01,23,21,40,197,1.4,2.1,1024.3,12.2,1.12
2022,01,24,00,40,238,2.0,2.6,1024.1,12.4,1.44
2022,01,24,03,40,335,2.1,2.7,1024.4,12.1,1.53
2022,01,24,06,40,303,2.2,3.3,1024.7,12.1,2.14
2022,01,24,09,40,313,2.0,2.8,1023.5,12.0,2.09
2022,01,24,12,40,315,2.7,3.5,1022.4,12.0,2.01
2022,01,24,15,40,318,2.1,3.2,1022.6,12.0,2.04
2022,01,24,18,40,310,2.6,3.5,1023.0,12.1,2.20
2022,01,24,21,40,297,4.6,6.7,1020.7,12.2,2.50
2022,01,25,00,40,305,6.1,8.0,1019.7,12.2,1.90
2022,01,25,03,40,313,6.3,8.0,1019.1,12.1,2.06
2022,01,25,06,40,313,6.8,8.4,1019.1,12.1,2.47
2022,01,25,09,40,330,8.0,10.1,1019.1,12.1,2.28
2022,01,25,12,40,323,6.4,8.0,1018.4,12.1,2.07
2022,01,25,15,40,333,5.8,7.2,1019.1,12.1,2.23
2022,01,25,18,40,318,5.4,6.7,1019.6,12.1,2.07
2022,01,25,21,40,312,5.5,7.1,1017.6,12.2,1.83
2022,01,26,00,40,315,5.8,8.0,1017.5,12.2,2.10
2022,01,26,03,40,313,5.1,7.4,1018.3,12.1,2.38
2022,01,26,06,40,328,3.4,5.1,1019.5,12.1,2.31
2022,01,26,09,40,340,4.3,5.9,1019.5,12.1,2.19
2022,01,26,12,40,85,4.8,7.6,1019.8,12.0,2.32
2022,01,26,15,40,17,3.6,5.9,1021.1,12.0,2.28
2022,01,26,18,40,42,4.6,5.9,1021.9,12.1,2.11
2022,01,26,21,40,93,4.8,6.6,1020.0,12.1,1.99
2022,01,27,00,40,328,2.5,3.7,1020.1,12.2,2.31
2022,01,27,03,40,214,0.3,0.8,1021.1,12.1,1.85
2022,01,27,06,40,188,0.9,1.5,1022.0,12.1,1.79
2022,01,27,09,40,147,1.8,3.0,1022.4,12.0,2.10
2022,01,27,12,40,101,4.6,5.9,1021.9,12.0,1.83
2022,01,27,15,40,87,7.0,9.2,1023.2,12.0,1.55
2022,01,27,18,40,58,6.0,7.2,1025.2,12.0,1.54
2022,01,27,21,40,349,2.6,3.5,1023.2,12.3,1.38
2022,01,28,00,40,337,3.2,4.3,1023.1,12.4,1.36
2022,01,28,03,40,356,2.9,3.7,1023.9,12.2,1.21
2022,01,28,06,40,101,3.7,5.2,1024.9,12.1,1.47
2022,01,28,09,40,62,3.1,4.4,1024.9,12.1,1.16
2022,01,28,12,40,85,7.9,10.4,1024.4,12.1,1.24
2022,01,28,15,40,86,8.4,10.0,1024.9,12.1,1.20
2022,01,28,18,40,96,6.9,8.8,1026.4,12.0,1.12
2022,01,28,21,40,85,5.6,7.2,1024.8,12.1,1.04
2022,01,29,00,40,85,4.8,5.6,1023.9,12.1,0.91
2022,01,29,03,40,86,3.4,4.2,1023.7,12.1,0.93
2022,01,29,06,40,88,3.2,4.2,1023.8,12.0,0.94
2022,01,29,09,40,103,3.3,4.3,1023.7,12.0,0.90
2022,01,29,12,40,307,1.2,3.3,1023.2,12.0,1.09
2022,01,29,15,40,72,3.0,4.0,1023.5,12.0,1.16
2022,01,29,18,40,10,2.0,2.7,1025.0,12.1,1.15
2022,01,29,21,40,321,1.4,2.2,1023.4,12.3,1.26
2022,01,30,00,40,309,6.1,7.7,1022.4,12.4,1.41
2022,01,30,03,40,328,7.9,9.8,1022.9,12.1,1.64
2022,01,30,06,40,307,3.1,4.0,1022.9,12.0,1.72
2022,01,30,09,40,309,5.5,7.0,1023.1,12.1,1.49
2022,01,30,12,40,318,6.3,8.1,1023.4,12.1,1.44
2022,01,30,15,40,88,1.5,2.6,1023.0,11.9,1.34
2022,01,30,18,40,302,4.7,6.7,1025.8,12.0,1.34
2022,01,30,21,40,318,5.0,7.5,1023.7,12.2,1.30
2022,01,31,00,40,319,6.0,7.2,1023.5,12.2,1.25
2022,01,31,03,40,314,6.6,8.2,1024.5,12.2,1.64
2022,01,31,06,40,319,8.8,11.1,1024.7,12.2,1.74
2022,01,31,09,40,323,7.8,10.7,1024.1,12.2,1.91
2022,01,31,12,40,341,6.9,8.1,1023.5,12.2,1.86
2022,01,31,15,40,339,5.4,6.9,1023.8,12.1,1.83
2022,01,31,18,40,327,7.7,9.2,1023.9,12.1,1.95
2022,01,31,21,40,324,9.6,11.8,1021.3,12.2,1.97
2022,02,01,00,40,317,8.7,11.2,1020.2,12.1,2.47
2022,02,01,03,40,329,10.9,13.0,1019.2,12.1,2.62
2022,02,01,06,40,327,9.1,11.6,1019.0,12.1,3.26
2022,02,01,09,40,330,7.5,9.3,1018.2,12.0,3.21
2022,02,01,12,40,335,7.7,9.8,1018.0,12.0,2.90
2022,02,01,15,40,340,7.2,9.2,1018.6,12.0,3.23
2022,02,01,18,40,350,5.1,6.5,1019.5,12.0,3.20
2022,02,01,21,40,316,9.6,11.7,1017.7,12.1,2.73
2022,02,02,00,40,334,9.8,12.3,1017.4,12.1,3.11
2022,02,02,03,40,328,8.2,10.3,1019.4,12.1,2.73
2022,02,02,06,40,328,7.8,10.5,1019.8,12.1,2.99
2022,02,02,09,40,329,7.0,9.4,1020.0,12.1,2.74
2022,02,02,12,40,318,6.3,8.1,1020.5,12.1,2.90
2022,02,02,15,40,343,7.1,9.2,1022.0,12.0,2.63
2022,02,02,18,40,313,6.3,8.2,1023.9,12.0,2.47
2022,02,02,21,40,357,7.3,8.6,1021.7,12.1,2.36
2022,02,03,00,40,321,9.2,12.0,1022.1,12.1,1.95
2022,02,03,03,40,329,8.9,12.2,1022.8,12.1,2.09
2022,02,03,06,40,319,6.7,8.7,1023.5,12.1,2.14
2022,02,03,09,40,320,7.3,9.1,1023.8,12.1,2.26
2022,02,03,12,40,326,6.6,9.0,1023.7,12.0,1.96
2022,02,03,15,40,327,5.1,6.6,1024.6,12.0,2.08
2022,02,03,18,40,341,4.2,5.3,1025.4,12.1,2.17
2022,02,03,21,40,315,7.4,9.4,1024.7,12.2,1.90
2022,02,04,00,40,323,6.7,8.2,1024.4,12.1,1.86
2022,02,04,03,40,314,6.0,7.2,1025.1,12.1,1.85
2022,02,04,06,40,346,3.4,4.5,1026.1,12.0,1.62
2022,02,04,09,40,115,3.4,4.6,1026.9,12.0,1.49
2022,02,04,12,40,357,2.6,3.4,1028.6,11.9,1.57
2022,02,04,15,40,66,5.5,7.2,1029.9,11.9,1.54
2022,02,04,18,40,74,7.9,9.7,1030.7,12.0,1.45
2022,02,04,21,40,67,1.1,1.9,1030.1,12.2,1.28
2022,02,05,00,40,334,3.3,4.1,1029.8,12.1,1.22
2022,02,05,03,40,327,5.3,6.5,1029.8,12.0,1.37
2022,02,05,06,40,336,4.2,5.4,1029.3,12.0,1.32
2022,02,05,09,40,325,4.2,5.0,1028.6,12.0,1.18
2022,02,05,12,40,355,1.0,1.5,1027.1,12.1,1.23
2022,02,05,15,40,358,0.9,1.8,1027.6,12.0,1.26
2022,02,05,18,40,68,1.9,2.6,1027.8,12.1,1.27
2022,02,05,21,40,311,2.6,3.3,1025.3,12.3,1.17
2022,02,06,00,40,321,5.5,6.5,1024.8,12.3,1.29
2022,02,06,05,40,298,5.5,6.8,1025.3,12.1,1.32
2022,02,06,08,40,326,3.4,4.3,1024.8,12.1,1.93
2022,02,06,11,40,22,3.5,4.3,1024.7,12.1,1.99
2022,02,06,14,40,325,1.6,2.6,1025.6,12.0,2.03
2022,02,06,17,40,317,3.6,4.6,1026.8,12.1,1.90
2022,02,06,20,40,312,6.0,7.5,1025.7,12.1,1.80
2022,02,06,23,40,310,5.2,6.8,1024.0,12.3,1.57
2022,02,07,03,40,329,6.9,8.9,1024.8,12.1,1.65
2022,02,07,06,40,315,5.6,7.5,1026.8,12.1,1.68
2022,02,07,09,40,327,4.3,6.1,1026.6,12.1,1.67
2022,02,07,12,40,334,5.7,7.2,1026.7,12.0,1.62
2022,02,07,15,40,354,4.0,5.0,1027.6,12.0,1.79
2022,02,07,18,40,320,1.6,2.9,1028.7,12.1,1.85
2022,02,07,21,40,317,6.4,7.9,1026.8,12.3,2.06
2022,02,08,01,40,313,6.6,7.8,1025.6,12.2,1.71
2022,02,08,04,40,316,5.8,7.4,1026.8,12.1,1.64
2022,02,08,07,40,301,5.4,6.6,1027.1,12.1,1.55
2022,02,08,10,40,358,1.0,1.9,1026.2,12.1,1.61
2022,02,08,13,40,312,3.9,5.5,1025.6,12.1,1.78
2022,02,08,16,40,352,2.4,3.4,1027.0,12.1,1.62
2022,02,08,19,40,309,2.0,3.2,1026.5,12.3,1.75
2022,02,08,22,40,307,6.5,8.7,1024.2,12.4,1.70
2022,02,09,01,40,298,2.6,3.8,1023.5,12.4,1.49
2022,02,09,04,40,317,0.3,1.2,1023.6,12.3,1.85
2022,02,09,07,40,349,1.8,2.5,1023.9,12.2,2.02
2022,02,09,11,40,76,2.8,4.3,1022.7,12.1,2.00
2022,02,09,14,40,70,2.9,6.8,1023.1,12.1,2.11
2022,02,09,17,40,81,5.6,7.6,1023.3,12.2,2.00
2022,02,09,20,40,35,1.0,2.3,1022.6,12.3,1.82
2022,02,09,23,40,337,3.8,5.3,1021.3,12.6,1.70
2022,02,10,02,40,333,2.6,3.5,1020.9,12.6,1.68
2022,02,10,05,40,299,2.5,3.4,1021.0,12.4,1.80
2022,02,10,08,40,19,1.1,2.0,1020.7,12.3,1.88
2022,02,10,11,40,80,3.0,4.4,1020.9,12.2,1.96
2022,02,10,14,40,65,3.9,5.1,1020.9,12.1,1.86
2022,02,10,17,40,79,3.2,4.4,1022.0,12.2,2.05
2022,02,10,20,40,66,1.5,2.9,1021.5,12.8,2.21
2022,02,10,23,40,262,2.0,3.0,1020.3,13.3,2.34
2022,02,11,02,40,261,2.8,4.0,1020.5,13.4,2.03
2022,02,11,05,40,25,1.3,2.2,1019.9,13.0,2.01
2022,02,11,08,40,322,1.7,2.9,1019.0,12.7,2.09
2022,02,11,11,40,346,1.8,2.4,1018.5,12.3,1.57
2022,02,11,14,40,6,0.2,1.3,1019.0,12.4,1.85
2022,02,11,17,40,288,0.9,1.7,1020.4,12.7,1.45
2022,02,11,20,40,306,3.0,4.0,1019.4,13.3,1.52
2022,02,11,23,40,308,3.9,5.0,1018.0,13.2,1.72
2022,02,12,02,40,315,5.1,6.3,1017.9,12.9,1.54
2022,02,12,05,40,321,4.0,5.0,1018.9,12.6,1.57
2022,02,12,08,40,312,4.7,6.3,1018.9,12.5,1.47
2022,02,12,11,40,326,2.9,4.1,1018.6,12.5,1.38
2022,02,12,14,40,308,2.7,3.7,1019.2,12.4,1.35
2022,02,12,17,40,21,2.1,3.0,1020.8,12.8,1.20
2022,02,12,20,40,59,4.0,5.9,1020.5,13.0,1.20
2022,02,12,23,40,335,2.0,2.6,1019.5,13.1,1.13
2022,02,13,02,40,320,2.0,2.7,1020.8,13.3,1.13
2022,02,13,05,40,182,0.0,0.4,1022.0,13.3,1.02
2022,02,13,08,40,132,1.4,1.9,1022.2,13.1,0.96
2022,02,13,11,40,210,0.8,1.3,1022.2,13.0,1.02
2022,02,13,14,40,134,2.2,3.0,1022.9,12.7,0.90
2022,02,13,17,40,272,2.5,3.8,1024.9,12.9,0.97
2022,02,13,20,40,282,3.8,4.6,1024.2,13.4,0.92
2022,02,13,23,40,301,4.8,5.9,1022.7,13.1,0.95
2022,02,14,02,40,311,4.8,6.1,1022.6,12.8,0.94
2022,02,14,05,40,320,5.5,6.9,1023.6,12.7,1.06
2022,02,14,08,40,325,5.7,7.2,1023.6,12.8,0.96
2022,02,14,11,40,324,5.5,7.8,1022.7,13.0,1.02
2022,02,14,14,40,315,5.7,8.0,1021.9,12.8,1.05
2022,02,14,17,40,311,6.4,8.2,1022.5,12.7,1.22
2022,02,14,20,40,305,8.2,10.3,1020.8,12.6,1.39
2022,02,14,23,40,304,9.8,13.1,1018.9,12.7,1.71
2022,02,15,02,40,305,10.8,14.4,1017.5,12.7,1.96
2022,02,15,06,40,312,12.7,16.2,1017.8,12.4,2.42
2022,02,15,09,40,313,12.8,16.0,1017.1,12.2,2.73
2022,02,15,12,40,324,13.4,16.8,1016.2,12.1,3.30
2022,02,15,15,40,325,11.5,13.8,1016.5,12.0,2.65
2022,02,15,18,40,330,10.3,12.4,1017.2,12.0,2.76
2022,02,15,21,40,324,12.5,15.3,1015.0,11.8,2.74
2022,02,16,00,40,324,9.8,12.4,1014.5,11.9,2.92
2022,02,16,03,40,326,9.3,11.1,1015.4,11.9,2.81
2022,02,16,06,40,326,8.0,10.5,1016.3,11.8,2.77
2022,02,16,09,40,305,6.8,8.6,1017.0,11.8,2.49
2022,02,16,12,40,319,8.8,11.5,1017.5,11.7,2.80
2022,02,16,15,40,318,9.9,12.8,1017.8,11.8,2.69
2022,02,16,18,40,319,9.0,10.8,1019.0,11.7,3.08
2022,02,16,21,40,315,9.7,12.4,1018.2,11.7,2.97
2022,02,17,00,40,325,10.4,13.3,1018.9,11.7,3.18
2022,02,17,03,40,330,8.5,10.6,1020.0,11.7,3.02
2022,02,17,06,40,303,3.8,5.9,1021.5,11.6,2.93
2022,02,17,09,40,326,6.1,7.6,1022.3,11.6,3.23
2022,02,17,12,40,357,3.4,4.8,1023.2,11.6,3.09
2022,02,17,15,40,93,3.4,5.3,1025.4,11.6,2.45
2022,02,17,18,40,312,2.1,3.8,1027.2,11.8,2.47
2022,02,17,21,40,274,4.5,5.7,1026.6,12.1,2.18
2022,02,18,00,40,316,4.1,5.6,1025.7,12.0,2.26
2022,02,18,03,40,304,1.7,2.8,1027.0,11.8,2.22
2022,02,18,06,40,262,1.5,2.8,1027.3,11.6,2.31
2022,02,18,09,40,273,0.8,1.7,1026.9,11.6,1.89
2022,02,18,12,40,341,2.1,3.3,1025.8,11.6,1.79
2022,02,18,15,40,336,0.8,1.7,1026.3,11.6,1.75
2022,02,18,18,40,355,1.4,2.3,1026.3,11.8,1.55
2022,02,18,21,40,313,5.8,7.2,1024.7,12.0,1.73
2022,02,19,00,40,327,5.4,6.5,1023.3,11.7,1.74
2022,02,19,03,40,335,6.5,8.7,1023.0,11.7,1.55
2022,02,19,06,40,332,5.7,7.1,1022.7,11.6,1.40
2022,02,19,09,40,336,2.7,4.2,1022.4,11.6,1.30
2022,02,19,12,40,25,1.2,2.1,1021.6,11.6,1.42
2022,02,19,15,40,325,2.0,2.9,1021.5,11.5,1.32
2022,02,19,18,40,302,3.1,4.3,1022.1,11.7,1.34
2022,02,19,21,40,313,6.3,8.2,1020.5,11.9,1.42
2022,02,20,00,40,320,6.2,7.5,1018.7,11.8,1.59
2022,02,20,03,40,316,8.5,10.1,1018.6,11.7,1.42
2022,02,20,06,40,314,8.2,10.9,1018.6,11.8,1.69
2022,02,20,09,40,299,5.8,8.0,1017.9,12.0,1.80
2022,02,20,12,40,311,6.0,7.8,1016.6,11.9,2.03
2022,02,20,15,40,296,6.1,8.0,1016.8,11.8,1.96
2022,02,20,18,40,304,7.3,9.6,1017.0,11.9,2.51
2022,02,20,21,40,310,7.5,10.0,1015.4,11.9,2.59
2022,02,21,00,40,312,11.8,16.4,1014.4,11.8,3.24
2022,02,21,03,40,303,13.0,17.5,1014.1,11.7,3.44
2022,02,21,06,40,320,14.3,18.1,1014.6,11.5,4.09
2022,02,21,09,40,322,15.7,19.4,1014.3,11.4,4.06
2022,02,21,12,40,319,13.7,17.3,1015.0,11.3,3.54
2022,02,21,15,40,325,12.7,16.1,1016.7,11.3,3.19
2022,02,21,18,40,318,13.1,16.7,1018.4,11.3,3.18
2022,02,21,21,40,306,12.1,14.6,1017.5,11.3,2.56
2022,02,22,00,40,298,9.9,12.6,1017.3,11.2,2.34
2022,02,22,03,40,275,7.2,9.0,1016.7,11.1,1.81
2022,02,22,06,40,311,8.3,10.1,1017.2,11.0,2.11
2022,02,22,09,40,308,8.2,10.3,1017.0,11.0,2.13
2022,02,22,12,40,314,9.2,15.4,1016.2,11.0,2.16
2022,02,22,15,40,306,7.7,10.2,1016.1,10.9,2.29
2022,02,22,18,40,299,12.1,15.0,1016.5,10.8,2.50
2022,02,22,21,40,304,10.5,13.3,1014.4,10.8,2.36
2022,02,23,00,40,307,10.3,12.9,1013.4,10.7,2.51
2022,02,23,03,40,323,10.8,13.4,1013.9,10.7,2.54
2022,02,23,06,40,332,7.4,8.7,1014.7,10.7,2.31
2022,02,23,09,40,347,6.2,7.7,1016.0,10.6,2.25
2022,02,23,12,40,339,5.8,7.5,1017.2,10.6,2.22
2022,02,23,15,40,352,3.4,5.6,1019.5,10.6,1.96
2022,02,23,18,40,70,2.1,3.9,1021.5,10.8,1.96
2022,02,23,21,40,289,6.2,8.6,1021.4,10.9,1.90
2022,02,24,00,40,314,8.6,10.3,1021.7,10.8,2.08
2022,02,24,03,40,318,7.6,9.5,1023.4,10.7,2.01
2022,02,24,06,40,322,7.4,8.9,1024.4,10.6,1.88
2022,02,24,09,40,333,5.4,7.1,1024.8,10.6,1.72
2022,02,24,12,40,340,1.8,3.3,1025.3,10.7,1.56
2022,02,24,15,40,332,0.7,1.6,1027.2,10.7,1.50
2022,02,24,18,40,267,0.8,1.9,1028.6,10.8,1.47
2022,02,24,21,40,282,3.8,4.9,1027.2,11.2,1.41
2022,02,25,00,40,301,5.3,6.9,1026.1,11.1,1.28
2022,02,25,03,40,308,4.9,6.1,1025.6,10.9,1.25
2022,02,25,06,40,316,5.4,6.6,1026.1,10.9,1.10
2022,02,25,09,40,318,4.0,5.1,1025.8,10.8,1.03
2022,02,25,12,40,17,2.0,2.8,1025.0,10.7,1.00
2022,02,25,15,40,60,1.7,2.6,1026.4,10.7,1.05
2022,02,25,18,40,98,1.4,2.2,1027.3,10.8,1.04
2022,02,25,21,40,304,1.0,1.7,1025.3,11.2,0.90
2022,02,26,00,40,321,6.3,7.8,1025.2,11.1,1.00
2022,02,26,03,40,336,6.9,7.8,1025.6,11.1,1.20
2022,02,26,06,40,304,3.8,4.5,1026.1,10.9,1.30
2022,02,26,09,40,8,2.9,3.5,1026.1,10.9,1.36
2022,02,26,12,40,91,4.6,5.9,1026.1,10.8,1.26
2022,02,26,16,40,70,5.3,6.5,1028.5,10.8,1.40
2022,02,26,19,40,64,3.3,4.2,1029.1,10.9,1.57
2022,02,26,22,40,163,1.3,2.0,1027.8,11.1,1.40
2022,02,27,01,40,179,0.9,1.9,1027.8,11.1,1.78
2022,02,27,04,40,337,2.2,3.2,1029.1,11.1,2.10
2022,02,27,07,40,324,2.7,3.9,1029.7,11.0,2.11
2022,02,27,10,40,77,3.5,5.6,1029.5,10.9,2.44
2022,02,27,13,40,91,7.2,10.2,1028.3,10.9,2.30
2022,02,27,16,40,19,4.1,5.1,1029.7,11.0,2.40
2022,02,27,19,40,332,3.1,5.1,1030.3,11.5,2.66
2022,02,27,22,40,302,4.4,5.7,1028.5,11.7,2.75
2022,02,28,01,40,298,4.7,6.3,1027.3,11.7,2.68
2022,02,28,04,40,321,4.9,6.8,1028.0,11.4,2.50
2022,02,28,07,40,289,4.7,6.6,1027.8,11.2,2.65
2022,02,28,10,40,326,4.0,5.6,1026.8,11.1,2.62
2022,02,28,13,40,333,4.2,5.5,1026.7,11.1,2.58
2022,02,28,16,40,7,2.3,3.2,1027.3,11.1,2.44
2022,02,28,19,40,302,2.8,4.0,1026.6,11.6,2.14
2022,02,28,22,40,302,5.8,7.6,1024.4,11.8,2.35
2022,03,01,01,40,314,6.5,8.9,1023.9,11.7,2.30
2022,03,01,04,40,310,6.1,7.4,1024.7,11.4,2.41
2022,03,01,07,40,305,5.9,7.6,1025.1,11.3,2.69
2022,03,01,10,40,320,4.0,5.0,1024.3,11.2,2.59
2022,03,01,13,40,307,4.3,5.9,1023.8,11.1,2.41
2022,03,01,16,40,324,5.4,7.1,1024.7,11.2,2.39
2022,03,01,19,40,299,6.8,8.4,1024.3,11.4,2.34
2022,03,01,22,40,292,5.8,7.6,1022.1,11.6,2.30
2022,03,02,01,40,306,5.4,7.0,1021.7,11.4,2.16
2022,03,02,04,40,309,5.5,7.2,1022.4,11.6,2.06
2022,03,02,07,40,318,4.2,5.5,1022.0,11.6,2.10
2022,03,02,10,40,320,2.4,4.3,1020.6,11.7,2.54
2022,03,02,13,40,318,3.9,5.4,1020.1,11.6,3.34
2022,03,02,16,40,321,3.6,4.9,1020.3,11.6,2.68
2022,03,02,19,40,288,2.7,4.0,1020.5,11.8,2.45
2022,03,02,22,40,270,2.9,4.2,1018.6,12.1,2.66
2022,03,03,01,40,288,4.0,5.8,1017.2,11.8,2.76
2022,03,03,04,40,293,2.5,3.8,1017.0,11.6,2.32
2022,03,03,07,40,299,2.9,4.5,1016.2,11.6,2.46
2022,03,03,10,40,332,4.5,5.8,1015.0,11.9,2.38
2022,03,03,13,40,315,2.0,3.6,1013.4,11.8,1.94
2022,03,03,16,40,329,4.6,6.0,1014.0,11.8,1.95
2022,03,03,19,40,357,5.7,6.7,1013.6,11.6,1.77
2022,03,03,22,40,309,4.6,5.9,1012.6,11.5,1.90
2022,03,04,01,40,332,4.2,5.4,1012.0,11.5,2.29
2022,03,04,04,40,331,4.1,5.6,1012.5,11.5,2.75
2022,03,04,07,40,316,6.9,9.1,1012.7,11.5,2.97
2022,03,04,10,40,313,9.1,12.0,1013.1,11.3,2.99
2022,03,04,13,40,312,12.4,14.9,1013.7,11.2,3.60
2022,03,04,16,40,316,14.6,18.3,1015.5,11.1,4.05
2022,03,04,19,40,310,14.6,19.3,1016.4,11.1,4.57
2022,03,04,22,40,294,12.9,16.9,1017.6,11.1,3.90
2022,03,05,01,40,299,13.3,16.3,1018.5,11.1,3.08
2022,03,05,05,40,308,6.7,9.4,1018.8,11.0,2.64
2022,03,05,08,40,313,12.4,15.1,1018.4,10.9,2.94
2022,03,05,11,40,316,11.5,14.9,1018.1,10.8,3.16
2022,03,05,14,40,314,12.2,16.1,1018.9,10.7,3.07
2022,03,05,17,40,317,10.3,12.4,1020.5,10.6,2.94
2022,03,05,20,40,318,8.6,10.3,1020.6,10.7,2.75
2022,03,05,23,40,310,10.1,12.3,1021.3,10.5,2.87
2022,03,06,02,40,318,10.1,12.3,1021.6,10.5,3.16
2022,03,06,06,40,323,8.1,10.3,1022.7,10.5,3.16
2022,03,06,09,40,318,8.5,10.5,1022.8,10.5,2.70
2022,03,06,12,40,325,9.5,12.0,1023.8,10.5,2.57
2022,03,06,15,40,324,8.9,11.0,1025.5,10.5,2.80
2022,03,06,18,40,326,8.3,10.6,1027.0,10.5,2.98
2022,03,06,21,40,304,6.6,8.0,1026.1,10.6,2.67
2022,03,07,00,40,291,5.8,7.6,1025.5,10.6,2.11
2022,03,07,03,40,326,5.2,6.6,1026.3,10.5,2.04
2022,03,07,06,40,310,3.5,4.8,1027.4,10.4,2.16
2022,03,07,09,40,322,4.5,5.8,1027.7,10.4,1.84
2022,03,07,12,40,332,4.4,5.5,1027.3,10.4,1.69
2022,03,07,15,40,347,3.3,4.9,1028.6,10.4,1.63
2022,03,07,18,40,326,4.6,5.9,1028.8,10.5,1.53
2022,03,07,21,40,296,6.7,8.1,1026.9,10.6,1.42
2022,03,08,00,40,322,7.7,9.1,1025.6,10.5,1.41
2022,03,08,03,40,331,5.3,7.0,1025.9,10.5,1.29
2022,03,08,06,40,305,4.0,4.9,1024.7,10.5,1.22
2022,03,08,09,40,322,4.7,5.8,1024.1,10.4,1.25
2022,03,08,12,40,348,1.7,2.2,1023.5,10.4,1.16
2022,03,08,15,40,310,1.7,2.5,1023.8,10.4,1.39
2022,03,08,18,40,247,2.2,2.9,1024.0,10.7,1.25
2022,03,08,21,40,318,3.4,4.6,1021.2,11.2,1.32
2022,03,09,00,40,306,6.8,8.2,1019.6,11.0,1.34
2022,03,09,03,40,303,8.5,10.6,1018.1,10.7,1.79
2022,03,09,06,40,330,7.9,9.5,1018.2,10.6,2.15
2022,03,09,09,40,326,7.3,8.9,1017.6,10.6,2.40
2022,03,09,14,40,323,10.3,12.9,1018.0,10.5,2.32
2022,03,09,17,40,317,10.1,13.5,1019.1,10.5,2.16
2022,03,09,21,40,306,11.0,14.3,1017.3,10.8,2.44
2022,03,10,00,40,313,12.5,15.8,1015.5,10.7,3.25
2022,03,10,03,40,311,13.1,17.4,1015.6,10.7,3.14
2022,03,10,06,40,311,13.7,17.2,1015.4,10.7,2.85
2022,03,10,09,40,321,13.3,18.1,1016.5,10.6,3.28
2022,03,10,12,40,322,9.0,10.8,1017.6,10.6,2.37
2022,03,10,15,40,318,7.1,8.7,1020.0,10.6,1.63
2022,03,10,18,40,327,6.3,8.3,1022.1,10.6,1.52
2022,03,10,21,40,303,8.4,10.0,1020.9,10.7,1.35
2022,03,11,00,40,320,8.4,10.6,1021.4,10.7,1.49
2022,03,11,03,40,330,6.7,7.8,1022.0,10.7,1.32
2022,03,11,06,40,319,4.1,4.9,1023.3,10.5,1.21
2022,03,11,09,40,321,6.9,8.4,1024.5,10.5,1.28
2022,03,11,12,40,340,4.4,5.5,1024.7,10.5,1.26
2022,03,11,15,40,331,2.1,3.0,1026.8,10.5,1.20
2022,03,11,18,40,239,1.2,1.8,1028.1,10.7,1.20
2022,03,11,21,40,304,3.7,4.4,1027.7,11.4,1.07
2022,03,12,00,40,324,4.0,5.3,1026.8,11.0,1.05
2022,03,12,03,40,292,2.7,3.7,1026.8,10.8,1.09
2022,03,12,06,40,312,1.9,4.0,1027.1,10.7,1.10
2022,03,12,09,40,250,1.7,3.8,1026.6,10.7,1.14
2022,03,12,12,40,310,0.8,2.1,1025.2,10.6,0.97
2022,03,12,16,40,337,0.2,1.0,1026.6,10.7,0.87
2022,03,12,19,40,182,1.8,2.8,1025.7,11.2,0.86
2022,03,12,22,40,255,4.2,5.3,1023.8,12.0,0.79
2022,03,13,01,40,265,2.7,3.7,1022.4,11.5,0.77
2022,03,13,04,40,211,3.1,3.7,1023.0,11.4,0.73
2022,03,13,07,40,189,5.7,6.8,1022.7,11.2,0.74
2022,03,13,10,40,229,3.8,4.4,1021.9,11.1,0.92
2022,03,13,13,40,266,2.9,4.0,1022.2,10.9,1.15
2022,03,13,16,40,300,0.6,1.3,1024.7,10.9,1.52
2022,03,13,19,40,261,3.4,4.3,1025.4,11.4,1.69
2022,03,13,22,40,297,4.4,5.6,1025.2,11.7,1.84
2022,03,14,01,40,297,3.7,5.4,1024.5,11.6,2.26
2022,03,14,05,40,310,5.3,7.1,1025.5,11.2,2.97
2022,03,14,08,40,325,4.4,5.6,1025.5,11.1,2.66
2022,03,14,11,40,355,1.3,2.5,1024.8,11.0,2.59
2022,03,14,14,40,37,2.3,3.4,1025.1,10.8,2.08
2022,03,14,17,40,101,3.3,4.7,1026.3,10.9,1.86
2022,03,14,20,40,209,3.1,3.9,1025.8,11.1,1.72
2022,03,14,23,40,242,2.1,3.2,1025.7,11.8,1.69
2022,03,15,02,40,139,2.0,2.9,1024.9,11.9,1.46
2022,03,15,05,40,166,5.6,7.4,1025.1,11.2,1.73
2022,03,15,08,40,176,4.8,6.0,1024.5,11.3,2.22
2022,03,15,11,40,238,3.4,4.5,1024.3,11.6,2.78
2022,03,15,14,40,230,1.9,3.0,1024.9,11.5,3.20
2022,03,15,17,40,299,1.9,3.4,1027.2,11.3,3.58
2022,03,15,20,40,299,4.4,6.2,1027.2,11.5,3.11
2022,03,15,23,40,315,4.2,5.7,1025.1,11.5,3.05
2022,03,16,02,40,322,7.2,9.1,1024.6,11.3,3.05
2022,03,16,05,40,329,7.2,9.4,1025.8,11.2,3.32
2022,03,16,08,40,308,9.0,11.8,1025.0,11.0,3.57
2022,03,16,11,40,316,8.8,11.2,1023.6,10.8,3.06
2022,03,16,14,40,319,9.0,11.1,1024.4,11.3,3.28
2022,03,16,17,40,323,8.1,10.3,1025.6,11.5,3.12
2022,03,16,20,40,307,9.2,11.2,1024.7,11.7,2.97
2022,03,16,23,40,317,9.2,11.2,1023.3,11.7,2.94
2022,03,17,02,40,312,9.4,11.4,1022.7,11.5,2.82
2022,03,17,05,40,313,9.1,11.8,1023.0,11.4,2.78
2022,03,17,08,40,308,8.5,11.0,1022.2,11.4,2.55
2022,03,17,11,40,307,7.3,10.0,1021.8,11.4,2.53
2022,03,17,14,40,311,8.2,10.1,1022.9,11.3,2.56
2022,03,17,17,40,291,6.4,7.8,1023.2,11.5,2.17
2022,03,17,20,40,306,6.2,7.7,1023.2,11.4,2.23
2022,03,17,23,40,302,6.6,8.5,1022.4,11.5,1.90
2022,03,18,02,40,306,6.7,8.2,1021.8,11.0,1.74
2022,03,18,05,40,298,6.6,8.0,1022.6,10.9,1.85
2022,03,18,08,40,313,6.7,8.0,1021.7,10.9,2.11
2022,03,18,11,40,317,5.7,7.1,1020.9,10.9,1.66
2022,03,18,14,40,302,4.0,5.1,1021.3,10.8,1.63
2022,03,18,17,40,292,1.1,1.9,1021.9,11.0,1.54
2022,03,18,20,40,298,2.0,3.2,1021.2,12.0,1.73
2022,03,18,23,40,290,5.4,6.7,1019.7,11.8,1.53
2022,03,19,02,40,300,6.0,7.6,1018.4,11.1,1.80
2022,03,19,05,40,304,5.7,6.9,1018.3,11.0,1.63
2022,03,19,08,40,282,5.4,6.5,1017.5,11.2,1.62
2022,03,19,11,40,246,2.8,3.9,1016.5,10.9,1.72
2022,03,19,14,40,353,1.9,2.9,1016.5,10.9,1.76
2022,03,19,17,40,218,1.5,2.2,1017.2,10.9,1.78
2022,03,19,20,40,231,4.0,5.0,1017.6,11.4,1.71
2022,03,19,23,40,301,8.3,11.8,1016.7,11.4,1.72
2022,03,20,02,40,311,14.2,18.7,1016.9,11.1,2.85
2022,03,20,05,40,318,14.3,18.1,1018.4,10.7,3.34
2022,03,20,08,40,317,13.1,16.4,1019.2,10.7,3.27
2022,03,20,11,40,320,11.1,13.9,1020.5,10.6,3.20
2022,03,20,14,40,328,9.8,11.9,1022.2,10.5,3.26
2022,03,20,17,40,318,9.0,11.7,1024.1,10.4,3.36
2022,03,20,20,40,316,10.3,13.5,1024.2,10.4,3.00
2022,03,20,23,40,314,10.4,13.2,1024.1,10.3,2.94
2022,03,21,02,40,317,10.6,14.0,1024.2,10.2,2.92
2022,03,21,06,40,315,12.7,15.5,1025.2,10.1,3.02
2022,03,21,09,40,316,11.2,14.2,1024.9,10.1,2.89
2022,03,21,12,40,316,11.3,14.0,1025.2,10.1,3.08
2022,03,21,15,40,319,8.8,11.1,1026.1,10.2,2.70
2022,03,21,18,40,318,10.0,12.1,1026.0,10.2,2.62
2022,03,21,21,40,318,9.9,12.6,1024.1,10.2,2.60
2022,03,22,00,40,318,9.9,11.8,1022.8,10.2,2.40
2022,03,22,03,40,320,9.8,11.8,1021.7,10.2,2.56
2022,03,22,06,40,320,7.9,10.2,1021.9,10.1,2.29
2022,03,22,09,40,308,7.5,9.4,1021.4,10.1,2.10
2022,03,22,12,40,315,6.5,7.9,1021.0,10.2,2.14
2022,03,22,15,40,8,1.8,3.6,1022.1,10.2,1.99
2022,03,22,18,40,273,3.8,4.9,1022.2,10.4,1.87
2022,03,22,21,40,300,6.6,8.4,1021.1,10.7,1.92
2022,03,23,00,40,305,6.7,8.6,1020.3,10.6,2.08
2022,03,23,03,40,316,8.5,11.1,1020.8,10.4,1.99
2022,03,23,06,40,326,7.2,9.4,1021.4,10.3,2.14
2022,03,23,09,40,315,6.7,8.8,1021.3,10.2,2.32
2022,03,23,12,40,319,7.9,10.7,1021.5,10.2,2.16
2022,03,23,15,40,318,8.8,10.9,1023.3,10.2,2.31
2022,03,23,18,40,314,8.8,11.5,1023.9,10.2,2.52
2022,03,23,21,40,313,8.2,10.3,1022.6,10.3,2.50
2022,03,24,00,40,309,5.6,7.2,1021.1,10.4,2.16
2022,03,24,03,40,306,7.0,8.6,1020.5,10.4,2.49
2022,03,24,06,40,313,6.4,8.0,1020.8,10.3,2.57
2022,03,24,09,40,318,5.0,6.5,1020.1,10.2,2.10
2022,03,24,12,40,319,4.5,5.8,1019.7,10.2,2.22
2022,03,24,15,40,315,5.1,6.5,1020.8,10.3,2.02
2022,03,24,18,40,314,5.5,7.1,1021.5,10.3,1.92
2022,03,24,21,40,306,6.1,8.1,1019.9,10.6,1.91
2022,03,25,00,40,305,8.4,10.4,1019.2,10.5,1.87
2022,03,25,03,40,317,7.6,9.4,1018.7,10.5,1.91
2022,03,25,06,40,319,7.1,9.3,1019.4,10.4,2.09
2022,03,25,09,40,318,7.1,9.2,1019.4,10.4,1.96
2022,03,25,12,40,318,7.5,9.4,1019.2,10.3,1.86
2022,03,25,15,40,314,7.8,9.7,1020.1,10.2,1.70
2022,03,25,18,40,315,6.3,8.4,1020.3,10.2,1.58
2022,03,25,21,40,310,6.6,8.2,1018.4,10.4,1.52
2022,03,26,00,40,304,6.4,8.0,1016.7,10.4,1.51
2022,03,26,03,40,306,7.9,10.1,1016.3,10.3,1.69
2022,03,26,06,40,318,7.3,8.8,1016.3,10.3,1.96
2022,03,26,09,40,321,6.6,8.4,1016.0,10.2,1.88
2022,03,26,12,40,303,5.9,7.6,1014.8,10.2,2.02
2022,03,26,15,40,301,7.0,8.6,1014.9,10.2,2.19
2022,03,26,18,40,304,5.6,7.3,1015.2,10.3,2.34
2022,03,26,21,40,291,3.7,5.2,1013.4,10.3,2.28
2022,03,27,00,40,303,3.3,4.4,1011.7,10.5,2.10
2022,03,27,03,40,282,2.7,3.7,1010.6,10.4,2.00
2022,03,27,06,40,250,1.9,3.0,1010.7,10.3,1.71
2022,03,27,09,40,191,0.9,2.4,1009.5,10.3,1.61
2022,03,27,12,40,181,3.8,5.5,1007.9,10.3,1.57
2022,03,27,15,40,151,7.0,9.0,1007.8,10.2,1.57
2022,03,27,18,40,151,9.5,12.8,1008.2,10.2,1.95
2022,03,27,21,40,151,8.8,11.3,1007.1,10.2,2.23
2022,03,28,00,40,165,11.4,14.8,1005.3,10.1,2.80
2022,03,28,03,40,152,12.4,15.7,1004.7,10.1,2.85
2022,03,28,06,40,159,9.8,11.9,1005.3,10.6,2.96
2022,03,28,09,40,333,2.5,5.0,1005.1,10.7,2.98
2022,03,28,12,40,134,1.2,2.5,1005.8,10.6,3.04
2022,03,28,15,40,19,1.5,3.8,1007.0,10.6,2.64
2022,03,28,18,40,309,1.0,1.8,1008.2,11.1,2.52
2022,03,28,21,40,293,4.7,6.2,1008.6,11.6,2.48
2022,03,29,00,40,309,5.1,6.2,1009.4,11.5,2.10
2022,03,29,03,40,313,5.3,7.2,1010.6,11.1,2.20
2022,03,29,06,40,311,6.6,8.3,1012.4,11.2,2.00
2022,03,29,09,40,317,6.0,7.7,1013.2,11.2,2.14
2022,03,29,12,40,321,7.2,9.5,1013.8,11.1,2.20
2022,03,29,15,40,322,6.9,9.2,1016.4,11.0,2.39
2022,03,29,18,40,311,9.2,11.9,1019.3,11.0,2.16
2022,03,29,21,40,307,9.1,11.6,1020.0,11.0,2.20
2022,03,30,00,40,310,8.6,10.6,1019.5,11.0,2.26
2022,03,30,03,40,306,9.3,11.3,1020.8,10.9,2.42
2022,03,30,06,40,311,9.5,11.7,1021.2,10.8,2.66
2022,03,30,09,40,310,9.8,13.7,1021.7,10.6,2.39
2022,03,30,12,40,306,9.6,12.8,1021.7,10.5,2.41
2022,03,30,15,40,301,9.8,12.5,1022.1,10.6,2.27
2022,03,30,18,40,309,10.1,12.8,1022.7,10.6,2.20
2022,03,30,21,40,311,10.8,13.3,1021.3,10.8,2.40
2022,03,31,00,40,313,10.8,13.4,1019.5,10.6,2.43
2022,03,31,03,40,319,11.4,14.8,1018.1,10.5,2.62
2022,03,31,06,40,316,10.5,13.0,1017.8,10.4,2.85
2022,03,31,09,40,319,10.6,13.6,1017.1,10.5,2.81
2022,03,31,12,40,330,9.5,11.9,1016.4,10.4,3.08
2022,03,31,15,40,329,9.1,11.4,1016.8,10.4,3.14
2022,03,31,18,40,317,8.9,10.8,1017.0,10.5,3.28
2022,03,31,21,40,311,9.3,11.8,1015.9,10.6,3.24
2022,04,01,00,40,314,9.2,12.0,1014.0,10.6,3.21
2022,04,01,03,40,325,8.4,10.7,1012.9,10.4,3.46
2022,04,01,06,40,324,9.3,11.3,1013.0,10.5,3.40
2022,04,01,09,40,320,8.0,10.0,1013.4,10.5,3.03
2022,04,01,12,40,316,9.8,12.2,1014.0,10.4,2.77
2022,04,01,15,40,324,6.8,8.6,1015.2,10.4,2.96
2022,04,01,18,40,317,5.8,7.8,1016.0,10.7,2.72
2022,04,01,21,40,316,9.4,11.7,1015.9,10.8,2.69
2022,04,02,00,40,312,10.6,13.7,1015.3,10.7,2.71
2022,04,02,03,40,318,10.3,13.7,1015.1,10.6,3.02
2022,04,02,06,40,319,11.0,14.1,1016.1,10.5,3.03
2022,04,02,09,40,329,8.4,11.5,1016.4,10.4,3.01
2022,04,02,12,40,325,7.4,9.0,1016.1,10.3,2.70
2022,04,02,15,40,323,5.7,8.0,1017.3,10.2,2.48
2022,04,02,18,40,324,5.8,7.2,1018.2,10.4,2.44
2022,04,02,21,40,310,8.3,10.4,1017.3,10.5,2.18
2022,04,03,00,40,314,8.2,10.3,1016.3,10.6,2.14
2022,04,03,04,40,310,8.6,10.6,1016.4,10.6,2.22
2022,04,03,07,40,314,7.9,9.6,1016.1,10.5,2.57
2022,04,03,10,40,332,4.5,6.1,1015.9,10.5,2.48
2022,04,03,13,40,324,9.1,10.9,1016.0,10.5,2.46
2022,04,03,16,40,316,9.0,11.3,1017.3,10.4,2.70
2022,04,03,19,40,317,10.9,13.1,1018.0,10.4,3.04
2022,04,03,22,40,313,11.0,14.1,1017.2,10.5,3.22
2022,04,04,01,40,305,13.6,18.2,1016.4,10.5,3.32
2022,04,04,04,40,310,12.2,15.7,1017.7,10.4,3.23
2022,04,04,07,40,308,11.3,14.5,1018.1,10.3,3.03
2022,04,04,10,40,303,11.8,15.3,1018.1,10.4,2.70
2022,04,04,13,40,306,9.6,12.3,1018.8,10.4,2.47
2022,04,04,16,40,301,7.8,10.1,1021.4,10.4,2.33
2022,04,04,19,40,288,4.6,5.8,1022.5,10.5,2.18
2022,04,04,22,40,296,5.3,7.3,1021.6,10.9,2.52
2022,04,05,01,40,311,7.1,9.1,1021.5,10.6,2.31
2022,04,05,04,40,320,6.4,9.5,1023.2,10.4,2.59
2022,04,05,07,40,309,7.6,9.3,1023.4,10.3,2.52
2022,04,05,10,40,311,9.9,12.3,1022.7,10.2,2.56
2022,04,05,13,40,333,9.8,12.8,1023.0,10.1,2.82
2022,04,05,16,40,330,8.3,10.3,1024.2,10.1,2.91
2022,04,05,19,40,321,9.1,11.5,1024.1,10.2,3.30
2022,04,05,22,40,322,10.1,13.2,1022.5,10.2,3.58
2022,04,06,01,40,321,9.9,11.9,1020.9,10.1,3.43
2022,04,06,04,40,319,8.8,11.6,1020.9,10.0,4.00
2022,04,06,07,40,320,7.4,9.4,1020.9,10.0,3.27
2022,04,06,10,40,324,6.7,8.7,1020.6,9.9,3.47
2022,04,06,13,40,342,2.2,3.3,1020.6,9.9,2.75
2022,04,06,16,40,309,3.2,4.5,1021.8,10.1,2.72
2022,04,06,19,40,302,4.1,5.3,1021.8,10.4,2.53
2022,04,06,22,40,290,4.2,5.8,1020.1,10.9,2.37
2022,04,07,01,40,315,6.5,7.7,1018.7,10.0,2.09
2022,04,07,04,40,332,2.8,3.9,1019.1,10.2,1.99
2022,04,07,07,40,315,2.1,3.3,1019.5,10.2,2.04
2022,04,07,10,40,350,1.8,2.9,1018.7,10.2,1.78
2022,04,07,13,40,25,1.7,2.4,1018.9,10.3,1.66
2022,04,07,16,40,78,4.6,6.4,1019.9,10.2,1.59
2022,04,07,19,40,28,2.8,3.9,1019.9,11.2,1.66
2022,04,07,22,40,313,3.2,4.3,1018.7,11.8,1.58
2022,04,08,01,40,320,4.8,5.9,1018.6,11.7,1.45
2022,04,08,04,40,298,4.6,5.5,1019.2,11.2,1.36
2022,04,08,07,40,312,7.5,8.7,1019.3,11.1,1.31
2022,04,08,10,40,328,5.7,7.2,1018.6,10.5,1.57
2022,04,08,14,40,317,9.0,11.4,1019.4,10.3,1.91
2022,04,08,17,40,317,10.3,12.8,1020.4,10.3,2.39
2022,04,08,20,40,316,10.5,12.9,1019.8,10.4,2.92
2022,04,08,23,40,320,11.3,14.2,1018.2,10.4,3.01
2022,04,09,02,40,315,13.9,17.3,1016.8,10.1,4.03
2022,04,09,05,40,315,13.8,17.8,1017.5,10.2,4.42
2022,04,09,08,40,326,12.5,16.7,1016.9,10.1,3.91
2022,04,09,11,40,324,11.7,16.0,1016.4,10.1,3.87
2022,04,09,14,40,322,9.8,13.1,1017.2,10.2,3.58
2022,04,09,17,40,322,8.8,11.0,1018.8,10.2,3.48
2022,04,09,20,40,323,11.9,15.4,1018.0,10.3,3.49
2022,04,09,23,40,322,12.4,15.8,1016.9,10.3,3.98
2022,04,10,02,40,323,12.6,15.9,1015.9,10.2,3.76
2022,04,10,05,40,327,9.6,12.2,1016.2,10.0,3.58
2022,04,10,08,40,331,8.6,11.0,1016.7,9.9,3.25
2022,04,10,11,40,328,6.7,9.4,1016.5,9.9,2.91
2022,04,10,14,40,317,6.6,8.6,1017.4,9.9,3.08
2022,04,10,17,40,320,11.4,14.8,1018.0,10.0,2.94
2022,04,10,20,40,317,14.3,19.0,1016.8,9.6,3.17
2022,04,10,23,40,312,15.1,19.9,1015.6,9.5,3.74
2022,04,11,02,40,313,14.0,19.0,1015.5,9.4,3.34
2022,04,11,05,40,304,13.4,16.4,1015.6,9.2,2.94
2022,04,11,08,40,305,9.2,11.3,1015.4,9.2,2.34
2022,04,11,12,40,237,5.6,7.9,1013.3,9.2,1.70
2022,04,11,15,40,263,9.4,12.2,1012.4,9.2,1.61
2022,04,11,18,40,310,12.9,16.2,1015.3,9.2,2.37
2022,04,11,21,40,311,13.5,18.1,1017.0,9.2,3.03
2022,04,12,00,40,305,13.1,16.3,1017.1,9.2,2.95
2022,04,12,03,40,315,13.8,17.6,1018.0,9.1,3.23
2022,04,12,06,40,317,12.1,15.5,1020.4,9.1,2.98
2022,04,12,09,40,327,10.2,12.9,1021.8,9.1,2.86
2022,04,12,12,40,318,10.3,12.8,1022.7,9.1,3.19
2022,04,12,15,40,311,6.8,8.3,1024.7,9.1,2.59
2022,04,12,18,40,304,7.8,9.4,1025.7,9.1,2.53
2022,04,12,21,40,292,8.6,11.0,1025.7,9.1,2.10
2022,04,13,00,40,282,7.8,9.9,1024.9,9.1,1.81
2022,04,13,03,40,293,6.5,8.5,1024.9,9.1,1.81
2022,04,13,06,40,305,4.6,5.9,1025.6,9.1,1.49
2022,04,13,09,40,303,4.7,5.8,1025.4,9.1,1.58
2022,04,13,12,40,275,3.1,4.1,1025.0,9.1,1.52
2022,04,13,15,40,179,2.5,3.3,1026.0,9.1,1.57
2022,04,13,18,40,173,2.9,4.0,1026.2,9.2,1.30
2022,04,13,21,40,191,3.4,4.3,1025.0,9.7,1.43
2022,04,14,00,40,207,3.5,4.1,1023.6,9.7,1.51
2022,04,14,03,40,200,4.0,4.9,1022.3,9.6,1.51
2022,04,14,06,40,191,5.4,6.5,1021.7,9.4,1.54
2022,04,14,09,40,184,4.6,5.8,1020.5,9.4,1.42
2022,04,14,12,40,209,4.4,5.2,1018.8,9.3,1.67
2022,04,14,15,40,173,3.6,4.4,1018.9,9.3,1.54
2022,04,14,18,40,171,6.4,8.2,1018.9,9.3,1.53
2022,04,14,21,40,183,4.8,5.8,1018.0,9.4,1.42
2022,04,15,00,40,201,5.1,6.3,1016.5,9.5,1.55
2022,04,15,03,40,253,3.5,6.0,1016.4,9.4,1.51
2022,04,15,06,40,309,4.0,5.1,1017.6,9.4,1.38
2022,04,15,09,40,316,6.0,7.1,1018.1,9.3,1.40
2022,04,15,13,40,306,4.5,5.4,1018.3,9.2,1.25
2022,04,15,16,40,299,1.0,1.7,1018.8,9.3,1.25
2022,04,15,19,40,256,1.7,2.7,1019.0,9.7,1.22
2022,04,15,22,40,289,3.8,4.6,1017.6,10.4,1.14
2022,04,16,01,40,162,0.8,1.3,1015.8,10.3,1.08
2022,04,16,04,40,147,4.1,5.1,1015.2,10.2,0.94
2022,04,16,07,40,153,7.9,10.1,1013.2,9.6,0.98
2022,04,16,10,40,162,10.7,13.1,1011.2,9.5,1.53
2022,04,16,13,40,192,5.5,6.5,1011.2,9.4,1.50
2022,04,16,16,40,264,6.2,10.1,1014.3,9.5,1.42
2022,04,16,19,40,314,9.5,11.6,1019.2,9.3,2.10
2022,04,16,22,40,318,8.3,11.0,1021.2,9.3,2.63
2022,04,17,01,40,319,6.6,8.6,1021.9,9.3,2.49
2022,04,17,04,40,312,5.6,7.0,1022.7,9.3,1.82
2022,04,17,07,40,318,7.6,9.9,1023.7,9.3,1.77
2022,04,17,10,40,301,7.1,8.7,1024.4,9.3,1.75
2022,04,17,13,40,313,5.6,7.0,1024.6,9.2,1.50
2022,04,17,16,40,308,5.0,6.3,1025.3,9.2,1.20
2022,04,17,19,40,294,4.9,6.3,1025.4,9.6,1.14
2022,04,17,22,40,316,6.5,7.6,1023.7,9.7,1.05
2022,04,18,01,40,298,5.8,6.9,1021.7,9.7,1.08
2022,04,18,04,40,294,5.1,6.2,1021.8,9.7,1.04
2022,04,18,07,40,258,2.3,3.2,1021.6,10.3,0.98
2022,04,18,10,40,149,1.6,2.1,1020.0,10.3,0.88
2022,04,18,13,40,195,2.4,2.9,1019.9,10.4,0.77
2022,04,18,16,40,145,4.3,4.9,1020.5,10.6,0.74
2022,04,18,19,40,164,4.9,6.1,1019.9,10.7,0.81
2022,04,18,22,40,200,4.0,5.1,1018.9,10.7,0.88
2022,04,19,01,40,162,6.7,8.0,1017.0,10.7,1.20
2022,04,19,04,40,164,7.9,9.8,1016.7,10.6,1.28
2022,04,19,07,40,193,4.8,6.3,1016.7,10.3,1.46
2022,04,19,10,40,301,2.9,3.7,1016.8,10.4,1.41
2022,04,19,13,40,297,1.1,1.7,1017.2,10.2,1.47
2022,04,19,16,40,277,2.1,3.0,1018.7,10.4,1.49
2022,04,19,19,40,294,0.1,0.9,1019.3,11.3,1.49
2022,04,19,22,40,258,2.7,3.8,1018.2,11.5,1.68
2022,04,20,01,40,270,4.1,5.2,1017.1,12.1,1.71
2022,04,20,04,40,249,3.3,4.3,1017.0,12.8,1.77
2022,04,20,07,40,237,2.9,3.7,1016.3,11.4,1.67
2022,04,20,10,40,177,2.2,2.9,1016.1,11.2,1.57
2022,04,20,13,40,147,5.8,7.2,1015.8,12.0,1.77
2022,04,20,16,40,157,6.9,8.8,1016.2,11.6,1.78
2022,04,20,19,40,166,7.3,8.9,1016.2,10.7,1.88
2022,04,20,22,40,165,8.7,10.6,1014.5,10.1,2.29
2022,04,21,01,40,166,8.4,9.8,1013.0,10.2,1.99
2022,04,21,04,40,188,6.2,7.6,1013.4,10.2,2.31
2022,04,21,07,40,208,6.3,7.5,1012.8,10.1,2.11
2022,04,21,10,40,268,3.8,5.1,1012.8,10.1,2.23
2022,04,21,13,40,137,0.2,1.3,1013.2,10.1,2.02
2022,04,21,16,40,186,1.9,2.7,1014.5,10.3,2.07
2022,04,21,19,40,154,2.6,4.2,1015.3,10.9,2.61
2022,04,21,22,40,187,3.3,4.7,1014.1,11.3,2.62
2022,04,22,01,40,230,4.6,5.8,1013.5,11.2,2.82
2022,04,22,04,40,207,3.3,4.5,1014.0,10.7,3.30
2022,04,22,07,40,258,4.5,6.3,1014.7,10.7,3.78
2022,04,22,10,40,218,1.9,3.5,1014.8,10.7,4.15
2022,04,22,13,40,303,4.2,6.1,1016.4,10.5,3.54
2022,04,22,16,40,295,4.0,5.8,1019.6,10.6,3.33
2022,04,22,19,40,291,3.9,5.9,1021.6,10.8,3.18
2022,04,22,22,40,287,4.7,6.7,1022.1,11.1,3.36
2022,04,23,01,40,297,5.2,6.8,1022.6,11.2,3.09
2022,04,23,04,40,310,6.4,8.7,1023.6,11.0,3.20
2022,04,23,07,40,306,6.9,9.1,1023.8,10.8,3.27
2022,04,23,10,40,317,7.9,10.2,1023.6,10.7,3.00
2022,04,23,13,40,323,7.2,8.7,1023.9,10.5,2.67
2022,04,23,16,40,320,6.9,8.6,1025.2,11.5,2.48
2022,04,23,19,40,312,6.4,8.1,1024.7,12.0,2.19
2022,04,23,22,40,312,8.8,10.7,1023.7,12.2,2.15
2022,04,24,01,40,317,8.9,11.3,1022.4,11.7,2.34
2022,04,24,04,40,317,10.1,12.4,1022.2,11.0,2.31
2022,04,24,07,40,319,10.4,13.2,1021.8,11.1,2.35
2022,04,24,10,40,319,8.5,10.1,1020.9,11.1,2.42
2022,04,24,13,40,323,7.5,10.0,1020.7,11.0,2.23
2022,04,24,16,40,324,5.5,7.1,1021.9,11.0,2.09
2022,04,24,19,40,313,6.8,8.7,1022.5,11.1,2.05
2022,04,24,22,40,318,8.8,11.2,1021.3,11.3,1.97
2022,04,25,01,40,309,9.1,11.3,1019.8,11.2,2.17
2022,04,25,04,40,300,8.5,10.5,1020.5,10.9,2.07
2022,04,25,07,40,310,9.2,12.5,1019.9,10.6,2.35
2022,04,25,10,40,322,7.8,9.9,1019.3,10.4,2.08
2022,04,25,13,40,323,4.9,6.1,1019.1,10.3,2.12
2022,04,25,16,40,327,4.9,6.6,1019.8,10.3,2.43
2022,04,25,20,40,315,6.7,8.6,1019.9,10.9,2.13
2022,04,25,23,40,313,6.8,8.7,1018.6,11.2,2.31
2022,04,26,02,40,299,9.1,11.1,1017.7,11.1,2.15
2022,04,26,05,40,304,10.0,12.5,1017.6,10.7,2.28
2022,04,26,08,40,311,9.5,11.7,1017.7,10.6,2.41
2022,04,26,11,40,307,11.0,13.6,1017.7,10.3,2.37
2022,04,26,14,40,305,10.1,12.6,1018.1,10.0,2.53
2022,04,26,17,40,302,11.2,14.2,1018.4,9.8,2.62
2022,04,26,20,40,312,11.5,14.3,1018.1,9.9,2.66
2022,04,26,23,40,315,11.3,14.5,1016.8,9.8,3.03
2022,04,27,02,40,313,12.2,16.2,1015.9,9.6,3.15
2022,04,27,05,40,313,13.0,17.1,1016.6,9.4,3.18
2022,04,27,08,40,311,11.6,15.3,1016.5,9.3,2.90
2022,04,27,11,40,312,11.7,14.6,1016.3,9.3,2.90
2022,04,27,14,40,319,9.2,11.7,1017.0,9.3,2.95
2022,04,27,17,40,315,8.3,10.8,1018.0,9.2,2.59
2022,04,27,20,40,312,9.7,12.6,1018.4,9.3,2.27
2022,04,27,23,40,311,9.3,11.2,1017.3,9.3,2.35
2022,04,28,02,40,305,8.2,10.8,1017.4,9.3,2.39
2022,04,28,05,40,304,8.7,10.9,1017.9,9.3,2.17
2022,04,28,08,40,306,8.2,10.6,1018.0,9.2,2.25
2022,04,28,11,40,303,6.9,8.5,1018.1,9.2,2.08
2022,04,28,14,40,306,7.4,8.9,1019.2,9.3,1.83
2022,04,28,17,40,294,8.7,10.4,1020.2,9.4,1.69
2022,04,28,20,40,297,9.1,11.4,1020.5,9.5,1.76
2022,04,28,23,40,299,10.2,12.5,1020.5,9.6,1.90
2022,04,29,02,40,314,9.6,12.0,1020.3,9.5,1.96
2022,04,29,05,40,315,10.8,13.1,1020.9,9.2,2.10
2022,04,29,08,40,327,9.0,10.8,1021.7,9.1,1.94
2022,04,29,11,40,327,8.7,10.6,1021.1,9.1,1.90
2022,04,29,14,40,331,7.0,9.0,1022.0,9.0,1.63
2022,04,29,17,40,313,6.8,8.4,1022.9,9.2,1.54
2022,04,29,20,40,317,8.0,9.6,1021.9,9.4,1.39
2022,04,29,23,40,325,7.6,9.3,1020.4,9.3,1.55
2022,04,30,02,40,317,8.3,10.3,1018.7,9.2,1.92
2022,04,30,05,40,321,8.4,10.4,1018.6,9.2,2.05
2022,04,30,08,40,318,8.6,11.0,1019.1,9.2,1.70
2022,04,30,11,40,316,10.7,13.9,1018.9,9.2,1.66
2022,04,30,14,40,313,7.6,9.6,1019.6,9.1,1.45
2022,04,30,17,40,323,4.7,6.1,1020.1,9.3,1.20
2022,04,30,20,40,296,5.9,7.2,1019.1,9.6,1.01
2022,04,30,23,40,306,6.9,8.2,1017.6,9.7,1.02
2022,05,01,02,40,304,8.8,11.3,1015.9,9.6,1.21
2022,05,01,05,40,302,11.9,15.0,1015.1,9.5,2.16
2022,05,01,08,40,308,10.1,12.5,1014.6,9.4,2.08
2022,05,01,11,40,318,10.3,12.5,1014.0,9.3,2.19
2022,05,01,14,40,332,7.8,9.9,1015.6,9.2,2.48
2022,05,01,17,40,320,6.3,8.1,1016.4,9.4,2.47
2022,05,01,20,40,306,7.9,10.3,1015.8,9.6,2.21
2022,05,01,23,40,307,7.9,9.5,1015.0,9.7,2.35
2022,05,02,02,40,316,9.1,11.5,1015.1,9.6,2.46
2022,05,02,05,40,308,10.4,13.1,1015.5,9.5,2.58
2022,05,02,08,40,313,9.0,11.7,1016.6,9.4,2.27
2022,05,02,11,40,311,9.6,12.2,1017.0,9.3,2.46
2022,05,02,14,40,309,5.0,6.3,1018.4,9.3,1.85
2022,05,02,17,40,177,1.6,2.4,1019.4,9.3,1.50
2022,05,02,20,40,304,10.2,13.1,1018.9,9.5,1.88
2022,05,02,23,40,310,11.5,15.3,1017.5,9.4,3.03
2022,05,03,02,40,317,13.2,17.3,1016.4,9.2,3.88
2022,05,03,05,40,326,8.8,11.4,1017.3,9.1,3.14
2022,05,03,08,40,324,9.1,10.8,1017.5,9.1,2.91
2022,05,03,11,40,329,6.5,8.1,1017.9,9.0,2.75
2022,05,03,14,40,335,7.5,10.0,1018.8,9.0,2.49
2022,05,03,17,40,317,7.8,9.6,1018.6,9.1,2.51
2022,05,03,20,40,313,8.1,10.6,1017.6,9.1,2.58
2022,05,03,23,40,312,8.9,10.7,1016.1,9.2,2.45
2022,05,04,02,40,315,8.6,10.6,1015.2,9.2,2.63
2022,05,04,05,40,310,5.5,7.1,1015.6,9.2,2.73
2022,05,04,08,40,311,3.9,5.4,1015.3,9.2,2.66
2022,05,04,11,40,335,2.2,3.5,1014.7,9.2,2.23
2022,05,04,14,40,355,2.5,3.9,1016.2,9.2,2.34
2022,05,04,17,40,311,4.4,5.6,1016.9,9.3,2.21
2022,05,04,20,40,308,6.1,7.7,1016.7,9.4,2.04
2022,05,04,23,40,314,7.3,9.0,1015.5,9.5,1.90
2022,05,05,02,40,321,8.0,10.7,1015.2,9.4,1.96
2022,05,05,05,40,305,6.3,8.1,1016.0,9.4,2.09
2022,05,05,08,40,273,1.6,2.9,1016.1,9.4,2.13
2022,05,05,11,40,264,3.5,4.8,1016.8,9.4,2.07
2022,05,05,14,40,237,2.1,2.9,1018.1,9.4,2.02
2022,05,05,17,40,248,2.6,3.7,1019.7,9.5,2.00
2022,05,05,20,40,254,2.4,3.5,1019.9,10.0,2.10
2022,05,05,23,40,240,1.8,2.7,1019.2,10.1,2.33
2022,05,06,02,40,289,1.1,2.3,1019.5,9.8,2.20
2022,05,06,05,40,117,1.3,2.3,1019.8,10.3,2.16
2022,05,06,08,40,205,1.7,2.4,1019.8,10.7,2.26
2022,05,06,11,40,115,1.4,2.9,1019.2,10.5,2.42
2022,05,06,14,40,162,3.0,4.5,1019.6,10.4,2.65
2022,05,06,17,40,170,2.6,3.4,1020.1,10.4,2.38
2022,05,06,20,40,227,2.3,3.2,1019.8,10.9,2.35
2022,05,06,23,40,244,2.0,3.2,1018.5,11.3,2.50
2022,05,07,02,40,260,2.8,4.0,1018.5,10.7,2.10
2022,05,07,05,40,276,3.9,5.0,1019.5,10.5,2.15
2022,05,07,08,40,284,3.9,5.2,1019.3,10.4,2.26
2022,05,07,11,40,301,4.7,5.9,1019.5,10.2,1.92
2022,05,07,14,40,310,5.5,7.0,1020.3,10.2,2.18
2022,05,07,17,40,311,8.2,10.2,1020.8,10.4,1.93
2022,05,07,20,40,308,10.3,13.4,1020.0,10.0,2.66
2022,05,07,23,40,312,11.2,14.8,1018.6,9.8,3.21
2022,05,08,02,40,308,14.0,18.3,1017.2,9.6,3.95
2022,05,08,05,40,312,13.9,17.3,1017.2,9.5,4.09
2022,05,08,08,40,318,12.6,16.0,1016.5,9.4,3.79
2022,05,08,11,40,313,9.1,11.6,1016.8,9.3,3.26
2022,05,08,14,40,315,6.1,8.1,1017.5,9.3,2.95
2022,05,08,17,40,280,5.9,8.0,1018.5,9.3,2.76
2022,05,08,20,40,291,5.5,6.8,1018.6,9.5,2.39
2022,05,08,23,40,294,7.3,9.4,1018.0,9.5,2.76
2022,05,09,02,40,295,6.9,8.7,1017.3,9.4,2.99
2022,05,09,05,40,285,5.4,7.1,1018.5,9.4,2.82
2022,05,09,08,40,292,6.1,7.9,1018.3,9.3,3.18
2022,05,09,11,40,303,3.7,5.3,1018.0,9.3,3.39
2022,05,09,14,40,301,2.3,4.0,1019.0,9.2,2.85
2022,05,09,17,40,253,2.3,3.3,1020.1,9.7,2.56
2022,05,09,20,40,254,2.7,4.2,1020.0,10.3,2.42
2022,05,09,23,40,259,5.0,6.4,1019.0,10.1,2.56
2022,05,10,02,40,281,3.4,4.5,1018.9,9.6,1.95
2022,05,10,05,40,321,3.5,4.5,1019.8,9.7,1.55
2022,05,10,08,40,305,2.0,2.8,1020.0,9.7,1.68
2022,05,10,11,40,300,4.7,5.8,1020.5,9.7,1.65
2022,05,10,14,40,311,4.7,5.8,1021.9,9.5,1.47
2022,05,10,17,40,308,5.7,7.1,1023.7,9.7,1.42
2022,05,10,20,40,286,6.0,7.5,1024.2,10.2,1.51
2022,05,10,23,40,295,6.8,8.3,1024.1,10.2,1.46
2022,05,11,02,40,312,7.8,9.5,1024.4,10.0,1.68
2022,05,11,05,40,312,8.0,9.8,1024.6,9.8,1.72
2022,05,11,08,40,314,8.2,10.5,1024.0,9.7,1.82
2022,05,11,11,40,325,8.1,10.3,1023.3,9.6,1.90
2022,05,11,14,40,327,8.2,10.2,1024.5,9.6,1.95
2022,05,11,17,40,322,7.0,8.7,1025.7,9.6,1.82
2022,05,11,20,40,306,8.0,9.6,1026.4,9.5,1.59
2022,05,11,23,40,308,7.6,9.4,1026.2,9.7,1.69
2022,05,12,02,40,311,7.2,9.1,1026.3,9.4,1.75
2022,05,12,05,40,305,8.9,11.4,1026.8,9.4,1.68
2022,05,12,08,40,307,8.7,10.8,1026.8,9.5,1.42
2022,05,12,11,40,293,6.0,7.4,1026.9,9.5,1.21
2022,05,12,14,40,304,4.9,6.1,1027.9,9.6,1.13
2022,05,12,18,40,283,3.1,3.9,1028.7,9.9,0.97
2022,05,12,21,40,281,3.9,5.1,1028.5,10.4,0.91
2022,05,13,00,40,290,5.9,7.0,1026.8,10.5,0.81
2022,05,13,03,40,308,6.2,7.4,1026.2,10.2,0.78
2022,05,13,06,40,319,8.0,10.2,1026.1,10.2,0.94
2022,05,13,09,40,315,6.9,8.1,1025.5,10.1,0.91
2022,05,13,12,40,328,4.5,5.5,1024.9,9.9,1.12
2022,05,13,15,40,325,6.1,7.8,1024.9,9.8,1.23
2022,05,13,18,40,321,6.0,7.2,1024.9,9.9,1.23
2022,05,13,21,40,313,7.7,9.1,1024.2,10.5,1.14
2022,05,14,00,40,324,5.8,7.6,1022.7,10.8,1.19
2022,05,14,03,40,319,8.3,9.7,1022.2,10.5,1.36
2022,05,14,06,40,319,10.2,12.4,1022.1,10.4,1.84
2022,05,14,09,40,315,9.4,11.9,1020.8,10.0,1.77
2022,05,14,12,40,325,9.5,11.8,1020.8,9.9,1.67
2022,05,14,15,40,322,9.0,11.2,1021.3,9.5,1.74
2022,05,14,18,40,323,7.7,10.1,1021.4,9.5,1.63
2022,05,14,21,40,314,8.4,10.7,1020.0,9.8,1.52
2022,05,15,00,40,318,8.6,10.6,1018.1,9.8,1.81
2022,05,15,03,40,300,7.7,9.0,1016.7,9.7,1.80
2022,05,15,06,40,322,7.9,10.5,1016.2,9.8,2.11
2022,05,15,09,40,317,5.9,7.3,1016.5,9.9,1.70
2022,05,15,12,40,303,4.7,5.7,1015.9,9.9,1.89
2022,05,15,17,40,312,7.5,9.2,1017.9,10.0,1.61
2022,05,15,22,40,327,4.3,5.6,1018.7,9.9,1.74
2022,05,16,01,40,306,5.2,7.1,1017.8,9.9,1.53
2022,05,16,04,40,311,7.3,9.8,1018.5,10.0,1.36
2022,05,16,07,40,301,7.0,9.4,1018.6,10.0,1.28
2022,05,16,10,40,305,7.8,10.2,1018.7,9.9,1.10
2022,05,16,13,40,299,7.3,9.4,1019.2,9.8,1.19
2022,05,16,18,40,297,6.3,7.8,1020.2,9.8,1.52
2022,05,16,22,40,308,6.7,9.6,1019.7,10.3,1.84
2022,05,17,02,40,305,8.4,10.7,1017.7,10.3,2.41
2022,05,17,06,40,313,11.0,13.9,1017.6,10.1,2.89
2022,05,17,09,40,312,9.0,11.4,1017.3,9.9,2.43
2022,05,17,12,40,324,8.6,10.5,1017.6,9.7,2.39
2022,05,17,15,40,327,9.5,12.3,1019.1,9.4,2.74
2022,05,17,18,40,314,9.5,12.2,1019.9,9.4,2.62
2022,05,17,21,40,315,10.0,13.4,1019.6,9.5,2.41
2022,05,18,00,40,313,11.5,14.3,1018.4,9.6,2.88
2022,05,18,03,40,318,11.3,13.4,1017.7,9.5,3.11
2022,05,18,06,40,315,12.0,15.2,1018.5,9.6,2.86
2022,05,18,09,40,325,10.2,13.1,1018.3,9.6,2.96
2022,05,18,12,40,329,9.0,11.5,1018.9,9.4,2.78
2022,05,18,15,40,334,6.7,8.1,1020.3,9.4,2.42
2022,05,18,18,40,330,7.0,8.6,1020.0,9.6,2.62
2022,05,18,21,40,317,8.7,10.8,1018.8,9.6,2.74
2022,05,19,00,40,326,11.2,14.2,1017.2,9.5,3.14
2022,05,19,03,40,318,13.5,16.8,1016.8,9.5,3.13
2022,05,19,06,40,316,11.7,14.5,1017.3,9.5,2.99
2022,05,19,09,40,317,13.7,17.3,1016.7,9.5,2.66
2022,05,19,12,40,320,10.1,12.3,1017.0,9.4,2.40
2022,05,19,15,40,312,11.8,14.8,1017.5,9.4,2.37
2022,05,19,18,40,318,12.2,14.8,1017.3,9.5,2.78
2022,05,19,21,40,322,11.7,14.9,1015.3,9.6,3.09
2022,05,20,00,40,313,16.4,21.0,1011.9,9.6,3.80
2022,05,20,03,40,314,15.5,20.5,1011.7,9.5,3.91
2022,05,20,06,40,329,13.1,17.4,1012.6,9.5,4.45
2022,05,20,09,40,324,13.3,17.0,1012.0,9.4,4.05
2022,05,20,12,40,324,9.9,12.4,1011.7,9.2,2.78
2022,05,20,15,40,320,8.5,10.3,1012.0,9.0,2.35
2022,05,20,18,40,314,7.7,9.4,1011.5,9.0,1.86
2022,05,20,21,40,322,10.3,12.7,1011.1,9.1,1.87
2022,05,21,00,40,310,8.4,10.0,1011.1,9.3,2.03
2022,05,21,03,40,299,7.3,9.1,1010.5,9.3,2.69
2022,05,21,06,40,321,7.9,9.8,1011.2,9.3,2.36
2022,05,21,09,40,324,6.9,9.1,1011.2,9.3,2.68
2022,05,21,12,40,326,6.1,8.2,1012.2,9.3,2.49
2022,05,21,15,40,334,4.6,6.4,1014.5,9.3,2.42
2022,05,21,18,40,317,5.2,7.0,1015.4,9.5,2.14
2022,05,21,21,40,299,5.0,6.8,1015.8,9.7,2.01
2022,05,22,00,40,303,7.2,8.9,1015.6,9.8,2.31
2022,05,22,03,40,308,7.2,10.1,1016.3,9.7,2.40
2022,05,22,06,40,312,7.9,10.3,1016.8,9.7,2.22
2022,05,22,09,40,326,3.1,5.9,1016.6,9.7,2.46
2022,05,22,12,40,321,7.4,9.2,1016.9,9.7,2.34
2022,05,22,15,40,325,6.3,8.2,1018.5,9.7,2.38
2022,05,22,18,40,318,8.6,10.7,1019.2,9.7,2.06
2022,05,22,21,40,309,9.7,11.9,1018.4,9.9,2.36
2022,05,23,00,40,327,9.2,11.6,1017.8,9.9,2.72
2022,05,23,03,40,317,8.9,11.0,1017.5,9.9,2.63
2022,05,23,06,40,322,9.8,12.3,1017.1,9.7,2.80
2022,05,23,09,40,328,10.2,12.8,1016.5,9.6,2.98
2022,05,23,12,40,330,10.1,13.0,1016.5,9.5,2.80
2022,05,23,15,40,325,8.5,10.7,1017.5,9.5,2.23
2022,05,23,18,40,314,8.7,10.4,1017.0,9.6,2.15
2022,05,23,21,40,299,7.6,9.5,1015.6,9.7,2.19
2022,05,24,00,40,312,9.5,12.0,1013.7,9.8,2.41
2022,05,24,03,40,317,9.8,12.6,1012.6,9.8,2.36
2022,05,24,06,40,315,8.8,10.5,1012.6,9.8,2.61
2022,05,24,09,40,324,6.0,8.0,1011.8,9.8,2.31
2022,05,24,12,40,328,5.4,6.5,1011.9,9.7,2.29
2022,05,24,15,40,353,4.4,5.6,1012.9,9.7,2.19
2022,05,24,18,40,316,6.2,7.7,1013.0,9.9,1.98
2022,05,24,21,40,302,7.0,8.9,1012.1,10.1,1.71
2022,05,25,00,40,311,6.8,8.4,1010.3,10.4,1.81
2022,05,25,03,40,314,6.4,7.6,1009.6,10.3,2.03
2022,05,25,06,40,315,5.9,7.2,1010.0,10.1,1.99
2022,05,25,09,40,335,3.1,4.2,1009.6,10.0,1.86
2022,05,25,12,40,320,4.0,5.3,1009.6,10.2,1.67
2022,05,25,15,40,128,0.8,1.4,1011.2,10.2,1.44
2022,05,25,18,40,160,4.2,5.1,1012.2,10.9,1.32
2022,05,25,21,40,172,5.6,6.8,1012.3,10.8,1.44
2022,05,26,00,40,173,5.9,7.5,1011.4,10.8,1.25
2022,05,26,03,40,180,5.6,6.9,1011.1,10.7,1.16
2022,05,26,06,40,176,5.3,6.7,1012.2,10.7,1.15
2022,05,26,09,40,168,4.6,6.0,1011.8,10.6,1.07
2022,05,26,12,40,162,6.0,7.5,1012.0,10.6,1.13
2022,05,26,15,40,163,5.9,7.7,1013.6,10.6,1.23
2022,05,26,18,40,167,5.6,6.8,1014.9,10.6,1.16
2022,05,26,21,40,172,4.8,6.2,1015.4,10.6,1.03
2022,05,27,00,40,175,4.7,5.6,1015.1,10.7,1.01
2022,05,27,03,40,183,3.4,4.3,1015.6,10.7,0.93
2022,05,27,06,40,163,4.0,4.9,1016.2,10.6,0.94
2022,05,27,09,40,187,2.1,2.7,1017.0,10.6,0.85
2022,05,27,12,40,169,3.7,4.5,1016.8,10.6,0.82
2022,05,27,15,40,254,1.5,2.2,1018.3,10.6,0.82
2022,05,27,18,40,318,1.4,2.0,1019.5,10.9,0.80
2022,05,27,21,40,218,1.7,2.7,1019.2,11.2,0.85
2022,05,28,00,40,275,4.7,5.5,1018.2,11.6,0.80
2022,05,28,04,40,282,2.4,3.2,1017.5,11.0,0.77
2022,05,28,07,40,219,2.4,3.0,1016.9,10.9,0.83
2022,05,28,10,40,277,2.8,3.4,1016.0,10.9,0.84
2022,05,28,13,40,284,3.6,4.5,1016.3,11.0,0.91
2022,05,28,16,40,233,1.5,2.1,1016.6,11.2,0.84
2022,05,28,19,40,182,2.7,3.5,1017.3,11.5,0.86
2022,05,28,22,40,198,3.0,3.8,1016.5,12.4,0.85
2022,05,29,01,40,196,3.0,3.7,1015.2,12.2,0.94
2022,05,29,04,40,313,6.9,8.4,1015.9,12.0,0.88
2022,05,29,07,40,300,11.7,14.3,1015.2,11.1,1.54
2022,05,29,10,40,323,11.2,13.7,1015.3,10.5,2.10
2022,05,29,13,40,331,8.9,11.0,1016.5,10.2,2.35
2022,05,29,16,40,330,9.7,11.8,1017.4,10.2,2.18
2022,05,29,19,40,320,10.5,13.6,1017.4,10.2,2.43
2022,05,29,22,40,325,10.4,12.9,1016.6,10.5,3.23
2022,05,30,01,40,319,12.8,16.1,1015.7,10.4,3.62
2022,05,30,04,40,316,12.6,16.4,1015.5,10.3,3.71
2022,05,30,07,40,312,13.2,17.2,1015.1,10.6,3.32
2022,05,30,10,40,327,12.9,16.2,1014.8,10.7,3.01
2022,05,30,13,40,326,12.5,15.3,1015.3,10.6,2.92
2022,05,30,16,40,329,10.7,13.2,1016.2,10.2,2.65
2022,05,30,19,40,316,9.6,12.1,1016.0,9.9,2.71
2022,05,30,22,40,314,10.1,13.0,1015.4,9.9,3.01
2022,05,31,01,40,315,12.5,15.5,1014.3,9.9,3.03
2022,05,31,04,40,314,13.5,17.2,1013.7,9.9,3.42
2022,05,31,07,40,326,9.0,11.3,1014.5,10.1,2.82
2022,05,31,10,40,327,9.8,12.2,1013.9,10.0,2.54
2022,05,31,13,40,334,6.2,8.2,1014.8,10.1,2.05
2022,05,31,16,40,323,7.7,9.4,1015.3,10.1,2.06
2022,05,31,19,40,309,8.7,10.3,1015.3,10.3,1.90
2022,05,31,22,40,323,7.4,9.4,1014.8,10.4,1.66
2022,06,01,01,40,310,6.9,8.2,1014.4,10.3,1.85
2022,06,01,04,40,313,8.1,10.0,1014.5,10.3,1.95
2022,06,01,07,40,318,8.2,10.3,1014.8,10.2,2.05
2022,06,01,10,40,316,7.1,8.9,1014.5,10.3,1.79
2022,06,01,13,40,332,4.2,6.3,1015.2,10.1,1.59
2022,06,01,16,40,323,4.9,6.4,1015.7,10.2,1.49
2022,06,01,19,40,322,6.3,7.7,1015.8,10.4,1.40
2022,06,01,22,40,295,7.2,8.8,1014.2,10.7,1.27
2022,06,02,01,40,307,8.0,9.3,1013.2,10.7,1.43
2022,06,02,04,40,317,6.7,8.6,1013.0,10.5,1.54
2022,06,02,07,40,332,5.3,7.0,1013.4,10.3,1.77
2022,06,02,10,40,314,7.2,9.4,1012.6,10.1,1.42
2022,06,02,13,40,314,7.4,9.2,1013.1,9.7,1.25
2022,06,02,17,40,319,7.5,9.5,1014.1,9.8,1.23
2022,06,02,20,40,308,4.8,5.8,1013.9,10.3,1.22
2022,06,02,23,40,291,5.1,6.2,1013.3,10.6,1.25
2022,06,03,02,40,300,5.9,7.6,1012.9,10.3,1.54
2022,06,03,05,40,299,3.2,4.2,1013.7,10.1,1.46
2022,06,03,08,40,288,4.0,5.9,1012.8,10.1,1.57
2022,06,03,11,40,270,4.5,6.2,1012.8,10.2,1.80
2022,06,03,14,40,255,3.8,5.0,1012.8,10.3,1.78
2022,06,03,17,40,256,2.1,3.0,1014.0,10.9,1.86
2022,06,03,20,40,252,1.2,1.9,1014.1,11.6,1.56
2022,06,03,23,40,303,4.3,5.4,1014.0,12.0,1.84
2022,06,04,02,40,284,3.5,4.5,1013.4,11.7,1.44
2022,06,04,05,40,254,2.3,3.2,1014.0,11.5,1.46
2022,06,04,08,40,250,1.5,2.2,1014.2,11.4,1.68
2022,06,04,11,40,272,1.2,2.4,1014.0,11.2,1.71
2022,06,04,14,40,184,1.3,2.0,1015.0,11.3,1.48
2022,06,04,17,40,167,2.4,3.3,1015.8,11.5,1.41
2022,06,04,20,40,173,2.4,3.2,1015.9,11.8,1.33
2022,06,04,23,40,168,2.9,3.9,1015.3,12.2,1.32
2022,06,05,02,40,151,4.7,5.5,1014.2,12.3,1.37
2022,06,05,05,40,168,7.3,8.9,1014.4,11.6,1.35
2022,06,05,08,40,167,6.7,8.1,1013.8,11.0,1.43
2022,06,05,11,40,160,7.2,9.0,1012.8,11.5,1.41
2022,06,05,14,40,172,6.4,8.4,1013.5,11.4,1.43
2022,06,05,17,40,175,4.8,5.8,1015.0,11.3,1.52
2022,06,05,20,40,152,2.9,3.5,1015.7,11.7,1.52
2022,06,05,23,40,242,1.5,2.1,1015.6,12.3,1.45
2022,06,06,02,40,327,2.0,2.8,1015.6,12.2,1.39
2022,06,06,05,40,313,5.7,7.4,1017.1,11.9,1.33
2022,06,06,08,40,324,5.2,7.1,1016.8,11.6,1.42
2022,06,06,11,40,298,8.0,10.1,1016.4,11.5,1.43
2022,06,06,14,40,303,6.8,8.4,1017.5,11.4,1.24
2022,06,06,17,40,315,8.6,10.5,1017.8,11.5,1.59
2022,06,06,21,40,308,9.2,11.2,1016.8,11.6,1.58
2022,06,07,00,40,315,8.3,10.5,1015.0,11.7,1.72
2022,06,07,03,40,312,8.5,10.7,1013.9,11.7,2.19
2022,06,07,06,40,318,6.4,8.4,1014.5,11.7,1.98
2022,06,07,09,40,312,7.8,9.6,1014.1,11.7,1.89
2022,06,07,12,40,313,6.0,7.6,1014.2,11.6,1.63
2022,06,07,15,40,318,8.4,11.2,1015.4,11.7,1.66
2022,06,07,18,40,312,8.2,10.3,1016.7,11.9,1.55
2022,06,07,21,40,294,6.5,7.9,1016.7,11.9,1.33
2022,06,08,00,40,304,7.0,8.7,1016.1,11.9,1.37
2022,06,08,03,40,305,8.1,9.8,1015.5,11.7,1.52
2022,06,08,06,40,295,8.4,10.5,1015.8,11.6,1.52
2022,06,08,09,40,307,6.3,7.7,1015.2,11.5,1.26
2022,06,08,12,40,309,4.3,5.3,1014.8,11.4,1.12
2022,06,08,15,40,283,4.3,5.0,1016.0,11.4,1.05
2022,06,08,18,40,300,6.0,7.2,1016.1,11.4,1.00
2022,06,08,21,40,307,8.2,9.7,1015.2,11.1,1.16
2022,06,09,00,40,311,8.1,9.8,1014.1,11.0,1.30
2022,06,09,03,40,317,9.0,11.7,1013.4,11.1,1.85
2022,06,09,06,40,319,11.1,13.6,1013.8,11.0,2.01
2022,06,09,09,40,312,9.1,11.4,1013.3,10.8,2.07
2022,06,09,12,40,322,8.3,10.0,1012.6,10.7,1.96
2022,06,09,15,40,326,5.8,7.1,1014.4,10.7,1.78
2022,06,09,18,40,316,10.1,12.3,1015.0,10.8,2.00
2022,06,09,21,40,317,6.5,7.9,1014.6,10.8,2.02
2022,06,10,00,40,315,8.9,10.6,1013.5,11.1,2.59
2022,06,10,03,40,313,9.7,12.1,1013.7,11.2,2.17
2022,06,10,06,40,321,8.6,10.6,1014.3,11.2,2.03
2022,06,10,09,40,329,3.7,4.6,1013.4,11.1,1.98
2022,06,10,12,40,328,4.8,5.6,1013.9,10.7,1.76
2022,06,10,15,40,329,6.2,7.7,1015.1,10.8,1.89
2022,06,10,18,40,313,7.0,8.9,1015.6,11.8,1.70
2022,06,10,21,40,303,7.8,9.4,1015.7,12.1,1.55
2022,06,11,00,40,314,8.0,9.4,1015.3,12.0,1.61
2022,06,11,03,40,314,8.2,9.6,1015.4,11.6,1.81
2022,06,11,06,40,330,5.3,6.8,1016.5,11.1,1.99
2022,06,11,09,40,321,6.9,9.0,1015.4,10.9,1.73
2022,06,11,12,40,323,7.7,9.3,1014.9,10.8,1.63
2022,06,11,15,40,325,4.4,5.8,1016.5,10.8,1.54
2022,06,11,18,40,303,4.7,5.5,1016.7,11.1,1.25
2022,06,11,21,40,304,5.8,6.9,1016.4,11.3,1.22
2022,06,12,00,40,309,5.8,6.9,1014.9,11.0,1.43
2022,06,12,03,40,298,3.1,3.8,1014.2,10.8,1.22
2022,06,12,06,40,280,3.4,4.1,1013.8,10.7,1.17
2022,06,12,09,40,280,3.1,4.3,1012.4,10.5,1.11
2022,06,12,12,40,203,1.3,1.8,1011.9,10.6,1.07
2022,06,12,15,40,163,2.3,3.4,1012.6,10.7,1.02
2022,06,12,18,40,187,1.9,2.5,1013.1,10.9,1.01
2022,06,12,21,40,267,3.0,3.9,1013.7,11.6,0.98
2022,06,13,00,40,307,9.6,11.9,1013.5,10.7,1.28
2022,06,13,03,40,304,11.7,14.2,1014.0,10.4,2.24
2022,06,13,06,40,309,12.5,15.4,1014.2,10.7,2.39
2022,06,13,09,40,327,12.3,15.6,1015.0,10.8,2.73
2022,06,13,12,40,320,13.2,16.7,1015.7,10.6,2.96
2022,06,13,15,40,315,11.8,13.9,1017.8,10.4,2.50
2022,06,13,18,40,325,10.1,12.8,1018.9,10.3,2.61
2022,06,13,21,40,324,9.9,12.6,1019.1,10.3,2.68
2022,06,14,00,40,322,10.7,13.4,1018.1,10.3,3.20
2022,06,14,03,40,318,10.5,12.6,1017.0,10.2,3.01
2022,06,14,06,40,315,9.9,12.0,1017.1,10.2,2.74
2022,06,14,09,40,325,7.3,9.7,1016.9,10.2,2.48
2022,06,14,12,40,322,9.8,11.7,1017.2,10.3,2.20
2022,06,14,15,40,312,8.9,11.0,1017.3,10.4,2.05
2022,06,14,18,40,310,9.4,11.2,1017.6,10.6,2.07
2022,06,14,21,40,315,9.9,12.3,1017.0,10.7,2.25
2022,06,15,00,40,324,9.3,12.5,1015.9,10.8,2.43
2022,06,15,03,40,312,9.6,11.7,1014.4,10.7,2.52
2022,06,15,06,40,310,10.3,12.7,1013.9,10.7,2.50
2022,06,15,09,40,320,6.8,8.4,1014.0,10.7,2.14
2022,06,15,12,40,321,7.8,9.4,1014.0,10.6,1.85
2022,06,15,15,40,319,7.1,8.9,1014.5,10.6,1.93
2022,06,15,18,40,312,10.1,13.2,1014.9,10.6,1.83
2022,06,15,22,40,310,7.6,9.1,1015.4,10.6,1.66
2022,06,16,01,40,320,6.3,7.9,1014.5,10.5,1.73
2022,06,16,04,40,316,7.8,10.2,1014.1,10.4,1.94
2022,06,16,07,40,307,7.4,9.1,1014.3,10.4,1.51
2022,06,16,10,40,314,7.6,9.8,1013.7,9.9,1.44
2022,06,16,13,40,312,7.0,8.5,1014.1,9.7,1.17
2022,06,16,16,40,310,8.1,10.1,1014.1,9.8,1.16
2022,06,16,19,40,297,7.5,9.5,1013.5,9.8,1.14
2022,06,16,22,40,292,8.1,9.6,1012.4,9.9,1.07
2022,06,17,01,40,292,7.8,10.2,1011.3,9.7,1.17
2022,06,17,04,40,278,8.0,9.6,1011.5,9.7,1.39
2022,06,17,07,40,265,6.1,7.2,1011.7,9.7,1.31
2022,06,17,10,40,264,4.6,5.5,1011.8,9.7,1.25
2022,06,17,13,40,262,4.1,4.9,1012.8,9.8,1.21
2022,06,17,16,40,237,3.2,4.2,1013.9,10.1,1.37
2022,06,17,19,40,207,2.2,2.9,1014.6,10.7,1.41
2022,06,17,22,40,238,3.4,4.3,1014.8,10.7,1.44
2022,06,18,01,40,259,2.8,3.7,1014.2,11.7,1.50
2022,06,18,04,40,253,2.4,3.3,1014.7,12.0,1.61
2022,06,18,07,40,286,4.4,5.5,1015.1,12.0,1.54
2022,06,18,10,40,299,5.8,7.0,1014.8,11.7,1.40
2022,06,18,13,40,316,6.4,8.1,1015.8,10.9,1.62
2022,06,18,16,40,314,5.5,6.9,1017.2,11.1,1.67
2022,06,18,19,40,302,7.3,9.1,1017.7,11.1,1.67
2022,06,18,22,40,292,7.1,8.7,1017.9,11.0,1.70
2022,06,19,01,40,305,8.0,9.8,1017.3,11.0,1.69
2022,06,19,06,40,323,8.5,10.5,1017.8,10.3,2.07
2022,06,19,09,40,315,6.0,7.4,1017.7,10.3,1.90
2022,06,19,12,40,322,6.2,7.7,1018.9,10.3,1.85
2022,06,19,15,40,326,5.9,7.2,1020.1,10.6,1.84
2022,06,19,18,40,321,4.6,5.5,1020.6,11.1,1.73
2022,06,19,21,40,310,7.6,9.6,1020.5,11.3,1.63
2022,06,20,00,40,324,7.6,9.2,1019.5,11.3,1.78
2022,06,20,03,40,326,9.9,12.1,1018.9,10.9,2.38
2022,06,20,06,40,320,9.6,12.1,1019.0,10.4,2.25
2022,06,20,10,40,312,7.0,8.6,1017.5,9.9,2.07
2022,06,20,13,40,343,4.9,6.4,1017.9,9.8,2.20
2022,06,20,17,40,316,4.6,5.9,1019.0,10.2,1.74
2022,06,20,20,40,314,7.4,9.6,1018.1,10.3,1.52
2022,06,20,23,40,302,7.8,9.4,1016.1,10.3,1.66
2022,06,21,02,40,315,8.1,9.7,1014.4,9.7,1.78
2022,06,21,05,40,316,6.5,7.8,1014.0,9.8,1.90
2022,06,21,08,40,330,2.9,3.9,1012.9,9.7,1.92
2022,06,21,11,40,309,2.8,4.6,1012.8,9.8,1.93
2022,06,21,14,40,319,3.2,4.3,1013.5,9.5,1.74
2022,06,21,17,40,300,2.6,3.5,1013.6,10.0,1.74
2022,06,21,20,40,302,5.5,7.1,1013.0,10.7,1.78
2022,06,21,23,40,306,6.2,7.6,1012.0,10.7,1.44
2022,06,22,02,40,311,7.0,8.2,1011.2,10.4,1.58
2022,06,22,05,40,312,5.7,6.9,1011.3,10.1,1.51
2022,06,22,08,40,167,3.9,5.1,1011.7,10.4,1.59
2022,06,22,11,40,114,1.7,2.7,1012.4,10.1,1.52
2022,06,22,14,40,164,2.6,4.0,1013.2,10.1,1.50
2022,06,22,17,40,171,3.9,5.1,1015.2,10.4,1.41
2022,06,22,20,40,177,1.4,2.3,1014.9,10.9,1.57
2022,06,23,00,40,191,2.9,3.9,1013.5,12.2,1.57
2022,06,23,03,40,142,1.4,3.0,1012.7,11.7,1.40
2022,06,23,06,40,181,1.1,3.0,1014.2,11.4,1.44
2022,06,23,09,40,308,2.7,4.2,1012.9,11.6,1.45
2022,06,23,12,40,195,1.0,2.3,1013.3,11.3,1.65
2022,06,23,15,40,186,0.5,1.3,1014.4,11.2,1.78
2022,06,23,18,40,269,1.0,2.4,1014.5,11.8,1.78
2022,06,23,21,40,300,3.2,4.5,1013.9,11.9,1.62
2022,06,24,00,40,278,3.5,5.1,1012.6,11.4,1.64
2022,06,24,03,40,310,2.7,4.4,1012.7,12.6,1.68
2022,06,24,06,40,303,2.0,3.0,1013.0,12.1,1.67
2022,06,24,09,40,230,0.6,2.1,1012.6,12.0,1.82
2022,06,24,12,40,200,1.1,2.1,1012.6,12.0,1.51
2022,06,24,15,40,161,3.0,5.2,1013.1,12.1,1.58
2022,06,24,18,40,194,4.1,5.3,1013.5,12.4,1.63
2022,06,24,21,40,214,2.2,3.0,1013.5,12.6,1.61
2022,06,25,00,40,333,3.5,4.5,1012.7,12.2,1.57
2022,06,25,03,40,300,4.8,6.1,1012.3,11.8,1.36
2022,06,25,06,40,284,4.1,5.0,1012.9,11.7,1.39
2022,06,25,09,40,244,2.2,2.8,1013.1,11.6,1.43
2022,06,25,12,40,244,2.4,3.0,1013.3,11.6,1.34
2022,06,25,15,40,226,1.7,2.9,1014.4,11.6,1.09
2022,06,25,18,40,239,2.9,3.4,1015.5,12.0,1.07
2022,06,25,21,40,245,1.1,2.0,1015.5,12.3,1.02
2022,06,26,00,40,260,4.0,5.3,1014.9,13.2,1.04
2022,06,26,03,40,248,2.0,3.7,1015.1,12.7,0.96
2022,06,26,06,40,245,1.0,1.5,1015.9,12.8,0.91
2022,06,26,09,40,182,1.1,2.3,1015.5,12.6,0.86
2022,06,26,12,40,236,1.9,2.8,1016.4,12.7,0.74
2022,06,26,15,40,204,2.2,2.9,1017.9,12.8,0.71
2022,06,26,18,40,207,1.3,2.2,1018.6,13.0,0.70
2022,06,26,21,40,263,1.6,2.3,1018.6,13.1,0.74
2022,06,27,00,40,294,3.6,5.6,1017.8,12.6,0.74
2022,06,27,03,40,290,4.4,6.0,1017.6,12.6,0.69
2022,06,27,06,40,309,3.1,4.9,1018.6,12.7,0.66
2022,06,27,09,40,304,4.5,6.5,1018.1,12.6,0.60
2022,06,27,12,40,311,4.1,5.6,1018.6,12.4,0.69
2022,06,27,15,40,314,4.7,6.3,1020.0,12.3,0.69
2022,06,27,18,40,308,4.8,5.9,1020.2,12.3,0.65
2022,06,27,21,40,308,6.6,8.1,1019.8,12.6,0.70
2022,06,28,00,40,314,9.4,11.8,1018.7,12.3,1.07
2022,06,28,03,40,306,10.3,12.5,1018.2,11.7,1.18
2022,06,28,06,40,308,9.1,11.3,1018.9,11.6,1.14
2022,06,28,09,40,316,9.0,10.9,1018.9,11.6,1.29
2022,06,28,12,40,315,6.9,8.8,1019.0,11.8,1.23
2022,06,28,15,40,312,6.6,8.2,1019.7,11.9,1.42
2022,06,28,18,40,311,8.5,10.8,1019.8,12.0,1.59
2022,06,28,21,40,307,8.4,10.6,1019.2,12.2,1.53
2022,06,29,00,40,315,7.1,8.5,1018.0,12.3,1.55
2022,06,29,03,40,309,7.8,9.7,1017.0,12.1,1.66
2022,06,29,06,40,309,8.3,10.1,1017.2,11.6,1.70
2022,06,29,09,40,311,10.2,13.2,1016.7,11.1,1.90
2022,06,29,12,40,307,8.3,10.8,1017.3,11.0,1.74
2022,06,29,15,40,306,6.7,8.9,1018.7,11.2,1.63
2022,06,29,18,40,292,5.3,6.5,1019.1,11.3,1.68
2022,06,29,21,40,273,4.7,5.7,1018.7,11.4,1.32
2022,06,30,00,40,281,5.0,6.2,1017.9,11.4,1.42
2022,06,30,03,40,281,6.0,7.5,1017.5,11.3,1.49
2022,06,30,06,40,290,6.3,7.6,1017.5,11.2,1.79
2022,06,30,09,40,289,5.0,6.9,1017.6,11.4,1.72
2022,06,30,12,40,301,7.1,8.7,1017.8,11.4,1.80
2022,06,30,15,40,299,7.6,10.3,1018.4,10.7,2.02
2022,06,30,18,40,301,7.9,9.6,1019.0,10.6,1.78
2022,06,30,21,40,295,5.7,7.1,1019.0,10.8,1.56
2022,07,01,00,40,296,7.1,9.2,1018.0,10.9,1.67
2022,07,01,03,40,304,7.6,9.7,1017.8,10.9,1.84
2022,07,01,06,40,301,6.8,9.4,1017.7,10.6,1.98
2022,07,01,09,40,300,6.8,8.6,1017.1,10.2,1.93
2022,07,01,12,40,309,6.9,9.6,1017.4,10.4,1.81
2022,07,01,15,40,307,5.6,7.2,1018.3,10.0,1.77
2022,07,01,18,40,301,5.1,7.1,1018.4,10.2,1.72
2022,07,01,21,40,277,4.4,5.4,1017.9,10.3,1.56
2022,07,02,00,40,300,7.0,9.4,1016.5,10.3,1.62
2022,07,02,03,40,301,7.8,10.5,1016.0,10.3,1.69
2022,07,02,06,40,301,7.9,10.1,1015.9,10.3,1.88
2022,07,02,09,40,301,7.7,10.2,1015.8,10.4,1.87
2022,07,02,12,40,289,6.3,8.7,1015.7,10.3,1.78
2022,07,02,15,40,289,7.5,9.2,1016.5,10.3,1.62
2022,07,02,18,40,280,6.5,8.1,1017.0,10.6,1.62
2022,07,02,21,40,275,6.0,7.1,1017.0,10.7,1.37
2022,07,03,00,40,272,5.5,6.6,1016.4,10.7,1.22
2022,07,03,03,40,281,6.2,7.4,1016.0,10.7,1.19
2022,07,03,06,40,277,6.2,7.3,1016.5,11.1,1.26
2022,07,03,09,40,288,4.9,5.9,1016.3,10.9,1.07
2022,07,03,12,40,269,4.9,5.9,1016.2,10.8,1.03
2022,07,03,15,40,276,5.2,6.1,1016.9,10.8,0.93
2022,07,03,18,40,263,4.3,5.0,1017.6,10.9,0.90
2022,07,03,21,40,260,3.2,4.0,1017.7,11.2,0.73
2022,07,04,00,40,236,2.8,3.3,1016.7,11.3,0.70
2022,07,04,03,40,246,2.3,2.7,1016.5,11.6,0.65
2022,07,04,06,40,144,1.6,2.0,1016.2,11.8,0.61
2022,07,04,09,40,134,1.8,2.2,1015.6,11.7,0.57
2022,07,04,12,40,159,2.5,3.0,1015.4,11.2,0.49
2022,07,04,15,40,113,1.8,2.3,1016.3,10.9,0.49
2022,07,04,18,40,152,1.7,2.3,1016.8,11.4,0.50
2022,07,04,21,40,154,2.3,2.9,1016.5,12.1,0.48
2022,07,05,00,40,160,2.5,3.3,1015.7,12.9,0.69
2022,07,05,03,40,165,2.0,2.7,1015.4,11.9,0.89
2022,07,05,06,40,127,2.6,3.0,1015.2,12.1,0.91
2022,07,05,09,40,172,2.2,3.0,1014.7,12.5,0.98
2022,07,05,12,40,177,2.9,3.4,1014.4,12.5,1.00
2022,07,05,15,40,132,1.8,2.4,1015.6,12.0,0.98
2022,07,05,18,40,255,0.5,1.2,1016.4,12.4,0.91
2022,07,05,21,40,280,0.9,1.4,1016.2,12.6,0.95
2022,07,06,00,40,208,1.7,2.4,1015.0,14.6,0.93
2022,07,06,03,40,272,2.1,2.6,1014.8,13.8,1.03
2022,07,06,06,40,263,1.6,2.4,1015.4,14.5,1.17
2022,07,06,09,40,206,1.6,2.2,1015.1,13.3,1.16
2022,07,06,12,40,276,2.4,3.2,1015.1,13.6,1.23
2022,07,06,15,40,299,3.2,4.0,1016.5,12.9,1.07
2022,07,06,18,40,302,2.3,2.8,1017.2,13.8,1.05
2022,07,06,23,40,282,4.2,5.3,1016.5,14.4,1.03
2022,07,07,02,40,290,2.6,3.3,1016.1,14.3,0.89
2022,07,07,05,40,297,4.4,5.1,1016.9,14.8,0.86
2022,07,07,08,40,318,5.9,7.4,1016.7,14.9,0.90
2022,07,07,11,40,312,6.9,8.8,1016.7,14.5,0.93
2022,07,07,14,40,306,6.7,8.5,1017.9,13.6,0.96
2022,07,07,17,40,298,5.2,7.3,1019.0,14.3,0.98
2022,07,07,20,40,292,5.5,6.5,1018.8,14.2,0.99
2022,07,07,23,40,296,6.3,7.6,1018.1,14.6,0.99
2022,07,08,02,40,300,7.2,8.9,1017.2,14.7,1.05
2022,07,08,05,40,308,7.3,8.7,1017.3,14.5,1.32
2022,07,08,08,40,317,7.7,9.4,1016.8,14.3,1.29
2022,07,08,11,40,319,8.1,10.2,1017.2,13.9,1.31
2022,07,08,14,40,316,6.8,8.4,1018.3,13.7,1.24
2022,07,08,17,40,319,7.5,9.7,1019.0,13.6,1.04
2022,07,08,20,40,305,7.7,9.5,1019.2,13.6,1.07
2022,07,08,23,40,307,8.8,10.7,1018.9,13.6,1.31
2022,07,09,02,40,299,8.4,10.3,1018.8,13.4,1.17
2022,07,09,05,40,314,6.8,8.1,1020.0,13.5,1.26
2022,07,09,08,40,331,4.8,6.1,1020.3,13.3,1.12
2022,07,09,11,40,296,3.7,5.1,1020.4,13.0,0.93
2022,07,09,14,40,283,2.2,3.3,1021.8,13.0,0.88
2022,07,09,17,40,289,2.7,3.7,1023.4,13.4,0.76
2022,07,09,20,40,291,4.0,5.0,1023.2,14.0,0.82
2022,07,09,23,40,282,3.3,3.9,1022.4,13.4,0.83
2022,07,10,02,40,313,7.7,9.7,1020.8,13.3,1.00
2022,07,10,05,40,317,7.5,9.5,1021.2,12.6,1.58
2022,07,10,08,40,313,7.7,9.6,1020.5,11.7,1.52
2022,07,10,11,40,284,2.4,3.0,1020.0,11.1,1.16
2022,07,10,14,40,134,0.3,1.3,1020.0,11.9,1.43
2022,07,10,17,40,149,2.5,3.9,1019.9,12.8,1.26
2022,07,10,20,40,166,0.1,1.1,1019.1,13.4,1.31
2022,07,10,23,40,300,3.7,4.8,1017.6,14.4,1.11
2022,07,11,02,40,308,4.9,6.1,1015.9,13.0,1.28
2022,07,11,05,40,243,1.6,2.4,1016.1,12.0,1.12
2022,07,11,08,40,275,1.9,2.7,1014.8,11.6,1.20
2022,07,11,11,40,201,1.5,2.0,1013.7,11.6,1.34
2022,07,11,14,40,216,1.9,2.5,1014.2,11.7,1.32
2022,07,11,17,40,229,2.8,3.8,1015.1,13.1,1.10
2022,07,11,20,40,270,2.9,3.9,1014.6,13.5,1.17
2022,07,11,23,40,290,2.0,2.7,1013.0,12.8,1.14
2022,07,12,02,40,278,2.3,3.1,1012.4,12.4,1.21
2022,07,12,05,40,211,1.3,2.2,1013.5,13.4,1.11
2022,07,12,08,40,212,2.4,3.2,1013.2,13.4,1.24
2022,07,12,11,40,205,1.7,2.2,1013.1,12.8,1.29
2022,07,12,14,40,194,2.6,3.6,1013.3,12.6,1.33
2022,07,12,17,40,179,3.6,4.6,1014.2,13.0,1.21
2022,07,12,20,40,178,3.9,4.9,1014.0,13.7,1.28
2022,07,12,23,40,191,3.8,4.9,1013.2,15.2,1.26
2022,07,13,02,40,182,2.6,3.8,1012.8,15.2,1.59
2022,07,13,05,40,182,1.4,2.4,1013.8,14.8,1.69
2022,07,13,08,40,235,1.3,2.5,1014.3,15.0,1.77
2022,07,13,11,40,244,1.8,2.4,1014.6,14.6,1.44
2022,07,13,14,40,301,1.6,2.4,1015.7,14.5,1.50
2022,07,13,17,40,221,4.0,4.8,1016.6,14.9,1.64
2022,07,13,20,40,224,1.5,2.4,1016.6,14.6,1.77
2022,07,13,23,40,290,3.7,5.0,1016.0,14.7,1.78
2022,07,14,02,40,306,6.1,8.0,1015.3,14.5,1.38
2022,07,14,05,40,309,8.5,10.5,1014.9,14.3,1.53
2022,07,14,08,40,319,7.3,10.1,1014.4,13.9,1.96
2022,07,14,11,40,317,7.6,10.1,1014.8,13.6,2.01
2022,07,14,14,40,314,9.8,11.7,1015.6,13.9,2.18
2022,07,14,17,40,319,9.9,12.1,1016.4,14.0,2.31
2022,07,14,20,40,310,10.1,12.1,1016.3,13.9,2.18
2022,07,14,23,40,314,10.5,13.1,1015.9,14.0,2.14
2022,07,15,02,40,309,11.8,14.8,1015.1,13.7,2.37
2022,07,15,05,40,313,10.1,12.6,1015.5,13.3,2.60
2022,07,15,08,40,318,8.2,10.0,1015.7,12.3,2.08
2022,07,15,11,40,314,8.8,11.5,1015.7,12.1,2.06
2022,07,15,14,40,311,7.4,9.3,1016.9,11.9,1.94
2022,07,15,17,40,308,7.7,9.6,1017.9,12.0,1.74
2022,07,15,20,40,310,8.8,12.3,1017.7,12.1,1.80
2022,07,15,23,40,310,7.8,9.7,1016.5,12.1,1.77
2022,07,16,02,40,306,10.7,13.7,1015.1,12.1,2.13
2022,07,16,05,40,313,8.0,10.3,1015.9,12.1,2.31
2022,07,16,08,40,316,6.7,9.2,1015.1,12.1,2.04
2022,07,16,11,40,320,7.1,9.1,1014.8,12.2,2.01
2022,07,16,14,40,322,6.5,8.5,1015.4,12.2,1.97
2022,07,16,17,40,331,5.0,6.3,1015.7,12.2,1.71
2022,07,16,20,40,316,7.9,10.0,1015.0,12.4,1.75
2022,07,16,23,40,306,8.3,10.8,1013.2,12.6,1.95
2022,07,17,02,40,306,7.3,9.8,1012.3,12.5,2.57
2022,07,17,05,40,303,5.6,7.6,1012.7,12.3,2.44
2022,07,17,08,40,291,5.2,6.8,1011.8,12.5,2.19
2022,07,17,11,40,301,6.0,7.5,1011.5,12.5,2.20
2022,07,17,14,40,310,6.9,8.5,1011.9,12.3,2.06
2022,07,17,17,40,319,8.0,9.7,1012.8,12.2,2.39
2022,07,17,20,40,315,7.9,9.5,1012.8,12.1,2.23
2022,07,17,23,40,298,5.8,7.2,1011.9,12.5,2.25
2022,07,18,02,40,303,5.6,7.6,1011.2,12.5,2.51
2022,07,18,05,40,279,3.6,5.3,1012.0,12.4,2.52
2022,07,18,08,40,285,3.2,4.3,1012.0,12.3,2.26
2022,07,18,11,40,261,3.2,4.5,1013.2,12.3,2.04
2022,07,18,14,40,270,3.0,4.3,1014.6,12.3,2.07
2022,07,18,18,40,255,2.5,4.4,1016.9,12.6,1.95
2022,07,18,21,40,292,5.3,7.1,1016.5,12.8,1.72
2022,07,19,00,40,299,6.4,8.0,1015.8,13.1,1.84
2022,07,19,03,40,277,3.9,5.1,1015.7,12.9,1.64
2022,07,19,06,40,270,2.6,3.8,1016.4,12.8,1.70
2022,07,19,09,40,314,5.4,7.1,1016.3,12.8,1.59
2022,07,19,12,40,308,6.4,8.2,1017.0,12.7,1.73
2022,07,19,15,40,319,6.2,8.2,1018.4,12.0,1.91
2022,07,19,18,40,320,6.2,8.0,1018.9,12.8,1.49
2022,07,19,21,40,286,4.9,6.0,1018.5,13.1,1.42
2022,07,20,00,40,312,9.4,11.6,1016.9,13.0,1.50
2022,07,20,04,40,312,8.2,10.2,1017.7,12.9,1.80
2022,07,20,07,40,312,7.8,9.8,1017.9,13.0,1.72
2022,07,20,10,40,308,7.8,10.1,1017.4,12.9,1.72
2022,07,20,13,40,312,8.5,11.1,1018.1,13.0,1.83
2022,07,20,16,40,319,7.9,10.0,1019.7,13.0,1.46
2022,07,20,19,40,312,8.2,10.2,1020.0,13.1,1.42
2022,07,20,22,40,307,8.8,11.1,1019.4,13.2,1.43
2022,07,21,01,40,310,8.1,10.5,1018.3,13.1,1.35
2022,07,21,04,40,303,7.5,9.6,1018.6,12.9,1.52
2022,07,21,07,40,301,6.9,8.5,1018.0,12.8,1.34
2022,07,21,10,40,312,7.1,8.9,1017.1,12.7,1.34
2022,07,21,13,40,307,7.1,8.6,1017.5,12.6,1.27
2022,07,21,16,40,318,5.5,7.1,1018.7,12.5,1.19
2022,07,21,19,40,313,7.1,9.2,1018.5,12.8,1.28
2022,07,21,22,40,312,7.5,9.8,1017.5,12.5,1.41
2022,07,22,01,40,305,7.6,9.4,1016.1,12.2,1.50
2022,07,22,04,40,312,5.2,6.9,1016.5,12.1,1.61
2022,07,22,07,40,315,3.9,5.6,1016.2,11.8,1.68
2022,07,22,10,40,312,6.2,7.7,1015.2,11.4,1.47
2022,07,22,13,40,321,7.6,9.1,1015.9,11.2,1.52
2022,07,22,16,40,304,5.7,7.3,1016.9,11.2,1.48
2022,07,22,19,40,303,5.6,7.0,1016.7,11.3,1.54
2022,07,22,22,40,301,7.5,8.8,1015.6,11.7,1.44
2022,07,23,01,40,302,7.3,8.7,1014.4,11.6,1.70
2022,07,23,04,40,309,7.8,10.0,1014.0,11.5,1.67
2022,07,23,07,40,318,8.8,11.6,1013.9,11.2,1.95
2022,07,23,10,40,308,8.5,10.8,1013.9,10.9,1.95
2022,07,23,13,40,314,8.9,11.1,1014.2,10.5,2.12
2022,07,23,17,40,313,5.3,6.8,1014.8,10.5,1.63
2022,07,23,20,40,309,4.3,5.4,1014.7,10.6,1.52
2022,07,23,23,40,312,5.2,6.6,1013.4,10.7,1.69
2022,07,24,02,40,312,3.2,4.6,1012.7,10.7,1.56
2022,07,24,05,40,269,2.6,4.2,1012.9,10.7,1.59
2022,07,24,08,40,251,2.0,3.3,1012.9,10.8,1.61
2022,07,24,11,40,216,2.6,4.3,1012.7,11.0,1.67
2022,07,24,14,40,187,4.7,6.1,1012.9,11.0,1.85
2022,07,24,17,40,191,3.6,6.3,1013.8,11.2,1.52
2022,07,24,20,40,228,3.8,4.9,1014.0,11.6,1.51
2022,07,24,23,40,272,3.3,4.6,1013.6,11.7,1.58
2022,07,25,02,40,285,3.9,6.6,1013.0,11.8,1.60
2022,07,25,05,40,263,3.3,4.8,1013.9,11.6,1.51
2022,07,25,08,40,263,3.8,4.9,1013.7,11.7,1.29
2022,07,25,11,40,271,2.4,3.7,1013.9,11.4,1.25
2022,07,25,14,40,159,0.7,1.2,1014.5,11.6,1.12
2022,07,25,17,40,158,0.8,1.3,1015.1,12.0,1.17
2022,07,25,20,40,184,2.9,3.7,1014.8,12.5,1.08
2022,07,25,23,40,190,2.5,3.5,1013.7,12.6,1.10
2022,07,26,03,40,195,1.9,3.2,1013.2,12.6,1.35
2022,07,26,06,40,202,1.9,2.5,1013.7,12.8,1.07
2022,07,26,09,40,179,0.8,1.2,1014.2,12.6,0.93
2022,07,26,12,40,189,1.8,2.4,1014.3,12.5,0.92
2022,07,26,15,40,81,1.3,1.8,1015.6,12.5,0.98
2022,07,26,18,40,146,2.3,3.2,1016.2,12.8,1.00
2022,07,26,21,40,225,2.2,3.7,1016.0,13.0,0.93
2022,07,27,00,40,214,1.8,2.4,1015.6,14.3,0.94
2022,07,27,03,40,195,2.2,3.1,1015.8,13.4,0.96
2022,07,27,06,40,223,1.0,1.8,1016.5,13.4,0.91
2022,07,27,09,40,249,1.9,3.5,1016.6,13.3,0.90
2022,07,27,12,40,283,1.5,2.0,1016.6,13.4,0.94
2022,07,27,15,40,283,0.6,1.0,1017.8,12.9,0.90
2022,07,27,18,40,331,2.1,2.8,1018.2,12.3,0.91
2022,07,27,21,40,298,3.5,5.4,1017.2,12.1,0.97
2022,07,28,00,40,288,5.2,6.1,1016.2,13.0,0.89
2022,07,28,03,40,302,5.8,7.1,1015.7,13.3,0.95
2022,07,28,06,40,309,5.4,6.6,1015.8,13.0,1.03
2022,07,28,10,40,310,5.7,8.0,1015.1,12.5,0.92
2022,07,28,13,40,308,5.2,6.8,1014.8,12.5,0.98
2022,07,28,16,40,309,4.3,5.5,1015.4,13.1,1.22
2022,07,28,19,40,269,3.9,5.1,1015.0,13.3,1.15
2022,07,28,22,40,294,5.3,6.4,1013.9,13.3,1.20
2022,07,29,02,40,302,6.0,7.2,1013.4,13.1,1.24
2022,07,29,05,40,295,5.9,7.6,1013.8,12.8,1.38
2022,07,29,08,40,281,5.7,7.0,1013.4,12.7,1.39
2022,07,29,11,40,286,4.9,6.1,1013.2,12.9,1.30
2022,07,29,14,40,287,5.4,7.1,1013.7,12.9,1.20
2022,07,29,18,40,273,4.8,6.6,1014.2,13.2,1.31
2022,07,29,21,40,282,5.6,6.8,1013.7,13.7,1.45
2022,07,30,00,40,282,6.1,7.6,1012.8,13.5,1.30
2022,07,30,03,40,264,4.3,5.1,1013.4,13.5,1.24
2022,07,30,06,40,262,5.0,5.8,1013.5,13.4,1.09
2022,07,30,09,40,275,5.4,6.9,1013.2,13.6,1.17
2022,07,30,12,40,278,4.7,5.8,1013.6,13.8,1.04
2022,07,30,15,40,273,3.7,4.9,1014.6,13.7,1.01
2022,07,30,18,40,249,4.1,4.9,1015.3,13.8,1.06
2022,07,30,21,40,265,5.1,6.6,1015.2,13.9,1.19
2022,07,31,00,40,269,4.5,5.3,1015.1,13.9,0.99
2022,07,31,03,40,279,4.4,5.4,1014.9,14.0,0.95
2022,07,31,06,40,253,3.1,3.7,1015.6,13.9,0.94
2022,07,31,09,40,272,3.0,3.7,1015.4,13.9,0.88
2022,07,31,12,40,233,2.3,3.1,1015.5,13.9,0.76
2022,07,31,15,40,260,3.7,4.8,1016.7,13.7,0.80
2022,07,31,18,40,263,2.3,2.8,1017.6,13.9,0.80
2022,07,31,21,40,287,2.9,3.7,1017.4,14.1,0.86
2022,08,01,00,40,289,3.2,3.9,1016.6,14.6,0.71
2022,08,01,03,40,308,4.4,5.5,1016.4,14.6,0.80
2022,08,01,06,40,298,3.1,3.8,1017.0,14.5,0.81
2022,08,01,09,40,315,4.7,5.6,1016.8,14.3,0.68
2022,08,01,12,40,313,3.7,4.3,1017.2,14.2,0.66
2022,08,01,15,40,296,1.9,2.5,1018.0,14.1,0.74
2022,08,01,18,40,323,2.7,3.3,1018.3,13.9,0.78
2022,08,01,21,40,312,5.2,6.3,1017.3,13.9,0.88
2022,08,02,00,40,320,6.4,8.1,1016.1,13.6,1.22
2022,08,02,04,40,304,5.0,5.9,1015.9,13.3,1.09
2022,08,02,07,40,308,4.4,5.2,1015.8,13.3,1.43
2022,08,02,10,40,304,3.6,4.5,1016.1,13.2,1.49
2022,08,02,13,40,321,3.0,3.9,1016.9,13.8,1.33
2022,08,02,16,40,309,4.3,5.4,1017.6,14.1,1.39
2022,08,02,19,40,288,4.8,5.9,1018.1,14.0,1.17
2022,08,02,22,40,299,5.3,6.6,1017.5,14.5,1.25
2022,08,03,01,40,302,6.5,7.7,1016.7,13.2,1.26
2022,08,03,04,40,313,6.4,8.2,1016.7,12.8,1.25
2022,08,03,07,40,311,3.6,4.8,1017.0,13.9,1.28
2022,08,03,10,40,310,4.3,5.7,1016.3,14.0,1.58
2022,08,03,13,40,303,4.2,5.4,1016.1,13.9,1.19
2022,08,03,16,40,301,4.7,6.0,1016.0,14.0,1.47
2022,08,03,19,40,296,5.8,7.4,1015.4,14.1,1.30
2022,08,03,22,40,310,7.7,9.7,1013.8,14.2,1.29
2022,08,04,01,40,311,7.3,9.0,1012.2,13.3,1.46
2022,08,04,04,40,264,2.9,3.5,1012.5,13.6,1.38
2022,08,04,07,40,247,3.2,4.2,1012.4,13.6,1.66
2022,08,04,10,40,226,3.1,3.8,1011.9,13.4,1.50
2022,08,04,13,40,193,2.5,3.4,1012.8,13.5,1.60
2022,08,04,16,40,159,2.9,4.8,1013.7,13.6,1.37
2022,08,04,19,40,180,3.7,4.7,1014.2,13.8,1.39
2022,08,04,22,40,176,3.0,4.2,1013.5,13.7,1.56
2022,08,05,01,40,237,1.8,2.4,1013.0,13.9,1.76
2022,08,05,04,40,205,1.6,2.8,1013.6,14.2,1.68
2022,08,05,07,40,200,3.7,4.6,1014.0,14.1,1.33
2022,08,05,11,40,199,2.6,3.3,1014.2,13.5,1.39
2022,08,05,14,40,142,2.7,3.7,1015.5,14.0,1.35
2022,08,05,17,40,141,4.2,5.5,1016.2,13.5,1.43
2022,08,05,20,40,156,2.9,3.7,1016.1,14.1,1.29
2022,08,05,23,40,165,2.7,3.4,1015.4,14.9,1.16
2022,08,06,02,40,156,2.6,3.7,1015.1,15.1,1.51
2022,08,06,05,40,190,3.0,4.5,1016.4,14.9,1.32
2022,08,06,08,40,145,2.4,3.4,1016.4,14.7,1.44
2022,08,06,12,40,141,2.2,3.3,1016.4,14.5,1.45
2022,08,06,15,40,154,2.7,3.5,1017.3,14.3,1.26
2022,08,06,18,40,158,1.2,1.8,1018.1,14.8,1.27
2022,08,06,21,40,233,1.9,2.6,1017.4,15.4,1.24
2022,08,07,00,40,271,2.1,2.9,1016.2,16.3,1.17
2022,08,07,03,40,258,1.3,1.8,1015.6,15.4,1.21
2022,08,07,06,40,204,0.7,1.1,1016.2,16.1,1.15
2022,08,07,09,40,294,1.5,2.1,1016.3,14.2,0.98
2022,08,07,12,40,290,0.6,1.4,1016.7,15.5,1.00
2022,08,07,16,40,296,2.5,3.2,1018.3,15.6,1.02
2022,08,07,19,40,326,2.7,3.3,1018.6,15.9,1.00
2022,08,07,22,40,307,3.7,4.6,1017.8,16.5,0.91
2022,08,08,01,40,294,3.6,4.5,1016.7,16.5,0.81
2022,08,08,04,40,289,4.7,5.8,1017.1,16.3,0.91
2022,08,08,07,40,293,5.3,6.4,1017.4,16.6,0.81
2022,08,08,10,40,314,3.0,4.0,1017.3,16.5,0.74
2022,08,08,13,40,311,4.0,5.3,1017.6,16.3,0.72
2022,08,08,19,40,307,4.0,4.8,1018.1,16.5,0.79
2022,08,08,22,40,278,6.1,7.5,1016.6,16.8,0.64
2022,08,09,01,40,295,6.4,8.1,1015.4,17.1,0.70
2022,08,09,07,40,299,5.3,6.6,1015.8,16.7,0.75
2022,08,09,10,40,297,4.6,5.5,1015.8,16.1,0.66
2022,08,09,14,40,300,3.7,4.8,1016.4,16.0,0.70
2022,08,09,19,40,279,2.3,3.1,1017.3,17.1,0.68
2022,08,09,22,40,256,4.7,5.5,1016.9,17.6,0.66
2022,08,10,03,40,291,2.7,3.5,1016.3,17.7,0.91
2022,08,10,08,40,286,3.1,4.1,1017.4,17.4,0.93
2022,08,10,12,40,219,0.4,1.0,1017.8,17.0,0.86
2022,08,10,16,40,12,1.0,1.8,1019.9,16.9,0.83
2022,08,10,20,40,272,4.3,5.5,1020.0,18.2,0.88
2022,08,11,07,40,302,5.6,6.6,1018.8,17.0,0.95
2022,08,11,10,40,316,8.5,11.2,1018.5,16.7,0.96
2022,08,11,13,40,314,7.3,9.1,1018.6,16.4,0.96
2022,08,11,18,40,294,5.2,6.6,1020.0,16.5,0.90
2022,08,11,22,40,300,6.5,8.1,1019.0,17.0,1.00
2022,08,12,02,40,303,8.0,9.7,1017.6,16.5,0.98
2022,08,12,05,40,302,7.9,9.5,1017.5,16.1,1.01
2022,08,12,10,40,300,8.1,9.8,1017.3,15.5,1.24
2022,08,12,14,40,307,7.5,9.0,1018.2,14.7,1.14
2022,08,12,18,40,311,8.3,10.0,1019.0,14.5,1.28
2022,08,12,23,40,305,7.9,9.4,1018.0,15.4,1.28
2022,08,13,02,40,308,8.3,10.0,1017.0,15.1,1.41
2022,08,13,05,40,314,9.2,11.8,1016.8,14.3,1.64
2022,08,13,12,40,322,6.6,8.4,1017.0,13.1,1.31
2022,08,13,16,40,308,5.9,6.9,1018.4,13.5,1.33
2022,08,13,20,40,301,9.1,11.1,1017.8,13.3,1.25
2022,08,13,23,40,307,8.6,10.7,1017.2,13.7,1.34
2022,08,14,02,40,303,7.0,8.4,1016.5,13.7,1.44
2022,08,14,06,40,312,6.0,7.2,1016.1,13.7,1.74
2022,08,14,09,40,301,4.4,5.6,1015.9,13.4,1.76
2022,08,14,13,40,338,5.0,6.0,1016.5,13.3,1.56
2022,08,14,17,40,327,4.3,5.4,1016.9,13.4,1.65
2022,08,14,22,40,316,10.1,12.5,1015.5,13.3,1.55
2022,08,15,02,40,315,8.8,11.2,1013.6,12.8,2.08
2022,08,15,07,40,309,5.9,7.6,1013.6,12.6,2.15
2022,08,15,10,40,319,6.2,7.7,1012.6,12.6,1.84
2022,08,15,14,40,332,6.1,7.4,1013.0,12.5,1.87
2022,08,15,20,40,319,5.9,7.7,1013.2,12.7,1.82
2022,08,15,23,40,316,7.8,9.6,1011.8,12.9,1.59
2022,08,16,02,40,312,7.7,10.1,1010.7,12.9,1.88
2022,08,16,06,40,301,4.1,5.7,1010.8,12.7,2.39
2022,08,16,09,40,323,2.5,4.5,1010.3,12.6,2.00
2022,08,16,15,40,307,2.3,3.4,1011.2,13.4,1.79
2022,08,16,20,40,263,0.5,1.2,1010.6,14.1,1.84
2022,08,17,00,40,295,3.3,4.6,1009.3,13.3,1.56
2022,08,17,05,40,167,1.3,2.4,1010.6,13.2,1.47
2022,08,17,08,40,167,2.8,4.1,1011.0,13.8,1.17
2022,08,17,13,40,146,3.0,5.0,1012.1,13.6,1.26
2022,08,17,18,40,146,1.9,2.9,1014.0,13.5,1.22
2022,08,17,22,40,218,2.8,3.8,1013.8,13.2,1.19
2022,08,18,02,40,211,3.0,4.0,1013.5,13.7,1.26
2022,08,18,05,40,216,1.5,2.4,1013.9,13.4,1.09
2022,08,18,08,40,236,1.4,2.6,1014.1,13.4,1.01
2022,08,18,11,40,284,2.4,3.5,1014.7,13.3,1.00
2022,08,18,14,40,286,2.3,3.3,1015.6,13.3,0.99
2022,08,18,17,40,319,1.3,2.3,1016.0,13.5,1.04
2022,08,18,20,40,302,6.5,8.0,1016.2,13.7,0.94
2022,08,18,23,40,283,4.4,5.2,1014.9,13.5,0.94
2022,08,19,02,40,312,7.9,10.6,1014.0,13.4,1.08
2022,08,19,05,40,313,9.2,11.5,1014.0,13.6,1.13
2022,08,19,08,40,314,8.8,11.0,1013.5,13.8,1.52
2022,08,19,11,40,320,8.7,11.6,1012.8,13.4,1.69
2022,08,19,14,40,317,10.0,12.4,1013.0,13.2,1.75
2022,08,19,17,40,320,9.2,11.1,1013.2,13.6,1.76
2022,08,19,20,40,305,8.6,10.2,1012.2,13.7,1.79
2022,08,19,23,40,308,6.4,8.2,1010.5,13.8,1.82
2022,08,20,02,40,314,5.8,8.0,1009.7,13.8,2.06
2022,08,20,05,40,318,8.8,11.6,1009.3,13.6,2.25
2022,08,20,08,40,324,5.6,6.9,1009.1,13.5,2.10
2022,08,20,11,40,325,4.4,5.9,1008.8,13.5,2.20
2022,08,20,14,40,313,3.8,5.3,1010.2,13.4,2.27
2022,08,20,17,40,314,3.4,4.6,1011.3,13.4,2.24
2022,08,20,20,40,193,1.5,3.1,1011.5,14.0,2.02
2022,08,20,23,40,296,1.3,2.9,1011.0,14.5,1.66
2022,08,21,02,40,278,2.3,3.4,1010.7,14.2,1.70
2022,08,21,05,40,180,3.6,5.0,1012.2,14.2,1.57
2022,08,21,08,40,165,4.7,6.2,1013.1,13.9,1.70
2022,08,21,11,40,154,5.9,7.4,1013.7,13.5,1.49
2022,08,21,14,40,160,6.0,8.5,1015.5,13.6,1.45
2022,08,21,17,40,159,7.5,9.4,1017.2,13.2,1.46
2022,08,21,20,40,165,7.2,8.7,1017.9,12.7,1.58
2022,08,21,23,40,209,1.1,1.8,1017.9,12.8,1.21
2022,08,22,02,40,324,0.2,0.8,1017.4,12.9,1.11
2022,08,22,05,40,305,4.9,6.4,1018.6,13.2,1.06
2022,08,22,08,40,304,5.5,7.9,1018.1,12.7,0.96
2022,08,22,11,40,317,6.3,7.6,1017.8,12.6,1.21
2022,08,22,14,40,311,6.1,8.4,1018.5,12.8,1.31
2022,08,22,17,40,313,8.1,10.0,1018.8,13.0,1.38
2022,08,22,20,40,316,6.9,8.3,1018.4,13.3,1.34
2022,08,22,23,40,311,8.1,10.0,1017.1,13.3,1.60
2022,08,23,02,40,310,9.8,11.6,1015.5,13.2,1.43
2022,08,23,05,40,311,10.8,12.9,1014.8,13.2,1.91
2022,08,23,08,40,317,7.7,9.6,1014.2,13.4,1.55
2022,08,23,11,40,318,6.8,8.4,1013.1,13.8,1.74
2022,08,23,14,40,334,6.8,8.9,1012.9,13.5,2.03
2022,08,23,17,40,327,7.0,8.4,1013.1,13.6,1.69
2022,08,23,20,40,318,9.0,11.2,1011.8,13.8,1.83
2022,08,23,23,40,313,10.4,12.8,1009.9,13.9,1.96
2022,08,24,02,40,307,10.9,13.8,1009.0,13.7,1.97
2022,08,24,05,40,314,7.5,9.9,1010.0,13.5,2.00
2022,08,24,08,40,317,5.9,7.2,1010.0,12.7,1.93
2022,08,24,11,40,317,5.3,6.7,1010.1,12.1,1.93
2022,08,24,14,40,301,6.2,7.7,1011.0,11.9,1.87
2022,08,24,17,40,267,4.5,6.1,1011.6,12.3,1.57
2022,08,24,20,40,307,3.4,5.0,1011.8,12.9,1.58
2022,08,24,23,40,295,4.7,6.3,1011.3,12.9,1.49
2022,08,25,02,40,315,6.5,8.0,1011.4,12.3,1.62
2022,08,25,05,40,298,3.8,5.1,1012.9,12.0,1.57
2022,08,25,08,40,257,3.1,4.3,1013.2,12.1,1.79
2022,08,25,11,40,231,4.1,5.7,1013.5,12.1,1.72
2022,08,25,14,40,227,4.0,5.2,1014.8,12.4,1.58
2022,08,25,17,40,226,2.4,3.4,1016.2,13.0,1.43
2022,08,25,20,40,303,3.6,4.4,1016.4,13.3,1.48
2022,08,25,23,40,252,2.1,3.0,1015.6,13.7,1.39
2022,08,26,02,40,272,3.7,4.6,1015.4,13.1,1.12
2022,08,26,05,40,295,4.3,5.1,1015.8,13.4,1.08
2022,08,26,08,40,225,0.0,0.3,1015.9,13.2,0.95
2022,08,26,11,40,181,1.4,1.9,1015.3,13.3,1.06
2022,08,26,16,40,160,2.5,3.7,1015.8,13.3,1.36
2022,08,26,19,40,146,2.2,3.1,1015.9,13.6,1.37
2022,08,26,22,40,189,2.6,4.3,1014.4,14.0,1.34
2022,08,27,01,40,283,1.2,2.4,1013.5,14.2,1.32
2022,08,27,04,40,286,4.0,4.8,1013.8,13.9,1.11
2022,08,27,07,40,296,3.1,4.5,1012.8,13.5,1.18
2022,08,27,10,40,257,1.9,2.7,1012.0,14.0,1.26
2022,08,27,13,40,194,3.3,4.4,1011.4,13.9,1.49
2022,08,27,16,40,169,3.7,4.9,1011.8,13.7,1.31
2022,08,27,19,40,199,4.0,5.1,1012.3,13.5,1.39
2022,08,27,22,40,310,5.9,7.6,1011.3,13.7,1.47
2022,08,28,01,40,289,4.2,5.4,1010.4,13.7,1.52
2022,08,28,04,40,283,3.7,4.7,1010.3,13.4,1.35
2022,08,28,07,40,244,2.6,3.9,1010.5,13.2,1.64
2022,08,28,10,40,184,2.1,2.9,1010.4,13.5,1.50
2022,08,28,13,40,184,3.1,4.3,1010.8,13.5,1.53
2022,08,28,16,40,157,4.3,5.8,1011.8,13.4,1.60
2022,08,28,19,40,166,5.6,6.8,1012.1,13.6,1.54
2022,08,28,22,40,176,4.3,5.4,1011.2,14.0,1.38
2022,08,29,01,40,179,2.3,3.4,1010.4,14.0,1.53
2022,08,29,04,40,168,2.0,3.0,1011.4,14.6,1.31
2022,08,29,07,40,162,2.2,3.0,1012.1,14.1,1.11
2022,08,29,10,40,171,2.0,3.0,1012.2,13.7,1.06
2022,08,29,13,40,141,0.4,1.2,1013.2,14.0,1.00
2022,08,29,17,40,139,1.2,1.7,1014.9,14.1,0.97
2022,08,29,20,40,188,1.7,2.3,1014.9,14.3,0.92
2022,08,29,23,40,178,1.5,2.0,1014.2,14.2,0.86
2022,08,30,02,40,174,1.9,2.4,1013.9,14.8,0.85
2022,08,30,05,40,212,1.9,2.4,1014.7,15.3,0.78
2022,08,30,08,40,175,1.6,2.4,1015.1,15.6,0.71
2022,08,30,11,40,165,1.5,1.9,1015.1,15.0,0.69
2022,08,30,14,40,163,1.9,2.5,1016.6,15.3,0.71
2022,08,30,17,40,158,2.2,2.7,1017.7,15.5,0.78
2022,08,30,20,40,231,1.5,2.1,1017.2,16.3,0.70
2022,08,30,23,40,223,2.4,3.1,1016.5,17.1,0.70
2022,08,31,02,40,284,2.8,3.4,1016.3,16.6,0.66
2022,08,31,05,40,258,1.7,2.3,1016.7,16.3,0.62
2022,08,31,08,40,255,1.6,2.2,1016.3,15.6,0.68
2022,08,31,11,40,297,2.7,4.7,1016.2,15.7,0.65
2022,08,31,14,40,306,3.7,5.6,1017.4,14.6,0.75
2022,08,31,17,40,313,4.4,5.5,1017.9,14.4,0.69
2022,08,31,20,40,306,6.5,7.6,1016.9,14.2,0.90
2022,08,31,23,40,308,7.4,9.2,1015.2,14.1,1.04
2022,09,01,02,40,313,7.8,9.7,1014.0,13.2,1.00
2022,09,01,05,40,322,7.4,8.8,1013.7,14.0,0.98
2022,09,01,08,40,311,7.8,9.5,1013.7,14.3,1.18
2022,09,01,11,40,316,7.6,9.2,1013.4,14.1,1.36
2022,09,01,14,40,325,7.5,10.1,1013.9,14.2,1.24
2022,09,01,17,40,308,7.2,8.9,1014.2,14.2,1.34
2022,09,01,20,40,319,9.0,11.1,1012.6,13.9,1.36
2022,09,01,23,40,310,10.3,12.1,1010.7,13.7,1.57
2022,09,02,05,40,324,7.7,9.5,1011.2,13.5,1.56
2022,09,02,08,40,317,7.2,8.9,1011.4,13.6,1.49
2022,09,02,12,40,317,8.6,10.5,1011.8,13.3,1.69
2022,09,02,15,40,314,7.7,9.5,1013.2,13.2,1.75
2022,09,02,21,40,317,8.2,9.9,1013.2,13.3,1.81
2022,09,03,01,40,310,7.2,8.8,1012.7,13.3,1.88
2022,09,03,05,40,314,9.2,11.4,1013.5,13.1,2.31
2022,09,03,10,40,318,8.3,10.3,1014.2,12.7,1.95
2022,09,03,13,40,318,5.2,6.6,1014.7,12.6,1.52
2022,09,03,17,40,304,7.1,8.7,1015.6,12.3,1.84
2022,09,03,21,40,307,8.8,10.4,1014.7,12.7,1.62
2022,09,04,01,40,317,8.2,10.3,1013.4,12.9,1.78
2022,09,04,04,40,319,7.0,9.1,1013.7,11.8,1.82
2022,09,04,07,40,322,3.8,5.3,1014.3,11.9,1.74
2022,09,04,10,40,329,2.6,4.1,1013.8,11.4,1.64
2022,09,04,14,40,332,3.7,5.0,1014.2,12.1,1.55
2022,09,04,17,40,311,5.3,6.8,1014.4,12.3,1.54
2022,09,04,20,40,307,5.1,6.3,1013.2,11.9,1.70
2022,09,04,23,40,310,6.8,8.6,1011.1,12.0,1.59
2022,09,05,02,40,306,7.8,9.4,1009.9,12.5,1.73
2022,09,05,05,40,325,4.0,5.3,1010.8,12.2,1.79
2022,09,05,09,40,325,2.6,3.4,1009.9,11.8,1.76
2022,09,05,12,40,334,3.7,5.1,1009.1,12.0,1.48
2022,09,05,15,40,310,4.4,5.5,1009.8,12.1,1.56
2022,09,05,18,40,314,6.5,7.6,1010.0,12.0,1.53
2022,09,05,21,40,311,7.1,8.9,1008.4,12.3,2.00
2022,09,06,00,40,305,9.1,11.5,1006.9,12.0,1.95
2022,09,06,04,40,319,6.0,7.1,1008.0,11.7,1.84
2022,09,06,07,40,318,3.4,4.3,1008.2,12.0,1.93
2022,09,06,11,40,310,3.5,4.8,1007.7,12.7,1.89
2022,09,06,14,40,332,2.2,3.2,1009.1,12.2,1.60
2022,09,06,17,40,325,1.9,2.9,1009.1,12.7,1.59
2022,09,06,20,40,11,0.5,1.3,1010.2,13.3,1.54
2022,09,06,23,40,166,0.8,1.7,1010.5,13.3,1.57
2022,09,07,02,40,128,1.1,1.9,1010.2,12.9,1.45
2022,09,07,05,40,114,1.6,2.8,1011.8,13.0,1.46
2022,09,07,09,40,110,2.4,3.7,1012.2,13.2,1.45
2022,09,07,12,40,118,2.9,4.0,1012.9,13.2,1.59
2022,09,07,15,40,122,1.6,2.7,1015.2,13.2,1.63
2022,09,07,18,40,100,2.3,3.4,1016.1,13.3,1.66
2022,09,07,21,40,354,1.6,2.3,1014.6,13.4,1.48
2022,09,08,00,40,292,1.7,2.3,1013.9,13.3,1.44
2022,09,08,03,40,264,1.5,2.4,1013.5,14.3,1.47
2022,09,08,06,40,308,5.0,6.5,1013.7,14.5,1.42
2022,09,08,09,40,303,3.7,4.7,1012.7,13.9,1.26
2022,09,08,12,40,313,2.2,3.4,1011.6,13.7,1.51
2022,09,08,15,40,264,0.5,1.4,1011.3,13.4,1.51
2022,09,08,18,40,312,4.2,5.3,1010.7,13.7,1.48
2022,09,08,21,40,301,3.9,5.0,1008.0,14.6,1.55
2022,09,09,00,40,290,4.9,6.5,1006.0,14.0,1.64
2022,09,09,03,40,283,4.9,6.5,1005.5,14.0,1.55
2022,09,09,06,40,296,3.8,5.2,1005.3,14.1,1.81
2022,09,09,09,40,307,3.0,4.3,1004.1,13.8,1.85
2022,09,09,12,40,309,5.0,6.4,1002.9,14.0,1.94
2022,09,09,15,40,297,5.0,6.3,1003.0,13.6,1.85
2022,09,09,18,40,301,4.1,5.4,1002.8,13.7,1.76
2022,09,09,21,40,284,4.5,5.5,1002.0,14.4,1.47
2022,09,10,00,40,255,2.7,3.6,1001.9,15.7,1.56
2022,09,10,03,40,238,3.5,4.2,1002.9,14.9,1.53
2022,09,10,06,40,203,1.7,2.2,1005.0,14.3,1.30
2022,09,10,09,40,180,2.4,3.3,1006.1,14.1,1.33
2022,09,10,12,40,176,2.3,2.9,1007.7,14.1,1.32
2022,09,10,15,40,161,3.6,4.5,1010.2,15.0,1.29
2022,09,10,18,40,160,2.6,3.5,1013.0,14.4,1.18
2022,09,10,21,40,163,1.4,2.2,1013.7,14.6,1.19
2022,09,11,00,40,198,1.8,2.5,1013.7,15.1,1.26
2022,09,11,03,40,315,1.6,2.0,1015.1,14.9,1.22
2022,09,11,06,40,315,2.0,2.9,1015.1,14.9,1.00
2022,09,11,09,40,286,3.2,4.0,1014.9,14.6,0.92
2022,09,11,12,40,302,3.1,3.9,1016.0,14.9,0.97
2022,09,11,15,40,297,2.6,3.4,1017.3,14.5,0.94
2022,09,11,18,40,304,2.7,3.4,1018.4,14.7,0.86
2022,09,11,21,40,289,4.0,4.8,1018.0,15.1,0.89
2022,09,12,00,40,305,5.3,6.3,1017.2,15.3,0.96
2022,09,12,03,40,307,4.3,5.2,1016.9,15.2,1.03
2022,09,12,06,40,270,3.8,4.5,1016.7,15.0,0.97
2022,09,12,09,40,307,5.7,7.4,1015.9,14.9,1.05
2022,09,12,12,40,305,6.3,7.6,1015.6,15.0,1.08
2022,09,12,15,40,309,6.0,7.8,1015.9,14.7,1.25
2022,09,12,18,40,301,5.7,7.3,1016.2,14.9,1.21
2022,09,12,21,40,294,7.0,8.7,1015.1,15.3,1.12
2022,09,13,00,40,310,7.7,9.4,1013.9,15.1,1.30
2022,09,13,03,40,295,6.8,8.8,1014.0,14.9,1.40
2022,09,13,06,40,300,11.4,13.9,1013.4,14.8,1.72
2022,09,13,09,40,296,9.8,11.9,1013.4,14.6,1.32
2022,09,13,12,40,307,9.1,11.2,1012.9,14.5,1.20
2022,09,13,15,40,308,6.1,7.5,1014.2,14.4,1.19
2022,09,13,18,40,288,4.2,5.8,1014.8,14.3,0.99
2022,09,13,21,40,251,3.9,4.6,1014.0,15.1,0.86
2022,09,14,00,40,252,4.6,5.4,1012.9,15.3,0.83
2022,09,14,03,40,281,5.1,6.0,1012.9,15.0,0.90
2022,09,14,06,40,276,3.8,4.7,1013.1,14.9,1.04
2022,09,14,09,40,326,3.6,4.8,1013.2,14.8,0.87
2022,09,14,12,40,270,1.0,1.5,1013.3,14.7,0.92
2022,09,14,15,40,260,0.9,1.3,1014.7,14.7,0.98
2022,09,14,18,40,199,3.3,4.0,1015.7,14.8,1.02
2022,09,14,21,40,224,3.0,4.1,1015.5,15.5,1.08
2022,09,15,00,40,235,2.2,2.9,1015.1,15.4,1.06
2022,09,15,03,40,314,2.3,3.0,1015.6,15.7,0.98
2022,09,15,06,40,283,2.1,3.0,1016.2,15.4,1.05
2022,09,15,09,40,281,1.6,2.3,1016.1,15.0,1.01
2022,09,15,12,40,230,2.3,3.0,1016.2,15.2,0.92
2022,09,15,15,40,270,1.7,2.2,1017.7,15.2,0.91
2022,09,15,18,40,283,4.2,5.1,1018.3,15.3,0.94
2022,09,15,21,40,294,5.0,6.1,1017.9,15.9,1.00
2022,09,16,00,40,302,5.9,7.2,1017.3,15.5,0.81
2022,09,16,03,40,299,8.1,9.6,1017.4,15.0,1.34
2022,09,16,06,40,295,6.5,7.9,1017.3,14.8,1.22
2022,09,16,09,40,303,5.1,6.4,1016.5,14.8,1.09
2022,09,16,12,40,330,2.9,4.4,1015.9,14.8,0.96
2022,09,16,15,40,358,2.1,3.3,1016.8,14.8,1.23
2022,09,16,18,40,324,4.7,6.3,1017.6,14.9,1.14
2022,09,16,21,40,312,8.6,10.6,1016.1,15.0,1.30
2022,09,17,00,40,308,8.4,11.0,1014.5,14.6,1.40
2022,09,17,03,40,311,10.0,12.4,1013.7,14.4,1.71
2022,09,17,06,40,318,9.2,11.6,1012.7,14.2,2.23
2022,09,17,09,40,313,8.1,10.5,1011.8,14.0,1.86
2022,09,17,12,40,311,10.5,12.6,1010.6,13.8,2.05
2022,09,17,15,40,302,10.4,12.9,1011.0,13.7,1.86
2022,09,17,18,40,284,6.7,8.2,1011.2,13.8,1.52
2022,09,17,21,40,261,5.9,7.0,1010.5,13.9,1.29
2022,09,18,00,40,247,4.5,5.8,1008.5,13.8,1.04
2022,09,18,03,40,194,2.5,3.4,1007.1,13.8,0.91
2022,09,18,06,40,159,4.8,5.8,1006.0,14.1,0.86
2022,09,18,09,40,150,7.9,9.3,1004.3,14.2,0.90
2022,09,18,12,40,149,10.4,12.8,1002.5,14.1,1.44
2022,09,18,15,40,148,13.8,17.5,1002.2,13.5,2.79
2022,09,18,18,40,151,12.9,16.1,1003.1,13.7,2.88
2022,09,18,21,40,155,12.3,15.4,1002.9,13.9,3.22
2022,09,19,00,40,160,9.2,11.4,1003.4,14.2,2.96
2022,09,19,03,40,167,6.1,7.5,1005.7,14.1,2.38
2022,09,19,06,40,149,3.5,4.6,1007.4,14.1,2.20
2022,09,19,09,40,143,4.8,6.3,1008.5,14.1,1.96
2022,09,19,12,40,151,6.1,7.6,1008.9,14.2,2.02
2022,09,19,15,40,130,4.5,6.2,1010.2,14.3,1.79
2022,09,19,18,40,162,3.6,4.8,1011.2,14.7,1.59
2022,09,19,21,40,206,5.1,6.2,1010.3,15.2,1.40
2022,09,20,00,40,191,2.5,3.4,1010.2,15.1,1.35
2022,09,20,03,40,156,4.4,5.3,1011.0,15.0,1.28
2022,09,20,06,40,109,2.5,3.7,1012.3,14.8,1.36
2022,09,20,09,40,102,1.4,2.1,1012.6,14.9,1.42
2022,09,20,12,40,145,2.9,4.0,1012.4,14.9,1.53
2022,09,20,16,40,135,1.1,2.0,1013.5,15.0,1.36
2022,09,20,19,40,146,2.1,3.1,1014.4,15.3,1.45
2022,09,20,22,40,172,2.0,2.9,1014.0,15.6,1.26
2022,09,21,01,40,61,1.5,2.0,1013.3,15.2,1.26
2022,09,21,04,40,2,2.5,3.3,1014.0,15.2,1.15
2022,09,21,07,40,354,2.0,3.0,1013.7,15.3,1.15
2022,09,21,10,40,225,1.7,2.5,1014.0,15.5,1.28
2022,09,21,13,40,217,0.5,1.1,1014.6,15.3,1.14
2022,09,21,16,40,235,2.8,3.4,1016.2,15.3,1.07
2022,09,21,19,40,295,3.2,4.0,1017.1,15.6,1.12
2022,09,21,22,40,286,3.1,4.0,1016.7,16.0,1.18
2022,09,22,01,40,298,4.1,5.1,1016.8,16.0,1.04
2022,09,22,04,40,312,5.9,7.3,1017.7,15.7,1.05
2022,09,22,07,40,314,4.1,5.1,1018.1,15.6,1.02
2022,09,22,10,40,320,5.5,6.9,1018.3,15.5,1.00
2022,09,22,13,40,312,4.7,5.5,1019.3,15.4,1.06
2022,09,22,16,40,344,4.2,5.3,1020.0,15.3,1.02
2022,09,22,19,40,309,5.2,6.2,1019.5,15.5,1.03
2022,09,22,22,40,313,8.0,9.7,1017.7,15.6,0.98
2022,09,23,01,40,322,8.2,9.8,1016.5,15.6,1.20
2022,09,23,04,40,319,7.3,8.9,1016.5,15.5,1.32
2022,09,23,07,40,316,8.6,10.3,1015.7,15.3,1.40
2022,09,23,10,40,330,5.4,6.6,1015.8,15.0,1.35
2022,09,23,13,40,332,3.9,4.8,1015.8,14.6,1.04
2022,09,23,16,40,314,2.2,3.1,1016.5,14.8,1.01
2022,09,23,19,40,309,4.0,4.9,1016.2,15.3,1.22
2022,09,23,22,40,304,6.6,8.0,1014.9,15.4,1.31
2022,09,24,01,40,314,7.1,8.5,1014.2,15.4,1.19
2022,09,24,04,40,308,6.7,7.9,1015.0,15.3,1.21
2022,09,24,07,40,325,5.5,7.1,1015.1,15.0,1.35
2022,09,24,10,40,327,2.4,3.2,1015.1,14.9,1.50
2022,09,24,13,40,299,2.3,3.2,1015.9,14.8,1.30
2022,09,24,16,40,82,0.4,0.9,1017.8,14.9,1.41
2022,09,24,19,40,173,2.3,3.1,1018.4,15.4,1.35
2022,09,24,22,40,75,0.9,1.7,1017.5,15.6,1.18
2022,09,25,01,40,182,1.9,2.6,1016.7,16.3,1.06
2022,09,25,04,40,281,2.9,3.7,1017.9,16.2,1.25
2022,09,25,07,40,223,2.1,2.9,1018.2,16.1,0.96
2022,09,25,10,40,247,1.5,3.5,1018.1,15.8,1.01
2022,09,25,13,40,241,1.5,2.7,1018.2,15.8,1.08
2022,09,25,16,40,146,0.7,1.7,1018.9,15.6,1.04
2022,09,25,19,40,252,2.1,3.3,1018.7,15.7,1.12
2022,09,25,22,40,276,2.7,3.8,1017.4,16.1,1.33
2022,09,26,01,40,275,3.4,5.2,1016.6,16.3,1.41
2022,09,26,04,40,296,2.3,3.9,1017.0,16.1,1.40
2022,09,26,07,40,302,2.4,3.8,1016.6,15.8,1.42
2022,09,26,10,40,295,2.4,4.9,1016.2,15.8,1.55
2022,09,26,13,40,292,2.4,3.7,1016.3,15.7,1.43
2022,09,26,16,40,294,3.4,5.0,1016.9,15.7,1.38
2022,09,26,20,40,295,4.4,5.9,1016.3,15.7,1.42
2022,09,26,23,40,303,5.5,7.0,1015.6,15.8,1.32
2022,09,27,02,40,308,6.2,8.4,1015.3,15.6,1.28
2022,09,27,05,40,305,5.3,7.1,1016.0,15.5,1.31
2022,09,27,08,40,289,4.1,6.9,1015.8,15.5,1.13
2022,09,27,11,40,312,5.0,6.3,1016.1,15.6,1.21
2022,09,27,14,40,325,4.7,6.9,1017.0,15.6,1.23
2022,09,27,17,40,323,4.7,6.7,1017.5,15.6,1.08
2022,09,27,20,40,308,6.8,7.9,1017.0,15.7,1.15
2022,09,27,23,40,308,7.1,8.6,1016.2,15.8,1.09
2022,09,28,02,40,309,6.8,8.1,1015.9,15.6,1.11
2022,09,28,05,40,314,7.1,8.6,1016.6,15.5,1.03
2022,09,28,08,40,313,8.5,11.0,1017.0,15.4,0.98
2022,09,28,11,40,316,7.1,9.0,1016.6,15.4,1.20
2022,09,28,14,40,307,6.5,8.1,1017.6,15.3,1.02
2022,09,28,17,40,307,5.2,6.3,1019.1,15.4,0.97
2022,09,28,20,40,296,6.2,7.6,1018.7,15.6,0.86
2022,09,29,00,40,307,7.3,9.1,1018.1,15.7,0.96
2022,09,29,03,40,317,8.1,9.7,1018.7,15.5,1.32
2022,09,29,06,40,299,7.5,9.1,1018.5,15.4,1.46
2022,09,29,09,40,310,7.8,9.7,1018.5,15.3,2.04
2022,09,29,12,40,329,4.8,6.4,1018.2,15.2,2.27
2022,09,29,15,40,323,5.4,7.2,1019.0,15.2,2.09
2022,09,29,18,40,322,5.8,7.1,1018.9,15.2,2.17
2022,09,29,21,40,300,5.7,7.4,1016.9,15.3,2.11
2022,09,30,00,40,312,5.6,7.1,1015.4,15.5,2.04
2022,09,30,03,40,303,6.2,7.9,1014.2,15.1,2.13
2022,09,30,06,40,316,4.3,5.9,1013.7,15.1,2.31
2022,09,30,09,40,317,4.6,6.1,1012.9,15.0,2.37
2022,09,30,12,40,4,3.0,4.0,1012.3,14.9,2.41
2022,09,30,15,40,340,2.6,4.2,1013.1,15.3,2.34
2022,09,30,18,40,293,3.4,4.9,1013.0,15.6,1.97
2022,09,30,21,40,304,5.2,6.9,1011.1,15.7,2.06
2022,10,01,00,40,302,4.8,6.6,1010.1,15.7,1.81
2022,10,01,03,40,302,2.7,3.9,1010.5,15.4,1.56
2022,10,01,06,40,210,2.2,3.6,1010.8,15.5,1.35
2022,10,01,09,40,179,3.3,4.3,1011.0,15.3,1.36
2022,10,01,12,40,198,2.4,4.3,1011.0,15.1,1.25
2022,10,01,15,40,180,2.1,3.2,1011.8,15.5,1.25
2022,10,01,18,40,194,3.6,4.6,1012.4,15.5,1.28
2022,10,01,21,40,168,3.4,4.3,1012.1,15.6,1.36
2022,10,02,00,40,180,2.9,3.6,1012.1,15.6,1.19
2022,10,02,03,40,193,1.7,2.5,1012.6,15.6,1.12
2022,10,02,06,40,220,2.2,3.2,1013.3,15.5,1.13
2022,10,02,09,40,197,1.4,1.9,1013.3,15.4,1.12
2022,10,02,12,40,202,2.7,4.0,1013.8,15.5,1.22
2022,10,02,15,40,137,1.1,1.5,1015.7,15.5,1.02
2022,10,02,18,40,131,2.2,3.2,1017.0,15.7,1.07
2022,10,02,21,40,187,3.0,3.7,1016.5,16.1,0.95
2022,10,03,00,40,241,2.1,2.9,1016.0,16.2,0.88
2022,10,03,03,40,285,1.3,1.7,1016.6,15.9,1.03
2022,10,03,06,40,259,1.1,1.5,1017.0,15.9,1.04
2022,10,03,09,40,305,0.7,1.3,1017.2,15.9,1.04
2022,10,03,12,40,317,1.3,1.8,1017.5,15.9,0.97
2022,10,03,15,40,323,0.8,1.4,1018.8,15.8,0.95
2022,10,03,18,40,292,2.5,3.2,1019.2,16.0,0.92
2022,10,03,21,40,281,5.8,6.9,1018.3,16.2,0.80
2022,10,04,00,40,308,6.5,7.9,1017.3,16.2,1.24
2022,10,04,03,40,295,6.6,8.2,1017.6,16.0,1.32
2022,10,04,06,40,312,7.3,9.2,1017.8,15.6,1.41
2022,10,04,09,40,315,7.4,9.5,1017.4,15.6,1.51
2022,10,04,12,40,313,7.5,9.1,1017.4,15.7,1.52
2022,10,04,15,40,320,8.3,10.0,1018.2,15.7,1.61
2022,10,04,18,40,323,6.8,8.5,1018.5,15.7,1.41
2022,10,04,21,40,314,9.1,11.3,1017.3,15.7,1.48
2022,10,05,00,40,310,9.0,11.2,1015.7,15.6,1.68
2022,10,05,03,40,310,8.8,11.0,1015.9,15.4,1.41
2022,10,05,06,40,318,10.0,13.3,1016.0,15.2,1.82
2022,10,05,09,40,319,11.2,14.7,1016.5,15.1,2.01
2022,10,05,12,40,322,9.0,11.0,1016.5,15.3,1.54
2022,10,05,15,40,311,7.0,8.7,1017.8,15.3,1.48
2022,10,05,18,40,316,4.2,6.0,1018.3,15.3,1.50
2022,10,05,21,40,337,3.5,5.1,1016.9,15.3,1.52
2022,10,06,00,40,309,8.0,9.6,1016.0,15.4,1.54
2022,10,06,03,40,311,7.5,9.5,1016.2,15.2,1.52
2022,10,06,06,40,312,5.9,7.5,1017.3,15.1,1.69
2022,10,06,09,40,318,4.4,6.5,1017.6,15.0,1.52
2022,10,06,12,40,319,3.5,4.8,1017.7,15.0,1.47
2022,10,06,15,40,19,1.1,2.4,1018.7,14.9,1.48
2022,10,06,18,40,256,0.9,1.8,1019.3,15.2,1.37
2022,10,06,21,40,260,1.8,2.5,1018.4,15.5,1.21
2022,10,07,00,40,243,1.2,2.0,1017.6,15.7,1.26
2022,10,07,03,40,334,3.0,4.4,1018.2,15.5,1.22
2022,10,07,06,40,297,2.9,3.9,1019.2,15.3,1.21
2022,10,07,09,40,294,2.7,4.3,1019.5,15.2,1.05
2022,10,07,12,40,323,2.1,3.2,1019.5,15.1,1.03
2022,10,07,15,40,332,1.0,2.2,1020.2,15.2,0.97
2022,10,07,18,40,251,1.3,2.4,1020.3,15.3,1.17
2022,10,07,21,40,257,2.7,3.7,1018.9,15.7,1.18
2022,10,08,00,40,313,3.9,5.2,1017.8,15.6,1.14
2022,10,08,03,40,290,3.0,4.5,1018.6,15.3,1.21
2022,10,08,06,40,279,2.8,4.0,1019.0,15.2,1.26
2022,10,08,09,40,278,2.2,3.7,1019.2,15.2,1.12
2022,10,08,12,40,304,2.2,3.8,1019.2,15.3,1.26
2022,10,08,15,40,296,1.7,2.7,1019.7,15.2,1.19
2022,10,08,18,40,280,2.7,3.8,1020.0,15.3,1.30
2022,10,08,21,40,265,3.6,5.2,1018.3,15.3,1.37
2022,10,09,00,40,296,4.5,5.9,1017.8,15.1,1.25
2022,10,09,03,40,303,3.6,5.4,1017.9,15.1,1.29
2022,10,09,06,40,286,3.1,4.9,1018.3,15.1,1.14
2022,10,09,09,40,292,2.2,3.3,1018.8,15.4,1.19
2022,10,09,12,40,281,2.4,3.6,1018.6,15.3,1.15
2022,10,09,15,40,291,1.8,3.2,1019.3,15.0,1.25
2022,10,09,18,40,288,2.4,3.6,1019.9,15.0,1.12
2022,10,09,21,40,301,5.2,6.6,1018.5,15.3,1.22
2022,10,10,00,40,311,6.8,8.6,1017.1,15.3,1.19
2022,10,10,03,40,311,6.4,8.2,1017.4,15.2,1.24
2022,10,10,07,40,306,4.2,5.6,1017.1,15.1,1.06
2022,10,10,10,40,297,3.9,5.8,1017.3,15.0,1.11
2022,10,10,13,40,310,3.2,5.1,1017.2,14.8,1.12
2022,10,10,16,40,292,2.6,4.0,1017.9,14.9,1.17
2022,10,10,19,40,301,3.0,4.6,1017.1,15.1,1.24
2022,10,10,22,40,312,7.8,9.9,1015.1,15.1,1.19
2022,10,11,01,40,307,6.6,8.4,1014.7,14.7,1.25
2022,10,11,04,40,312,6.3,7.9,1015.4,14.3,1.18
2022,10,11,07,40,293,4.2,5.9,1015.2,14.5,1.23
2022,10,11,10,40,276,2.4,3.9,1015.0,14.4,1.17
2022,10,11,13,40,189,2.0,3.9,1015.5,14.5,1.34
2022,10,11,16,40,167,2.0,3.6,1016.4,14.8,1.26
2022,10,11,19,40,192,3.1,5.1,1016.7,14.6,1.47
2022,10,11,22,40,195,2.4,3.4,1016.3,14.8,1.53
2022,10,12,01,40,194,2.2,4.2,1016.3,14.7,1.39
2022,10,12,04,40,195,2.5,4.5,1017.3,14.8,1.32
2022,10,12,07,40,183,2.5,4.8,1018.5,14.7,1.34
2022,10,12,10,40,168,2.0,3.2,1018.5,14.7,1.18
2022,10,12,13,40,180,2.6,4.0,1019.6,14.8,1.16
2022,10,12,16,40,149,2.5,3.8,1020.8,14.8,1.21
2022,10,12,19,40,119,1.4,2.2,1020.5,14.6,1.27
2022,10,12,22,40,305,3.2,4.0,1019.8,14.5,1.11
2022,10,13,01,40,305,5.1,6.1,1019.7,14.4,0.97
2022,10,13,04,40,309,4.4,6.1,1020.1,14.5,1.08
2022,10,13,07,40,292,4.4,6.4,1020.1,14.4,1.12
2022,10,13,10,40,308,5.1,6.5,1019.3,14.2,1.22
2022,10,13,13,40,334,3.3,4.6,1019.4,14.1,1.26
2022,10,13,16,40,315,4.8,6.3,1019.6,14.2,1.25
2022,10,13,19,40,321,6.6,8.1,1018.5,14.2,1.16
2022,10,13,22,40,313,7.7,9.4,1016.4,14.4,1.16
2022,10,14,01,40,312,8.8,11.1,1015.0,14.5,1.13
2022,10,14,04,40,316,6.8,8.8,1015.3,14.7,1.22
2022,10,14,07,40,300,6.0,7.4,1014.3,14.7,1.17
2022,10,14,10,40,306,4.8,6.3,1013.3,14.6,1.18
2022,10,14,13,40,325,3.8,6.0,1013.1,14.6,1.06
2022,10,14,16,40,301,5.5,7.3,1013.2,14.6,1.21
2022,10,14,19,40,322,3.8,4.9,1012.1,14.6,1.10
2022,10,14,23,40,296,3.7,4.6,1009.8,14.8,0.93
2022,10,15,02,40,283,2.0,2.6,1010.1,14.7,0.88
2022,10,15,05,40,189,0.7,1.2,1011.4,14.7,0.92
2022,10,15,08,40,152,4.8,5.9,1011.4,14.9,0.94
2022,10,15,11,40,163,3.2,4.2,1011.8,14.9,0.91
2022,10,15,14,40,147,4.2,5.4,1012.5,14.8,0.95
2022,10,15,17,40,141,3.9,4.8,1013.5,14.8,0.92
2022,10,15,20,40,166,4.6,5.7,1013.3,14.7,1.01
2022,10,15,23,40,171,5.8,7.6,1013.4,14.7,1.07
2022,10,16,02,40,168,5.3,6.8,1013.5,14.8,1.02
2022,10,16,05,40,159,4.6,5.8,1014.2,14.7,1.03
2022,10,16,08,40,196,2.9,3.6,1014.8,14.6,0.88
2022,10,16,11,40,208,1.6,2.4,1015.6,14.6,0.89
2022,10,16,14,40,186,2.1,3.3,1016.6,14.6,0.94
2022,10,16,17,40,125,0.5,1.3,1018.4,14.6,0.91
2022,10,16,20,40,184,0.9,1.2,1018.6,14.7,0.85
2022,10,16,23,40,135,1.2,1.6,1018.5,14.8,0.80
2022,10,17,02,40,234,1.7,2.2,1018.5,14.6,0.79
2022,10,17,05,40,214,1.2,1.8,1019.0,14.7,0.74
2022,10,17,08,40,87,1.1,1.4,1019.6,14.5,0.82
2022,10,17,11,40,82,2.5,2.9,1018.9,14.4,0.79
2022,10,17,14,40,92,2.1,2.7,1019.3,14.3,0.76
2022,10,17,17,40,104,1.7,2.2,1019.8,14.4,0.74
2022,10,17,20,40,271,1.1,1.5,1018.8,14.9,0.76
2022,10,17,23,40,293,2.8,3.4,1017.3,15.2,0.75
2022,10,18,02,40,306,3.6,4.3,1017.0,14.8,0.82
2022,10,18,05,40,300,4.2,5.4,1017.8,14.7,1.04
2022,10,18,08,40,320,4.8,6.0,1017.9,14.6,1.02
2022,10,18,11,40,349,2.4,3.2,1017.8,14.6,1.08
2022,10,18,14,40,315,2.3,3.0,1018.6,14.6,1.18
2022,10,18,17,40,314,2.3,3.0,1019.6,14.6,1.34
2022,10,18,20,40,289,4.3,5.6,1018.4,14.9,1.38
2022,10,18,23,40,311,6.9,8.1,1017.5,15.2,1.55
2022,10,19,02,40,310,6.4,8.0,1017.6,14.9,1.84
2022,10,19,05,40,305,5.0,6.1,1018.1,14.7,1.85
2022,10,19,08,40,301,3.3,4.4,1018.0,15.1,2.09
2022,10,19,11,40,327,2.7,3.7,1017.6,14.9,1.79
2022,10,19,14,40,321,2.0,2.8,1018.2,14.7,1.83
2022,10,19,17,40,131,0.5,1.3,1019.4,14.6,1.84
2022,10,19,20,40,302,4.2,5.4,1018.2,15.4,1.71
2022,10,19,23,40,310,7.1,8.5,1016.6,15.2,1.57
2022,10,20,02,40,307,6.7,8.6,1016.5,14.8,1.64
2022,10,20,05,40,305,7.9,10.4,1016.8,14.5,1.77
2022,10,20,08,40,315,7.0,8.5,1016.8,14.5,1.81
2022,10,20,11,40,320,6.6,8.4,1016.4,15.0,1.80
2022,10,20,14,40,319,5.3,7.5,1016.2,15.0,1.81
2022,10,20,17,40,312,4.7,6.3,1016.9,14.9,2.01
2022,10,20,20,40,316,5.1,7.0,1015.5,14.9,1.99
2022,10,20,23,40,314,6.9,8.9,1013.2,15.0,2.14
2022,10,21,02,40,306,5.8,7.5,1013.2,14.5,1.91
2022,10,21,05,40,306,3.7,5.9,1013.9,14.4,1.94
2022,10,21,08,40,298,1.4,2.9,1013.4,14.7,2.04
2022,10,21,11,40,305,2.1,3.6,1013.3,15.0,1.97
2022,10,21,14,40,191,2.9,5.0,1013.4,14.9,1.97
2022,10,21,17,40,236,1.9,3.3,1014.5,14.7,2.15
2022,10,21,20,40,221,2.2,3.0,1013.6,14.5,1.82
2022,10,21,23,40,250,2.7,3.9,1012.5,14.6,1.93
2022,10,22,02,40,233,2.7,4.2,1011.9,14.4,1.78
2022,10,22,05,40,298,5.0,7.0,1011.5,14.3,1.75
2022,10,22,08,40,295,9.7,12.9,1010.1,14.4,2.16
2022,10,22,11,40,290,8.5,10.3,1009.7,14.3,1.88
2022,10,22,14,40,303,10.8,13.7,1009.5,14.2,2.33
2022,10,22,17,40,307,11.2,14.1,1011.3,14.1,2.30
2022,10,22,20,40,302,12.8,15.5,1009.8,14.5,2.46
2022,10,22,23,40,309,14.3,20.4,1008.5,14.2,2.75
2022,10,23,02,40,316,14.7,19.3,1010.1,13.6,3.46
2022,10,23,05,40,312,13.7,17.2,1011.4,13.4,2.93
2022,10,23,08,40,312,13.5,17.4,1012.6,13.0,2.57
2022,10,23,11,40,316,12.3,16.0,1013.7,12.9,2.54
2022,10,23,14,40,334,9.1,11.3,1015.6,12.8,2.33
2022,10,23,17,40,311,7.5,9.2,1017.6,12.7,2.06
2022,10,23,20,40,311,9.2,11.6,1016.7,12.7,1.99
2022,10,23,23,40,316,10.2,12.7,1017.0,12.7,2.24
2022,10,24,02,40,319,9.5,12.1,1018.0,12.6,2.40
2022,10,24,05,40,305,6.1,8.1,1019.8,12.3,2.13
2022,10,24,08,40,312,5.6,7.1,1020.5,12.3,1.99
2022,10,24,11,40,308,6.8,8.2,1020.8,12.2,1.80
2022,10,24,14,40,330,4.6,6.0,1022.7,12.2,1.89
2022,10,24,17,40,297,2.8,4.0,1024.2,12.3,1.60
2022,10,24,20,40,303,4.1,5.4,1023.9,12.5,1.63
2022,10,24,23,40,277,4.5,5.6,1023.4,12.4,1.49
2022,10,25,02,40,310,7.7,9.7,1022.7,12.3,1.54
2022,10,25,05,40,315,9.0,10.7,1023.3,12.2,1.61
2022,10,25,08,40,299,8.3,10.3,1023.0,12.1,1.43
2022,10,25,11,40,323,7.9,9.8,1022.0,12.1,1.65
2022,10,25,14,40,304,7.0,9.0,1022.1,12.1,1.73
2022,10,25,17,40,312,7.1,9.1,1022.7,12.1,1.90
2022,10,25,20,40,304,8.2,10.7,1020.8,12.2,2.09
2022,10,25,23,40,300,8.9,11.5,1020.0,12.2,2.13
2022,10,26,02,40,320,9.5,12.3,1019.5,12.1,2.53
2022,10,26,05,40,317,10.6,13.0,1019.1,12.0,2.75
2022,10,26,08,40,333,6.9,8.9,1019.3,12.0,2.44
2022,10,26,11,40,311,10.0,12.2,1019.1,12.0,2.54
2022,10,26,14,40,318,8.6,10.8,1020.2,11.9,2.32
2022,10,26,17,40,309,10.0,11.9,1020.4,12.1,2.19
2022,10,26,20,40,322,8.5,11.0,1019.5,12.2,1.89
2022,10,26,22,10,325,8.4,10.7,1018.6,12.1,1.95
2022,10,26,23,40,327,8.7,10.8,1018.4,12.1,2.05
2022,10,27,01,10,319,9.7,11.8,1017.9,12.0,2.15
2022,10,27,02,40,318,9.8,12.2,1017.9,11.9,2.28
2022,10,27,04,10,317,9.7,13.7,1017.6,11.9,2.24
2022,10,27,05,40,321,9.4,12.1,1018.1,11.9,2.39
2022,10,27,07,10,325,6.5,8.2,1018.1,11.9,2.00
2022,10,27,08,40,322,4.9,6.3,1017.9,11.9,2.04
2022,10,27,10,10,321,5.3,6.8,1018.0,11.9,1.75
2022,10,27,11,40,329,5.3,6.5,1017.5,12.0,1.78
2022,10,27,13,10,342,3.9,5.0,1017.8,12.0,2.00
2022,10,27,14,40,20,1.0,1.7,1018.1,12.0,1.75
2022,10,27,16,10,127,0.5,1.4,1019.0,12.0,1.94
2022,10,27,17,40,280,1.5,2.5,1019.2,12.0,1.88
2022,10,27,19,10,283,2.3,3.3,1019.3,12.2,1.90
2022,10,27,20,40,299,3.4,4.5,1018.6,12.3,1.70
2022,10,27,22,10,322,4.2,5.5,1018.2,12.3,1.69
2022,10,27,23,40,310,4.5,5.6,1017.9,12.2,1.69
2022,10,28,01,10,324,5.8,7.1,1017.5,12.0,1.45
2022,10,28,02,40,323,4.3,5.4,1018.2,11.9,1.50
2022,10,28,04,10,338,4.3,5.1,1018.4,12.1,1.51
2022,10,28,05,40,317,2.2,3.2,1019.1,12.2,1.28
2022,10,28,07,10,294,2.7,3.5,1019.3,12.2,1.50
2022,10,28,08,40,294,3.2,4.3,1019.8,12.3,1.41
2022,10,28,10,10,310,3.7,4.8,1020.2,12.3,1.43
2022,10,28,11,40,303,3.3,4.2,1020.5,12.3,1.51
2022,10,28,13,10,297,2.0,2.8,1021.4,12.3,1.35
2022,10,28,14,40,235,1.1,1.7,1021.6,12.3,1.30
2022,10,28,16,10,205,1.1,1.6,1022.7,12.2,1.21
2022,10,28,17,40,206,1.5,1.9,1023.0,12.1,1.21
2022,10,28,19,10,280,1.9,2.5,1023.1,12.2,1.43
2022,10,28,20,40,286,3.9,4.8,1023.0,12.1,1.47
2022,10,28,22,10,297,2.5,3.5,1023.0,12.1,1.89
2022,10,28,23,40,283,2.7,4.6,1022.9,12.3,2.16
2022,10,29,01,10,322,4.5,6.4,1022.5,12.2,2.64
2022,10,29,02,40,319,4.0,5.9,1023.3,12.3,2.46
2022,10,29,04,10,272,2.4,3.3,1023.4,12.3,2.13
2022,10,29,05,40,273,2.9,3.9,1024.0,12.3,2.20
2022,10,29,07,10,316,2.9,4.0,1024.3,12.3,2.03
2022,10,29,08,40,297,3.1,4.5,1024.5,12.2,2.40
2022,10,29,10,10,321,2.5,4.1,1024.3,12.1,2.20
2022,10,29,11,40,321,3.8,5.2,1024.4,12.0,2.33
2022,10,29,13,10,328,5.9,7.5,1024.5,11.9,2.32
2022,10,29,14,40,333,2.1,3.6,1024.4,11.7,2.54
2022,10,29,16,10,8,3.0,4.6,1025.1,11.7,2.53
2022,10,29,17,40,316,1.9,3.2,1025.6,11.8,2.65
2022,10,29,19,10,283,2.2,3.5,1025.4,12.1,2.88
2022,10,29,20,40,287,4.2,5.8,1024.4,12.2,2.46
2022,10,29,22,10,295,4.2,5.8,1023.7,12.3,2.35
2022,10,29,23,40,300,4.4,5.5,1023.4,12.2,2.30
2022,10,30,01,10,305,6.1,7.9,1022.7,11.9,2.34
2022,10,30,02,40,317,7.3,8.7,1023.1,11.7,1.98
2022,10,30,04,10,315,5.6,7.1,1023.2,11.7,2.14
2022,10,30,05,40,314,6.7,7.9,1023.3,11.6,2.00
2022,10,30,07,10,306,5.4,7.0,1022.8,11.6,2.09
2022,10,30,08,40,310,7.4,9.0,1022.1,11.7,2.32
2022,10,30,10,10,316,6.3,8.9,1021.9,11.6,2.21
2022,10,30,11,40,320,6.9,9.5,1021.7,11.6,2.30
2022,10,30,13,10,337,4.0,5.9,1021.8,11.7,2.09
2022,10,30,14,40,334,5.9,7.5,1021.8,11.7,2.27
2022,10,30,16,10,4,5.7,7.4,1022.5,11.7,2.10
2022,10,30,17,40,318,2.8,4.5,1022.1,11.7,2.10
2022,10,30,19,10,330,3.6,5.2,1021.7,11.7,2.12
2022,10,30,20,40,339,4.5,5.7,1020.6,11.6,1.93
2022,10,30,22,10,323,8.0,10.0,1019.5,11.6,1.97
2022,10,30,23,40,323,7.1,9.1,1018.9,11.6,2.04
2022,10,31,01,10,300,5.7,6.9,1018.4,11.6,1.93
2022,10,31,02,40,299,6.2,8.0,1018.6,11.7,2.16
2022,10,31,04,10,292,5.0,6.3,1018.6,11.7,2.25
2022,10,31,06,10,303,5.2,6.6,1018.6,11.7,2.25
2022,10,31,07,40,318,6.1,7.9,1017.8,11.7,2.28
2022,10,31,09,10,332,4.0,5.4,1017.3,11.6,2.17
2022,10,31,10,40,312,4.6,6.1,1016.7,11.6,2.11
2022,10,31,12,10,313,3.4,4.5,1016.3,11.6,2.02
2022,10,31,13,40,322,5.3,7.1,1015.7,12.3,2.11
2022,10,31,15,10,334,3.3,4.4,1015.5,12.4,2.01
2022,10,31,16,40,332,1.6,3.0,1015.7,12.2,2.21
2022,10,31,18,10,42,1.1,2.2,1015.3,11.5,2.45
2022,10,31,19,40,356,1.1,2.8,1014.6,11.6,2.90
2022,10,31,21,10,273,0.8,3.0,1013.4,11.6,2.69
2022,10,31,22,40,314,3.0,4.6,1012.5,11.6,3.11
2022,11,01,00,10,306,4.1,6.1,1012.0,11.7,2.87
2022,11,01,01,40,308,4.0,5.6,1011.5,11.8,2.77
2022,11,01,03,10,265,4.4,5.8,1012.1,11.8,3.01
2022,11,01,04,40,254,4.0,5.1,1012.1,11.8,2.32
2022,11,01,06,10,219,4.0,4.9,1011.7,11.8,2.58
2022,11,01,07,40,223,4.1,4.9,1011.4,11.8,2.63
2022,11,01,09,10,215,4.4,5.8,1011.2,11.8,2.34
2022,11,01,10,40,213,4.6,5.6,1010.8,11.8,2.17
2022,11,01,12,10,203,4.8,5.8,1010.3,11.8,2.48
2022,11,01,13,40,175,4.7,6.9,1009.9,11.8,2.37
2022,11,01,15,10,193,6.5,8.0,1010.5,11.7,2.06
2022,11,01,16,40,304,8.8,10.7,1011.2,11.7,2.13
2022,11,01,18,10,302,9.4,11.7,1011.9,11.7,2.53
2022,11,01,19,40,303,10.3,13.3,1011.8,11.7,2.96
2022,11,01,21,10,301,10.1,12.8,1012.3,11.7,3.02
2022,11,01,22,40,288,8.1,10.1,1013.0,11.6,2.99
2022,11,02,00,10,292,6.2,7.9,1013.6,11.6,2.84
2022,11,02,01,40,289,5.4,6.9,1014.6,11.6,2.41
2022,11,02,03,10,272,4.7,6.9,1015.5,11.6,2.10
2022,11,02,04,40,267,4.2,5.4,1016.7,11.6,2.06
2022,11,02,06,10,270,2.6,3.8,1017.2,11.6,2.04
2022,11,02,07,40,252,6.1,8.9,1017.5,11.6,2.21
2022,11,02,09,10,244,3.9,5.4,1017.6,11.7,2.52
2022,11,02,10,40,248,3.2,4.5,1018.0,11.8,2.77
2022,11,02,12,10,238,3.8,4.8,1018.4,11.7,2.80
2022,11,02,13,40,239,3.4,4.8,1018.8,11.6,2.79
2022,11,02,15,10,245,3.0,4.2,1019.3,11.6,2.63
2022,11,02,16,40,263,2.8,4.3,1020.1,11.6,2.69
2022,11,02,18,10,249,3.6,5.1,1020.5,11.6,2.31
2022,11,02,19,40,234,4.2,5.1,1020.2,11.7,1.96
2022,11,02,21,10,241,6.4,8.2,1019.4,11.7,2.61
2022,11,02,22,40,260,3.6,5.0,1019.2,11.7,2.47
2022,11,03,00,10,310,4.5,6.1,1019.3,11.7,2.67
2022,11,03,01,40,305,6.3,8.2,1019.4,11.6,2.41
2022,11,03,03,10,311,7.7,10.5,1019.7,11.6,2.48
2022,11,03,04,40,318,8.9,11.0,1020.1,11.6,2.71
2022,11,03,06,10,313,9.0,11.3,1020.3,11.6,2.70
2022,11,03,07,40,326,9.7,12.6,1020.7,11.6,2.64
2022,11,03,09,10,322,8.5,10.8,1020.4,11.6,2.30
2022,11,03,10,40,320,9.7,11.6,1020.8,11.6,2.33
2022,11,03,12,10,335,8.8,10.6,1021.1,11.6,2.38
2022,11,03,13,40,334,6.3,7.7,1021.7,11.6,2.10
2022,11,03,15,10,331,5.8,7.2,1022.8,11.5,2.16
2022,11,03,16,40,338,4.8,6.0,1024.2,11.6,2.00
2022,11,03,18,10,318,5.5,7.1,1024.7,11.7,2.10
2022,11,03,19,40,319,7.3,8.8,1025.1,12.0,2.35
2022,11,03,21,10,313,7.8,9.5,1024.7,12.0,2.17
2022,11,03,22,40,314,7.3,9.0,1024.5,11.9,1.98
2022,11,04,00,10,320,7.8,9.8,1025.0,11.7,2.18
2022,11,04,01,40,331,7.9,10.0,1025.3,11.6,2.07
2022,11,04,03,10,324,8.1,9.9,1025.6,11.7,2.22
2022,11,04,04,40,329,6.2,7.6,1025.8,11.7,2.01
2022,11,04,06,10,312,6.1,7.5,1026.1,11.6,1.86
2022,11,04,07,40,328,5.4,7.3,1026.4,11.6,1.81
2022,11,04,09,10,325,4.9,6.2,1026.9,11.6,1.68
2022,11,04,10,40,328,2.8,4.1,1027.4,12.0,1.43
2022,11,04,12,10,327,3.3,4.1,1027.1,12.1,1.45
2022,11,04,13,40,335,3.2,4.2,1027.4,12.1,1.31
2022,11,04,15,10,305,0.6,1.3,1028.0,12.2,1.29
2022,11,04,16,40,305,1.7,2.6,1029.0,12.2,1.23
2022,11,04,18,10,219,0.9,2.2,1029.6,12.2,1.42
2022,11,04,19,40,139,1.8,2.9,1029.2,12.2,1.50
2022,11,04,21,10,153,1.2,2.0,1028.0,12.2,1.40
2022,11,04,22,40,181,1.3,2.0,1027.2,12.4,1.53
2022,11,05,00,10,202,1.3,2.5,1027.1,12.6,1.50
2022,11,05,01,40,206,2.5,3.3,1026.8,11.9,1.30
2022,11,05,03,10,261,1.1,2.1,1027.3,11.7,1.25
2022,11,05,04,40,189,1.1,1.7,1026.5,11.7,1.28
2022,11,05,06,10,133,1.5,2.4,1026.7,11.7,1.22
2022,11,05,07,40,164,2.9,3.5,1025.7,12.1,1.18
2022,11,05,09,10,212,2.8,4.0,1025.1,12.3,1.29
2022,11,05,10,40,185,1.9,2.4,1024.2,12.4,1.32
2022,11,05,12,10,161,3.0,3.8,1023.1,12.4,1.24
2022,11,05,13,40,124,1.1,2.4,1023.1,12.4,1.33
2022,11,05,15,10,202,2.8,3.5,1022.7,12.3,1.36
2022,11,05,16,40,173,1.9,2.5,1023.0,12.2,1.27
2022,11,05,18,10,169,3.2,4.3,1022.4,12.0,1.39
2022,11,05,19,40,203,3.3,4.1,1021.6,11.9,1.50
2022,11,05,21,10,193,4.0,4.6,1019.7,11.9,1.48
2022,11,05,22,40,221,5.5,6.5,1018.4,11.9,1.54
2022,11,06,00,10,234,4.5,5.5,1017.5,12.0,1.63
2022,11,06,01,40,270,4.7,5.8,1017.0,12.1,1.67
2022,11,06,03,10,306,4.3,6.0,1016.8,12.2,1.92
2022,11,06,04,40,290,2.5,4.2,1016.7,12.2,2.07
2022,11,06,06,10,304,6.0,7.6,1016.4,12.2,2.16
2022,11,06,07,40,318,5.7,7.2,1016.3,12.1,2.14
2022,11,06,09,10,305,5.7,6.9,1015.8,12.0,2.12
2022,11,06,10,40,306,5.3,6.6,1015.6,12.0,2.01
2022,11,06,12,10,296,5.2,6.5,1015.1,12.0,2.00
2022,11,06,13,40,295,3.9,5.0,1014.7,12.0,2.00
2022,11,06,15,10,303,2.9,4.0,1014.5,12.0,1.84
2022,11,06,16,40,286,2.8,4.4,1015.0,12.0,1.83
2022,11,06,18,10,233,1.0,1.8,1015.1,12.1,1.91
2022,11,06,19,40,210,2.7,3.9,1014.3,12.3,2.27
2022,11,06,21,40,225,3.9,4.8,1013.0,12.4,1.93
2022,11,06,23,10,233,6.4,8.4,1012.1,12.5,1.90
2022,11,07,00,40,151,2.9,4.3,1011.2,12.3,1.96
2022,11,07,02,10,175,5.7,7.5,1010.4,12.2,1.92
2022,11,07,03,40,169,7.2,8.9,1009.9,12.1,2.35
2022,11,07,05,10,175,8.8,11.3,1009.2,12.1,2.19
2022,11,07,06,40,197,9.6,11.8,1008.8,12.1,2.41
2022,11,07,08,10,315,9.5,13.7,1010.2,12.1,2.37
2022,11,07,09,40,297,3.0,4.6,1011.1,11.8,2.61
2022,11,07,11,40,299,0.8,1.9,1011.6,11.6,2.63
2022,11,07,13,10,281,3.5,5.0,1012.1,11.7,2.98
2022,11,07,14,40,35,1.3,2.4,1012.8,11.7,2.78
2022,11,07,16,10,97,2.2,4.2,1013.4,11.7,2.87
2022,11,07,17,40,166,3.2,4.4,1013.4,11.8,2.73
2022,11,07,19,10,197,4.1,5.3,1013.3,11.9,2.85
2022,11,07,20,40,214,3.5,4.7,1012.3,11.9,2.46
2022,11,07,22,10,183,6.5,8.4,1011.3,12.0,2.65
2022,11,07,23,40,208,6.3,7.7,1010.7,11.9,2.99
2022,11,08,01,10,201,5.9,7.7,1010.5,11.9,3.19
2022,11,08,02,40,213,4.6,5.6,1010.2,11.8,3.32
2022,11,08,04,10,188,4.2,5.4,1009.8,11.7,3.51
2022,11,08,05,40,179,4.8,7.6,1009.1,11.6,3.42
2022,11,08,07,10,162,8.5,10.9,1008.4,11.6,3.43
2022,11,08,08,40,165,9.6,12.6,1007.0,11.6,3.15
2022,11,08,10,10,193,7.8,11.1,1006.4,11.7,3.30
2022,11,08,11,40,136,7.7,10.6,1003.9,11.7,3.12
2022,11,08,13,10,125,7.3,10.6,1002.9,11.6,2.91
2022,11,08,14,40,146,6.2,8.1,1001.9,11.5,2.51
2022,11,08,16,10,186,5.1,7.4,1001.4,11.5,2.83
2022,11,08,17,40,223,4.2,5.4,1001.9,11.4,3.13
2022,11,08,19,10,239,4.0,5.2,1002.0,11.4,2.77
2022,11,08,20,40,259,5.5,6.9,1002.3,11.4,2.73
2022,11,08,22,10,233,4.3,5.7,1002.9,11.4,2.77
2022,11,08,23,40,257,3.7,6.3,1003.6,11.3,2.60
2022,11,09,01,10,236,6.9,8.7,1004.7,11.3,2.59
2022,11,09,02,40,250,4.4,5.8,1006.0,11.3,2.74
2022,11,09,04,10,263,5.5,8.1,1006.8,11.3,2.35
2022,11,09,05,40,291,3.3,4.9,1008.2,11.4,2.44
2022,11,09,07,10,312,3.7,6.1,1009.6,11.4,2.33
2022,11,09,08,40,331,5.5,7.9,1011.0,11.4,2.52
2022,11,09,10,10,339,1.8,3.0,1012.1,11.4,2.32
2022,11,09,11,40,297,3.3,4.8,1013.6,11.4,2.40
2022,11,09,13,10,293,6.0,8.6,1014.8,11.4,2.27
2022,11,09,14,40,262,4.1,5.6,1016.7,11.3,2.31
2022,11,09,16,10,295,3.4,4.8,1018.9,11.3,2.52
2022,11,09,17,40,303,2.9,4.4,1020.3,11.3,2.71
2022,11,09,19,10,249,1.6,2.6,1021.4,11.5,2.51
2022,11,09,20,40,266,3.3,4.6,1021.5,11.6,2.73
2022,11,09,22,40,252,2.9,4.2,1022.4,11.7,2.36
2022,11,10,00,10,259,3.4,4.5,1023.1,11.7,2.09
2022,11,10,01,40,291,1.7,2.9,1023.8,11.6,2.10
2022,11,10,03,10,300,2.7,4.0,1024.5,11.5,2.03
2022,11,10,04,40,333,3.1,4.2,1024.8,11.5,1.90
2022,11,10,06,10,356,1.3,2.0,1025.4,11.4,1.85
2022,11,10,07,40,5,0.7,1.3,1025.5,11.4,1.86
2022,11,10,09,10,19,0.3,0.8,1025.5,11.5,1.56
2022,11,10,10,40,81,4.1,5.3,1025.4,11.5,1.88
2022,11,10,12,10,84,5.1,6.6,1025.3,11.4,1.45
2022,11,10,13,40,64,6.0,7.4,1025.5,11.5,1.58
2022,11,10,15,10,80,5.0,6.1,1026.0,11.5,1.51
2022,11,10,16,40,85,3.4,4.4,1027.1,11.5,1.40
2022,11,10,18,10,82,3.6,4.8,1026.8,11.5,1.40
2022,11,10,19,40,90,2.7,4.0,1026.0,11.7,1.32
2022,11,10,21,10,324,0.4,1.3,1024.9,11.8,1.32
2022,11,10,22,40,320,1.8,2.8,1024.1,11.9,1.17
2022,11,11,00,10,291,4.7,5.5,1023.9,11.7,1.06
2022,11,11,01,40,322,5.1,6.0,1023.6,11.5,0.98
2022,11,11,03,10,327,5.6,6.5,1023.3,11.6,0.95
2022,11,11,04,40,334,5.1,6.5,1023.4,11.5,0.87
2022,11,11,06,10,332,5.0,6.0,1023.3,11.4,0.90
2022,11,11,07,40,323,5.1,6.3,1023.1,11.5,0.87
2022,11,11,09,10,323,4.6,5.8,1023.0,11.6,0.93
2022,11,11,10,40,349,4.4,5.6,1022.5,11.6,0.98
2022,11,11,12,10,351,4.0,4.9,1022.2,11.7,1.01
2022,11,11,13,40,42,0.8,1.4,1022.2,12.0,0.94
2022,11,11,15,10,281,1.2,1.7,1022.4,12.0,0.87
2022,11,11,16,40,324,2.2,3.2,1023.2,11.9,0.80
2022,11,11,18,10,25,1.6,2.1,1022.8,11.7,0.74
2022,11,11,19,40,117,2.4,3.2,1021.9,11.8,0.73
2022,11,11,21,10,271,2.2,2.9,1021.1,11.9,0.76
2022,11,11,22,40,305,4.4,5.3,1020.5,12.1,0.71
2022,11,12,00,10,317,3.7,4.5,1019.9,11.8,0.69
2022,11,12,01,40,310,3.6,4.5,1020.0,11.7,0.63
2022,11,12,03,10,320,2.6,3.2,1020.3,11.6,0.60
2022,11,12,04,40,320,2.3,2.9,1020.3,11.5,0.56
2022,11,12,06,10,329,1.3,1.7,1020.3,11.7,0.49
2022,11,12,07,40,245,1.1,1.4,1020.2,11.9,0.58
2022,11,12,09,10,228,2.4,2.9,1019.9,12.2,0.54
2022,11,12,10,40,353,6.9,8.7,1020.3,12.2,0.64
2022,11,12,12,10,332,3.9,4.9,1020.2,12.2,0.69
2022,11,12,13,40,326,7.1,8.6,1020.5,12.2,0.84
2022,11,12,15,10,325,5.0,6.1,1020.8,12.2,0.97
2022,11,12,16,40,315,6.5,7.9,1021.5,12.0,1.13
2022,11,12,18,10,316,8.3,10.3,1021.8,11.7,1.14
2022,11,12,19,40,309,7.7,10.3,1021.5,11.8,1.33
2022,11,12,21,10,303,8.5,10.5,1020.7,11.9,1.41
2022,11,12,22,40,295,7.2,9.4,1020.6,12.0,1.54
2022,11,13,00,10,294,8.4,11.0,1020.4,11.9,1.59
2022,11,13,01,40,292,7.0,8.7,1020.7,12.0,1.89
2022,11,13,03,10,286,4.7,6.3,1020.8,12.0,1.56
2022,11,13,04,40,293,3.3,4.4,1020.9,12.2,1.70
2022,11,13,06,10,333,4.4,5.4,1021.1,12.3,1.65
2022,11,13,07,40,336,6.0,7.5,1020.9,12.2,1.62
2022,11,13,09,10,354,5.5,6.7,1021.0,12.2,1.70
2022,11,13,10,40,355,5.1,6.3,1021.3,12.2,1.83
2022,11,13,12,10,15,6.1,7.2,1020.9,12.2,1.66
2022,11,13,13,40,27,3.7,4.5,1021.3,12.1,1.62
2022,11,13,15,10,360,5.2,6.7,1021.9,12.1,1.79
2022,11,13,16,40,336,6.0,7.5,1022.6,12.2,1.73
2022,11,13,18,10,318,4.8,6.3,1023.1,12.1,1.53
2022,11,13,19,40,312,3.2,4.4,1022.6,12.2,1.65
2022,11,13,21,10,291,1.8,2.7,1021.6,12.4,1.62
2022,11,13,22,40,277,3.8,5.2,1020.4,12.6,1.65
2022,11,14,00,10,281,5.9,7.0,1020.8,12.5,1.64
2022,11,14,01,40,306,4.5,5.7,1021.1,12.3,1.73
2022,11,14,03,10,314,3.1,4.3,1021.2,12.3,1.83
2022,11,14,04,40,315,1.8,2.8,1021.5,12.3,1.80
2022,11,14,06,10,342,1.8,3.1,1021.7,12.4,1.92
2022,11,14,07,40,8,1.5,2.2,1021.4,12.3,1.95
2022,11,14,09,10,325,2.1,3.3,1021.6,12.4,1.91
2022,11,14,10,40,6,1.1,1.7,1021.3,12.4,1.95
2022,11,14,12,10,26,1.8,2.6,1021.2,12.4,1.90
2022,11,14,13,40,7,1.8,2.5,1021.5,12.3,1.97
2022,11,14,15,10,45,1.5,2.6,1022.2,12.3,1.95
2022,11,14,16,40,95,2.1,3.7,1022.9,12.3,1.85
2022,11,14,18,10,77,2.7,4.0,1023.2,12.3,2.09
2022,11,14,19,40,116,1.4,2.5,1022.3,12.5,1.77
2022,11,14,21,10,275,1.0,2.1,1021.1,12.6,1.99
2022,11,14,22,40,291,2.3,3.4,1020.4,12.7,1.90
2022,11,15,00,10,318,4.5,5.6,1020.3,12.8,1.83
2022,11,15,01,40,335,4.5,5.8,1020.3,12.7,1.87
2022,11,15,03,10,353,5.3,6.3,1020.8,12.5,1.89
2022,11,15,04,40,353,5.2,7.4,1021.5,12.5,1.38
2022,11,15,06,10,351,4.3,5.2,1021.9,12.4,1.51
2022,11,15,07,40,8,1.9,3.2,1022.0,12.4,1.54
2022,11,15,09,10,17,1.4,1.9,1021.9,12.4,1.36
2022,11,15,10,40,23,1.5,2.2,1022.1,12.3,1.49
2022,11,15,12,10,71,2.7,3.6,1022.5,12.2,1.73
2022,11,15,13,40,73,2.0,2.8,1022.6,12.2,1.50
2022,11,15,15,10,61,1.9,3.4,1023.1,12.1,1.65
2022,11,15,16,40,349,2.2,3.0,1024.3,12.2,1.62
2022,11,15,18,10,77,1.5,2.2,1024.7,12.2,1.36
2022,11,15,19,40,19,1.1,1.6,1024.3,12.3,1.37
2022,11,15,21,10,258,1.8,2.7,1024.1,12.5,1.29
2022,11,15,22,40,316,4.8,6.3,1023.9,13.0,1.21
2022,11,16,00,10,319,5.3,6.8,1024.4,12.7,1.25
2022,11,16,01,40,331,4.6,5.8,1025.0,12.5,1.10
2022,11,16,03,10,324,4.8,6.0,1025.5,12.4,1.19
2022,11,16,04,40,323,4.7,5.6,1026.0,12.4,1.07
2022,11,16,06,10,297,4.9,6.1,1026.5,12.4,1.04
2022,11,16,07,40,313,4.3,5.3,1026.9,12.3,1.03
2022,11,16,09,10,336,5.0,6.4,1027.4,12.3,1.01
2022,11,16,10,40,3,1.5,2.6,1027.7,12.3,0.99
2022,11,16,12,10,28,1.3,2.2,1027.4,12.2,0.96
2022,11,16,13,40,249,0.9,2.7,1027.7,12.1,1.02
2022,11,16,15,10,306,0.9,2.4,1028.3,12.1,1.11
2022,11,16,16,40,311,0.6,1.4,1029.1,12.1,1.02
2022,11,16,18,10,112,0.9,1.5,1029.3,12.2,1.04
2022,11,16,20,10,269,1.4,2.4,1028.5,12.4,1.06
2022,11,16,21,40,317,3.4,4.1,1027.7,12.7,0.91
2022,11,16,23,10,326,3.0,3.8,1027.2,12.7,0.87
2022,11,17,00,40,320,5.0,6.4,1027.4,12.5,0.87
2022,11,17,02,10,7,2.5,3.4,1027.4,12.5,0.87
2022,11,17,03,40,280,3.9,4.7,1027.6,12.4,0.89
2022,11,17,05,10,311,3.3,4.0,1028.0,12.3,0.90
2022,11,17,06,40,342,3.0,3.7,1027.6,12.3,0.81
2022,11,17,08,10,340,1.5,2.3,1027.2,12.3,0.84
2022,11,17,09,40,333,2.2,3.2,1026.8,12.3,0.84
2022,11,17,11,10,351,2.7,3.7,1026.6,12.4,0.84
2022,11,17,12,40,328,2.7,4.3,1026.1,12.4,0.95
2022,11,17,14,10,332,1.7,2.7,1025.9,12.4,1.03
2022,11,17,15,40,2,2.3,3.1,1025.7,12.3,1.07
2022,11,17,17,10,10,2.3,3.5,1025.8,12.3,1.22
2022,11,17,18,40,73,4.8,6.0,1026.3,12.4,1.19
2022,11,17,20,10,340,4.6,5.8,1025.3,12.4,1.21
2022,11,17,21,40,305,4.3,5.1,1024.0,12.5,1.26
2022,11,17,23,10,314,6.5,8.7,1023.7,12.5,1.70
2022,11,18,00,40,315,6.9,8.5,1023.3,12.5,1.36
2022,11,18,02,10,324,6.8,8.4,1023.0,12.4,1.50
2022,11,18,03,40,323,5.8,7.5,1023.3,12.4,1.47
2022,11,18,05,10,321,6.8,8.4,1023.4,12.4,1.48
2022,11,18,06,40,316,8.0,10.0,1022.7,12.4,1.68
2022,11,18,08,10,326,7.4,9.2,1022.0,12.3,1.71
2022,11,18,09,40,321,7.6,9.8,1021.4,12.3,1.83
2022,11,18,11,10,334,8.9,10.6,1020.8,12.3,1.80
2022,11,18,12,40,325,8.8,11.2,1020.6,12.3,1.73
2022,11,18,14,10,360,3.9,5.1,1020.1,12.3,1.86
2022,11,18,15,40,332,4.0,5.5,1020.4,12.3,1.88
2022,11,18,17,10,352,3.1,4.2,1020.4,12.3,1.92
2022,11,18,18,40,342,2.8,3.9,1020.4,12.4,1.93
2022,11,18,20,10,320,4.2,5.7,1019.1,12.5,1.83
2022,11,18,21,40,313,6.6,8.1,1018.2,12.5,1.56
2022,11,18,23,10,320,6.2,7.6,1017.9,12.5,1.67
2022,11,19,00,40,327,5.3,6.5,1017.8,12.5,1.59
2022,11,19,02,10,334,3.7,4.8,1018.1,12.4,1.62
2022,11,19,03,40,306,3.8,5.0,1018.5,12.4,1.54
2022,11,19,05,10,347,2.4,3.3,1018.8,12.4,1.57
2022,11,19,06,40,270,1.5,2.7,1019.5,12.4,1.51
2022,11,19,08,10,59,0.8,2.0,1019.9,12.4,1.34
2022,11,19,09,40,67,5.4,7.0,1019.8,12.4,1.34
2022,11,19,11,40,84,7.0,9.0,1020.2,12.4,1.40
2022,11,19,13,10,97,7.2,9.2,1020.3,12.3,1.38
2022,11,19,14,40,97,7.6,9.5,1020.4,12.3,1.37
2022,11,19,16,10,83,6.8,9.2,1021.5,12.2,1.40
2022,11,19,17,40,77,7.2,9.2,1022.6,12.2,1.45
2022,11,19,19,10,66,7.3,9.0,1022.1,12.2,1.32
2022,11,19,20,40,80,5.4,6.8,1021.5,12.3,1.25
2022,11,19,22,10,314,3.2,4.4,1021.5,12.4,1.09
2022,11,19,23,40,315,3.2,4.0,1021.4,12.4,1.06
2022,11,20,01,10,336,2.1,2.8,1021.5,12.4,0.91
2022,11,20,02,40,62,3.4,5.1,1022.1,12.3,1.12
2022,11,20,04,10,85,4.8,6.0,1022.6,12.3,1.01
2022,11,20,05,40,75,4.5,5.6,1023.2,12.3,1.20
2022,11,20,07,10,76,6.2,8.1,1023.3,12.3,1.10
2022,11,20,08,40,81,7.3,9.5,1023.2,12.2,1.21
2022,11,20,10,10,87,6.9,8.5,1023.3,12.2,1.27
2022,11,20,11,40,82,6.1,7.6,1023.5,12.2,1.33
2022,11,20,13,10,71,6.4,7.9,1023.8,12.2,1.26
2022,11,20,14,40,72,7.2,9.0,1024.1,12.2,1.39
2022,11,20,16,10,76,8.3,10.6,1024.9,12.1,1.28
2022,11,20,17,40,85,7.5,9.5,1025.5,12.1,1.27
2022,11,20,19,10,82,6.4,8.1,1025.3,12.2,1.23
2022,11,20,20,40,71,6.0,8.1,1024.2,12.2,1.21
2022,11,20,22,10,69,4.6,6.6,1023.4,12.3,1.21
2022,11,20,23,40,359,1.8,2.5,1023.0,12.2,1.18
2022,11,21,01,10,331,2.1,2.9,1022.7,12.2,1.03
2022,11,21,02,40,309,2.7,3.9,1022.9,12.2,0.94
2022,11,21,04,40,323,2.0,2.8,1023.3,12.2,1.04
2022,11,21,06,10,67,0.7,1.9,1023.5,12.1,1.02
2022,11,21,07,40,65,2.6,3.6,1023.2,12.1,0.99
2022,11,21,09,10,75,6.7,8.2,1022.7,12.1,0.94
2022,11,21,10,40,81,5.7,7.0,1022.6,12.1,0.94
2022,11,21,12,10,81,5.4,6.6,1022.3,12.1,0.93
2022,11,21,13,40,72,6.6,8.6,1022.3,12.1,0.95
2022,11,21,15,10,73,7.1,8.7,1022.6,12.1,1.02
2022,11,21,16,40,79,7.3,8.9,1023.4,12.1,1.02
2022,11,21,18,10,82,5.8,7.0,1023.6,12.3,1.03
2022,11,21,20,10,87,5.2,6.3,1022.7,12.3,1.02
2022,11,21,22,10,307,3.6,4.4,1022.4,12.7,0.93
2022,11,21,23,40,326,3.5,4.2,1022.1,12.4,0.89
2022,11,22,01,10,327,5.8,7.0,1022.2,12.3,1.02
2022,11,22,02,40,357,3.2,4.0,1021.7,12.2,0.95
2022,11,22,04,10,321,4.8,6.2,1022.2,12.1,0.94
2022,11,22,05,40,322,2.5,3.2,1021.9,12.1,1.09
2022,11,22,07,10,338,1.5,2.2,1021.8,12.1,1.07
2022,11,22,08,40,318,1.6,2.8,1021.7,12.0,0.98
2022,11,22,10,10,310,2.5,3.3,1021.8,12.0,0.99
2022,11,22,11,40,28,1.6,2.2,1021.7,12.0,1.11
2022,11,22,13,10,63,1.0,1.5,1021.7,12.0,1.15
2022,11,22,14,40,307,1.0,1.8,1022.0,12.1,1.13
2022,11,22,16,10,238,0.4,1.4,1022.9,12.1,1.22
2022,11,22,17,40,159,0.6,1.1,1023.4,12.1,1.19
2022,11,22,19,40,317,4.0,4.8,1023.3,12.3,1.15
2022,11,22,21,10,306,3.7,5.0,1022.3,12.4,1.31
2022,11,22,22,40,307,4.5,5.7,1021.3,12.3,1.24
2022,11,23,00,10,318,5.4,7.0,1021.7,12.3,1.34
2022,11,23,01,40,314,3.3,4.5,1021.8,12.2,1.40
2022,11,23,03,10,315,6.8,8.5,1021.9,12.3,1.53
2022,11,23,04,40,315,8.9,10.7,1021.6,12.2,1.67
2022,11,23,06,10,319,9.3,12.0,1022.0,12.2,2.03
2022,11,23,07,40,330,7.9,10.3,1022.5,12.2,1.79
2022,11,23,09,10,327,5.4,6.5,1022.3,12.3,1.74
2022,11,23,10,40,323,4.6,5.8,1022.8,12.3,1.63
2022,11,23,12,10,351,3.7,4.5,1022.4,12.3,1.62
2022,11,23,13,40,354,0.8,1.8,1022.0,12.3,1.59
2022,11,23,15,10,309,2.7,3.6,1022.7,12.3,1.41
2022,11,23,16,40,325,2.4,3.4,1023.8,12.2,1.56
2022,11,23,18,10,303,1.5,2.2,1023.8,12.3,1.52
2022,11,23,19,40,282,1.5,2.9,1023.0,12.4,1.35
2022,11,23,21,10,312,4.0,5.3,1022.2,12.4,1.55
2022,11,23,22,40,304,7.0,8.7,1022.1,12.6,1.23
2022,11,24,00,10,315,7.4,9.0,1021.7,12.4,1.59
2022,11,24,01,40,320,4.7,5.9,1022.1,12.4,1.51
2022,11,24,03,10,329,3.1,4.4,1022.2,12.4,1.59
2022,11,24,04,40,335,0.8,2.0,1021.9,12.4,1.73
2022,11,24,06,10,8,0.8,1.8,1021.4,12.4,1.78
2022,11,24,07,40,312,0.9,2.5,1021.7,12.3,1.83
2022,11,24,09,10,345,0.6,1.3,1021.5,12.3,1.77
2022,11,24,11,10,107,1.1,2.2,1022.0,12.3,1.66
2022,11,24,12,40,101,0.9,2.3,1021.8,12.3,1.49
2022,11,24,14,10,92,3.6,5.6,1022.1,12.3,1.47
2022,11,24,15,40,84,4.9,6.8,1022.5,12.3,1.46
2022,11,24,17,10,80,6.0,7.8,1022.8,12.2,1.33
2022,11,24,18,40,49,6.7,8.9,1022.5,12.3,1.34
2022,11,24,20,10,306,2.0,3.6,1022.6,12.5,1.39
2022,11,24,21,40,61,0.6,1.4,1022.4,12.6,1.32
2022,11,24,23,10,94,4.2,5.1,1022.3,12.7,1.27
2022,11,25,00,40,119,2.4,3.4,1023.0,12.6,1.44
2022,11,25,02,10,93,2.7,3.8,1023.3,12.6,1.57
2022,11,25,03,40,98,4.1,5.5,1023.8,12.5,1.98
2022,11,25,05,10,94,3.7,5.9,1024.4,12.5,2.18
2022,11,25,06,40,102,5.5,7.4,1024.5,12.4,2.41
2022,11,25,08,40,91,6.1,7.5,1024.5,12.4,1.89
2022,11,25,10,10,84,6.3,8.8,1024.7,12.3,2.36
2022,11,25,11,40,95,7.2,9.2,1024.6,12.3,2.22
2022,11,25,13,10,90,4.9,7.4,1025.1,12.3,2.34
2022,11,25,14,40,88,6.1,9.1,1025.2,12.3,2.79
2022,11,25,16,10,102,4.2,6.1,1026.3,12.2,2.38
2022,11,25,17,40,80,3.6,5.4,1026.8,12.3,2.53
2022,11,25,19,10,95,3.4,5.0,1026.6,12.3,2.37
2022,11,25,20,40,78,0.8,1.7,1026.1,12.4,2.17
2022,11,25,22,10,238,0.7,1.8,1025.3,12.5,2.28
2022,11,25,23,40,88,1.6,3.2,1025.1,12.5,2.30
2022,11,26,01,10,62,0.3,2.2,1025.1,12.8,2.25
2022,11,26,02,40,300,2.5,3.7,1025.2,12.7,1.95
2022,11,26,04,10,276,2.1,3.2,1025.2,12.6,2.30
2022,11,26,05,40,345,1.8,3.2,1024.8,12.4,2.18
2022,11,26,07,10,321,1.8,3.1,1024.6,12.4,2.57
2022,11,26,08,40,313,4.4,6.1,1024.1,12.4,2.33
2022,11,26,10,10,316,6.0,8.0,1024.2,12.2,2.08
2022,11,26,11,40,20,3.2,4.2,1023.6,12.1,2.05
2022,11,26,13,10,327,2.3,3.5,1023.6,12.1,2.17
2022,11,26,14,40,350,2.5,3.4,1023.8,12.1,2.06
2022,11,26,16,10,319,1.3,2.1,1023.8,12.1,1.84
2022,11,26,17,40,322,4.2,5.6,1023.9,12.1,1.59
2022,11,26,19,10,319,2.9,4.4,1023.3,12.2,1.85
2022,11,26,20,40,289,1.9,3.0,1022.4,12.2,1.87
2022,11,26,22,10,316,5.5,6.8,1021.3,12.6,1.76
2022,11,26,23,40,314,4.5,5.7,1020.8,12.5,2.33
2022,11,27,01,10,317,5.9,7.5,1020.6,12.4,2.63
2022,11,27,02,40,321,6.4,8.1,1020.9,12.4,2.70
2022,11,27,04,10,323,4.8,6.5,1020.9,12.5,2.89
2022,11,27,05,40,318,5.0,6.8,1020.9,12.5,2.84
2022,11,27,07,10,309,3.1,4.6,1020.8,12.4,2.75
2022,11,27,08,40,308,3.8,5.4,1020.7,12.4,2.60
2022,11,27,10,10,324,2.9,4.2,1020.5,12.4,2.37
2022,11,27,11,40,4,2.3,3.5,1020.4,12.3,2.37
2022,11,27,13,10,3,1.3,2.4,1020.3,12.2,2.49
2022,11,27,14,40,24,0.7,1.5,1020.6,12.2,2.19
2022,11,27,16,10,331,2.3,3.9,1021.3,12.3,2.48
2022,11,27,17,40,338,1.6,3.2,1021.2,12.1,2.30
2022,11,27,19,10,261,1.2,3.0,1021.0,12.5,2.38
2022,11,27,20,40,279,3.2,4.5,1020.2,12.7,2.17
2022,11,27,22,10,312,5.9,7.2,1019.4,12.6,2.41
2022,11,27,23,40,303,3.9,5.1,1018.9,12.6,2.33
2022,11,28,01,10,333,4.9,6.1,1018.6,12.7,2.24
2022,11,28,02,40,322,7.8,9.5,1018.4,12.7,2.16
2022,11,28,04,10,319,7.6,9.6,1018.1,12.6,2.20
2022,11,28,05,40,316,7.6,9.2,1017.6,12.5,2.33
2022,11,28,07,10,330,7.4,10.0,1017.3,12.4,2.39
2022,11,28,08,40,322,10.2,12.8,1016.3,12.3,2.48
2022,11,28,10,10,322,10.6,13.1,1016.3,12.3,2.73
2022,11,28,11,40,312,12.1,14.8,1016.1,12.2,2.68
2022,11,28,13,10,314,11.4,13.9,1016.3,12.2,2.45
2022,11,28,14,40,314,10.2,12.9,1016.8,12.2,2.14
2022,11,28,16,10,315,8.3,10.3,1017.5,12.2,1.86
2022,11,28,17,40,310,10.1,12.7,1017.7,12.2,1.91
2022,11,28,19,10,310,9.6,12.3,1017.8,12.1,1.86
2022,11,28,20,40,308,10.0,12.4,1016.7,12.1,1.85
2022,11,28,22,10,307,12.1,14.8,1016.2,12.1,2.07
2022,11,28,23,40,306,9.4,12.2,1016.1,12.1,2.13
2022,11,29,01,10,310,12.5,15.4,1016.0,12.1,2.18
2022,11,29,02,40,307,11.4,14.0,1016.3,12.0,1.99
2022,11,29,04,10,325,10.9,13.3,1016.8,11.9,1.96
2022,11,29,05,40,310,12.4,15.5,1016.4,12.1,2.09
2022,11,29,07,10,315,11.8,15.1,1016.4,12.1,2.16
2022,11,29,08,40,321,11.2,14.1,1016.7,12.0,2.31
2022,11,29,10,10,333,11.1,13.7,1016.8,12.0,2.71
2022,11,29,11,40,332,11.0,13.9,1016.8,11.9,2.55
2022,11,29,13,10,338,8.7,10.6,1016.8,11.8,2.39
2022,11,29,14,40,340,6.9,8.6,1017.5,11.8,2.19
2022,11,29,16,10,354,5.4,6.6,1018.1,11.8,2.14
2022,11,29,17,40,355,2.7,4.1,1019.1,11.8,2.11
2022,11,29,19,10,299,0.5,1.7,1019.0,11.9,2.33
2022,11,29,20,40,264,1.2,2.0,1018.2,12.0,2.01
2022,11,29,22,10,270,2.3,3.5,1017.4,12.1,1.90
2022,11,29,23,40,290,4.3,5.4,1017.1,12.0,1.97
2022,11,30,01,10,311,5.4,6.7,1016.8,11.9,1.74
2022,11,30,02,40,320,5.5,7.0,1017.3,11.9,1.69
2022,11,30,04,10,333,5.3,6.8,1017.5,11.9,1.70
2022,11,30,05,40,310,4.3,5.4,1017.8,11.9,1.68
2022,11,30,07,10,305,4.0,5.6,1018.1,11.8,1.61
2022,11,30,08,40,310,4.5,5.9,1017.7,11.8,1.71
2022,11,30,10,10,319,3.0,4.1,1016.9,11.8,1.58
2022,11,30,11,40,316,3.7,5.4,1016.9,11.8,1.53
2022,11,30,13,10,294,1.6,2.7,1016.5,11.8,1.61
2022,11,30,14,40,254,2.2,3.3,1016.7,11.8,1.60
2022,11,30,16,10,222,1.7,2.6,1016.9,11.8,1.53
2022,11,30,17,40,177,3.4,4.4,1017.2,11.8,1.42
2022,11,30,19,10,179,4.6,5.8,1016.9,11.8,1.29
2022,11,30,20,40,181,5.4,6.9,1015.6,11.9,1.43
2022,11,30,22,10,191,4.5,5.4,1014.6,11.9,1.22
2022,11,30,23,40,188,5.0,6.0,1014.4,11.9,1.30
2022,12,01,01,10,187,5.8,7.2,1014.0,11.9,1.23
2022,12,01,02,40,180,6.9,8.6,1014.1,11.9,1.31
2022,12,01,04,10,168,7.0,8.6,1014.0,11.8,1.30
2022,12,01,05,40,167,8.4,10.7,1013.4,11.8,1.34
2022,12,01,07,10,156,9.1,11.1,1012.8,11.8,1.45
2022,12,01,08,40,162,10.0,12.8,1011.7,11.8,1.63
2022,12,01,10,10,161,11.4,14.5,1010.8,11.7,1.85
2022,12,01,11,40,158,12.2,15.8,1009.6,11.7,2.17
2022,12,01,13,10,164,12.3,15.4,1008.7,11.7,2.32
2022,12,01,14,40,181,11.5,14.3,1008.9,11.8,2.48
2022,12,01,16,10,349,6.6,9.0,1010.6,11.8,2.81
2022,12,01,17,40,350,4.6,6.5,1011.9,11.8,2.61
2022,12,01,19,10,339,1.9,3.5,1012.9,11.8,2.63
2022,12,01,20,40,302,5.1,7.4,1012.7,11.7,2.60
2022,12,01,22,10,314,4.8,6.8,1012.9,11.7,2.46
2022,12,01,23,40,309,6.0,7.5,1013.2,11.7,2.45
2022,12,02,01,10,316,6.4,8.6,1014.1,11.7,2.68
2022,12,02,02,40,310,7.4,9.4,1015.6,11.7,2.33
2022,12,02,04,10,337,8.8,11.3,1016.7,11.8,3.03
2022,12,02,05,40,337,5.7,7.3,1018.4,11.7,2.78
2022,12,02,07,10,318,7.3,9.6,1019.4,11.7,2.85
2022,12,02,08,40,329,6.2,7.9,1020.7,11.7,2.72
2022,12,02,10,10,346,5.1,6.6,1020.9,11.7,2.65
2022,12,02,11,40,7,5.1,6.6,1021.0,11.7,2.53
2022,12,02,13,10,3,4.1,5.3,1021.6,11.6,2.38
2022,12,02,14,40,51,2.0,3.2,1022.2,11.6,2.45
2022,12,02,16,10,96,3.6,5.8,1022.8,11.5,2.23
2022,12,02,17,40,82,6.8,9.1,1022.9,11.5,2.35
2022,12,02,19,10,86,7.2,9.0,1022.8,11.5,2.14
2022,12,02,20,40,64,6.6,8.4,1021.1,11.5,1.97
2022,12,02,22,10,359,3.6,5.3,1020.6,11.6,2.29
2022,12,02,23,40,51,1.8,3.4,1020.1,11.5,2.24
2022,12,03,01,10,21,3.4,4.6,1019.4,11.5,2.28
2022,12,03,02,40,58,7.6,9.3,1018.9,11.5,1.92
2022,12,03,04,10,67,7.3,9.1,1018.7,11.5,2.00
2022,12,03,05,40,82,7.8,9.4,1018.7,11.4,1.77
2022,12,03,07,10,83,8.0,9.6,1018.5,11.4,1.83
2022,12,03,08,40,85,8.0,9.5,1018.0,11.5,1.48
2022,12,03,10,10,85,7.7,9.4,1017.1,11.5,1.46
2022,12,03,11,40,90,7.9,9.9,1017.1,11.4,1.55
2022,12,03,13,10,85,7.6,9.4,1016.5,11.4,1.33
2022,12,03,14,40,86,7.3,9.1,1016.9,11.3,1.28
2022,12,03,16,10,81,7.4,8.8,1017.0,11.3,1.24
2022,12,03,17,40,104,6.3,7.7,1017.1,11.3,1.23
2022,12,03,19,10,168,4.3,5.3,1016.7,11.3,1.24
2022,12,03,20,40,147,3.7,4.8,1015.4,11.3,1.31
2022,12,03,22,10,159,3.9,5.4,1014.5,11.4,1.28
2022,12,03,23,40,184,1.2,2.3,1014.4,11.3,1.45
2022,12,04,01,10,172,0.9,1.7,1014.1,11.3,1.90
2022,12,04,02,40,140,1.7,3.0,1014.5,11.3,2.14
2022,12,04,04,10,162,2.4,3.5,1014.4,11.2,2.16
2022,12,04,05,40,145,2.5,3.7,1015.0,11.2,2.40
2022,12,04,07,10,172,4.8,6.5,1015.2,11.2,2.20
2022,12,04,08,40,155,6.8,8.5,1015.1,11.1,2.27
2022,12,04,10,10,164,6.8,8.6,1015.5,11.1,2.34
2022,12,04,11,40,213,4.0,4.8,1016.0,11.1,2.25
2022,12,04,13,10,178,3.8,4.9,1016.0,11.1,2.38
2022,12,04,14,40,164,4.3,5.5,1017.1,11.2,2.45
2022,12,04,16,10,162,5.0,6.1,1018.1,11.2,2.30
2022,12,04,17,40,163,4.6,6.3,1019.2,11.2,2.27
2022,12,04,19,10,158,4.5,6.1,1019.7,11.3,2.30
2022,12,04,20,40,170,3.9,6.2,1019.0,11.4,2.26
2022,12,04,22,10,180,4.0,5.0,1019.0,11.5,2.25
2022,12,04,23,40,168,3.2,5.3,1018.9,11.5,2.22
2022,12,05,01,10,154,4.9,6.5,1019.0,11.5,2.17
2022,12,05,02,40,152,4.4,5.8,1018.9,11.4,2.14
2022,12,05,04,10,157,5.5,7.3,1018.9,11.4,2.01
2022,12,05,05,40,156,6.4,8.2,1018.7,11.2,1.88
2022,12,05,07,10,158,6.0,7.6,1018.3,11.2,1.84
2022,12,05,09,10,174,6.1,7.5,1017.5,11.9,2.03
2022,12,05,10,40,190,6.7,8.5,1017.3,11.8,1.89
2022,12,05,12,10,193,4.3,5.1,1016.9,11.7,1.93
2022,12,05,13,40,213,4.1,4.9,1016.7,11.7,1.84
2022,12,05,15,10,213,3.9,4.7,1017.1,11.9,1.87
2022,12,05,16,40,239,5.5,6.8,1017.7,11.9,1.80
2022,12,05,18,10,222,3.0,3.7,1018.3,11.9,1.73
2022,12,05,19,40,239,4.3,5.6,1018.1,11.9,1.72
2022,12,05,21,10,226,3.0,3.9,1017.3,11.9,1.67
2022,12,05,22,40,210,1.9,2.6,1016.7,11.9,1.74
2022,12,06,00,10,188,2.4,3.1,1016.7,11.8,1.71
2022,12,06,02,40,14,0.8,1.5,1016.5,11.8,1.58
2022,12,06,04,10,100,1.7,3.1,1016.6,11.8,1.60
2022,12,06,05,40,148,6.5,8.2,1016.2,11.9,1.43
2022,12,06,07,10,160,6.6,9.1,1016.2,12.0,1.45
2022,12,06,08,40,151,5.8,7.5,1016.0,11.9,1.39
2022,12,06,10,10,148,6.3,8.3,1015.9,12.0,1.37
2022,12,06,11,40,122,5.7,7.5,1015.9,11.9,1.28
2022,12,06,13,10,118,7.6,10.9,1015.8,11.9,1.28
2022,12,06,14,40,220,2.6,3.9,1016.7,11.9,1.20
2022,12,06,16,10,49,6.3,8.3,1017.3,11.8,1.10
2022,12,06,17,40,59,7.7,9.4,1018.3,11.9,1.23
2022,12,06,19,10,74,6.2,7.7,1019.0,11.9,1.10
2022,12,06,20,40,77,5.3,6.9,1018.7,12.0,1.02
2022,12,06,22,10,62,3.5,4.4,1018.7,12.0,0.89
2022,12,06,23,40,35,2.4,3.0,1018.7,12.0,0.96
2022,12,07,01,10,324,3.1,3.8,1019.2,12.0,0.90
2022,12,07,02,40,321,4.3,5.6,1019.7,11.9,0.98
2022,12,07,04,10,331,4.6,6.0,1020.0,11.9,0.89
2022,12,07,05,40,351,3.6,4.3,1020.3,11.9,0.92
2022,12,07,07,10,335,3.0,3.7,1020.8,11.9,0.89
2022,12,07,08,40,330,2.2,2.8,1020.8,11.8,0.87
2022,12,07,10,10,338,1.4,1.9,1021.1,11.8,0.88
2022,12,07,11,40,43,1.2,1.5,1021.4,11.7,0.83
2022,12,07,13,10,100,1.5,2.2,1021.7,11.7,0.87
2022,12,07,15,10,54,1.4,1.9,1022.5,11.7,0.80
2022,12,07,16,40,2,0.1,0.6,1023.3,11.7,0.82
2022,12,07,18,10,89,2.8,3.7,1024.6,11.7,0.76
2022,12,07,19,40,149,1.2,1.7,1024.5,11.9,0.77
2022,12,07,21,10,240,1.5,2.1,1024.4,12.1,0.86
2022,12,07,22,40,274,1.2,1.9,1024.5,12.2,0.77
2022,12,08,00,10,264,0.6,1.5,1024.7,12.1,0.76
2022,12,08,01,40,224,1.8,2.3,1024.5,12.0,0.76
2022,12,08,03,10,262,2.2,2.7,1025.1,12.0,0.78
2022,12,08,04,40,266,1.8,2.4,1025.8,11.9,0.79
2022,12,08,06,10,257,1.6,2.0,1026.2,11.8,0.96
2022,12,08,07,40,189,1.2,1.7,1026.1,11.6,0.86
2022,12,08,09,10,179,1.3,1.8,1026.4,11.6,0.82
2022,12,08,10,40,156,3.2,4.0,1026.3,11.7,0.97
2022,12,08,12,10,151,4.1,5.0,1025.7,11.8,0.88
2022,12,08,13,40,143,4.8,5.8,1025.8,11.7,1.06
2022,12,08,15,10,137,5.4,6.4,1025.7,11.7,0.94
2022,12,08,16,40,149,5.9,7.0,1025.9,11.6,1.08
2022,12,08,18,10,152,6.4,7.8,1026.3,11.6,1.13
2022,12,08,19,40,158,7.7,9.3,1025.4,11.6,1.27
2022,12,08,21,10,161,8.4,10.1,1024.1,11.6,1.16
2022,12,08,22,40,160,9.0,10.5,1023.1,11.5,1.37
2022,12,09,00,10,158,8.6,10.7,1022.5,11.5,1.47
2022,12,09,01,40,164,9.4,11.8,1021.8,11.5,1.78
2022,12,09,03,10,183,9.8,12.6,1022.0,11.5,2.03
2022,12,09,04,40,322,6.3,8.1,1023.0,11.5,1.68
2022,12,09,06,10,314,4.1,5.5,1023.4,11.4,1.66
2022,12,09,07,40,339,3.5,4.7,1023.9,11.4,1.67
2022,12,09,09,10,340,2.6,3.7,1023.9,11.4,1.49
2022,12,09,10,40,350,1.0,1.9,1023.9,11.5,1.46
2022,12,09,12,10,347,0.9,1.5,1023.7,11.5,1.56
2022,12,09,13,40,338,1.1,1.8,1023.3,11.5,1.61
2022,12,09,15,10,152,0.7,1.7,1023.0,11.5,1.74
2022,12,09,16,40,270,0.1,0.7,1023.8,11.3,1.93
2022,12,09,18,10,102,2.1,4.0,1024.1,11.4,2.16
2022,12,09,19,40,119,3.0,4.8,1023.1,11.4,2.37
2022,12,09,21,10,141,3.5,5.3,1021.2,11.4,2.35
2022,12,09,22,40,156,1.9,3.4,1020.2,11.4,1.92
2022,12,10,00,10,141,1.5,2.7,1019.7,11.4,1.91
2022,12,10,01,40,153,1.5,2.9,1018.7,11.4,2.15
2022,12,10,03,10,158,3.0,4.1,1018.3,11.4,1.92
2022,12,10,04,40,171,4.2,5.4,1018.0,11.4,1.91
2022,12,10,06,10,153,6.8,8.4,1016.6,11.4,1.71
2022,12,10,07,40,152,9.0,11.5,1015.2,11.4,1.46
2022,12,10,09,10,175,10.0,14.1,1013.9,11.3,1.88
2022,12,10,10,40,167,11.5,14.8,1012.9,11.3,2.05
2022,12,10,12,10,162,12.3,15.8,1011.3,11.3,2.42
2022,12,10,13,40,160,13.7,18.5,1009.2,11.3,2.84
2022,12,10,15,10,171,14.7,18.6,1007.8,11.3,3.35
2022,12,10,16,40,188,9.0,11.0,1008.0,11.4,3.38
2022,12,10,18,10,191,11.0,14.2,1007.7,11.4,3.84
2022,12,10,19,40,216,8.6,10.3,1007.5,11.4,3.77
2022,12,10,21,10,215,6.0,7.9,1006.2,11.6,3.87
2022,12,10,22,40,216,6.5,8.3,1005.8,11.6,3.24
2022,12,11,00,10,227,6.7,9.0,1005.2,11.5,3.31
2022,12,11,01,40,220,6.3,8.0,1005.0,11.5,3.40
2022,12,11,03,10,237,6.6,8.8,1005.2,11.4,3.25
2022,12,11,04,40,245,4.1,5.7,1005.3,11.4,3.12
2022,12,11,06,10,235,6.5,8.9,1005.3,11.4,3.54
2022,12,11,07,40,233,9.7,12.2,1005.2,11.4,3.54
2022,12,11,09,10,254,3.6,6.0,1004.9,11.4,3.92
2022,12,11,10,40,269,7.7,10.5,1005.4,11.4,3.97
2022,12,11,12,10,292,6.2,8.2,1006.0,11.5,3.99
2022,12,11,13,40,294,10.0,12.3,1007.2,11.5,4.18
2022,12,11,15,10,302,6.9,9.2,1008.7,11.5,4.26
2022,12,11,16,40,251,6.0,8.1,1009.9,11.6,3.31
2022,12,11,18,10,250,5.6,7.5,1010.8,11.5,3.24
2022,12,11,19,40,211,5.7,7.7,1010.1,11.5,3.64
2022,12,11,21,10,205,7.1,8.8,1009.2,11.5,3.23
2022,12,11,22,40,217,7.2,9.4,1008.6,11.5,3.30
2022,12,12,00,10,199,7.2,8.8,1008.3,11.5,3.34
2022,12,12,01,40,202,6.0,7.2,1007.7,11.5,3.44
2022,12,12,03,10,184,6.7,8.9,1006.7,11.5,4.12
2022,12,12,04,40,179,7.8,10.4,1006.3,11.5,3.84
2022,12,12,06,10,179,4.9,7.0,1006.2,11.5,4.27
2022,12,12,07,40,79,9.5,14.6,1007.0,11.5,4.23
2022,12,12,09,10,42,9.3,12.5,1009.2,11.6,3.93
2022,12,12,10,40,19,6.8,9.2,1011.5,11.5,3.85
2022,12,12,12,10,357,9.1,10.8,1012.5,11.5,3.35
2022,12,12,13,40,351,5.2,6.9,1013.8,11.5,3.26
2022,12,12,15,10,18,5.7,7.6,1014.9,11.5,3.11
2022,12,12,17,10,351,3.5,5.1,1016.5,11.6,3.07
2022,12,12,18,40,333,2.8,4.7,1017.0,11.6,2.95
2022,12,12,20,10,308,3.7,5.5,1016.3,11.6,2.99
2022,12,12,21,40,305,4.0,5.4,1015.7,11.7,2.66
2022,12,12,23,10,311,6.3,8.1,1015.7,11.7,3.00
2022,12,13,00,40,311,7.2,9.2,1015.8,11.7,2.95
2022,12,13,02,10,347,5.9,7.9,1016.2,11.6,2.59
2022,12,13,03,40,348,5.5,7.0,1016.7,11.6,2.53
2022,12,13,05,10,346,6.2,7.9,1017.1,11.6,2.73
2022,12,13,06,40,346,4.1,5.1,1017.6,11.6,2.31
2022,12,13,08,10,354,3.7,4.8,1017.6,11.6,2.26
2022,12,13,09,40,38,1.1,2.5,1017.9,11.6,2.11
2022,12,13,11,10,74,1.9,2.9,1018.1,11.5,1.84
2022,12,13,12,40,216,0.5,1.3,1018.7,11.5,1.75
2022,12,13,14,10,323,3.3,4.9,1019.2,11.5,1.75
2022,12,13,15,40,356,2.8,4.0,1019.9,11.4,1.97
2022,12,13,17,10,349,4.6,5.9,1021.2,11.4,1.70
2022,12,13,18,40,354,2.2,3.3,1021.7,11.5,1.79
2022,12,13,20,10,29,1.2,2.2,1021.2,11.5,1.94
2022,12,13,21,40,281,2.8,4.0,1021.0,11.6,1.84
2022,12,13,23,10,303,4.0,5.1,1020.7,11.7,1.76
2022,12,14,00,40,305,4.0,5.1,1021.2,11.6,1.71
2022,12,14,02,10,306,6.0,7.4,1021.9,11.6,1.60
2022,12,14,03,40,328,4.7,6.1,1022.5,11.6,1.53
2022,12,14,05,10,319,3.4,4.6,1022.8,11.6,1.45
2022,12,14,06,40,316,3.2,4.4,1023.6,11.5,1.64
2022,12,14,08,10,343,2.6,3.9,1023.6,11.7,1.42
2022,12,14,09,40,6,2.6,3.4,1023.7,11.7,1.65
2022,12,14,11,10,79,2.8,4.0,1023.9,11.6,1.50
2022,12,14,12,40,86,1.9,3.3,1023.6,11.6,1.53
2022,12,14,14,10,78,3.0,4.2,1023.9,11.6,1.36
2022,12,14,15,40,73,2.1,3.2,1024.7,11.6,1.28
2022,12,14,17,10,81,2.2,3.4,1025.4,11.6,1.61
2022,12,14,18,40,71,2.5,3.8,1025.8,11.7,1.53
2022,12,14,20,10,61,1.4,2.2,1024.6,11.7,1.45
2022,12,14,21,40,298,0.3,1.2,1024.0,11.8,1.51
2022,12,14,23,10,327,3.3,4.2,1023.8,11.9,1.41
2022,12,15,00,40,325,3.8,4.6,1024.1,11.8,1.37
2022,12,15,02,10,338,3.4,4.4,1024.0,11.7,1.28
2022,12,15,03,40,341,4.2,4.9,1024.1,11.7,1.34
2022,12,15,05,10,320,3.6,4.5,1024.1,11.7,1.42
2022,12,15,06,40,352,3.2,3.9,1024.8,11.6,1.49
2022,12,15,08,10,6,4.2,5.1,1024.8,11.6,1.54
2022,12,15,09,40,66,3.3,4.5,1023.9,11.6,1.80
2022,12,15,11,10,61,5.8,7.2,1023.6,11.6,1.51
2022,12,15,12,40,66,5.6,7.2,1023.1,11.6,1.54
2022,12,15,14,10,69,6.6,8.1,1022.9,11.6,1.46
2022,12,15,15,40,79,6.6,8.4,1022.5,11.6,1.30
2022,12,15,17,10,82,4.2,5.6,1022.9,11.6,1.29
2022,12,15,18,40,73,3.6,4.4,1023.5,11.6,1.42
2022,12,15,20,10,53,1.8,2.8,1022.6,11.7,1.31
2022,12,15,21,40,326,1.9,2.7,1021.7,11.7,1.23
2022,12,15,23,10,293,3.9,5.2,1021.5,11.8,1.34
2022,12,16,00,40,299,4.2,5.0,1021.7,11.7,1.15
2022,12,16,02,10,327,4.0,4.9,1022.1,11.7,1.32
2022,12,16,03,40,321,2.5,3.3,1022.4,11.6,1.02
2022,12,16,05,10,341,2.2,2.9,1022.4,11.6,1.06
2022,12,16,06,40,328,1.9,2.6,1022.7,11.6,1.14
2022,12,16,08,10,342,3.2,4.0,1022.3,11.6,1.11
2022,12,16,09,40,12,2.8,3.6,1022.2,11.6,1.11
2022,12,16,11,10,84,4.2,5.4,1022.6,11.6,1.06
2022,12,16,12,40,67,6.4,8.1,1022.1,11.6,0.99
2022,12,16,14,10,60,6.8,8.3,1022.2,11.5,1.16
2022,12,16,15,40,67,8.5,10.7,1021.9,11.5,1.15
2022,12,16,17,10,75,9.3,11.8,1022.8,11.5,1.29
2022,12,16,18,40,68,9.1,11.5,1023.0,11.5,1.31
2022,12,16,20,10,74,9.0,10.8,1021.8,11.6,1.14
2022,12,16,21,40,75,6.5,8.0,1021.1,11.6,1.18
2022,12,16,23,10,39,4.0,6.0,1020.9,11.6,1.01
2022,12,17,00,40,30,3.0,3.9,1020.7,11.6,0.87
2022,12,17,02,10,41,4.1,4.9,1020.5,11.5,0.97
2022,12,17,03,40,55,5.3,6.6,1020.9,11.5,0.93
2022,12,17,05,10,64,5.2,6.3,1021.0,11.5,0.94
2022,12,17,06,40,70,6.6,8.1,1021.0,11.5,1.06
2022,12,17,08,10,71,7.4,9.2,1020.8,11.5,1.06
2022,12,17,09,40,70,7.0,8.7,1020.1,11.5,0.99
2022,12,17,11,10,88,6.4,8.0,1020.3,11.5,1.03
2022,12,17,12,40,65,7.8,9.5,1019.5,11.5,0.99
2022,12,17,14,10,75,8.8,10.5,1019.5,11.4,1.04
2022,12,17,16,40,80,8.2,10.1,1020.0,11.5,1.14
2022,12,17,18,10,82,7.6,8.9,1020.4,11.5,1.02
2022,12,17,19,40,78,6.6,8.3,1019.6,11.5,0.96
2022,12,17,21,10,78,5.5,6.7,1018.4,11.5,0.88
2022,12,17,22,40,310,3.0,4.0,1018.1,11.6,0.83
2022,12,18,00,10,306,1.9,2.4,1017.6,11.6,0.83
2022,12,18,01,40,298,1.9,2.7,1017.5,11.5,0.80
2022,12,18,03,10,329,3.3,4.0,1017.2,11.5,0.79
2022,12,18,04,40,324,3.1,3.6,1017.1,11.5,0.77
2022,12,18,06,10,29,1.2,1.6,1017.3,11.5,0.74
2022,12,18,07,40,88,3.5,5.0,1016.9,11.4,0.70
2022,12,18,09,10,43,3.8,4.6,1016.9,11.4,0.75
2022,12,18,10,40,315,2.3,3.2,1017.5,11.4,0.77
2022,12,18,12,10,288,1.2,1.6,1017.3,11.4,0.71
2022,12,18,13,40,26,0.5,1.0,1017.0,11.4,0.74
2022,12,18,15,10,74,2.8,3.5,1017.5,11.5,0.70
2022,12,18,16,40,91,4.9,5.9,1018.1,11.5,0.75
2022,12,18,18,10,75,4.3,5.3,1019.0,11.5,0.82
2022,12,18,19,40,49,0.4,1.5,1018.8,11.6,0.81
2022,12,18,21,10,330,3.6,4.3,1017.9,11.6,0.82
2022,12,18,22,40,332,3.6,4.4,1017.9,11.7,0.75
2022,12,19,00,10,314,4.7,5.4,1018.7,11.6,0.75
2022,12,19,01,40,3,5.1,6.0,1018.1,11.6,0.74
2022,12,19,03,10,327,4.3,5.3,1019.5,11.6,0.74
2022,12,19,04,40,354,3.1,4.0,1020.4,11.6,0.77
2022,12,19,06,10,14,2.8,3.4,1020.7,11.5,0.71
2022,12,19,07,40,72,3.6,4.8,1021.3,11.5,0.70
2022,12,19,09,10,83,4.3,5.2,1021.8,11.5,0.74
2022,12,19,10,40,68,7.5,8.9,1022.3,11.5,0.78
2022,12,19,12,10,70,7.3,8.6,1022.4,11.5,0.92
2022,12,19,13,40,77,8.4,10.2,1022.7,11.5,0.90
2022,12,19,15,10,80,9.5,11.5,1023.2,11.5,1.01
2022,12,19,16,40,80,8.8,11.1,1024.8,11.5,1.08
2022,12,19,18,10,78,8.1,9.9,1025.8,11.5,1.08
2022,12,19,19,40,81,8.5,10.2,1025.2,11.5,1.08
2022,12,19,21,40,78,8.6,10.2,1024.3,11.5,0.96
2022,12,19,23,10,76,7.9,9.7,1024.4,11.5,0.94
2022,12,20,00,40,74,6.9,8.4,1025.0,11.5,0.91
2022,12,20,02,10,82,7.2,9.0,1025.2,11.5,0.85
2022,12,20,03,40,89,7.2,8.3,1026.0,11.5,0.85
2022,12,20,05,10,74,5.9,7.2,1027.0,11.5,0.79
2022,12,20,06,40,82,6.0,7.6,1027.4,11.4,0.83
2022,12,20,08,10,81,5.1,6.0,1028.2,11.4,0.72
2022,12,20,09,40,84,4.6,5.5,1028.3,11.4,0.67
2022,12,20,11,10,77,6.0,7.4,1027.7,11.4,0.65
2022,12,20,12,40,84,4.8,5.8,1027.5,11.4,0.69
2022,12,20,14,10,80,4.6,5.6,1027.6,11.4,0.68
2022,12,20,15,40,84,5.2,6.4,1028.1,11.4,0.62
2022,12,20,17,10,74,5.3,6.3,1029.1,11.3,0.67
2022,12,20,18,40,77,5.6,6.7,1029.6,11.3,0.66
2022,12,20,20,10,85,5.3,6.7,1028.8,11.3,0.67
2022,12,20,21,40,77,3.9,4.9,1027.9,11.3,0.65
2022,12,20,23,10,84,3.7,4.5,1027.3,11.3,0.57
2022,12,21,00,40,55,2.7,3.3,1027.3,11.3,0.60
2022,12,21,02,10,39,1.6,2.2,1027.2,11.3,0.59
2022,12,21,03,40,350,1.3,1.7,1027.6,11.3,0.62
2022,12,21,05,10,349,2.4,3.2,1027.8,11.3,0.63
2022,12,21,06,40,55,2.6,3.2,1027.4,11.3,0.63
2022,12,21,08,10,69,3.3,4.2,1027.2,11.3,0.69
2022,12,21,09,40,68,3.1,4.2,1026.8,11.3,0.72
2022,12,21,11,10,57,2.4,2.9,1026.6,11.2,0.72
2022,12,21,12,40,55,1.9,2.6,1026.3,11.2,0.68
2022,12,21,14,10,86,2.2,2.9,1026.2,11.3,0.76
2022,12,21,15,40,82,3.8,5.0,1026.1,11.3,0.76
2022,12,21,17,10,85,4.7,5.8,1026.6,11.3,0.83
2022,12,21,18,40,92,6.0,7.5,1026.7,11.3,0.91
2022,12,21,20,10,71,3.5,4.3,1025.9,11.3,0.93
2022,12,21,21,40,3,0.3,0.9,1025.2,11.4,0.89
2022,12,21,23,10,53,1.6,2.2,1024.4,11.4,0.85
2022,12,22,00,40,351,1.0,1.5,1024.0,11.4,0.96
2022,12,22,02,10,321,1.9,3.2,1023.6,11.4,0.97
2022,12,22,03,40,289,2.3,2.8,1023.3,11.3,0.92
2022,12,22,05,10,10,1.0,1.5,1023.0,11.3,0.91
2022,12,22,06,40,106,2.2,2.8,1023.3,11.3,0.90
2022,12,22,08,10,124,1.2,3.1,1023.5,11.2,0.93
2022,12,22,09,40,60,2.7,3.7,1022.4,11.2,0.95
2022,12,22,11,10,85,5.2,6.5,1022.5,11.2,0.97
2022,12,22,12,40,85,6.0,7.0,1021.6,11.2,0.96
2022,12,22,14,10,73,6.0,7.4,1021.5,11.2,1.04
2022,12,22,15,40,79,6.8,8.0,1021.4,11.2,0.99
2022,12,22,17,10,81,7.6,9.2,1021.3,11.2,1.08
2022,12,22,18,40,84,5.7,7.1,1022.2,11.2,1.28
2022,12,22,20,10,54,5.5,6.8,1021.2,11.2,1.11
2022,12,22,21,40,85,5.6,7.0,1020.3,11.3,1.01
2022,12,22,23,10,86,4.7,5.9,1020.2,11.3,1.16
2022,12,23,00,40,67,5.3,6.7,1020.0,11.3,1.01
2022,12,23,02,10,89,4.8,5.9,1020.5,11.2,0.84
2022,12,23,03,40,81,5.1,6.3,1021.3,11.2,1.03
2022,12,23,05,10,87,5.1,6.4,1021.6,11.2,0.98
2022,12,23,06,40,93,5.7,7.4,1021.8,11.2,0.97
2022,12,23,08,10,87,6.0,7.5,1022.3,11.2,1.09
2022,12,23,09,40,97,5.8,7.2,1021.8,11.2,1.01
2022,12,23,11,10,83,6.6,8.0,1022.3,11.1,1.22
2022,12,23,12,40,88,6.9,8.0,1022.4,11.1,1.30
2022,12,23,14,10,87,7.6,9.4,1022.7,11.1,1.35
2022,12,23,15,40,86,7.3,8.9,1023.7,11.1,1.31
2022,12,23,17,10,84,6.9,9.0,1024.3,11.2,1.66
2022,12,23,18,40,91,6.9,8.9,1025.0,11.2,1.93
2022,12,23,20,10,88,5.2,7.1,1024.6,11.2,1.88
2022,12,23,21,40,85,3.7,5.1,1024.2,11.3,1.89
2022,12,23,23,10,83,3.5,5.0,1024.1,11.3,2.14
2022,12,24,00,40,64,1.8,3.2,1025.1,11.3,1.92
2022,12,24,02,10,24,0.8,1.7,1026.2,11.2,1.91
2022,12,24,03,40,69,5.1,6.8,1025.9,11.2,2.00
2022,12,24,05,10,82,6.2,8.7,1025.5,11.2,1.91
2022,12,24,06,40,72,5.4,7.4,1026.2,11.2,2.03
2022,12,24,08,10,29,3.0,4.3,1027.1,11.2,2.14
2022,12,24,09,40,91,6.0,7.9,1026.6,11.2,1.93
2022,12,24,11,10,64,6.0,7.6,1027.5,11.2,2.11
2022,12,24,12,40,28,1.9,2.8,1027.5,11.2,2.00
2022,12,24,14,10,103,7.5,9.5,1028.1,11.2,1.89
2022,12,24,15,40,81,5.8,7.5,1029.5,11.2,1.89
2022,12,24,17,10,72,7.4,9.5,1030.7,11.2,2.00
2022,12,24,18,40,83,6.2,8.4,1030.9,11.3,1.97
2022,12,24,20,10,80,5.8,7.6,1029.1,11.3,1.82
2022,12,24,21,40,85,5.4,7.0,1028.0,11.3,1.75
2022,12,24,23,10,72,4.4,5.6,1027.6,11.4,1.83
2022,12,25,00,40,327,4.2,5.9,1028.3,11.4,1.87
2022,12,25,02,10,344,2.4,3.2,1028.4,11.3,2.06
2022,12,25,03,40,30,0.6,1.7,1027.9,11.3,2.34
2022,12,25,05,10,67,6.3,9.1,1027.9,11.3,1.95
2022,12,25,06,40,29,3.3,4.4,1028.4,11.2,2.07
2022,12,25,08,10,86,2.0,3.4,1028.1,11.3,1.87
2022,12,25,09,40,81,3.1,4.9,1027.5,11.3,2.08
2022,12,25,11,10,70,4.4,6.4,1027.0,11.3,2.03
2022,12,25,12,40,75,3.5,5.0,1026.1,11.3,2.02
2022,12,25,14,10,79,4.9,6.6,1025.5,11.3,1.81
2022,12,25,15,40,74,6.3,7.9,1025.5,11.3,1.94
2022,12,25,17,10,78,6.4,8.1,1026.3,11.3,1.83
2022,12,25,18,40,308,4.5,6.1,1027.3,11.4,2.06
2022,12,25,20,10,325,3.0,4.1,1026.4,11.4,1.85
2022,12,25,21,40,80,3.8,5.3,1024.4,11.6,1.72
2022,12,25,23,10,98,5.6,7.5,1022.5,11.5,1.87
2022,12,26,00,40,77,4.8,6.5,1022.4,11.4,2.11
2022,12,26,02,10,77,6.1,8.1,1021.5,11.4,1.98
2022,12,26,03,40,308,8.0,11.2,1024.4,11.4,2.51
2022,12,26,05,10,334,6.1,8.0,1024.4,11.4,2.65
2022,12,26,06,40,329,4.5,6.0,1024.2,11.3,2.60
2022,12,26,08,10,88,3.5,5.8,1023.3,11.3,2.47
2022,12,26,09,40,112,1.8,3.4,1023.0,11.2,2.55
2022,12,26,11,40,70,2.6,4.5,1021.9,11.2,2.26
2022,12,26,13,10,147,1.5,3.1,1021.0,11.1,2.42
2022,12,26,14,40,67,0.8,2.0,1021.3,11.1,2.01
2022,12,26,16,10,54,1.6,3.3,1021.2,11.1,2.14
2022,12,26,17,40,61,1.8,3.5,1021.6,11.1,2.48
2022,12,26,19,10,75,3.8,5.6,1020.4,11.2,2.61
2022,12,26,20,40,97,2.9,5.7,1019.2,11.2,2.96
2022,12,26,22,10,122,3.3,5.5,1018.4,11.3,2.88
2022,12,26,23,40,128,2.3,3.8,1018.7,11.3,2.89
2022,12,27,01,10,152,2.5,4.3,1018.7,11.3,3.02
2022,12,27,02,40,139,6.9,9.1,1017.1,11.3,3.43
2022,12,27,04,10,144,7.1,10.2,1015.6,11.3,3.45
2022,12,27,05,40,171,8.1,9.9,1015.6,11.3,3.15
2022,12,27,07,10,163,11.0,13.6,1014.3,11.3,3.94
2022,12,27,08,40,160,13.1,17.2,1011.8,11.3,3.47
2022,12,27,10,10,170,13.8,17.5,1010.7,11.3,3.61
2022,12,27,11,40,173,12.9,16.0,1010.3,11.4,4.30
2022,12,27,13,10,193,9.7,11.5,1010.8,11.5,3.98
2022,12,27,14,40,197,6.8,9.2,1011.5,11.5,4.55
2022,12,27,16,10,178,7.4,10.1,1010.2,11.5,4.78
2022,12,27,17,40,233,6.1,7.9,1012.4,11.5,4.14
2022,12,27,19,10,248,5.5,7.3,1012.3,11.5,3.56
2022,12,27,20,40,264,3.7,5.6,1012.3,11.5,3.87
2022,12,27,22,10,282,4.1,5.6,1012.1,11.5,3.56
2022,12,27,23,40,278,4.0,5.7,1012.3,11.5,3.65
2022,12,28,01,10,281,3.2,5.4,1012.8,11.4,4.01
2022,12,28,02,40,285,5.1,7.3,1014.1,11.4,3.96
2022,12,28,04,10,306,4.5,6.5,1015.0,11.3,4.49
2022,12,28,05,40,306,4.6,6.8,1015.3,11.3,4.65
2022,12,28,07,10,322,3.3,5.2,1016.2,11.3,5.17
2022,12,28,08,40,12,1.7,3.1,1016.1,11.3,4.62
2022,12,28,10,10,204,1.1,2.6,1015.5,11.2,4.82
2022,12,28,11,40,338,0.7,2.2,1015.8,11.2,4.56
2022,12,28,13,10,223,0.7,2.3,1015.9,11.2,4.04
2022,12,28,14,40,237,1.3,2.7,1016.7,11.2,4.16
2022,12,28,16,10,201,0.7,1.9,1016.9,11.2,3.52
2022,12,28,17,40,200,0.8,2.1,1016.9,11.3,3.34
2022,12,28,19,10,259,3.8,5.9,1017.2,11.4,3.03
2022,12,28,20,40,270,2.7,4.0,1016.0,11.5,3.05
2022,12,28,22,10,290,1.7,3.1,1015.2,11.5,3.14
2022,12,28,23,40,297,1.8,3.3,1016.1,11.5,3.13
2022,12,29,01,10,57,1.7,3.4,1015.2,11.5,3.15
2022,12,29,02,40,87,2.6,4.5,1014.1,11.5,2.94
2022,12,29,04,10,113,3.5,6.0,1014.8,11.5,3.37
2022,12,29,05,40,142,3.5,5.3,1014.2,11.5,3.12
2022,12,29,07,10,148,4.7,6.3,1013.0,11.5,3.23
2022,12,29,08,40,135,4.1,6.6,1012.6,11.5,2.75
2022,12,29,10,10,121,5.1,7.6,1012.2,11.5,2.29
2022,12,29,11,40,127,7.2,9.5,1012.4,11.5,2.36
2022,12,29,13,10,125,8.4,11.0,1011.3,11.5,2.19
2022,12,29,14,40,146,9.8,12.7,1011.3,11.5,2.09
2022,12,29,16,10,134,10.3,13.7,1011.7,11.5,2.56
2022,12,29,17,40,140,8.7,12.0,1012.9,11.5,2.76
2022,12,29,19,10,124,8.1,10.1,1013.1,11.6,2.91
2022,12,29,20,40,130,7.4,9.8,1013.3,11.5,2.62
2022,12,29,22,10,134,7.9,9.8,1012.9,11.5,2.58
2022,12,29,23,40,141,7.1,9.5,1013.1,11.5,2.53
2022,12,30,01,10,142,8.1,10.7,1012.8,11.6,2.70
2022,12,30,02,40,152,8.5,11.3,1013.5,11.7,2.41
2022,12,30,04,10,160,9.6,12.5,1013.8,11.8,2.16
2022,12,30,05,40,164,8.7,10.7,1014.2,11.8,2.26
2022,12,30,07,10,175,7.4,8.6,1014.2,11.9,2.16
2022,12,30,08,40,213,7.1,8.5,1014.0,12.0,1.92
2022,12,30,10,10,226,7.0,8.9,1014.2,12.1,1.83
2022,12,30,11,40,230,6.2,7.8,1014.4,12.1,1.90
2022,12,30,13,10,224,5.6,6.8,1014.0,12.1,1.95
2022,12,30,14,40,218,5.2,6.4,1014.5,12.1,1.92
2022,12,30,16,10,220,6.4,7.7,1014.7,12.2,1.94
2022,12,30,17,40,213,6.9,8.3,1015.3,12.2,2.04
2022,12,30,19,10,205,8.0,9.9,1015.1,12.2,1.98
2022,12,30,20,40,209,7.8,9.6,1014.7,12.2,1.97
2022,12,30,22,10,195,7.7,9.6,1013.8,12.2,1.97
2022,12,30,23,40,205,8.2,10.6,1013.5,12.3,2.00
2022,12,31,01,10,196,7.3,8.6,1013.6,12.2,2.06
2022,12,31,02,40,201,8.1,9.7,1013.5,12.3,2.22
2022,12,31,04,10,208,8.0,9.8,1013.3,12.2,2.40
2022,12,31,05,40,215,6.7,8.2,1013.4,12.3,2.53
2022,12,31,07,10,241,7.1,9.0,1013.2,12.3,2.64
2022,12,31,08,40,260,4.7,6.2,1012.6,12.3,2.61
2022,12,31,10,10,204,2.2,3.1,1010.8,12.3,2.58
2022,12,31,11,40,176,2.7,4.0,1009.4,12.4,2.56
2022,12,31,13,10,332,3.6,4.8,1008.7,12.4,2.68
2022,12,31,14,40,60,2.8,4.4,1008.3,12.4,2.59
2022,12,31,16,10,38,2.6,4.9,1007.9,12.4,2.47
2022,12,31,17,40,51,3.5,5.6,1007.4,12.3,2.50
2022,12,31,19,10,357,9.0,11.1,1005.9,12.3,2.57
2022,12,31,20,40,14,8.4,11.1,1004.2,12.3,2.89
2022,12,31,22,10,348,8.2,10.3,1004.2,12.3,2.74
2022,12,31,23,40,330,11.7,14.7,1005.3,12.3,3.12
2023,01,01,01,10,328,12.4,15.7,1006.2,12.3,2.92
2023,01,01,02,40,310,10.9,15.2,1007.1,12.3,3.01
2023,01,01,04,10,313,10.8,14.4,1007.6,12.3,3.16
2023,01,01,05,40,312,11.8,16.2,1008.5,12.2,3.23
2023,01,01,07,10,319,12.8,17.8,1009.6,12.2,3.85
2023,01,01,08,40,327,12.1,15.8,1009.1,12.2,3.87
2023,01,01,10,10,317,11.4,15.1,1009.5,12.1,3.78
2023,01,01,11,40,320,13.1,16.5,1010.1,12.2,3.50
2023,01,01,13,10,326,13.1,16.4,1011.0,12.2,3.95
2023,01,01,14,40,328,10.8,13.8,1011.8,12.2,3.66
2023,01,01,16,10,324,11.6,14.3,1012.6,12.1,3.87
2023,01,01,17,40,326,11.6,15.2,1013.5,12.0,3.62
2023,01,01,19,10,322,9.7,13.0,1013.6,12.1,3.59
2023,01,01,20,40,316,10.1,12.6,1012.3,12.1,3.37
2023,01,01,22,10,320,10.2,12.5,1012.0,12.1,3.24
2023,01,01,23,40,313,11.6,15.2,1012.9,12.0,3.25
2023,01,02,01,10,321,9.0,11.4,1013.6,12.0,2.79
2023,01,02,02,40,333,7.6,9.5,1013.7,12.0,2.82
2023,01,02,04,10,320,7.9,10.6,1014.2,12.0,2.68
2023,01,02,05,40,330,5.1,7.2,1014.1,11.9,2.53
2023,01,02,07,10,299,5.9,7.9,1014.4,11.9,2.57
2023,01,02,09,10,15,3.4,4.5,1013.6,11.9,2.15
2023,01,02,10,40,278,3.6,4.9,1014.4,11.9,2.06
2023,01,02,12,10,305,1.4,2.7,1013.1,11.9,2.16
2023,01,02,13,40,106,3.4,5.2,1012.1,11.8,2.33
2023,01,02,15,10,121,3.3,5.4,1013.6,11.8,2.29
2023,01,02,16,40,138,3.0,4.5,1013.0,11.9,2.11
2023,01,02,18,10,139,7.0,8.9,1012.4,11.9,2.07
2023,01,02,19,40,148,8.6,11.2,1010.9,11.8,1.97
2023,01,02,21,10,133,11.2,14.7,1008.9,11.8,2.37
2023,01,02,22,40,90,8.2,10.9,1008.6,11.8,2.21
2023,01,03,00,10,102,9.4,12.3,1007.9,11.8,2.16
2023,01,03,01,40,65,11.6,14.5,1008.2,11.9,2.43
2023,01,03,03,10,64,13.0,16.5,1008.3,11.9,3.15
2023,01,03,04,40,51,13.2,17.6,1009.7,11.9,3.30
2023,01,03,06,10,57,11.0,14.0,1010.7,11.9,3.43
2023,01,03,07,40,62,9.6,11.8,1011.4,11.9,3.09
2023,01,03,09,10,62,9.0,11.6,1012.1,12.0,3.15
2023,01,03,10,40,65,10.7,13.9,1012.4,12.0,2.91
2023,01,03,12,10,60,10.0,13.4,1012.6,12.0,3.35
2023,01,03,13,40,77,10.1,13.5,1012.7,12.0,2.92
2023,01,03,15,10,71,8.4,12.2,1014.6,12.0,3.39
2023,01,03,17,10,89,8.1,10.7,1015.6,12.0,3.22
2023,01,03,18,40,166,5.4,6.8,1016.7,12.0,3.57
2023,01,03,20,10,162,4.7,6.9,1016.0,12.0,3.77
2023,01,03,21,40,164,7.7,10.3,1016.1,12.0,3.86
2023,01,03,23,10,172,4.8,6.6,1016.7,12.0,3.13
2023,01,04,00,40,140,7.2,9.0,1015.4,12.0,3.16
2023,01,04,02,10,133,8.3,10.7,1015.5,12.0,2.74
2023,01,04,03,40,86,6.2,8.5,1014.9,12.0,2.87
2023,01,04,05,40,81,6.2,8.5,1015.5,12.0,2.36
2023,01,04,07,10,87,7.7,10.2,1014.5,12.0,2.62
2023,01,04,08,40,97,8.1,10.7,1013.5,12.0,2.53
2023,01,04,10,10,131,10.9,14.7,1011.4,12.0,2.80
2023,01,04,11,40,108,7.9,11.7,1010.4,12.0,2.62
2023,01,04,13,10,86,10.7,15.4,1009.4,12.0,3.20
2023,01,04,14,40,80,11.2,14.2,1008.5,12.0,3.08
2023,01,04,16,10,105,9.9,12.5,1008.2,12.0,2.77
2023,01,04,17,40,129,10.7,13.9,1008.2,12.0,3.30
2023,01,04,19,10,138,14.1,18.8,1007.2,12.0,3.99
2023,01,04,20,40,148,16.1,20.3,1004.9,12.0,4.53
2023,01,04,22,10,144,15.5,20.8,1003.0,12.0,4.26
2023,01,04,23,40,153,15.4,19.7,1002.6,12.0,4.17
2023,01,05,01,10,143,18.0,23.6,1000.5,11.9,4.44
2023,01,05,03,10,150,17.2,23.4,1001.0,11.9,5.01
2023,01,05,04,40,160,14.6,20.1,1002.8,11.9,5.18
2023,01,05,06,10,168,13.8,17.3,1003.5,11.9,5.53
2023,01,05,07,40,169,12.0,15.2,1004.2,12.0,5.04
2023,01,05,09,10,180,11.3,14.4,1004.3,12.1,4.14
2023,01,05,10,40,167,10.0,13.3,1005.3,12.2,4.70
2023,01,05,12,10,177,10.0,13.7,1005.5,12.2,5.74
2023,01,05,13,40,178,10.1,12.8,1005.9,12.2,6.17
2023,01,05,15,10,194,9.5,12.4,1007.4,12.2,6.67
2023,01,05,16,40,195,8.3,10.8,1008.9,12.2,6.30
2023,01,05,18,10,240,6.3,9.7,1010.8,12.1,7.14
2023,01,05,19,40,261,7.4,10.0,1012.1,12.1,6.64
2023,01,05,21,10,234,6.7,9.2,1012.9,12.1,5.93
2023,01,05,22,40,233,6.7,8.9,1014.2,12.1,5.53
2023,01,06,00,10,234,6.6,9.1,1015.7,12.1,6.58
2023,01,06,01,40,253,3.7,6.3,1017.6,12.1,6.88
2023,01,06,03,10,216,4.1,6.5,1019.1,12.1,6.91
2023,01,06,04,40,188,4.4,6.0,1020.4,12.1,6.48
2023,01,06,06,10,180,6.0,8.4,1021.3,12.2,5.75
2023,01,06,07,40,180,6.4,8.5,1022.2,12.2,5.74
2023,01,06,09,10,135,6.7,9.9,1022.2,12.2,5.70
2023,01,06,10,40,143,9.6,12.8,1022.4,12.2,5.46
2023,01,06,12,10,148,10.5,14.5,1022.0,12.2,5.76
2023,01,06,13,40,152,9.4,12.6,1022.4,12.2,5.59
2023,01,06,15,10,161,8.1,11.6,1023.7,12.2,5.21
2023,01,06,16,40,151,8.0,10.9,1024.4,12.2,4.59
2023,01,06,18,10,148,9.2,12.3,1024.2,12.2,3.99
2023,01,06,19,40,147,8.6,11.5,1024.2,12.2,3.97
2023,01,06,21,10,146,8.6,10.7,1023.1,12.2,3.42
2023,01,06,22,40,148,7.8,9.5,1022.9,12.2,3.17
2023,01,07,00,10,147,7.9,9.9,1022.6,12.2,2.86
2023,01,07,01,40,148,7.7,10.2,1022.3,12.2,2.90
2023,01,07,03,10,138,8.0,9.8,1021.6,12.2,2.50
2023,01,07,04,40,134,8.5,11.0,1020.9,12.3,2.47
2023,01,07,06,10,139,6.4,8.1,1020.5,12.3,2.26
2023,01,07,07,40,135,8.0,10.2,1019.4,12.2,2.45
2023,01,07,09,10,132,8.2,10.3,1018.6,12.2,2.57
2023,01,07,10,40,134,10.3,13.4,1018.0,12.2,2.94
2023,01,07,12,10,131,8.9,11.8,1016.9,12.2,3.30
2023,01,07,13,40,159,9.9,12.5,1017.2,12.2,3.29
2023,01,07,15,10,150,10.5,14.9,1016.6,12.2,3.39
2023,01,07,17,10,145,11.9,15.8,1016.1,12.2,4.25
2023,01,07,18,40,149,11.5,14.6,1016.4,12.2,4.09
2023,01,07,20,10,150,12.6,17.4,1014.8,12.2,4.41
2023,01,07,21,40,151,12.1,15.5,1013.4,12.2,4.60
2023,01,07,23,10,148,14.4,19.1,1012.0,12.2,4.81
2023,01,08,00,40,137,15.4,19.8,1010.8,12.2,5.06
2023,01,08,02,10,142,13.8,18.2,1011.6,12.2,5.23
2023,01,08,03,40,144,15.3,19.6,1010.1,12.2,4.75
2023,01,08,05,10,144,15.3,21.1,1008.7,12.2,5.31
2023,01,08,06,40,147,17.9,23.8,1006.6,12.2,5.33
2023,01,08,08,10,185,11.5,15.3,1010.3,12.2,5.51
2023,01,08,09,40,188,8.1,10.7,1011.5,12.3,5.04
2023,01,08,11,10,198,7.9,10.0,1012.9,12.3,4.60
2023,01,08,12,40,197,6.8,8.2,1014.2,12.3,3.83
2023,01,08,14,10,310,2.5,4.4,1015.8,12.3,3.34
2023,01,08,15,40,206,2.5,3.9,1016.9,12.3,3.26
2023,01,08,17,10,156,4.6,6.0,1017.9,12.3,3.01
2023,01,08,18,40,156,4.8,6.5,1018.6,12.3,2.90
2023,01,08,20,10,150,3.7,5.6,1017.7,12.4,3.03
2023,01,08,21,40,154,6.2,8.0,1016.8,12.4,3.18
2023,01,08,23,10,152,6.4,8.3,1016.6,12.4,2.93
2023,01,09,00,40,150,8.0,10.6,1015.8,12.4,3.13
2023,01,09,02,10,137,9.7,13.2,1013.9,12.4,3.24
2023,01,09,03,40,140,10.3,13.7,1013.4,12.4,3.40
2023,01,09,05,10,145,11.7,14.8,1012.1,12.5,3.34
2023,01,09,06,40,140,12.2,15.5,1009.8,12.5,3.51
2023,01,09,08,10,147,15.1,19.1,1007.4,12.5,3.80
2023,01,09,09,40,152,16.4,20.7,1005.1,12.5,4.20
2023,01,09,11,10,166,13.8,19.3,1004.5,12.5,4.22
2023,01,09,12,40,179,8.6,11.3,1004.4,12.5,4.18
2023,01,09,14,10,207,7.3,9.6,1004.8,12.5,3.72
2023,01,09,15,40,259,5.9,8.2,1006.8,12.5,4.08
2023,01,09,17,10,243,5.2,7.0,1009.1,12.5,3.63
2023,01,09,18,40,254,4.0,5.8,1010.6,12.5,3.96
2023,01,09,20,10,212,2.5,4.0,1011.0,12.5,3.90
2023,01,09,21,40,189,1.9,3.2,1009.7,12.6,3.56
2023,01,09,23,10,177,1.8,2.9,1009.9,12.6,3.16
2023,01,10,00,40,125,2.4,3.7,1009.2,12.6,3.29
2023,01,10,02,10,113,1.9,3.3,1008.4,12.5,3.15
2023,01,10,03,40,116,4.2,6.1,1007.2,12.5,3.32
2023,01,10,05,10,132,5.4,7.5,1007.0,12.5,3.23
2023,01,10,06,40,124,8.4,11.7,1005.8,12.5,3.17
2023,01,10,08,10,143,12.5,17.0,1004.5,12.6,3.24
2023,01,10,09,40,158,12.8,16.9,1002.0,12.6,3.64
2023,01,10,11,10,183,12.9,15.9,1002.5,12.6,3.77
2023,01,10,12,40,186,11.9,17.0,1002.4,12.6,3.83
2023,01,10,14,10,215,11.8,14.8,1004.0,12.6,3.86
2023,01,10,15,40,207,11.8,14.8,1005.5,12.6,4.27
2023,01,10,17,10,222,11.6,14.3,1007.8,12.6,3.93
2023,01,10,18,40,231,8.3,11.8,1010.2,12.6,4.43
2023,01,10,20,10,245,7.4,10.2,1011.1,12.6,3.96
2023,01,10,21,40,211,10.0,12.8,1010.5,12.6,3.99
2023,01,10,23,10,216,8.9,11.3,1011.5,12.7,4.34
2023,01,11,00,40,203,7.4,9.7,1012.7,12.6,4.16
2023,01,11,02,10,200,8.0,10.8,1014.1,12.6,4.26
2023,01,11,04,10,189,7.2,9.3,1015.2,12.6,4.83
2023,01,11,05,40,211,7.8,10.5,1017.0,12.6,4.46
2023,01,11,07,10,188,6.9,9.0,1017.1,12.6,4.64
2023,01,11,08,40,163,7.1,9.5,1016.9,12.6,4.90
2023,01,11,10,10,147,7.7,10.8,1017.1,12.6,4.55
2023,01,11,11,40,150,9.9,13.2,1017.3,12.6,4.96
2023,01,11,13,10,140,10.5,13.9,1017.0,12.6,4.01
2023,01,11,14,40,128,11.3,14.8,1016.2,12.7,4.08
2023,01,11,16,10,130,11.0,14.8,1016.3,12.7,4.02
2023,01,11,17,40,135,12.9,16.5,1017.3,12.7,3.56
2023,01,11,19,10,144,11.1,15.7,1018.0,12.7,3.84
2023,01,11,20,40,150,13.1,16.0,1016.8,12.7,3.78
2023,01,11,22,10,151,12.5,16.1,1016.2,12.7,3.65
2023,01,11,23,40,155,12.4,16.1,1017.0,12.7,3.35
2023,01,12,01,10,154,10.9,13.7,1017.6,12.6,3.66
2023,01,12,02,40,159,11.8,15.6,1018.5,12.6,4.11
2023,01,12,04,10,153,12.8,17.2,1019.4,12.7,4.03
2023,01,12,05,40,156,12.9,17.0,1020.0,12.7,3.94
2023,01,12,07,10,152,12.0,15.4,1020.8,12.6,3.88
2023,01,12,08,40,149,10.7,13.9,1020.8,12.5,3.62
2023,01,12,10,10,148,10.6,13.4,1021.0,12.5,3.31
2023,01,12,11,40,141,9.3,12.0,1020.7,12.5,3.10
2023,01,12,13,10,129,9.2,11.5,1019.7,12.5,3.13
2023,01,12,15,10,105,6.0,8.0,1019.7,12.5,2.76
2023,01,12,16,40,116,5.5,8.0,1020.0,12.5,2.83
2023,01,12,18,10,135,6.6,8.7,1020.8,12.5,2.87
2023,01,12,19,40,143,8.3,11.0,1019.9,12.6,3.01
2023,01,12,21,10,137,8.7,11.2,1018.0,12.6,3.17
2023,01,12,22,40,145,8.6,10.8,1017.5,12.6,3.27
2023,01,13,00,10,130,8.2,11.1,1017.5,12.6,3.96
2023,01,13,01,40,136,9.3,12.2,1017.5,12.6,4.40
2023,01,13,03,10,141,10.9,14.4,1016.8,12.6,4.36
2023,01,13,04,40,143,10.8,14.1,1017.4,12.6,5.26
2023,01,13,06,10,141,10.2,13.7,1017.6,12.6,5.24
2023,01,13,07,40,155,10.8,16.1,1017.4,12.6,5.14
2023,01,13,09,10,148,13.0,17.3,1016.5,12.6,4.63
2023,01,13,10,40,150,12.3,16.3,1016.4,12.6,5.45
2023,01,13,12,10,148,12.3,16.8,1014.8,12.5,5.56
2023,01,13,13,40,138,11.8,16.2,1014.2,12.5,6.05
2023,01,13,15,10,151,11.8,15.7,1014.3,12.5,6.04
2023,01,13,16,40,173,9.6,13.2,1015.7,12.5,5.67
2023,01,13,18,10,180,9.0,11.3,1016.0,12.5,5.01
2023,01,13,19,40,180,8.0,9.8,1015.6,12.6,4.74
2023,01,13,21,10,188,7.9,10.8,1014.8,12.6,4.53
2023,01,13,22,40,177,8.7,11.3,1015.0,12.6,4.68
2023,01,14,00,10,180,8.1,9.9,1015.6,12.6,4.32
2023,01,14,01,40,181,7.1,9.5,1015.8,12.6,4.37
2023,01,14,03,10,171,5.8,7.7,1015.9,12.6,4.34
2023,01,14,04,40,148,6.2,8.4,1015.4,12.6,4.20
2023,01,14,06,10,158,8.7,10.8,1015.1,12.6,4.17
2023,01,14,08,10,151,9.3,12.1,1013.1,12.6,4.13
2023,01,14,09,40,152,10.0,12.3,1011.1,12.6,3.75
2023,01,14,11,10,154,11.3,13.7,1009.1,12.5,4.06
2023,01,14,12,40,159,12.0,15.2,1006.7,12.5,3.87
2023,01,14,14,10,163,12.2,16.0,1004.8,12.5,4.07
2023,01,14,15,40,189,11.5,14.5,1004.2,12.5,4.19
2023,01,14,17,10,230,7.4,9.9,1005.3,12.5,4.34
2023,01,14,18,40,209,6.1,7.6,1006.6,12.5,3.69
2023,01,14,20,10,213,6.6,8.4,1005.9,12.6,3.81
2023,01,14,21,40,213,6.6,8.3,1004.5,12.5,3.61
2023,01,14,23,10,238,5.3,7.4,1004.7,12.5,3.23
2023,01,15,00,40,245,3.6,9.7,1005.2,12.6,3.53
2023,01,15,02,10,247,4.7,6.4,1005.3,12.6,3.31
2023,01,15,03,40,233,6.2,7.7,1005.8,12.6,3.73
2023,01,15,05,10,264,7.8,10.5,1006.2,12.6,4.18
2023,01,15,06,40,253,8.0,10.3,1006.2,12.6,4.54
2023,01,15,08,10,265,7.9,10.3,1006.7,12.5,4.42
2023,01,15,09,40,251,7.5,9.6,1006.6,12.5,3.83
2023,01,15,11,10,240,5.8,7.6,1007.4,12.5,3.74
2023,01,15,12,40,200,6.0,7.7,1006.6,12.6,3.74
2023,01,15,14,10,243,5.4,7.9,1006.5,12.6,3.23
2023,01,15,15,40,280,9.3,11.8,1006.9,12.6,3.55
2023,01,15,17,10,296,6.2,8.2,1008.0,12.6,3.13
2023,01,15,18,40,260,2.0,4.0,1008.1,12.6,3.37
2023,01,15,20,10,174,3.1,4.6,1007.2,12.6,3.55
2023,01,15,21,40,202,4.9,6.1,1006.3,12.6,3.19
2023,01,15,23,10,170,4.2,6.3,1004.9,12.6,3.22
2023,01,16,00,40,165,6.7,8.9,1004.1,12.6,3.22
2023,01,16,02,10,107,7.5,10.6,1003.3,12.6,3.31
2023,01,16,03,40,76,7.9,11.8,1002.5,12.5,3.30
2023,01,16,05,10,72,10.3,13.1,1001.1,12.5,3.34
2023,01,16,06,40,48,10.0,13.2,999.8,12.5,3.10
2023,01,16,08,40,18,7.7,9.7,998.6,12.4,3.07
2023,01,16,10,10,346,9.3,11.8,999.9,12.3,2.95
2023,01,16,11,40,330,11.2,14.1,1001.0,12.4,3.32
2023,01,16,13,10,321,11.3,14.1,1001.7,12.4,3.10
2023,01,16,14,40,307,12.5,16.5,1002.7,12.1,3.18
2023,01,16,16,10,305,11.1,14.2,1004.2,12.1,3.14
2023,01,16,17,40,304,11.2,13.9,1006.6,12.1,3.02
2023,01,16,19,10,296,10.5,13.9,1007.8,12.2,3.05
2023,01,16,20,40,309,8.0,11.1,1007.8,12.0,3.33
2023,01,16,22,10,299,10.2,13.1,1008.2,12.0,3.11
2023,01,16,23,40,298,10.4,12.3,1008.7,12.1,3.20
2023,01,17,01,10,303,10.2,12.5,1009.4,12.1,3.34
2023,01,17,02,40,299,10.6,13.6,1010.0,12.1,3.57
2023,01,17,04,10,313,10.8,13.7,1011.2,12.2,3.45
2023,01,17,06,40,321,10.5,13.1,1012.7,12.1,3.56
2023,01,17,08,10,324,10.2,13.3,1013.1,12.2,3.59
2023,01,17,09,40,321,9.7,12.4,1013.5,12.2,3.55
2023,01,17,11,10,332,9.4,11.6,1014.0,12.2,3.30
2023,01,17,12,40,330,9.2,12.0,1014.2,12.2,3.72
2023,01,17,14,10,338,7.3,9.5,1014.8,12.2,3.59
2023,01,17,15,40,327,5.7,7.6,1016.0,12.2,3.57
2023,01,17,17,10,343,5.0,6.5,1017.4,12.2,3.46
2023,01,17,18,40,329,4.3,6.0,1018.3,12.3,3.30
2023,01,17,20,10,318,6.2,8.1,1017.8,12.4,3.07
2023,01,17,21,40,321,7.2,8.9,1017.0,12.4,3.38
2023,01,17,23,10,318,8.8,11.2,1017.0,12.5,3.13
2023,01,18,00,40,314,8.6,11.1,1017.7,12.5,3.33
2023,01,18,02,10,314,8.8,11.0,1018.5,12.5,3.22
2023,01,18,03,40,318,7.6,9.5,1018.8,12.1,3.22
2023,01,18,05,10,316,7.4,9.7,1019.3,12.1,3.71
2023,01,18,06,40,324,7.8,10.0,1019.8,12.1,3.68
2023,01,18,08,10,315,6.0,7.9,1019.9,12.1,3.21
2023,01,18,09,40,328,4.5,6.0,1019.7,12.1,2.98
2023,01,18,11,10,10,2.8,4.4,1020.0,12.1,2.86
2023,01,18,12,40,24,2.1,3.4,1020.5,11.6,2.88
2023,01,18,14,10,43,1.7,3.0,1021.1,11.5,2.61
2023,01,18,15,40,17,1.0,1.9,1022.5,11.6,2.37
2023,01,18,17,10,57,0.6,1.5,1023.7,11.8,2.25
2023,01,18,18,40,121,1.6,3.1,1024.0,12.0,2.10
2023,01,18,20,10,149,3.3,4.4,1022.9,12.2,1.94
2023,01,18,21,40,178,4.3,5.1,1022.2,12.3,2.09
2023,01,18,23,10,183,4.4,5.3,1021.8,12.3,2.23
2023,01,19,00,40,193,6.3,7.5,1021.6,12.3,2.55
2023,01,19,02,10,189,7.9,9.6,1020.7,12.2,2.57
2023,01,19,03,40,194,8.9,10.6,1020.1,12.2,2.98
2023,01,19,05,10,283,7.5,10.1,1021.2,12.3,2.63
2023,01,19,06,40,312,7.7,9.8,1021.5,12.2,2.60
2023,01,19,08,10,308,7.4,9.3,1022.1,12.2,2.62
2023,01,19,09,40,320,7.0,8.5,1022.6,12.1,2.47
2023,01,19,11,10,311,7.0,9.0,1022.9,12.2,3.17
2023,01,19,12,40,315,8.0,9.9,1022.6,12.2,2.91
2023,01,19,14,10,325,8.0,9.8,1022.7,12.0,3.24
2023,01,19,15,40,330,7.9,9.7,1023.5,12.0,3.34
2023,01,19,17,10,8,6.2,7.9,1024.7,11.9,3.78
2023,01,19,18,40,349,5.4,7.1,1025.2,11.9,2.78
2023,01,19,20,10,331,5.7,6.9,1024.8,12.0,2.87
2023,01,19,21,40,316,5.1,6.9,1024.2,12.1,2.84
2023,01,19,23,10,310,6.9,8.9,1024.1,12.1,2.94
2023,01,20,00,40,320,7.3,8.9,1024.3,12.1,2.46
2023,01,20,02,10,339,5.3,6.9,1024.3,12.0,2.62
2023,01,20,03,40,343,5.1,6.3,1024.5,12.0,2.55
2023,01,20,05,10,336,4.2,5.8,1024.6,11.9,2.44
2023,01,20,06,40,344,5.3,6.5,1025.0,11.9,2.48
2023,01,20,08,10,327,6.0,7.2,1024.9,11.9,2.43
2023,01,20,09,40,345,5.2,6.7,1025.2,11.8,2.39
2023,01,20,11,40,338,4.6,5.9,1025.2,11.8,2.72
2023,01,20,13,10,348,5.6,6.9,1024.9,11.8,3.16
2023,01,20,14,40,356,5.7,6.8,1025.3,11.7,2.65
2023,01,20,16,10,20,2.8,4.0,1026.0,11.3,2.78
2023,01,20,17,40,20,2.9,6.1,1027.2,11.1,2.88
2023,01,20,19,10,313,0.8,2.3,1027.5,11.3,2.84
2023,01,20,20,40,61,1.2,2.6,1027.1,11.7,2.26
2023,01,20,22,40,72,5.8,7.5,1026.8,12.0,2.29
2023,01,21,00,10,85,5.1,6.8,1026.9,12.0,1.99
2023,01,21,01,40,79,3.7,5.2,1027.2,11.9,2.14
2023,01,21,03,40,54,3.8,5.0,1028.0,11.9,2.31
2023,01,21,05,10,1,2.5,3.4,1028.2,11.8,2.24
2023,01,21,06,40,352,1.9,2.7,1028.5,11.8,2.12
2023,01,21,08,10,17,2.9,3.7,1029.2,11.8,2.22
2023,01,21,09,40,356,2.6,3.5,1029.4,11.7,2.04
2023,01,21,11,10,27,2.1,2.8,1029.3,11.9,2.18
2023,01,21,12,40,93,3.1,4.6,1029.2,11.8,2.05
2023,01,21,14,10,93,4.5,6.1,1029.3,11.7,2.12
2023,01,21,15,40,90,6.0,8.4,1029.8,11.5,1.89
2023,01,21,17,10,83,5.1,6.8,1030.7,11.6,2.21
2023,01,21,18,40,84,4.1,5.9,1031.0,11.8,2.09
2023,01,21,20,10,70,2.3,3.7,1030.3,11.8,2.05
2023,01,21,21,40,311,3.4,4.8,1029.9,12.0,2.82
2023,01,21,23,10,315,5.2,7.0,1029.4,12.1,3.15
2023,01,22,00,40,312,4.7,6.3,1028.8,12.0,2.72
2023,01,22,02,10,321,6.1,7.9,1028.9,11.8,2.64
2023,01,22,03,40,320,5.9,7.5,1028.5,11.7,2.54
2023,01,22,05,10,312,6.6,8.0,1028.1,11.7,2.78
2023,01,22,06,40,312,7.9,10.2,1027.7,11.7,2.79
2023,01,22,08,10,320,9.1,11.9,1027.4,11.9,2.65
2023,01,22,09,40,308,9.8,12.6,1026.6,11.9,2.81
2023,01,22,11,10,305,10.3,13.3,1025.7,11.8,2.71
2023,01,22,12,40,313,10.3,13.3,1025.0,11.7,2.77
2023,01,22,14,10,324,10.4,13.2,1024.9,11.7,2.54
2023,01,22,15,40,331,11.0,14.6,1025.0,11.8,3.13
2023,01,22,17,10,337,9.1,12.1,1025.5,11.7,3.16
2023,01,22,18,40,329,8.6,10.8,1025.1,11.9,2.75
2023,01,22,20,10,322,8.9,11.1,1023.4,11.9,3.14
2023,01,22,22,10,318,10.7,13.0,1021.7,12.0,3.47
2023,01,22,23,40,319,9.2,11.3,1021.9,12.1,2.85
2023,01,23,01,10,326,9.8,11.9,1021.8,12.1,3.15
2023,01,23,02,40,337,8.3,10.5,1022.2,12.1,3.41
2023,01,23,04,10,330,7.5,9.4,1021.7,12.2,3.04
2023,01,23,05,40,332,6.8,8.7,1021.8,12.2,2.97
2023,01,23,07,10,331,8.6,10.2,1021.5,12.2,2.61
2023,01,23,08,40,344,12.1,15.1,1020.6,11.9,2.65
2023,01,23,10,10,340,10.9,14.8,1020.4,11.9,2.61
2023,01,23,11,40,341,7.9,10.0,1021.0,11.9,2.41
2023,01,23,13,10,333,7.4,9.6,1021.0,12.0,2.76
2023,01,23,14,40,5,7.8,10.4,1020.9,12.0,2.74
2023,01,23,16,10,348,4.3,6.8,1022.1,11.9,2.69
2023,01,23,17,40,6,1.3,2.5,1022.7,12.0,2.60
2023,01,23,19,10,4,4.0,5.6,1022.4,12.2,2.35
2023,01,23,20,40,307,2.5,4.5,1021.6,11.9,2.32
2023,01,23,22,10,227,3.1,3.9,1021.0,12.1,2.20
2023,01,23,23,40,222,3.1,4.2,1021.1,12.1,2.02
2023,01,24,01,10,266,2.8,3.7,1021.5,12.0,1.92
2023,01,24,02,40,258,3.7,5.1,1022.2,12.0,1.68
2023,01,24,04,10,276,1.3,2.2,1022.9,12.1,1.70
2023,01,24,05,40,211,1.3,2.0,1023.4,12.1,1.86
2023,01,24,07,10,266,1.3,2.5,1024.5,12.2,1.93
2023,01,24,08,40,78,3.0,4.1,1024.9,12.1,1.93
2023,01,24,10,10,102,2.3,4.0,1025.3,11.8,2.30
2023,01,24,11,40,97,3.7,5.7,1026.0,11.8,2.31
2023,01,24,13,10,72,5.8,7.8,1026.6,11.7,2.28
2023,01,24,14,40,74,6.4,8.1,1027.4,11.7,2.08
2023,01,24,16,10,93,5.2,6.9,1028.4,11.7,2.68
2023,01,24,17,40,87,4.2,5.7,1029.3,11.8,2.26
2023,01,24,19,10,79,4.7,6.5,1029.3,11.9,2.53
2023,01,24,20,40,353,1.6,2.2,1028.6,12.0,1.97
2023,01,24,22,10,343,1.4,2.5,1027.8,12.1,2.31
2023,01,24,23,40,314,1.4,2.3,1028.0,12.3,2.68
2023,01,25,01,10,3,2.2,3.0,1027.8,12.3,2.69
2023,01,25,02,40,333,3.6,4.6,1028.0,12.3,2.36
2023,01,25,04,10,317,3.8,5.6,1028.4,12.2,3.31
2023,01,25,05,40,308,2.7,4.0,1028.5,12.1,2.79
2023,01,25,07,10,305,2.0,3.3,1028.6,12.2,2.54
2023,01,25,08,40,75,0.2,1.5,1028.2,12.0,2.84
2023,01,25,10,10,81,1.3,2.9,1028.1,11.8,2.41
2023,01,25,11,40,68,1.5,3.0,1028.0,11.8,3.05
2023,01,25,13,10,96,3.3,4.5,1027.9,11.8,2.75
2023,01,25,15,10,102,3.9,5.8,1028.7,11.9,2.47
2023,01,25,16,40,97,4.4,7.4,1029.5,12.0,2.91
2023,01,25,18,10,80,3.5,5.3,1030.0,12.0,3.20
2023,01,25,19,40,350,1.9,2.9,1029.0,12.2,2.72
2023,01,25,21,10,289,3.1,4.5,1027.7,12.5,2.45
2023,01,25,22,40,300,3.6,5.1,1027.3,12.5,2.43
2023,01,26,00,40,320,2.8,4.1,1027.2,12.3,2.22
2023,01,26,02,10,248,1.7,3.3,1027.3,12.4,2.09
2023,01,26,03,40,315,3.9,5.0,1027.4,12.3,2.15
2023,01,26,05,10,339,2.0,4.0,1027.7,12.2,2.07
2023,01,26,06,40,310,1.7,2.8,1027.8,12.2,2.33
2023,01,26,08,10,317,1.7,3.2,1028.0,12.1,2.07
2023,01,26,09,40,78,1.8,3.6,1027.8,12.0,1.94
2023,01,26,11,10,29,3.4,4.8,1027.9,11.9,1.60
2023,01,26,12,40,74,4.7,6.1,1028.5,11.9,1.77
2023,01,26,14,10,98,4.4,6.1,1029.3,11.9,1.92
2023,01,26,16,10,108,3.1,4.6,1030.7,11.9,2.08
2023,01,26,17,40,73,3.6,4.8,1031.5,12.0,1.79
2023,01,26,19,10,126,3.4,4.8,1031.4,12.1,1.67
2023,01,26,20,40,91,4.5,5.8,1030.4,12.2,1.55
2023,01,26,22,10,87,3.5,5.0,1029.6,12.3,1.62
2023,01,26,23,40,339,5.6,7.2,1029.6,12.4,1.50
2023,01,27,01,10,335,5.9,7.0,1029.6,12.3,1.52
2023,01,27,02,40,321,3.3,4.5,1029.8,12.2,1.36
2023,01,27,04,10,320,1.8,2.7,1029.2,12.1,1.40
2023,01,27,05,40,271,1.9,2.7,1028.9,12.2,1.42
2023,01,27,07,10,251,1.7,2.2,1028.6,12.1,1.28
2023,01,27,08,40,298,5.4,6.9,1028.5,11.9,1.16
2023,01,27,10,10,287,3.5,4.9,1027.7,11.8,1.57
2023,01,27,11,40,327,4.1,5.8,1027.4,11.9,1.56
2023,01,27,13,10,328,1.9,3.4,1026.9,11.8,1.47
2023,01,27,14,40,183,1.3,2.8,1026.1,11.9,1.54
2023,01,27,16,10,63,1.0,2.2,1026.1,11.9,1.44
2023,01,27,17,40,358,1.6,3.4,1026.3,11.9,1.37
2023,01,27,19,10,252,0.9,2.2,1025.4,12.1,1.48
2023,01,27,20,40,319,1.8,3.0,1023.3,12.2,1.46
2023,01,27,22,10,313,5.0,6.5,1021.8,12.4,1.49
2023,01,28,00,10,309,7.6,9.6,1020.7,12.3,1.58
2023,01,28,01,40,311,7.9,10.3,1019.4,12.4,1.84
2023,01,28,03,10,307,10.8,14.0,1018.3,12.3,2.00
2023,01,28,04,40,312,11.1,14.1,1018.2,12.3,2.86
2023,01,28,06,10,324,11.6,14.8,1018.1,12.2,2.68
2023,01,28,07,40,332,9.2,11.3,1018.4,12.2,2.90
2023,01,28,09,10,330,7.3,9.6,1017.9,12.2,2.68
2023,01,28,10,40,322,8.8,11.3,1017.8,12.1,2.53
2023,01,28,12,10,329,5.7,7.3,1017.6,12.1,2.48
2023,01,28,13,40,330,2.6,3.8,1017.2,12.1,2.09
2023,01,28,15,10,315,4.2,6.1,1017.6,11.9,2.26
2023,01,28,16,40,355,3.5,4.9,1018.2,11.8,2.23
2023,01,28,18,10,122,1.0,2.0,1018.7,11.8,2.07
2023,01,28,19,40,316,5.2,6.6,1018.1,12.1,2.09
2023,01,28,21,10,313,8.8,11.1,1016.7,12.2,2.12
2023,01,28,22,40,303,8.7,10.6,1015.9,12.2,2.20
2023,01,29,00,10,302,10.7,13.1,1015.7,12.2,2.24
2023,01,29,01,40,309,9.9,12.8,1015.3,12.1,2.57
2023,01,29,03,10,307,10.3,12.8,1015.3,12.1,2.43
2023,01,29,04,40,304,11.1,14.4,1015.0,12.2,2.71
2023,01,29,06,10,313,11.6,15.1,1014.8,12.1,2.70
2023,01,29,07,40,310,11.9,14.6,1014.3,12.1,2.82
2023,01,29,09,10,303,11.6,16.0,1013.4,12.1,2.84
2023,01,29,10,40,306,12.0,15.4,1012.7,12.1,2.63
2023,01,29,12,10,309,11.8,14.4,1012.1,12.1,2.89
2023,01,29,13,40,303,11.7,15.4,1011.3,12.1,2.88
2023,01,29,15,10,304,11.0,14.3,1011.0,12.0,2.88
2023,01,29,16,40,307,12.0,14.8,1011.1,12.0,2.54
2023,01,29,18,10,327,8.9,11.7,1011.5,12.0,2.51
2023,01,29,19,40,334,7.8,9.7,1011.3,12.0,2.38
2023,01,29,21,10,353,4.3,5.9,1010.8,12.1,1.96
2023,01,29,22,40,57,4.5,6.0,1010.7,12.1,1.74
2023,01,30,00,10,204,1.0,6.5,1011.5,12.1,1.70
2023,01,30,01,40,27,6.7,8.5,1012.3,12.0,1.80
2023,01,30,03,10,25,7.2,9.1,1012.4,11.7,1.86
2023,01,30,04,40,20,5.8,8.1,1013.4,11.7,1.78
2023,01,30,06,10,4,5.5,7.0,1014.6,11.6,1.70
2023,01,30,07,40,14,9.0,11.5,1015.3,11.7,1.71
2023,01,30,09,10,37,6.2,7.7,1015.2,11.7,1.82
2023,01,30,10,40,62,7.8,10.3,1015.1,11.7,1.73
2023,01,30,12,10,347,4.1,6.3,1016.2,11.6,1.77
2023,01,30,13,40,33,4.7,6.2,1016.7,11.6,1.81
2023,01,30,15,10,73,6.6,8.9,1017.8,11.6,1.52
2023,01,30,16,40,68,7.1,8.7,1019.0,11.3,1.65
2023,01,30,18,10,73,7.0,9.0,1020.0,11.4,1.55
2023,01,30,19,40,70,7.1,9.2,1020.3,11.4,1.42
2023,01,30,21,40,68,6.0,7.5,1019.6,11.6,1.67
2023,01,30,23,10,77,4.8,6.9,1018.9,11.7,1.68
2023,01,31,00,40,316,2.9,3.8,1019.7,11.7,1.46
2023,01,31,02,10,332,5.4,6.8,1020.2,11.6,1.46
2023,01,31,03,40,335,7.0,8.2,1020.6,11.6,1.74
2023,01,31,05,10,347,5.9,7.6,1021.0,11.7,1.59
2023,01,31,06,40,336,5.8,7.1,1021.4,11.7,1.66
2023,01,31,08,40,334,3.7,5.1,1021.9,11.7,1.64
2023,01,31,10,10,342,4.1,5.4,1022.1,11.8,1.63
2023,01,31,11,40,16,2.9,3.9,1022.5,11.9,1.94
2023,01,31,13,10,325,0.6,1.5,1022.1,11.9,1.65
2023,01,31,14,40,102,3.2,4.5,1022.6,11.9,1.77
2023,01,31,16,10,95,4.2,5.4,1023.8,11.2,1.73
2023,01,31,17,40,111,3.2,4.4,1024.6,10.8,2.03
2023,01,31,19,10,108,3.4,4.6,1024.5,11.1,1.90
2023,01,31,20,40,128,0.9,2.0,1023.2,11.3,1.82
2023,01,31,22,10,271,1.3,2.2,1022.3,11.4,1.78
2023,01,31,23,40,289,2.3,3.3,1022.1,11.8,2.14
2023,02,01,01,10,293,2.8,3.9,1022.1,11.8,1.98
2023,02,01,02,40,302,3.4,4.5,1022.2,11.8,1.57
2023,02,01,04,10,322,2.6,3.5,1022.6,12.0,1.79
2023,02,01,05,40,317,1.8,2.5,1022.8,12.0,1.64
2023,02,01,07,10,295,1.6,2.5,1023.0,11.9,2.01
2023,02,01,08,40,345,1.7,2.4,1022.6,11.9,1.58
2023,02,01,10,10,20,2.3,3.1,1022.3,11.9,1.38
2023,02,01,11,40,95,3.7,5.1,1022.1,11.9,1.96
2023,02,01,13,10,83,5.8,7.4,1022.0,11.8,1.74
2023,02,01,14,40,86,7.1,8.6,1022.5,11.8,1.69
2023,02,01,16,40,77,7.7,9.9,1023.2,11.8,1.72
2023,02,01,18,10,76,7.9,9.7,1023.7,11.8,1.80
2023,02,01,19,40,68,5.8,7.2,1024.0,11.8,1.54
2023,02,01,21,10,102,4.4,5.8,1022.9,11.9,1.76
2023,02,01,22,40,95,3.7,4.8,1022.6,11.9,1.65
2023,02,02,00,10,96,1.9,2.8,1022.9,11.9,1.43
2023,02,02,01,40,145,1.4,2.3,1023.0,11.9,1.63
2023,02,02,03,10,220,1.5,2.0,1023.3,11.9,1.49
2023,02,02,04,40,114,0.6,1.4,1023.6,11.9,1.55
2023,02,02,06,10,162,2.9,3.9,1024.1,11.9,1.46
2023,02,02,07,40,154,2.8,3.5,1024.3,11.9,1.34
2023,02,02,09,10,166,2.8,3.4,1024.5,11.9,1.18
2023,02,02,10,40,126,2.7,3.8,1024.4,11.8,1.28
2023,02,02,12,10,100,4.1,5.6,1024.2,11.7,1.38
2023,02,02,13,40,96,6.6,8.0,1023.7,11.8,1.14
2023,02,02,15,10,97,7.2,8.9,1023.9,11.8,1.48
2023,02,02,16,40,92,8.2,10.1,1024.5,11.8,1.41
2023,02,02,18,10,87,8.1,10.1,1024.8,11.8,1.58
2023,02,02,19,40,93,9.2,11.5,1024.2,11.7,1.60
2023,02,02,21,10,92,7.6,9.6,1023.1,11.7,1.51
2023,02,02,22,40,142,5.6,7.2,1023.0,11.7,1.57
2023,02,03,00,10,158,6.9,8.6,1023.6,11.7,1.47
2023,02,03,01,40,141,8.8,11.0,1022.6,11.7,1.73
2023,02,03,03,10,150,9.4,11.7,1022.6,11.7,1.65
2023,02,03,04,40,142,10.8,13.6,1021.7,11.7,1.96
2023,02,03,06,10,149,8.1,9.8,1022.6,11.7,2.32
2023,02,03,07,40,151,9.5,11.6,1022.4,11.7,2.29
2023,02,03,09,10,147,10.5,13.4,1021.6,11.8,2.49
2023,02,03,10,40,163,9.9,12.6,1021.7,11.8,2.64
2023,02,03,12,10,217,6.6,10.5,1022.1,11.8,2.66
2023,02,03,13,40,175,2.5,3.5,1022.5,11.8,2.63
2023,02,03,15,10,169,4.2,5.4,1023.4,11.8,2.47
2023,02,03,16,40,164,3.8,5.1,1024.3,11.8,2.45
2023,02,03,18,10,140,4.9,6.1,1025.1,11.8,2.35
2023,02,03,19,40,95,4.5,6.4,1025.2,11.9,2.47
2023,02,03,21,10,69,4.1,5.6,1024.5,11.9,2.24
2023,02,03,22,40,62,3.1,4.7,1024.3,11.9,2.38
2023,02,04,00,10,85,3.0,4.4,1024.0,11.8,2.37
2023,02,04,01,40,90,3.7,5.4,1024.0,11.8,2.53
2023,02,04,03,10,93,2.9,4.5,1023.8,11.8,2.55
2023,02,04,04,40,64,1.9,3.4,1023.8,11.9,2.68
2023,02,04,06,10,91,1.9,3.6,1023.4,11.9,2.79
2023,02,04,07,40,94,2.7,4.6,1022.9,11.8,2.72
2023,02,04,10,40,96,5.5,7.6,1022.0,11.8,2.86
2023,02,04,12,10,93,6.7,9.2,1021.6,11.8,2.78
2023,02,04,13,40,88,7.0,9.3,1020.9,11.8,2.51
2023,02,04,15,10,86,8.3,11.2,1020.4,11.8,2.47
2023,02,04,16,40,89,7.7,9.6,1020.2,11.8,2.23
2023,02,04,18,10,94,7.2,9.1,1020.1,11.8,2.01
2023,02,04,19,40,141,8.9,11.0,1019.0,11.8,2.22
2023,02,04,21,10,153,10.7,13.7,1017.1,11.8,2.40
2023,02,04,22,40,151,11.0,13.8,1015.0,11.8,2.48
2023,02,05,00,10,167,10.3,13.2,1015.3,11.9,2.60
2023,02,05,01,40,176,9.7,11.9,1015.3,11.8,2.52
2023,02,05,03,10,177,10.3,13.3,1015.4,11.8,2.52
2023,02,05,04,40,234,9.8,13.0,1016.7,11.9,2.43
2023,02,05,06,10,247,9.2,11.3,1018.2,11.9,2.37
2023,02,05,07,40,244,7.0,8.6,1019.6,12.0,2.15
2023,02,05,09,10,244,6.0,8.1,1019.9,12.0,2.11
2023,02,05,10,40,236,5.1,6.4,1020.8,12.0,2.05
2023,02,05,12,10,242,7.8,9.6,1020.9,11.9,2.02
2023,02,05,13,40,263,9.9,14.4,1021.8,11.8,1.96
2023,02,05,15,10,264,7.7,10.2,1022.9,11.8,2.18
2023,02,05,16,40,280,10.6,13.7,1023.8,11.8,2.39
2023,02,05,18,10,280,8.9,15.9,1025.2,11.8,2.55
2023,02,05,19,40,281,7.4,9.8,1025.5,12.0,2.64
2023,02,05,21,10,278,8.6,10.7,1024.9,12.0,2.86
2023,02,05,22,40,301,8.6,12.0,1025.1,12.0,3.14
2023,02,06,00,10,308,9.0,11.6,1025.5,11.9,3.34
2023,02,06,01,40,310,10.7,13.3,1025.8,11.9,3.55
2023,02,06,03,10,305,10.8,13.6,1026.6,11.8,3.63
2023,02,06,04,40,309,12.8,16.3,1027.1,11.8,3.95
2023,02,06,06,10,315,12.0,14.5,1028.0,11.8,4.01
2023,02,06,07,40,325,10.8,14.4,1028.4,11.7,4.62
2023,02,06,09,10,326,10.9,13.6,1028.7,11.7,4.44
2023,02,06,10,40,328,9.0,11.8,1029.3,11.7,3.96
2023,02,06,12,10,327,9.4,12.4,1029.7,11.6,3.92
2023,02,06,13,40,338,8.4,11.0,1030.0,11.6,3.78
2023,02,06,15,10,340,5.8,7.8,1030.3,11.6,3.77
2023,02,06,16,40,334,6.4,8.2,1031.3,11.6,3.77
2023,02,06,18,10,337,5.4,7.2,1031.9,11.6,3.66
2023,02,06,19,40,310,6.1,8.0,1031.6,11.7,3.76
2023,02,06,21,10,310,7.3,9.0,1030.2,11.7,3.08
2023,02,06,22,40,315,7.6,9.1,1029.3,11.8,2.85
2023,02,07,00,40,319,8.0,10.2,1028.5,11.8,3.07
2023,02,07,02,10,324,7.0,8.6,1028.2,11.7,2.66
2023,02,07,03,40,324,6.7,9.9,1028.3,11.7,2.91
2023,02,07,05,10,320,7.2,8.7,1027.8,11.7,2.68
2023,02,07,06,40,324,6.6,8.2,1028.1,11.7,2.97
2023,02,07,08,10,321,7.2,9.1,1027.9,11.7,2.60
2023,02,07,09,40,329,6.5,8.2,1027.6,11.7,2.46
2023,02,07,11,10,311,7.8,9.2,1027.4,11.7,2.41
2023,02,07,12,40,327,7.0,8.7,1027.4,11.8,2.19
2023,02,07,14,10,322,6.2,8.0,1028.0,11.8,2.28
2023,02,07,15,40,347,3.4,4.4,1029.2,11.8,2.17
2023,02,07,17,10,1,3.1,4.4,1029.9,11.8,2.21
2023,02,07,18,40,327,2.6,3.7,1029.9,11.8,2.05
2023,02,07,20,10,288,3.5,5.0,1029.3,11.9,1.99
2023,02,07,21,40,337,2.0,3.1,1028.3,11.9,1.76
2023,02,07,23,10,314,6.6,8.0,1027.9,11.9,1.74
2023,02,08,00,40,318,6.3,8.1,1027.8,11.8,1.80
2023,02,08,02,10,309,6.7,9.1,1027.7,11.8,1.79
2023,02,08,03,40,321,7.1,8.8,1028.1,11.8,2.04
2023,02,08,05,10,316,7.0,8.9,1028.4,11.8,2.21
2023,02,08,06,40,340,5.4,7.0,1028.2,11.8,2.53
2023,02,08,08,10,345,3.6,4.9,1028.2,11.7,2.98
2023,02,08,09,40,347,0.9,1.9,1027.9,11.7,3.00
2023,02,08,11,10,347,2.3,4.1,1027.7,11.7,3.17
2023,02,08,12,40,353,2.1,3.2,1027.8,11.7,2.95
2023,02,08,14,10,312,6.5,8.7,1028.4,11.6,2.72
2023,02,08,15,40,328,5.1,6.8,1028.7,11.7,2.94
2023,02,08,17,10,328,6.4,7.9,1029.8,11.7,2.91
2023,02,08,18,40,311,4.8,6.0,1030.1,11.8,2.54
2023,02,08,20,10,322,4.9,6.3,1029.5,11.8,2.51
2023,02,08,21,40,307,6.4,7.9,1028.6,11.9,2.38
2023,02,08,23,10,308,6.5,8.3,1027.9,11.9,2.41
2023,02,09,00,40,315,5.5,6.8,1027.3,11.9,2.19
2023,02,09,02,10,323,4.9,6.0,1027.1,11.9,2.15
2023,02,09,03,40,316,5.4,6.6,1027.3,11.8,2.08
2023,02,09,05,10,318,4.8,6.2,1027.4,11.8,2.29
2023,02,09,06,40,325,4.8,6.0,1027.4,11.8,2.05
2023,02,09,08,10,323,4.7,6.4,1027.2,11.8,2.71
2023,02,09,09,40,347,2.8,3.8,1026.6,11.8,2.64
2023,02,09,11,10,355,1.9,2.9,1026.1,11.8,2.22
2023,02,09,12,40,357,0.9,1.5,1025.6,11.6,2.24
2023,02,09,14,10,10,0.1,0.7,1025.9,11.5,2.24
2023,02,09,15,40,54,1.4,2.4,1026.1,11.6,2.06
2023,02,09,17,10,342,0.7,1.5,1026.6,11.6,2.03
2023,02,09,18,40,353,2.5,3.2,1026.8,11.8,1.77
2023,02,09,20,10,342,2.0,2.7,1026.1,12.0,1.62
2023,02,09,21,40,289,5.7,7.8,1025.6,12.2,1.93
2023,02,09,23,10,323,7.0,8.5,1025.8,12.0,1.78
2023,02,10,00,40,310,7.3,9.0,1025.7,12.0,1.77
2023,02,10,02,10,315,7.4,9.1,1025.8,12.0,1.71
2023,02,10,03,40,320,4.5,5.8,1025.8,12.0,1.64
2023,02,10,05,10,316,4.6,5.8,1025.4,11.9,1.57
2023,02,10,06,40,316,4.7,6.1,1025.4,11.9,1.63
2023,02,10,08,10,313,6.2,7.7,1025.2,11.8,1.78
2023,02,10,09,40,315,7.2,8.7,1024.5,11.8,1.65
2023,02,10,11,40,313,5.5,6.8,1024.0,11.8,1.74
2023,02,10,13,10,319,6.3,7.7,1023.9,11.6,1.80
2023,02,10,14,40,302,6.5,8.4,1023.7,11.7,1.72
2023,02,10,16,10,300,5.0,6.4,1024.1,11.7,1.94
2023,02,10,17,40,296,5.4,7.1,1024.3,11.8,2.31
2023,02,10,19,10,291,5.1,6.8,1024.0,11.9,2.79
2023,02,10,20,40,282,5.8,7.6,1022.9,12.0,2.80
2023,02,10,22,10,299,6.6,9.2,1021.8,12.1,3.41
2023,02,10,23,40,303,8.3,10.5,1021.8,12.0,3.40
2023,02,11,01,10,306,9.0,12.3,1021.3,12.0,3.45
2023,02,11,02,40,291,8.3,10.4,1021.4,12.0,2.90
2023,02,11,04,10,283,8.8,10.9,1021.2,11.9,3.26
2023,02,11,05,40,270,8.4,10.9,1020.6,11.9,2.87
2023,02,11,07,10,268,8.3,11.6,1019.5,11.9,3.61
2023,02,11,08,40,261,8.1,10.6,1018.3,11.9,3.53
2023,02,11,10,10,300,7.0,9.5,1017.0,11.9,3.92
2023,02,11,11,40,313,6.0,9.0,1016.3,11.9,3.91
2023,02,11,13,10,344,4.5,6.3,1015.7,11.9,3.57
2023,02,11,14,40,17,4.2,6.5,1015.5,11.8,3.76
2023,02,11,16,10,20,5.4,7.9,1015.6,11.7,4.09
2023,02,11,17,40,43,7.1,9.7,1015.9,11.7,3.68
2023,02,11,19,10,28,7.0,9.0,1015.8,11.7,3.62
2023,02,11,20,40,8,5.4,7.0,1015.1,11.8,3.75
2023,02,11,22,10,343,2.7,4.3,1014.4,11.9,3.92
2023,02,11,23,40,310,6.9,9.5,1014.3,11.9,3.85
2023,02,12,01,10,320,5.4,7.7,1014.4,11.9,3.67
2023,02,12,02,40,311,5.0,6.9,1014.8,11.9,3.40
2023,02,12,04,10,324,3.2,5.2,1015.3,11.9,3.28
2023,02,12,05,40,265,2.2,3.7,1015.8,11.9,3.15
2023,02,12,07,10,321,4.3,6.0,1015.7,11.8,3.42
2023,02,12,08,40,338,3.2,5.0,1015.6,11.8,3.19
2023,02,12,10,10,323,5.5,6.9,1015.7,11.8,2.82
2023,02,12,11,40,103,2.1,4.0,1015.6,11.7,2.98
2023,02,12,13,40,207,0.9,2.0,1016.2,11.7,3.03
2023,02,12,15,10,170,1.5,3.4,1016.6,11.7,2.73
2023,02,12,16,40,230,1.9,3.3,1017.4,11.6,2.54
2023,02,12,18,10,235,0.6,1.6,1017.6,11.7,2.31
2023,02,12,19,40,308,2.7,4.5,1017.5,11.9,2.18
2023,02,12,21,10,307,3.6,5.0,1015.9,11.8,2.37
2023,02,12,22,40,304,6.6,8.1,1014.9,11.9,2.39
2023,02,13,00,10,307,7.3,8.9,1014.5,11.9,2.28
2023,02,13,01,40,319,8.4,10.7,1014.5,11.9,2.53
2023,02,13,03,10,306,8.3,10.2,1014.1,11.9,2.35
2023,02,13,04,40,306,7.1,8.5,1013.7,11.9,2.34
2023,02,13,06,10,319,3.3,4.7,1013.8,11.8,2.46
2023,02,13,07,40,306,4.2,5.6,1013.5,11.7,2.39
2023,02,13,09,10,320,8.8,11.0,1013.0,11.7,2.42
2023,02,13,10,40,314,9.3,11.3,1012.4,11.8,2.78
2023,02,13,12,10,315,7.8,10.5,1012.1,11.8,3.13
2023,02,13,13,40,319,10.0,12.9,1012.1,11.7,3.36
2023,02,13,15,10,317,10.0,12.7,1013.0,11.7,3.59
2023,02,13,16,40,316,11.7,14.7,1013.6,11.8,3.62
2023,02,13,18,10,315,12.9,16.0,1014.1,11.8,4.41
2023,02,13,19,40,312,14.6,18.7,1014.1,11.8,4.33
2023,02,13,21,10,312,14.7,20.7,1013.9,11.8,4.84
2023,02,13,22,40,305,15.6,21.5,1013.2,11.8,5.14
2023,02,14,00,10,306,16.4,21.0,1013.9,11.7,5.37
2023,02,14,01,40,305,16.5,22.0,1014.1,11.6,5.29
2023,02,14,03,10,304,17.9,22.0,1015.0,11.5,4.83
2023,02,14,04,40,302,15.6,19.6,1016.1,11.5,4.75
2023,02,14,06,10,306,14.8,19.5,1017.0,11.4,4.69
2023,02,14,07,40,313,14.4,19.2,1017.6,11.4,4.14
2023,02,14,09,10,315,14.6,19.9,1017.7,11.3,4.43
2023,02,14,10,40,306,16.3,20.9,1017.7,11.2,4.20
2023,02,14,12,10,307,14.7,19.1,1018.7,11.2,4.01
2023,02,14,13,40,311,15.5,19.5,1019.0,11.1,4.11
2023,02,14,15,10,326,13.5,16.7,1019.9,11.1,3.88
2023,02,14,16,40,318,13.9,17.4,1021.0,11.0,3.94
2023,02,14,18,10,327,11.6,14.3,1021.5,10.8,3.93
2023,02,14,19,40,301,11.8,14.1,1020.4,10.7,3.65
2023,02,14,21,10,300,8.5,10.9,1019.0,10.8,3.54
2023,02,14,22,40,304,13.1,16.9,1017.6,10.5,3.75
2023,02,15,00,10,306,12.2,16.0,1016.6,10.4,3.76
2023,02,15,01,40,313,13.9,17.4,1016.9,10.4,4.07
2023,02,15,03,10,321,12.4,14.9,1018.1,10.6,4.14
2023,02,15,04,40,335,10.8,13.2,1019.3,10.5,3.83
2023,02,15,06,10,337,9.0,10.8,1020.7,10.3,3.98
2023,02,15,07,40,338,7.4,9.2,1021.7,10.3,3.92
2023,02,15,09,10,338,8.0,9.9,1022.3,10.2,3.40
2023,02,15,10,40,337,7.9,9.7,1022.5,10.2,3.42
2023,02,15,12,10,332,7.5,9.8,1023.0,10.3,3.36
2023,02,15,13,40,343,7.8,9.5,1023.5,10.3,2.91
2023,02,15,15,40,348,6.2,7.5,1024.8,10.3,2.90
2023,02,15,17,40,329,5.4,7.2,1026.1,10.3,2.60
2023,02,15,19,10,330,5.1,6.6,1026.7,10.4,2.60
2023,02,15,20,40,329,3.3,4.4,1025.9,10.5,2.60
2023,02,15,22,10,281,4.8,6.6,1025.3,10.6,2.54
2023,02,15,23,40,291,5.5,7.1,1025.0,10.5,2.62
2023,02,16,01,10,313,6.7,8.1,1024.9,10.4,2.31
2023,02,16,02,40,325,4.9,6.0,1025.3,10.4,2.20
2023,02,16,04,10,323,4.6,5.9,1025.5,10.3,1.98
2023,02,16,05,40,308,3.4,4.8,1026.2,10.3,2.02
2023,02,16,07,10,296,2.4,3.7,1026.0,10.2,2.00
2023,02,16,08,40,306,1.9,3.0,1025.9,10.2,2.00
2023,02,16,10,10,358,1.0,1.8,1025.5,10.2,1.99
2023,02,16,11,40,92,1.4,2.4,1025.3,10.1,1.91
2023,02,16,13,10,50,1.3,2.3,1025.1,10.1,1.89
2023,02,16,14,40,97,4.1,5.3,1025.0,10.1,1.71
2023,02,16,16,10,90,6.3,7.6,1025.4,10.2,2.10
2023,02,16,17,40,98,6.1,7.6,1025.6,10.3,1.48
2023,02,16,19,10,101,5.6,7.6,1025.6,10.3,1.68
2023,02,16,20,40,127,2.6,3.9,1024.6,10.4,1.73
2023,02,16,22,10,166,4.4,5.9,1023.4,10.6,1.51
2023,02,16,23,40,179,5.6,6.8,1022.8,10.5,1.77
2023,02,17,01,40,161,4.4,5.5,1022.2,10.6,1.86
2023,02,17,03,10,147,5.3,6.6,1022.2,10.6,1.50
2023,02,17,04,40,150,5.6,7.2,1021.9,10.5,1.93
2023,02,17,06,10,136,5.5,7.4,1022.3,10.5,2.25
2023,02,17,07,40,135,5.3,7.0,1022.1,10.5,2.00
2023,02,17,09,10,125,5.9,7.9,1021.9,10.4,2.16
2023,02,17,10,40,84,6.2,7.7,1021.4,10.4,2.45
2023,02,17,12,10,76,6.2,8.7,1020.7,10.5,2.65
2023,02,17,13,40,83,7.8,10.0,1020.0,10.5,2.77
2023,02,17,15,10,86,9.1,11.7,1020.4,10.4,2.41
2023,02,17,16,40,85,9.0,10.9,1020.8,10.4,2.52
2023,02,17,18,10,77,7.5,9.5,1021.1,10.3,2.45
2023,02,17,19,40,90,6.3,8.4,1020.6,10.3,2.15
2023,02,17,21,10,86,5.6,7.2,1020.0,10.4,2.24
2023,02,17,22,40,45,3.2,4.7,1019.5,10.5,2.08
2023,02,18,00,10,303,5.9,7.2,1019.2,10.5,2.05
2023,02,18,01,40,322,5.8,7.7,1019.0,10.5,2.23
2023,02,18,03,10,335,5.7,7.4,1019.1,10.5,2.59
2023,02,18,04,40,334,4.7,5.8,1019.4,10.4,2.04
2023,02,18,06,10,308,4.0,5.2,1019.5,10.3,1.93
2023,02,18,07,40,292,4.0,5.2,1019.5,10.2,2.26
2023,02,18,09,10,313,3.4,4.9,1019.5,10.4,2.37
2023,02,18,10,40,317,5.0,7.0,1019.4,10.4,2.22
2023,02,18,12,10,347,3.4,4.5,1019.0,10.5,2.64
2023,02,18,13,40,85,2.5,4.2,1018.7,10.4,2.27
2023,02,18,15,10,14,1.4,2.1,1019.3,10.3,2.26
2023,02,18,16,40,70,2.0,3.4,1019.5,10.3,2.25
2023,02,18,18,10,278,0.3,1.4,1019.7,10.3,2.05
2023,02,18,19,40,282,3.0,4.0,1019.4,10.8,2.04
2023,02,18,21,10,306,4.1,5.4,1019.1,10.7,2.03
2023,02,18,22,40,307,2.3,3.4,1018.6,11.0,2.17
2023,02,19,00,10,305,4.7,6.1,1018.1,11.2,2.08
2023,02,19,01,40,319,6.9,8.6,1018.4,11.1,2.22
2023,02,19,03,10,320,5.3,6.6,1018.3,10.9,2.45
2023,02,19,04,40,313,5.4,6.5,1018.9,10.8,2.16
2023,02,19,06,10,330,3.9,5.0,1019.5,10.8,1.91
2023,02,19,07,40,356,1.9,2.8,1019.6,11.2,2.05
2023,02,19,09,10,336,2.1,3.3,1019.5,11.1,2.17
2023,02,19,10,40,34,1.8,2.9,1019.2,10.8,2.04
2023,02,19,12,10,332,2.1,3.2,1019.1,10.7,2.11
2023,02,19,13,40,348,1.6,2.9,1019.4,10.7,2.14
2023,02,19,15,10,111,1.7,3.0,1019.7,10.7,1.92
2023,02,19,16,40,75,1.6,2.8,1020.5,10.7,1.84
2023,02,19,18,10,348,0.1,0.9,1020.9,10.8,1.89
2023,02,19,19,40,283,1.8,3.0,1020.7,11.0,1.88
2023,02,19,21,10,293,4.6,5.9,1019.7,11.5,1.80
2023,02,19,22,40,297,6.0,7.4,1019.3,11.6,1.86
2023,02,20,00,10,305,5.4,7.4,1018.9,11.4,1.91
2023,02,20,01,40,283,4.7,5.9,1018.8,11.4,1.79
2023,02,20,03,10,300,3.9,5.2,1019.7,11.3,1.93
2023,02,20,04,40,232,2.0,2.8,1019.6,11.2,1.95
2023,02,20,06,10,272,2.5,3.7,1020.7,11.1,2.14
2023,02,20,07,40,275,0.3,1.3,1020.5,11.1,1.99
2023,02,20,09,10,78,0.2,1.0,1020.7,10.9,2.19
2023,02,20,10,40,353,1.2,2.4,1020.9,11.0,2.17
2023,02,20,12,10,109,1.8,3.3,1020.9,11.0,2.33
2023,02,20,13,40,113,3.9,5.8,1020.5,10.9,2.40
2023,02,20,15,10,93,3.8,5.5,1021.6,10.8,2.41
2023,02,20,16,40,216,1.2,2.1,1022.6,10.9,2.41
2023,02,20,18,10,10,0.7,1.7,1022.6,11.1,2.36
2023,02,20,20,10,289,1.7,3.0,1021.9,11.5,2.53
2023,02,20,21,40,303,4.5,6.6,1021.2,11.6,2.62
2023,02,20,23,10,292,3.1,4.3,1020.2,12.1,2.43
2023,02,21,00,40,292,6.8,8.6,1019.7,11.4,2.40
2023,02,21,02,10,311,5.5,6.9,1019.5,11.2,2.41
2023,02,21,03,40,297,4.2,5.3,1018.9,11.1,2.31
2023,02,21,05,10,303,4.1,5.7,1018.5,11.1,2.14
2023,02,21,06,40,315,3.8,5.1,1017.5,11.0,2.38
2023,02,21,08,10,308,4.3,6.6,1016.8,10.9,2.49
2023,02,21,09,40,321,8.7,11.2,1016.5,10.8,2.45
2023,02,21,11,10,309,12.2,16.2,1014.6,10.8,3.31
2023,02,21,12,40,308,13.6,17.2,1014.5,10.8,3.50
2023,02,21,14,10,313,12.2,15.7,1013.9,10.6,3.44
2023,02,21,15,40,315,12.5,16.4,1013.3,10.4,3.67
2023,02,21,17,10,309,14.8,18.6,1012.9,10.3,3.84
2023,02,21,18,40,310,14.8,19.1,1013.2,10.4,3.56
2023,02,21,20,10,303,15.4,19.5,1012.6,10.5,3.41
2023,02,21,21,40,310,15.4,20.3,1011.7,10.7,3.18
2023,02,21,23,10,308,15.0,20.2,1011.0,10.6,3.75
2023,02,22,00,40,309,15.5,19.8,1010.7,10.6,3.88
2023,02,22,02,10,307,16.0,20.8,1010.4,10.4,4.34
2023,02,22,03,40,309,17.0,23.2,1009.9,10.2,3.91
2023,02,22,05,10,310,15.5,20.3,1010.2,10.2,4.51
2023,02,22,06,40,310,16.1,21.2,1009.2,10.2,4.19
2023,02,22,08,10,304,15.3,19.5,1008.8,10.0,4.28
2023,02,22,09,40,308,14.7,18.0,1009.3,9.9,4.04
2023,02,22,11,10,307,12.6,15.6,1008.8,9.9,3.72
2023,02,22,12,40,303,12.5,15.5,1009.3,10.0,3.74
2023,02,22,14,10,301,13.1,15.8,1009.3,10.0,4.04
2023,02,22,15,40,306,11.9,15.2,1010.3,10.0,3.93
2023,02,22,17,10,310,11.3,14.9,1010.8,10.0,3.82
2023,02,22,18,40,302,9.7,12.6,1011.5,10.0,4.05
2023,02,22,20,10,294,9.2,11.5,1011.4,10.1,3.77
2023,02,22,21,40,289,8.1,10.6,1011.0,10.1,3.34
2023,02,22,23,10,280,7.5,10.1,1010.8,10.0,2.95
2023,02,23,00,40,267,6.4,9.0,1010.5,9.9,3.09
2023,02,23,02,10,287,7.5,9.3,1010.1,9.8,3.18
2023,02,23,03,40,313,7.5,10.5,1010.3,9.8,2.81
2023,02,23,05,10,297,8.5,11.1,1011.1,9.7,3.03
2023,02,23,06,40,323,9.3,12.1,1011.3,9.7,3.31
2023,02,23,08,10,269,4.5,6.6,1011.5,9.6,3.01
2023,02,23,09,40,295,7.2,11.6,1011.6,9.6,3.02
2023,02,23,11,10,265,2.9,4.5,1011.6,9.5,3.12
2023,02,23,12,40,211,1.7,3.1,1011.6,9.5,3.03
2023,02,23,14,10,27,0.6,2.7,1011.9,9.4,3.04
2023,02,23,15,40,225,3.9,5.9,1012.3,9.4,2.90
2023,02,23,17,10,227,5.5,7.4,1012.6,9.4,3.23
2023,02,23,18,40,238,5.7,7.3,1012.5,9.5,3.09
2023,02,23,20,10,212,6.4,8.6,1012.1,9.5,2.95
2023,02,23,21,40,292,4.3,7.9,1010.9,9.5,2.53
2023,02,23,23,10,209,7.5,10.1,1009.8,9.7,2.48
2023,02,24,00,40,195,8.6,10.8,1008.7,9.6,2.90
2023,02,24,02,10,188,11.6,14.8,1007.0,9.6,2.74
2023,02,24,03,40,189,12.8,15.8,1005.9,9.6,2.74
2023,02,24,05,10,190,10.2,13.4,1005.2,9.5,3.35
2023,02,24,06,40,235,11.5,14.9,1004.7,9.5,3.29
2023,02,24,08,10,187,8.6,11.0,1003.5,9.5,3.08
2023,02,24,09,40,210,9.9,13.2,1002.6,9.5,2.79
2023,02,24,11,10,233,7.4,9.1,1002.0,9.5,2.91
2023,02,24,12,40,282,5.7,7.5,1001.5,9.5,2.74
2023,02,24,14,10,273,3.0,6.5,1002.0,9.5,2.56
2023,02,24,15,40,288,2.7,4.9,1003.4,9.5,2.69
2023,02,24,17,10,261,4.2,6.1,1004.9,9.5,2.32
2023,02,24,18,40,278,3.9,5.6,1006.8,9.5,2.53
2023,02,24,20,10,276,2.2,3.6,1007.5,9.6,2.35
2023,02,24,21,40,273,3.1,4.7,1007.7,9.7,2.49
2023,02,24,23,10,282,1.2,3.0,1008.3,9.9,2.44
2023,02,25,00,40,248,0.6,1.8,1008.8,9.9,2.39
2023,02,25,02,10,22,1.4,2.9,1009.5,9.9,2.40
2023,02,25,03,40,329,2.7,4.1,1010.1,9.7,2.32
2023,02,25,05,10,355,4.6,6.0,1010.6,9.7,2.23
2023,02,25,06,40,75,3.4,5.8,1010.8,9.6,2.08
2023,02,25,08,10,57,2.4,3.9,1010.3,9.6,2.25
2023,02,25,09,40,16,2.0,3.5,1010.2,9.6,2.21
2023,02,25,11,10,327,2.4,3.7,1010.4,9.5,2.08
2023,02,25,12,40,351,2.8,4.2,1010.8,9.5,2.02
2023,02,25,14,10,34,3.8,5.1,1011.7,9.5,2.04
2023,02,25,15,40,25,3.2,4.7,1012.3,9.5,1.85
2023,02,25,17,10,351,3.0,4.5,1013.2,9.5,2.03
2023,02,25,18,40,47,0.4,1.9,1013.8,9.6,2.08
2023,02,25,20,10,159,1.8,3.2,1013.8,9.7,2.00
2023,02,25,21,40,260,1.4,2.3,1013.6,10.0,1.61
2023,02,25,23,10,266,2.6,4.3,1014.0,10.2,1.69
2023,02,26,00,40,275,1.7,2.9,1013.7,10.1,1.59
2023,02,26,02,10,271,2.4,3.5,1014.0,10.1,1.68
2023,02,26,03,40,292,3.0,4.6,1015.0,9.9,1.56
2023,02,26,05,10,253,1.6,2.5,1015.4,9.8,1.62
2023,02,26,06,40,205,1.1,2.2,1015.4,9.8,1.59
2023,02,26,08,10,234,3.9,5.2,1015.6,9.7,1.55
2023,02,26,09,40,252,5.7,7.2,1015.5,9.9,1.57
2023,02,26,11,10,202,2.8,3.7,1015.5,9.8,1.32
2023,02,26,12,40,228,3.2,4.4,1015.6,9.7,1.39
2023,02,26,14,10,266,3.5,5.1,1016.2,9.7,1.49
2023,02,26,15,40,247,4.4,5.4,1017.0,9.7,1.45
2023,02,26,17,10,211,6.1,7.4,1017.7,9.7,1.44
2023,02,26,18,40,178,7.7,9.6,1017.8,9.7,1.39
2023,02,26,20,10,180,10.0,12.0,1016.9,9.7,1.55
2023,02,26,21,40,177,9.9,12.2,1015.8,9.7,1.69
2023,02,26,23,10,301,6.7,9.5,1016.2,9.7,1.87
2023,02,27,00,40,313,6.8,8.6,1016.6,9.8,1.67
2023,02,27,02,10,296,8.0,9.9,1016.9,9.7,1.69
2023,02,27,03,40,302,6.9,9.2,1017.3,9.7,1.72
2023,02,27,05,10,294,5.3,6.8,1017.7,9.7,1.76
2023,02,27,06,40,282,5.2,6.5,1017.9,9.6,1.74
2023,02,27,08,10,271,5.1,7.1,1017.9,9.6,1.74
2023,02,27,09,40,236,5.0,6.4,1017.4,9.6,1.73
2023,02,27,11,10,219,5.5,6.6,1016.6,9.6,1.84
2023,02,27,12,40,198,7.9,9.9,1015.4,9.5,2.04
2023,02,27,14,10,192,8.9,11.0,1013.9,9.5,2.73
2023,02,27,15,40,189,11.8,14.9,1012.6,9.5,2.83
2023,02,27,17,10,178,3.8,5.1,1012.4,9.5,2.66
2023,02,27,19,10,222,8.3,10.5,1013.0,9.5,3.01
2023,02,27,20,40,267,9.2,11.7,1012.9,9.5,2.87
2023,02,27,22,10,268,10.5,13.8,1012.8,9.5,3.13
2023,02,27,23,40,287,10.0,13.1,1013.6,9.6,3.02
2023,02,28,01,10,255,9.4,11.7,1014.1,9.5,3.05
2023,02,28,02,40,253,8.3,10.5,1014.4,9.5,2.94
2023,02,28,04,10,246,6.9,8.9,1015.3,9.5,2.92
2023,02,28,05,40,283,4.9,7.1,1016.0,9.5,3.13
2023,02,28,07,10,279,4.7,7.0,1016.5,9.5,3.15
2023,02,28,08,40,237,4.2,5.8,1016.4,9.5,3.76
2023,02,28,10,10,205,4.6,6.6,1015.9,9.5,4.26
2023,02,28,11,40,196,6.0,7.5,1014.9,9.5,4.81
2023,02,28,13,10,188,6.1,7.6,1014.2,9.4,4.23
2023,02,28,15,10,217,8.8,11.2,1013.2,9.4,4.33
2023,02,28,16,40,205,8.3,11.1,1013.4,9.5,3.64
2023,02,28,18,10,242,8.1,10.2,1013.6,9.5,3.62
2023,02,28,19,40,236,7.0,9.0,1013.4,9.5,3.28
2023,02,28,21,10,238,7.7,9.8,1012.2,9.5,2.97
2023,02,28,22,40,245,8.0,10.1,1010.7,9.5,3.32
2023,03,01,00,10,291,7.6,10.1,1010.0,9.5,3.20
2023,03,01,01,40,324,4.9,6.7,1009.8,9.5,3.09
2023,03,01,03,10,328,8.8,10.7,1009.9,9.5,2.66
2023,03,01,04,40,304,6.8,8.7,1009.6,9.5,3.06
2023,03,01,06,40,320,9.0,11.1,1009.4,9.5,2.96
2023,03,01,08,10,318,10.3,12.8,1009.4,9.5,3.12
2023,03,01,09,40,310,11.3,15.3,1009.6,9.5,3.27
2023,03,01,11,10,313,10.9,14.5,1009.2,9.4,3.49
2023,03,01,12,40,317,12.6,15.6,1009.5,9.4,3.61
2023,03,01,15,10,333,12.0,14.8,1011.9,9.4,3.26
2023,03,01,16,40,339,9.1,12.1,1013.6,9.4,3.53
2023,03,01,18,10,322,8.4,10.7,1014.5,9.4,3.19
2023,03,01,19,40,311,8.8,11.3,1015.7,9.5,3.57
2023,03,01,21,10,316,11.5,14.2,1015.3,9.6,3.43
2023,03,01,22,40,315,11.1,14.4,1016.0,9.6,3.59
2023,03,02,00,10,315,11.7,14.7,1016.3,9.6,3.87
2023,03,02,01,40,319,11.5,14.7,1017.2,9.5,3.39
2023,03,02,03,10,327,9.4,12.2,1018.0,9.5,3.70
2023,03,02,04,40,331,8.9,11.1,1018.6,9.5,3.41
2023,03,02,06,10,325,8.2,10.1,1019.9,9.5,3.33
2023,03,02,07,40,325,7.1,9.2,1020.2,9.6,3.01
2023,03,02,09,10,320,7.1,8.9,1020.5,9.5,2.78
2023,03,02,10,40,320,8.8,11.1,1020.5,9.5,3.20
2023,03,02,12,10,324,7.7,9.7,1020.2,9.5,2.83
2023,03,02,13,40,324,7.6,9.8,1021.2,9.5,2.61
2023,03,02,15,10,323,9.0,11.3,1022.2,9.5,2.69
2023,03,02,16,40,315,7.7,10.0,1022.5,9.5,2.66
2023,03,02,18,10,317,8.4,10.5,1023.0,9.5,2.42
2023,03,02,19,40,318,8.3,10.0,1022.9,9.6,2.58
2023,03,02,21,10,313,9.2,11.0,1022.4,9.6,2.40
2023,03,02,22,40,318,8.8,11.0,1021.4,9.7,2.43
2023,03,03,00,10,312,8.8,11.0,1021.2,9.7,2.38
2023,03,03,01,40,311,10.4,12.5,1021.0,9.7,2.35
2023,03,03,03,10,310,9.0,11.2,1021.3,9.7,2.40
2023,03,03,04,40,308,10.4,13.3,1020.9,9.7,2.84
2023,03,03,06,10,308,10.9,12.8,1021.1,9.6,2.50
2023,03,03,07,40,310,9.4,12.0,1021.5,9.6,2.10
2023,03,03,09,10,306,9.4,12.1,1021.2,9.6,2.13
2023,03,03,10,40,315,9.9,12.5,1021.0,9.6,2.02
2023,03,03,12,10,319,10.5,12.8,1020.4,9.6,2.12
2023,03,03,14,10,327,8.4,10.6,1020.0,9.6,2.09
2023,03,03,15,40,330,9.6,12.2,1020.3,9.7,2.21
2023,03,03,17,10,5,4.3,5.3,1020.5,9.7,2.24
2023,03,03,18,40,322,7.0,8.8,1020.0,9.8,2.13
2023,03,03,20,10,315,5.1,6.8,1019.6,9.9,2.35
2023,03,03,21,40,312,4.6,5.8,1018.1,9.9,2.16
2023,03,03,23,10,315,8.8,10.4,1017.6,9.9,2.20
2023,03,04,00,40,318,10.5,12.7,1016.9,9.8,2.52
2023,03,04,02,10,315,9.7,11.9,1016.6,9.7,2.78
2023,03,04,03,40,303,8.4,10.7,1016.4,9.6,2.93
2023,03,04,05,10,303,9.6,12.8,1016.2,9.6,2.86
2023,03,04,06,40,310,8.7,10.6,1015.4,9.6,2.55
2023,03,04,08,10,306,6.9,8.6,1015.3,9.6,2.51
2023,03,04,09,40,300,6.8,8.5,1014.8,9.6,2.40
2023,03,04,11,10,297,5.4,7.1,1014.0,9.6,2.58
2023,03,04,12,40,268,5.3,7.0,1013.2,9.6,2.41
2023,03,04,14,10,222,5.4,7.0,1012.6,9.6,2.66
2023,03,04,15,40,193,6.7,8.1,1012.4,9.6,2.36
2023,03,04,17,10,203,9.7,11.8,1011.9,9.6,2.49
2023,03,04,18,40,249,10.6,13.2,1012.6,9.6,2.49
2023,03,04,20,10,264,7.8,9.8,1012.5,9.5,2.78
2023,03,04,21,40,264,4.4,5.8,1012.5,9.5,2.81
2023,03,04,23,10,235,5.2,6.7,1012.4,9.6,2.73
2023,03,05,00,40,244,5.7,7.2,1012.4,9.6,2.47
2023,03,05,02,10,237,5.0,6.4,1012.5,9.5,2.42
2023,03,05,03,40,222,4.0,5.1,1012.3,9.5,2.46
2023,03,05,05,10,209,6.8,9.0,1011.8,9.5,2.46
2023,03,05,06,40,197,8.7,10.5,1011.5,9.4,2.59
2023,03,05,08,10,188,11.2,14.5,1010.0,9.4,2.97
2023,03,05,09,40,231,8.1,10.1,1011.0,9.4,3.20
2023,03,05,11,10,238,9.7,12.6,1010.8,9.4,3.46
2023,03,05,12,40,236,7.5,9.7,1011.7,9.4,3.90
2023,03,05,14,10,265,8.5,11.3,1013.1,9.4,3.67
2023,03,05,15,40,277,9.3,11.9,1014.0,9.4,3.67
2023,03,05,17,10,292,6.5,8.7,1015.7,9.4,3.59
2023,03,05,18,40,262,4.1,6.1,1017.1,9.5,3.23
2023,03,05,20,10,234,4.4,6.0,1017.6,9.6,3.43
2023,03,05,21,40,235,4.7,7.9,1017.5,9.6,3.41
2023,03,05,23,10,267,1.1,2.7,1017.6,9.8,3.10
2023,03,06,00,40,215,2.6,4.3,1017.8,9.9,3.18
2023,03,06,02,10,303,5.5,7.9,1018.2,9.8,3.40
2023,03,06,03,40,120,2.9,5.0,1018.7,9.7,3.63
2023,03,06,05,10,139,3.7,5.8,1019.0,9.6,3.71
2023,03,06,06,40,200,4.6,5.7,1019.4,9.6,3.81
2023,03,06,08,10,146,5.9,9.1,1019.8,9.6,3.69
2023,03,06,09,40,158,5.1,7.4,1020.1,9.6,3.86
2023,03,06,11,10,146,6.0,8.3,1019.8,9.5,3.51
2023,03,06,12,40,185,5.2,6.9,1019.9,9.5,3.60
2023,03,06,14,10,224,7.7,9.4,1020.0,9.5,3.35
2023,03,06,15,40,215,5.3,7.0,1021.1,9.5,3.37
2023,03,06,17,10,193,5.2,6.4,1021.9,9.5,3.26
2023,03,06,18,40,205,4.6,6.0,1022.4,9.6,2.71
2023,03,06,20,10,230,2.7,4.1,1022.5,9.7,2.40
2023,03,06,21,40,193,5.1,6.6,1022.0,9.8,2.85
2023,03,06,23,10,225,4.0,5.4,1021.9,9.9,2.66
2023,03,07,00,40,219,3.9,5.1,1021.6,9.9,2.60
2023,03,07,02,10,201,1.1,2.1,1021.5,9.8,2.23
2023,03,07,03,40,176,2.7,3.8,1021.5,9.8,2.45
2023,03,07,05,10,177,2.9,4.4,1022.0,9.8,2.46
2023,03,07,06,40,192,2.3,3.2,1022.2,9.6,2.71
2023,03,07,08,10,280,4.1,5.6,1022.3,9.6,2.54
2023,03,07,09,40,282,5.3,6.5,1022.7,9.6,2.31
2023,03,07,11,10,271,4.6,6.4,1022.6,9.6,2.51
2023,03,07,12,40,282,3.2,4.6,1022.6,9.6,2.08
2023,03,07,14,10,267,3.2,4.5,1023.1,9.6,1.81
2023,03,07,15,40,206,2.5,3.5,1023.5,9.6,1.77
2023,03,07,17,10,204,1.8,2.9,1024.1,9.7,1.93
2023,03,07,18,40,195,2.8,3.9,1024.2,9.8,1.94
2023,03,07,20,10,190,3.2,4.0,1023.9,9.9,1.73
2023,03,07,21,40,218,4.2,5.1,1023.1,10.0,1.88
2023,03,07,23,10,295,2.4,5.4,1022.7,10.1,1.87
2023,03,08,00,40,224,4.6,5.4,1021.7,10.1,1.75
2023,03,08,02,10,213,5.2,6.4,1021.3,9.9,1.69
2023,03,08,03,40,213,5.4,6.6,1020.9,9.7,1.75
2023,03,08,05,10,208,5.9,7.3,1020.8,9.7,1.71
2023,03,08,07,10,203,7.4,9.1,1020.4,9.8,1.59
2023,03,08,08,40,195,7.9,9.5,1019.9,9.7,1.61
2023,03,08,10,10,202,9.1,11.0,1019.5,9.7,1.77
2023,03,08,11,40,226,7.7,9.5,1018.9,9.7,1.74
2023,03,08,13,10,266,5.7,7.5,1019.5,9.7,1.63
2023,03,08,14,40,296,6.1,7.5,1020.4,9.7,1.67
2023,03,08,16,10,312,6.1,7.7,1021.7,9.7,1.73
2023,03,08,17,40,318,4.9,6.6,1022.8,9.7,1.59
2023,03,08,19,10,330,3.4,4.5,1023.8,9.8,1.60
2023,03,08,20,40,223,0.7,1.4,1023.2,10.3,1.58
2023,03,08,22,10,231,1.6,3.1,1022.7,10.6,1.71
2023,03,08,23,40,215,1.3,2.2,1022.4,10.9,1.59
2023,03,09,01,10,211,2.8,3.8,1021.7,10.8,1.59
2023,03,09,02,40,221,2.3,3.4,1022.2,10.6,1.57
2023,03,09,04,10,198,2.8,3.8,1022.2,10.6,1.43
2023,03,09,05,40,211,3.1,4.0,1022.6,10.4,1.42
2023,03,09,07,10,159,3.0,4.2,1021.8,10.2,1.26
2023,03,09,08,40,130,4.0,5.1,1021.6,10.2,1.33
2023,03,09,10,10,139,5.9,7.3,1020.9,10.1,1.16
2023,03,09,11,40,133,5.6,6.8,1020.1,9.9,1.30
2023,03,09,13,10,123,6.4,7.7,1019.0,9.9,1.18
2023,03,09,14,40,110,6.7,8.0,1017.9,9.9,1.11
2023,03,09,16,10,126,8.0,10.1,1016.8,9.8,1.03
2023,03,09,17,40,130,7.0,8.6,1016.2,9.8,1.13
2023,03,09,19,40,135,10.2,12.6,1014.4,9.8,1.37
2023,03,09,21,10,147,13.5,18.2,1012.1,9.7,1.76
2023,03,09,22,40,146,16.1,21.5,1009.6,9.7,2.51
2023,03,10,00,10,152,15.9,20.3,1007.8,9.7,3.60
2023,03,10,01,40,159,14.5,18.9,1007.3,9.7,3.52
2023,03,10,03,10,156,15.3,19.8,1006.5,9.7,4.16
2023,03,10,04,40,160,15.0,19.0,1005.8,9.7,4.52
2023,03,10,06,10,160,14.2,17.7,1005.5,9.7,4.19
2023,03,10,07,40,176,11.4,16.4,1005.1,9.7,4.18
2023,03,10,09,10,172,11.0,14.0,1005.4,9.7,3.80
2023,03,10,10,40,281,8.4,11.1,1006.4,9.7,3.57
2023,03,10,12,10,269,4.1,6.1,1009.2,9.7,2.93
2023,03,10,13,40,203,3.3,5.0,1009.5,9.7,2.85
2023,03,10,15,10,194,2.3,4.0,1009.6,9.7,2.80
2023,03,10,16,40,308,3.7,5.1,1012.0,9.7,2.54
2023,03,10,18,10,260,0.4,1.9,1012.1,9.7,2.68
2023,03,10,19,40,348,3.0,4.6,1011.9,9.8,2.27
2023,03,10,21,10,326,2.2,3.5,1012.3,10.0,2.18
2023,03,10,22,40,308,3.3,4.4,1012.3,10.3,2.23
2023,03,11,00,40,294,4.4,5.9,1012.9,10.2,2.23
2023,03,11,02,10,335,3.0,4.4,1012.7,10.2,2.37
2023,03,11,03,40,342,3.7,5.5,1013.0,10.1,2.22
2023,03,11,05,10,341,5.5,7.2,1014.0,10.1,1.99
2023,03,11,06,40,329,5.0,6.3,1014.5,10.2,2.26
2023,03,11,08,40,343,3.4,5.0,1014.9,10.2,1.96
2023,03,11,10,10,355,2.4,3.5,1014.8,10.1,1.90
2023,03,11,11,40,31,1.0,2.1,1014.4,10.1,1.87
2023,03,11,13,10,277,0.4,1.2,1014.5,10.1,1.91
2023,03,11,14,40,90,1.9,3.3,1014.6,10.1,1.95
2023,03,11,16,10,102,3.3,4.6,1015.0,10.1,2.02
2023,03,11,17,40,136,3.8,4.9,1015.4,10.2,2.07
2023,03,11,19,10,172,4.0,5.4,1015.9,10.3,1.74
2023,03,11,20,40,176,5.9,7.5,1015.4,10.5,2.14
2023,03,11,22,10,184,5.9,7.4,1015.3,10.5,2.06
2023,03,12,00,10,205,5.3,6.5,1015.6,10.5,1.99
2023,03,12,02,10,211,4.5,5.6,1016.2,10.5,1.84
2023,03,12,03,40,211,5.5,6.6,1016.6,10.5,1.71
2023,03,12,05,10,169,3.3,4.1,1017.6,10.5,1.52
2023,03,12,06,40,151,5.5,6.7,1018.0,10.5,1.53
2023,03,12,08,10,161,6.1,7.3,1018.1,10.4,1.45
2023,03,12,09,40,164,6.8,8.4,1018.3,10.4,1.41
2023,03,12,11,10,152,7.2,8.5,1017.4,10.4,1.39
2023,03,12,12,40,168,9.3,11.3,1017.1,10.4,1.51
2023,03,12,14,10,167,7.9,10.8,1017.4,10.4,1.58
2023,03,12,15,40,161,6.0,7.2,1017.9,10.3,1.76
2023,03,12,17,10,178,8.4,10.7,1018.5,10.3,1.67
2023,03,12,18,40,176,7.8,9.6,1018.7,10.3,1.73
2023,03,12,20,10,173,7.7,9.1,1018.7,10.3,1.92
2023,03,12,21,40,170,7.7,9.4,1017.9,10.3,1.80
2023,03,12,23,10,181,7.9,10.3,1017.7,10.3,1.91
2023,03,13,00,40,181,7.2,8.9,1017.5,10.3,1.94
2023,03,13,02,10,178,7.1,9.0,1017.7,10.3,2.00
2023,03,13,03,40,181,6.3,7.7,1018.4,10.3,2.02
2023,03,13,05,10,173,6.6,8.2,1018.8,10.3,1.78
2023,03,13,06,40,172,5.0,5.9,1019.4,10.3,1.88
2023,03,13,08,10,176,5.5,6.6,1019.5,10.3,1.75
2023,03,13,09,40,162,5.5,6.5,1019.6,10.3,1.82
2023,03,13,11,10,167,4.8,5.6,1019.2,10.3,2.05
2023,03,13,12,40,167,5.4,6.3,1019.1,10.4,2.14
2023,03,13,14,10,163,5.5,6.4,1019.5,10.4,2.10
2023,03,13,15,40,170,5.8,7.6,1019.9,10.4,1.90
2023,03,13,17,10,164,6.4,7.9,1020.1,10.4,2.11
2023,03,13,18,40,161,7.3,8.7,1020.0,10.5,1.92
2023,03,13,20,40,165,7.8,9.5,1019.0,10.6,1.85
2023,03,13,22,10,167,6.9,8.2,1017.8,10.6,1.79
2023,03,13,23,40,167,5.1,6.1,1017.4,10.7,1.78
2023,03,14,01,10,170,5.8,6.9,1016.9,10.7,1.79
2023,03,14,02,40,166,5.2,6.3,1016.3,10.6,1.66
2023,03,14,04,10,150,4.6,5.8,1016.2,10.6,1.68
2023,03,14,05,40,153,6.0,7.6,1015.4,10.6,1.91
2023,03,14,07,10,144,7.2,9.4,1013.8,10.6,1.77
2023,03,14,08,40,148,7.6,9.6,1012.4,10.6,1.76
2023,03,14,10,10,149,9.5,12.5,1010.8,10.6,1.79
2023,03,14,11,40,146,10.0,12.3,1008.4,10.5,1.98
2023,03,14,13,10,129,7.9,11.5,1005.8,10.5,1.89
2023,03,14,14,40,144,14.4,18.4,1002.8,10.4,2.22
2023,03,14,16,10,153,15.1,20.9,1001.9,10.4,3.19
2023,03,14,17,40,154,15.9,19.8,1001.3,10.4,3.33
2023,03,14,19,10,167,14.0,17.7,1001.4,10.4,3.94
2023,03,14,20,40,183,10.8,13.3,1003.1,10.4,3.89
2023,03,14,22,10,233,10.1,12.6,1005.7,10.3,3.69
2023,03,14,23,40,279,8.4,11.2,1007.9,10.4,3.31
2023,03,15,01,10,298,8.2,11.5,1009.7,10.4,2.99
2023,03,15,02,40,296,7.6,10.3,1011.4,10.4,2.74
2023,03,15,04,10,304,9.0,11.8,1012.6,10.4,2.91
2023,03,15,05,40,314,10.2,12.8,1013.8,10.4,3.28
2023,03,15,07,10,313,10.7,13.2,1014.5,10.4,3.04
2023,03,15,08,40,307,9.3,12.0,1015.2,10.4,2.79
2023,03,15,10,10,314,11.0,15.0,1015.6,10.4,2.93
2023,03,15,11,40,319,12.2,16.2,1014.9,10.3,2.82
2023,03,15,13,10,331,9.6,11.5,1015.5,10.4,3.02
2023,03,15,14,40,335,8.0,10.7,1016.2,10.4,2.73
2023,03,15,16,10,338,5.1,6.8,1017.3,10.4,2.54
2023,03,15,17,40,336,4.7,6.4,1018.1,10.5,2.46
2023,03,15,19,10,326,7.4,9.1,1018.3,10.7,2.14
2023,03,15,20,40,317,7.4,9.0,1017.9,10.9,1.99
2023,03,15,22,10,303,8.1,9.5,1017.3,11.0,2.00
2023,03,15,23,40,311,7.2,8.7,1017.3,11.0,1.79
2023,03,16,01,10,308,7.7,9.7,1017.3,11.0,1.82
2023,03,16,02,40,310,8.5,10.6,1017.0,11.0,1.87
2023,03,16,04,10,333,6.3,7.9,1017.0,11.0,1.78
2023,03,16,05,40,303,5.8,6.9,1017.3,10.9,1.83
2023,03,16,07,10,303,5.0,6.4,1017.9,10.9,1.77
2023,03,16,08,40,304,5.3,6.4,1017.7,10.8,1.68
2023,03,16,10,10,298,5.1,6.0,1018.4,10.9,1.68
2023,03,16,11,40,325,4.5,6.3,1018.2,10.9,1.62
2023,03,16,13,10,309,4.3,6.1,1018.6,10.9,1.63
2023,03,16,14,40,339,4.5,6.6,1019.2,10.8,1.63
2023,03,16,16,10,347,2.8,5.0,1019.5,10.9,1.62
2023,03,16,17,40,337,1.5,2.9,1020.2,10.9,1.47
2023,03,16,19,10,295,3.0,4.1,1020.6,11.0,1.44
2023,03,16,20,40,292,5.2,6.3,1020.2,11.5,1.54
2023,03,16,22,10,299,6.4,8.2,1019.3,11.9,1.52
2023,03,16,23,40,309,6.7,8.4,1018.9,11.7,1.60
2023,03,17,01,40,321,6.8,8.4,1018.6,12.0,1.73
2023,03,17,03,10,323,7.0,8.5,1018.2,12.0,1.73
2023,03,17,04,40,332,6.1,7.4,1018.9,11.5,1.65
2023,03,17,06,10,326,3.4,4.5,1019.5,11.3,1.52
2023,03,17,07,40,310,4.2,5.1,1019.8,11.2,1.74
2023,03,17,09,10,303,4.4,5.7,1019.6,11.1,1.62
2023,03,17,10,40,319,4.2,5.5,1019.5,11.1,1.54
2023,03,17,12,10,324,4.0,5.4,1019.2,11.0,1.65
2023,03,17,13,40,343,4.9,6.0,1019.6,10.9,1.28
2023,03,17,15,10,331,3.9,5.3,1019.9,10.8,1.34
2023,03,17,16,40,333,3.8,5.0,1020.6,10.9,1.22
2023,03,17,18,10,8,4.1,5.2,1020.6,11.1,1.10
2023,03,17,19,40,322,3.0,3.7,1020.2,11.4,1.01
2023,03,17,21,10,302,4.1,4.8,1019.5,11.3,0.95
2023,03,17,22,40,291,6.2,7.9,1018.5,11.7,1.05
2023,03,18,00,10,318,7.4,8.9,1018.4,11.6,1.14
2023,03,18,01,40,326,5.0,6.3,1018.2,12.0,1.08
2023,03,18,03,10,313,7.6,9.2,1019.1,11.9,0.99
2023,03,18,04,40,337,6.2,7.9,1019.1,11.7,1.12
2023,03,18,06,10,327,5.0,6.2,1019.2,11.6,0.99
2023,03,18,07,40,325,4.7,5.8,1019.1,11.5,0.92
2023,03,18,09,10,46,2.3,3.1,1017.6,11.4,0.93
2023,03,18,10,40,88,3.5,4.3,1017.6,11.4,0.84
2023,03,18,12,10,71,5.2,6.2,1017.3,11.3,0.76
2023,03,18,13,40,79,7.2,8.9,1016.7,11.1,0.78
2023,03,18,15,10,80,6.9,8.3,1016.6,11.2,0.74
2023,03,18,16,40,80,6.1,7.2,1016.7,11.1,0.70
2023,03,18,18,10,91,4.3,7.9,1017.2,11.3,0.66
2023,03,18,19,40,98,4.7,6.3,1017.1,11.3,0.62
2023,03,18,21,10,112,3.7,4.7,1015.6,11.4,0.54
2023,03,18,22,40,100,4.6,5.4,1014.6,11.6,0.49
2023,03,19,00,10,156,5.9,7.1,1014.6,11.6,0.52
2023,03,19,01,40,143,7.4,8.9,1013.1,11.5,0.70
2023,03,19,03,10,185,8.5,10.1,1013.2,11.5,0.90
2023,03,19,04,40,167,7.8,9.9,1012.9,11.6,0.92
2023,03,19,06,10,160,7.3,9.3,1013.1,11.5,0.83
2023,03,19,07,40,155,10.2,13.6,1012.8,11.5,1.28
2023,03,19,09,10,147,10.7,13.6,1011.2,11.4,1.47
2023,03,19,10,40,139,8.3,10.5,1010.4,11.3,1.76
2023,03,19,12,10,155,10.8,13.6,1009.2,11.2,2.19
2023,03,19,13,40,150,12.0,15.3,1009.0,11.1,2.45
2023,03,19,15,10,161,13.1,16.2,1008.8,11.0,3.26
2023,03,19,16,40,164,11.2,14.4,1009.3,11.0,2.90
2023,03,19,18,10,152,12.1,15.8,1009.5,11.0,3.04
2023,03,19,19,40,169,13.0,18.3,1009.7,11.0,3.04
2023,03,19,21,10,165,9.8,13.2,1009.6,11.0,2.93
2023,03,19,22,40,235,5.0,6.7,1010.0,11.0,2.49
2023,03,20,00,10,267,6.1,8.2,1010.9,11.1,2.29
2023,03,20,01,40,288,7.6,9.3,1011.0,11.0,1.79
2023,03,20,03,10,291,5.0,6.2,1011.8,11.0,1.59
2023,03,20,04,40,269,6.0,7.3,1012.8,11.0,1.49
2023,03,20,06,10,274,7.3,8.7,1013.3,11.0,1.50
2023,03,20,07,40,280,6.9,8.3,1014.2,11.0,1.74
2023,03,20,09,10,292,7.4,9.5,1014.5,11.0,1.69
2023,03,20,10,40,303,6.9,8.9,1014.3,11.0,2.03
2023,03,20,12,10,314,7.4,9.5,1013.7,11.0,2.13
2023,03,20,13,40,302,5.4,7.0,1014.5,10.9,2.01
2023,03,20,15,10,319,5.1,8.0,1014.9,10.9,1.88
2023,03,20,16,40,281,4.1,5.9,1015.9,10.9,2.02
2023,03,20,18,10,303,3.9,6.2,1015.8,10.9,1.74
2023,03,20,19,40,339,1.9,2.8,1015.0,11.3,1.71
2023,03,20,21,10,260,2.8,4.2,1014.7,11.6,1.79
2023,03,20,22,40,246,1.9,3.2,1013.7,11.8,1.60
2023,03,21,00,10,292,3.0,4.5,1012.1,11.9,1.65
2023,03,21,01,40,284,0.9,1.9,1010.5,11.4,1.70
2023,03,21,03,10,201,1.3,2.1,1009.9,11.2,1.65
2023,03,21,04,40,218,1.5,2.2,1009.1,11.0,1.84
2023,03,21,06,10,126,1.7,2.9,1008.1,10.9,1.81
2023,03,21,07,40,126,2.8,4.6,1006.4,10.9,1.96
2023,03,21,09,40,89,4.6,5.9,1003.9,11.7,1.78
2023,03,21,11,10,74,7.7,11.0,1001.6,11.4,1.79
2023,03,21,12,40,71,6.5,8.2,999.2,11.3,1.54
2023,03,21,14,10,65,7.2,9.8,997.0,11.3,1.35
2023,03,21,15,40,58,9.3,13.0,994.9,11.2,1.44
2023,03,21,17,10,44,11.5,13.8,992.4,11.3,1.44
2023,03,21,18,40,55,12.4,15.0,990.5,11.3,1.51
2023,03,21,20,10,79,11.0,13.7,989.6,11.3,1.79
2023,03,21,21,40,76,11.8,15.3,988.7,11.3,3.05
2023,03,21,23,10,44,9.1,12.7,988.7,11.4,2.70
2023,03,22,00,40,294,7.1,10.1,991.3,11.4,2.54
2023,03,22,02,10,286,7.0,8.6,993.9,11.3,2.22
2023,03,22,03,40,239,6.5,7.8,996.2,11.2,2.21
2023,03,22,05,10,206,5.5,7.1,998.2,11.1,1.98
2023,03,22,06,40,220,8.6,10.8,999.5,11.0,1.96
2023,03,22,08,40,187,6.5,7.9,1001.4,11.0,1.91
2023,03,22,10,10,166,5.7,6.8,1002.5,11.0,1.77
2023,03,22,11,40,131,8.4,10.3,1003.2,11.0,1.98
2023,03,22,13,10,123,8.7,11.1,1004.9,11.1,2.30
2023,03,22,14,40,89,8.3,10.3,1006.8,11.1,2.39
2023,03,22,16,10,89,6.8,8.9,1009.6,11.1,2.61
2023,03,22,17,40,65,6.2,8.5,1011.7,11.1,2.74
2023,03,22,19,10,49,4.9,7.1,1013.4,11.3,2.98
2023,03,22,20,40,28,2.4,4.2,1014.7,11.5,3.82
2023,03,22,22,10,324,6.4,8.6,1015.3,11.6,3.45
2023,03,22,23,40,308,5.6,8.2,1016.4,11.5,3.69
2023,03,23,01,10,321,7.8,9.6,1017.4,11.4,3.37
2023,03,23,02,40,314,8.7,11.0,1018.0,11.3,3.29
2023,03,23,04,10,306,9.2,12.2,1019.2,11.2,3.33
2023,03,23,05,40,307,9.5,11.7,1020.1,11.1,2.99
2023,03,23,07,10,308,10.8,13.2,1020.9,11.1,3.00
2023,03,23,08,40,310,10.1,12.5,1021.4,11.3,3.03
2023,03,23,10,10,306,10.3,12.5,1022.0,11.3,3.00
2023,03,23,11,40,303,9.3,12.2,1022.5,11.2,2.76
2023,03,23,13,40,311,8.9,12.3,1023.7,11.2,2.25
2023,03,23,15,10,295,9.1,11.5,1024.7,11.2,2.55
2023,03,23,16,40,300,9.4,11.3,1025.7,11.2,2.25
2023,03,23,18,10,293,9.0,11.2,1026.8,11.3,2.40
2023,03,23,19,40,293,8.3,10.6,1027.2,11.5,2.47
2023,03,23,21,10,295,7.3,9.6,1026.8,11.6,2.16
2023,03,23,22,40,291,7.8,9.4,1027.0,11.6,2.32
2023,03,24,00,10,290,7.0,8.6,1027.1,11.5,1.99
2023,03,24,01,40,266,8.3,10.1,1026.7,11.5,2.14
2023,03,24,03,10,303,10.3,12.7,1026.8,11.5,1.82
2023,03,24,04,40,304,10.0,12.6,1028.1,11.5,1.91
2023,03,24,06,10,311,10.4,12.8,1029.1,11.4,2.01
2023,03,24,07,40,316,10.7,13.8,1029.7,11.4,2.30
2023,03,24,09,10,322,9.9,14.1,1030.2,11.3,2.46
2023,03,24,10,40,320,9.8,12.0,1030.4,11.3,2.15
2023,03,24,12,10,324,10.3,12.4,1030.4,11.2,1.99
2023,03,24,13,40,327,9.5,12.3,1031.0,11.1,2.08
2023,03,24,15,10,327,9.3,11.9,1031.8,11.1,1.84
2023,03,24,16,40,322,9.8,12.0,1032.2,11.1,1.73
2023,03,24,18,10,314,10.8,13.4,1032.5,11.1,1.83
2023,03,24,19,40,317,11.1,13.8,1032.5,11.1,1.98
2023,03,24,21,10,312,11.1,13.8,1031.7,11.1,2.27
2023,03,24,22,40,310,12.2,15.3,1031.4,11.1,2.37
2023,03,25,00,10,303,11.2,14.9,1031.3,11.1,2.66
2023,03,25,01,40,310,12.2,15.1,1030.8,11.1,2.71
2023,03,25,03,10,307,12.2,15.4,1030.2,11.0,2.79
2023,03,25,04,40,314,13.0,16.7,1030.4,11.0,2.99
2023,03,25,06,10,308,12.5,15.7,1030.2,10.9,3.06
2023,03,25,07,40,315,11.2,13.9,1029.6,10.8,3.08
2023,03,25,09,10,323,12.5,15.2,1029.1,10.8,3.13
2023,03,25,10,40,318,12.8,16.1,1028.4,10.7,2.97
2023,03,25,12,10,330,11.7,14.7,1028.4,10.7,3.00
2023,03,25,13,40,327,10.8,14.0,1028.4,10.7,3.02
2023,03,25,15,10,329,10.1,12.5,1028.7,10.6,2.95
2023,03,25,16,40,332,8.4,10.9,1028.8,10.6,2.90
2023,03,25,18,10,329,7.1,8.8,1028.4,10.7,2.55
2023,03,25,19,40,309,8.0,9.6,1028.1,10.7,2.56
2023,03,25,21,10,321,10.8,13.4,1027.4,11.3,3.01
2023,03,25,22,40,313,11.7,15.0,1026.3,11.2,3.20
2023,03,26,00,10,315,13.5,17.2,1025.4,10.9,3.36
2023,03,26,01,40,313,14.2,18.0,1025.1,10.6,3.52
2023,03,26,03,10,311,14.9,19.2,1025.2,10.6,2.93
2023,03,26,04,40,317,12.9,16.9,1025.7,10.6,3.27
2023,03,26,06,10,311,12.8,16.5,1026.0,10.6,2.99
2023,03,26,07,40,311,12.3,15.3,1026.0,10.5,2.83
2023,03,26,09,10,312,12.5,15.8,1025.7,10.5,2.60
2023,03,26,10,40,316,12.3,15.2,1025.8,10.4,2.74
2023,03,26,12,10,317,12.0,14.3,1025.5,10.4,2.72
2023,03,26,13,40,328,10.7,12.9,1025.8,10.3,2.36
2023,03,26,15,10,328,9.7,12.4,1026.6,10.2,2.14
2023,03,26,16,40,336,7.5,9.5,1027.3,10.2,1.99
2023,03,26,18,10,318,7.1,9.0,1027.5,10.3,1.87
2023,03,26,19,40,308,7.4,9.1,1027.4,10.4,1.85
2023,03,26,21,10,313,7.1,8.6,1026.8,11.4,1.82
2023,03,26,22,40,316,7.9,9.8,1026.3,11.4,1.78
2023,03,27,00,10,318,9.4,11.0,1025.8,10.9,1.90
2023,03,27,01,40,323,10.0,12.0,1025.5,10.8,1.83
2023,03,27,03,10,317,9.2,11.0,1025.6,10.6,1.89
2023,03,27,04,40,320,9.2,11.7,1025.8,10.4,1.93
2023,03,27,06,10,318,8.1,9.8,1026.0,10.3,1.74
2023,03,27,07,40,319,7.9,9.3,1025.8,10.3,1.86
2023,03,27,09,10,322,5.6,7.1,1025.4,10.2,1.65
2023,03,27,10,40,316,5.2,6.3,1025.0,10.2,1.49
2023,03,27,12,10,329,4.9,6.1,1024.6,10.1,1.51
2023,03,27,13,40,357,3.0,4.3,1024.6,10.5,1.40
2023,03,27,15,10,25,1.5,2.3,1024.7,10.5,1.22
2023,03,27,16,40,76,2.2,3.9,1024.5,10.5,1.22
2023,03,27,18,10,129,2.7,3.7,1024.4,10.6,1.01
2023,03,27,19,40,220,1.5,2.4,1023.9,11.0,1.08
2023,03,27,21,10,257,3.1,3.8,1023.0,11.4,0.89
2023,03,27,22,40,244,3.6,4.4,1022.2,11.0,0.74
2023,03,28,00,10,216,3.6,4.5,1021.7,10.7,0.77
2023,03,28,01,40,218,4.7,5.9,1021.3,10.5,0.78
2023,03,28,03,10,206,4.6,5.8,1021.1,10.5,0.83
2023,03,28,04,40,171,6.1,7.2,1020.6,10.4,0.79
2023,03,28,06,10,165,8.0,10.0,1019.6,10.3,0.87
2023,03,28,07,40,166,8.9,11.0,1019.0,10.2,1.01
2023,03,28,09,10,163,9.7,12.1,1017.9,10.2,1.32
2023,03,28,10,40,162,11.4,14.2,1015.8,10.2,1.75
2023,03,28,12,10,160,12.6,15.4,1014.0,10.2,2.37
2023,03,28,13,40,162,13.5,16.6,1012.7,10.1,2.91
2023,03,28,15,10,165,14.4,19.5,1011.3,10.1,3.20
2023,03,28,16,40,167,14.5,18.8,1010.8,10.1,4.04
2023,03,28,18,10,308,8.5,13.1,1012.9,10.1,3.97
2023,03,28,19,40,291,3.5,5.4,1013.7,10.1,3.58
2023,03,28,21,10,163,4.6,6.4,1012.9,10.1,3.26
2023,03,28,22,40,187,5.4,7.0,1012.9,10.2,2.77
2023,03,29,00,10,189,6.5,8.4,1011.8,10.3,2.75
2023,03,29,01,40,212,2.2,4.1,1011.8,10.3,2.33
2023,03,29,03,10,197,5.5,6.9,1011.3,10.3,2.48
2023,03,29,04,40,197,5.0,7.2,1011.4,10.2,2.24
2023,03,29,06,10,213,6.8,8.4,1011.6,10.2,2.66
2023,03,29,07,40,213,5.8,7.4,1011.0,10.1,3.12
2023,03,29,09,10,213,7.6,10.1,1010.7,10.1,3.82
2023,03,29,10,40,192,7.7,10.6,1010.0,10.2,4.52
2023,03,29,12,10,205,5.8,7.0,1009.4,10.2,3.77
2023,03,29,14,10,215,4.7,6.0,1009.7,10.2,3.08
2023,03,29,15,40,208,3.8,5.1,1009.6,10.2,2.99
2023,03,29,17,10,282,1.3,3.3,1009.6,10.2,2.86
2023,03,29,19,10,116,3.5,6.4,1009.4,10.4,2.98
2023,03,29,21,10,181,6.2,8.6,1008.8,10.2,2.62
2023,03,29,22,40,168,4.7,6.5,1008.5,10.3,2.61
2023,03,30,00,10,202,3.9,5.0,1008.2,10.4,2.71
2023,03,30,01,40,124,3.1,4.8,1008.6,10.5,2.59
2023,03,30,03,10,93,3.5,5.7,1009.0,10.4,2.68
2023,03,30,04,40,70,5.9,8.4,1010.7,10.3,2.93
2023,03,30,06,40,65,3.4,5.5,1011.5,10.3,2.95
2023,03,30,08,10,19,2.3,3.3,1012.6,10.3,2.63
2023,03,30,09,40,286,0.4,1.5,1013.0,10.3,2.54
2023,03,30,11,10,312,2.5,4.0,1013.2,10.3,2.22
2023,03,30,12,40,354,1.7,2.7,1013.5,10.4,2.09
2023,03,30,14,10,4,2.7,4.2,1014.2,10.4,1.50
2023,03,30,15,40,4,1.2,2.0,1015.5,10.4,1.46
2023,03,30,17,10,255,1.2,2.0,1016.5,10.5,1.48
2023,03,30,18,40,240,2.6,3.5,1017.5,10.7,1.52
2023,03,30,20,10,291,5.6,6.8,1018.1,10.7,1.66
2023,03,30,21,40,301,5.9,7.3,1018.6,10.8,1.84
2023,03,30,23,10,294,6.6,8.2,1018.6,10.7,1.97
2023,03,31,00,40,294,5.4,7.3,1018.8,10.7,2.06
2023,03,31,02,10,288,5.1,6.5,1018.9,10.7,1.88
2023,03,31,03,40,284,6.0,7.5,1019.8,10.8,1.84
2023,03,31,05,10,279,4.6,5.7,1020.9,10.7,1.63
2023,03,31,06,40,278,4.4,5.3,1021.1,10.7,1.52
2023,03,31,08,10,276,3.8,4.8,1021.6,10.7,1.38
2023,03,31,09,40,257,2.8,3.9,1022.1,10.6,1.36
2023,03,31,11,10,224,2.3,3.0,1022.3,10.5,1.26
2023,03,31,12,40,222,3.4,4.0,1022.6,10.6,1.15
2023,03,31,14,10,291,2.3,3.1,1023.3,10.7,1.12
2023,03,31,15,40,314,1.3,2.2,1024.4,10.7,1.15
2023,03,31,17,10,304,1.5,2.2,1025.2,10.7,1.15
2023,03,31,18,40,12,0.7,1.6,1026.1,10.8,1.23
2023,03,31,20,10,157,1.6,2.9,1025.7,10.7,1.18
2023,03,31,21,40,190,2.5,3.4,1025.7,10.9,1.03
2023,03,31,23,10,255,4.3,5.3,1025.7,11.5,0.93
2023,04,01,00,40,269,4.2,5.3,1025.2,11.2,1.00
2023,04,01,02,10,278,3.6,4.5,1025.1,11.3,0.97
2023,04,01,03,40,294,2.8,3.7,1025.2,12.4,0.97
2023,04,01,05,10,290,3.0,4.3,1025.4,11.7,0.85
2023,04,01,06,40,285,1.9,2.6,1025.3,11.3,0.78
2023,04,01,08,10,283,1.9,2.7,1025.5,11.2,0.72
2023,04,01,09,40,260,1.6,2.1,1025.0,11.0,0.70
2023,04,01,11,10,242,0.5,0.8,1024.3,11.0,0.66
2023,04,01,12,40,186,1.5,1.9,1024.1,10.8,0.71
2023,04,01,14,10,144,1.3,1.7,1024.5,10.8,0.75
2023,04,01,15,40,180,1.7,2.1,1025.1,10.8,0.69
2023,04,01,17,10,182,1.8,2.3,1025.7,10.9,0.71
2023,04,01,19,10,184,2.8,3.4,1025.9,11.1,0.65
2023,04,01,21,10,196,2.8,3.5,1025.4,11.4,0.62
2023,04,01,22,40,198,3.4,4.2,1024.7,11.7,0.64
2023,04,02,00,10,232,4.4,5.2,1024.0,12.0,0.64
2023,04,02,01,40,232,3.1,3.7,1023.3,11.9,0.65
2023,04,02,03,10,246,4.5,5.6,1023.0,11.9,0.65
2023,04,02,04,40,255,3.2,4.5,1023.6,12.1,0.67
2023,04,02,06,10,249,4.1,5.1,1023.3,12.1,0.63
2023,04,02,07,40,317,6.4,7.5,1022.9,12.0,0.74
2023,04,02,09,10,314,7.5,9.0,1022.6,11.7,0.84
2023,04,02,10,40,310,6.5,7.6,1022.2,11.6,0.97
2023,04,02,12,10,307,7.2,8.5,1022.0,11.5,1.03
2023,04,02,13,40,307,7.9,9.4,1022.4,11.4,0.96
2023,04,02,15,10,308,7.7,9.0,1022.6,11.5,1.07
2023,04,02,16,40,310,6.0,7.6,1023.0,11.3,1.05
2023,04,02,18,10,305,5.6,7.2,1023.1,11.3,1.11
2023,04,02,19,40,288,6.4,7.8,1022.7,11.6,1.18
2023,04,02,21,10,293,7.6,9.6,1022.2,11.7,1.31
2023,04,02,22,40,295,9.2,11.8,1021.1,11.9,1.51
2023,04,03,00,10,293,8.5,10.5,1020.6,11.9,1.68
2023,04,03,01,40,291,8.7,10.6,1019.9,11.9,1.84
2023,04,03,03,10,304,9.0,11.5,1019.6,11.8,1.90
2023,04,03,04,40,308,9.4,11.5,1020.2,11.7,1.98
2023,04,03,06,10,314,9.4,12.2,1020.2,11.8,1.93
2023,04,03,07,40,313,11.5,15.1,1020.1,11.8,2.19
2023,04,03,09,10,312,11.7,16.0,1020.6,11.7,2.34
2023,04,03,10,40,317,12.3,15.4,1020.3,11.5,2.32
2023,04,03,12,10,321,12.2,15.4,1020.5,11.2,2.53
2023,04,03,13,40,322,11.0,13.7,1020.9,11.0,2.56
2023,04,03,15,10,319,11.5,14.3,1021.5,10.7,2.42
2023,04,03,16,40,316,12.3,14.9,1022.1,10.6,2.50
2023,04,03,18,10,319,11.8,15.4,1023.2,10.5,2.71
2023,04,03,19,40,305,12.3,15.7,1023.0,10.4,2.82
2023,04,03,21,10,303,13.7,16.9,1022.5,10.3,2.93
2023,04,03,22,40,303,14.2,17.7,1022.3,10.3,2.94
2023,04,04,00,10,302,12.9,17.4,1022.2,10.2,2.92
2023,04,04,01,40,306,13.0,17.0,1022.2,10.1,2.61
2023,04,04,03,10,316,13.1,16.5,1022.3,10.0,2.79
2023,04,04,04,40,316,13.6,16.4,1022.7,9.9,2.59
2023,04,04,06,10,315,12.1,15.7,1023.1,9.9,2.60
2023,04,04,07,40,322,11.3,14.1,1023.6,9.9,2.54
2023,04,04,09,10,321,11.9,14.7,1023.6,9.9,2.47
2023,04,04,10,40,319,11.2,13.9,1023.4,9.9,2.23
2023,04,04,12,10,326,11.4,14.4,1023.3,9.8,2.27
2023,04,04,13,40,328,10.5,13.2,1023.6,9.8,2.17
2023,04,04,15,10,321,10.6,13.0,1024.3,9.7,2.10
2023,04,04,16,40,329,10.5,13.3,1024.8,9.7,2.08
2023,04,04,18,10,315,10.1,12.2,1025.4,9.8,2.12
2023,04,04,19,40,316,8.8,10.8,1025.6,9.8,1.83
2023,04,04,21,10,313,8.6,11.1,1025.6,9.8,2.03
2023,04,04,22,40,308,9.8,12.2,1025.1,9.9,2.03
2023,04,05,00,10,301,11.0,13.9,1024.3,9.9,1.92
2023,04,05,01,40,305,9.9,12.2,1024.4,9.8,1.92
2023,04,05,03,10,317,9.7,12.3,1024.2,9.8,1.86
2023,04,05,04,40,310,10.8,13.1,1024.3,9.8,1.89
2023,04,05,06,10,315,9.6,12.2,1024.1,9.7,1.63
2023,04,05,07,40,313,9.6,12.1,1024.4,9.7,1.74
2023,04,05,09,10,317,9.5,11.5,1024.2,9.6,1.78
2023,04,05,10,40,316,9.5,11.8,1023.5,9.6,1.73
2023,04,05,12,10,317,9.0,10.6,1023.5,9.5,1.63
2023,04,05,13,40,321,7.9,9.8,1023.7,9.5,1.61
2023,04,05,15,10,333,5.2,6.5,1024.5,9.6,1.48
2023,04,05,16,40,320,6.8,8.7,1024.7,9.7,1.38
2023,04,05,18,10,315,6.2,7.8,1024.9,9.6,1.29
2023,04,05,19,40,308,6.2,7.5,1025.2,9.7,1.17
2023,04,05,21,10,302,6.9,8.4,1024.9,9.9,1.02
2023,04,05,22,40,303,6.8,8.1,1024.6,10.0,1.08
2023,04,06,00,10,305,6.7,8.4,1023.9,9.8,1.03
2023,04,06,01,40,310,6.7,8.4,1023.3,9.7,1.15
2023,04,06,03,10,315,6.7,8.1,1023.0,9.7,1.09
2023,04,06,04,40,310,6.2,7.3,1023.1,9.7,1.05
2023,04,06,06,10,302,5.3,6.5,1023.3,9.7,0.95
2023,04,06,07,40,304,4.3,5.1,1023.1,9.7,0.89
2023,04,06,09,10,307,3.7,4.4,1023.0,9.7,0.85
2023,04,06,10,40,318,1.7,2.4,1022.0,10.1,0.81
2023,04,06,12,10,298,1.5,2.0,1021.7,10.0,0.76
2023,04,06,13,40,264,1.6,2.1,1022.2,10.0,0.71
2023,04,06,15,10,228,1.1,1.5,1022.5,9.9,0.64
2023,04,06,16,40,124,3.5,4.3,1021.7,10.0,0.59
2023,04,06,18,10,176,0.9,1.4,1022.0,10.2,0.55
2023,04,06,19,40,243,2.7,3.5,1021.7,10.5,0.50
2023,04,06,21,10,251,3.2,3.8,1021.0,10.2,0.51
2023,04,06,22,40,253,2.0,2.5,1020.1,10.2,0.49
2023,04,07,00,10,206,1.6,2.0,1018.9,10.4,0.47
2023,04,07,01,40,173,2.4,3.1,1018.5,10.4,0.56
2023,04,07,03,10,171,3.2,3.9,1018.3,10.3,0.66
2023,04,07,04,40,172,3.5,4.1,1018.6,10.2,0.88
2023,04,07,06,10,163,4.6,5.8,1018.1,10.1,0.95
2023,04,07,07,40,166,5.0,6.2,1017.9,10.0,0.94
2023,04,07,09,10,159,6.2,7.7,1017.5,9.8,0.98
2023,04,07,10,40,163,7.5,10.2,1016.8,10.3,1.09
2023,04,07,12,10,164,7.7,9.2,1016.3,10.1,1.26
2023,04,07,13,40,158,8.7,10.6,1016.1,9.9,1.49
2023,04,07,15,10,160,8.0,10.0,1016.8,9.8,1.67
2023,04,07,16,40,163,7.8,10.0,1017.3,9.7,1.99
2023,04,07,18,10,180,5.4,8.0,1017.8,9.9,2.24
2023,04,07,19,40,316,4.0,5.2,1018.2,10.0,2.20
2023,04,07,21,10,304,2.4,3.3,1018.4,10.3,1.80
2023,04,07,22,40,280,1.8,3.1,1018.0,10.5,1.81
2023,04,08,00,10,293,2.9,3.7,1018.0,10.0,1.52
2023,04,08,01,40,298,2.7,3.5,1018.2,10.0,1.48
2023,04,08,03,10,256,0.6,1.1,1018.5,10.0,1.34
2023,04,08,04,40,324,1.2,1.9,1019.7,10.0,1.52
2023,04,08,06,10,317,2.0,2.5,1019.5,10.0,1.48
2023,04,08,07,40,298,1.4,2.2,1019.6,10.8,1.61
2023,04,08,09,10,323,2.6,3.5,1019.7,10.9,1.56
2023,04,08,10,40,314,3.3,4.1,1019.5,10.9,1.70
2023,04,08,12,10,311,3.8,4.7,1019.6,10.7,1.58
2023,04,08,13,40,6,1.7,2.4,1019.3,10.6,1.56
2023,04,08,15,10,329,3.1,4.1,1020.1,10.6,1.65
2023,04,08,16,40,328,2.3,3.0,1020.9,10.7,1.56
2023,04,08,18,10,314,2.6,3.5,1021.6,10.3,1.55
2023,04,08,19,40,329,2.0,2.8,1021.5,11.0,1.45
2023,04,08,21,10,309,3.9,5.1,1021.5,11.0,1.42
2023,04,08,22,40,318,4.2,5.4,1021.2,10.8,1.14
2023,04,09,00,10,294,5.2,6.4,1021.1,10.9,1.08
2023,04,09,01,40,315,3.3,4.4,1020.8,11.6,1.13
2023,04,09,03,10,325,2.9,3.6,1021.1,11.2,1.31
2023,04,09,04,40,321,3.1,3.8,1022.1,10.2,1.36
2023,04,09,06,10,326,2.8,3.5,1022.5,10.3,1.30
2023,04,09,07,40,324,3.6,4.4,1022.5,10.3,1.28
2023,04,09,09,10,344,4.4,5.4,1022.5,10.9,1.22
2023,04,09,10,40,343,3.5,4.6,1022.1,11.1,1.19
2023,04,09,12,10,345,3.8,5.1,1022.1,10.9,1.17
2023,04,09,13,40,37,0.8,1.4,1022.2,10.9,1.28
2023,04,09,15,10,269,0.7,1.5,1023.4,10.8,1.21
2023,04,09,17,10,293,2.4,3.6,1024.0,10.9,1.27
2023,04,09,18,40,317,4.8,5.8,1024.2,11.3,1.25
2023,04,09,20,40,305,6.9,8.4,1023.4,11.3,1.56
2023,04,09,22,10,309,6.5,7.9,1022.5,11.9,1.76
2023,04,09,23,40,304,7.1,9.0,1021.9,11.6,1.96
2023,04,10,01,10,308,7.7,9.3,1021.2,11.8,2.38
2023,04,10,02,40,315,7.0,8.9,1020.5,11.6,2.43
2023,04,10,04,10,315,5.8,7.4,1020.6,11.5,2.49
2023,04,10,05,40,314,6.9,8.5,1020.5,11.4,2.22
2023,04,10,07,10,323,5.1,6.5,1020.3,11.3,2.32
2023,04,10,08,40,330,4.8,6.7,1019.7,11.3,2.61
2023,04,10,10,10,332,5.4,7.0,1019.3,11.5,1.93
2023,04,10,11,40,322,7.0,8.7,1019.0,11.5,2.54
2023,04,10,13,10,326,8.1,9.8,1018.5,11.5,2.65
2023,04,10,14,40,311,6.3,8.9,1018.9,11.4,2.36
2023,04,10,16,10,327,5.3,6.8,1019.2,11.4,2.26
2023,04,10,17,40,315,4.2,5.1,1019.7,11.6,2.01
2023,04,10,19,10,288,4.8,6.7,1019.9,11.8,2.27
2023,04,10,20,40,289,4.7,6.0,1019.3,12.0,2.14
2023,04,10,22,10,297,5.8,7.4,1019.0,12.1,2.15
2023,04,10,23,40,296,5.0,6.7,1018.8,12.2,1.93
2023,04,11,01,10,287,4.5,5.6,1018.2,12.2,1.71
2023,04,11,02,40,282,4.3,5.5,1018.6,12.1,1.85
2023,04,11,04,10,271,5.6,7.1,1019.8,11.9,1.73
2023,04,11,05,40,248,3.4,4.3,1020.4,11.9,1.67
2023,04,11,07,10,225,3.2,4.1,1020.4,11.9,1.95
2023,04,11,08,40,240,3.9,5.2,1020.5,12.1,1.61
2023,04,11,10,10,232,1.8,2.5,1019.7,12.1,1.79
2023,04,11,11,40,291,4.6,6.1,1019.6,12.2,2.15
2023,04,11,13,10,316,7.2,9.8,1019.9,11.9,1.72
2023,04,11,14,40,313,9.4,11.7,1020.4,11.8,1.87
2023,04,11,16,10,315,10.1,12.2,1021.0,11.7,2.11
2023,04,11,17,40,313,11.5,14.3,1021.6,11.5,2.44
2023,04,11,19,10,310,11.0,13.5,1021.7,11.5,2.45
2023,04,11,20,40,306,11.1,14.3,1021.1,11.6,2.82
2023,04,11,22,10,303,12.0,15.1,1020.7,11.6,2.85
2023,04,11,23,40,306,10.8,13.9,1020.2,11.7,2.98
2023,04,12,01,10,302,11.9,15.1,1019.7,11.8,2.97
2023,04,12,02,40,307,12.0,15.2,1019.5,11.7,3.02
2023,04,12,04,10,308,12.6,15.8,1019.5,11.3,3.38
2023,04,12,05,40,308,11.9,14.8,1019.7,11.0,3.25
2023,04,12,07,10,310,12.8,16.3,1019.2,10.7,3.23
2023,04,12,08,40,306,12.6,15.8,1018.9,10.5,2.92
2023,04,12,10,10,306,13.1,15.8,1017.4,10.4,3.10
2023,04,12,11,40,300,12.1,15.5,1017.0,10.3,3.01
2023,04,12,13,10,305,12.5,16.2,1017.3,10.1,2.92
2023,04,12,14,40,312,11.0,13.8,1017.9,9.9,2.88
2023,04,12,16,10,302,10.6,13.1,1017.8,9.8,2.48
2023,04,12,17,40,304,12.0,15.5,1017.4,9.7,2.46
2023,04,12,19,10,308,11.9,15.6,1017.1,9.7,2.56
2023,04,12,21,10,310,12.7,17.7,1015.8,9.6,3.08
2023,04,12,22,40,313,13.2,16.5,1014.5,9.6,3.38
2023,04,13,00,40,312,13.9,17.7,1013.0,9.6,3.47
2023,04,13,02,10,313,13.3,17.6,1012.5,9.6,4.03
2023,04,13,03,40,313,13.9,18.8,1012.6,9.5,3.82
2023,04,13,05,10,318,13.1,16.3,1013.0,9.4,3.68
2023,04,13,06,40,317,11.3,13.5,1013.1,9.4,3.41
2023,04,13,08,10,321,10.3,12.5,1013.8,9.3,3.33
2023,04,13,09,40,321,8.9,10.8,1013.6,9.4,2.97
2023,04,13,11,10,321,7.5,9.8,1013.1,9.3,2.80
2023,04,13,12,40,330,7.0,8.7,1013.5,9.3,2.28
2023,04,13,14,10,331,6.1,8.0,1013.7,9.3,2.64
2023,04,13,15,40,323,6.7,8.5,1014.4,9.3,2.60
2023,04,13,17,10,318,6.2,7.9,1014.5,9.2,2.37
2023,04,13,18,40,316,7.4,9.2,1014.6,9.5,2.50
2023,04,13,20,10,311,8.5,10.4,1014.0,9.6,2.62
2023,04,13,21,40,309,10.4,12.9,1013.5,9.6,2.53
2023,04,13,23,10,313,10.8,13.5,1012.9,9.5,2.76
2023,04,14,00,40,315,11.0,13.9,1012.6,9.5,2.77
2023,04,14,02,10,306,12.3,15.6,1012.2,9.4,3.16
2023,04,14,03,40,304,10.8,14.7,1012.6,9.4,2.84
2023,04,14,05,10,298,11.7,15.3,1013.3,9.4,2.96
2023,04,14,06,40,304,10.9,13.6,1014.0,9.3,2.54
2023,04,14,08,10,307,10.6,13.2,1013.9,9.3,2.42
2023,04,14,09,40,305,10.5,12.6,1013.4,9.3,2.39
2023,04,14,11,10,306,9.5,11.6,1013.1,9.3,2.20
2023,04,14,12,40,302,10.0,12.2,1013.4,9.3,2.01
2023,04,14,14,10,304,9.2,11.9,1013.9,9.2,2.00
2023,04,14,15,40,308,8.0,10.1,1015.4,9.2,1.75
2023,04,14,17,10,313,5.3,6.9,1016.7,9.2,1.68
2023,04,14,18,40,293,5.2,6.5,1017.4,9.3,1.50
2023,04,14,20,10,300,5.5,6.8,1017.6,9.4,1.41
2023,04,14,21,40,294,5.6,7.0,1017.6,9.5,1.24
2023,04,14,23,10,300,6.1,7.5,1017.6,9.5,1.16
2023,04,15,00,40,304,6.6,8.0,1017.3,9.4,1.25
2023,04,15,02,10,307,6.7,8.3,1017.6,9.4,1.31
2023,04,15,03,40,306,7.9,10.1,1018.6,9.4,1.46
2023,04,15,05,10,305,6.9,8.7,1019.5,9.3,1.45
2023,04,15,06,40,304,7.4,9.4,1019.8,9.5,1.43
2023,04,15,08,10,305,6.4,9.3,1020.0,9.5,1.44
2023,04,15,09,40,301,6.6,8.5,1020.1,9.4,1.51
2023,04,15,11,10,306,5.7,7.7,1020.3,9.4,1.46
2023,04,15,12,40,314,6.0,8.0,1020.6,9.3,1.50
2023,04,15,14,10,312,4.4,5.4,1021.3,9.2,1.35
2023,04,15,15,40,300,4.4,6.2,1022.5,9.1,1.34
2023,04,15,17,10,293,3.3,4.3,1022.8,9.2,1.27
2023,04,15,18,40,298,3.1,4.0,1023.6,9.4,1.12
2023,04,15,20,10,302,4.9,5.9,1023.5,9.6,1.06
2023,04,15,21,40,297,4.5,5.5,1023.3,9.8,1.03
2023,04,15,23,10,301,6.7,8.6,1022.5,9.6,1.10
2023,04,16,00,40,309,7.3,9.3,1022.1,9.4,1.11
2023,04,16,02,40,307,7.9,9.6,1021.5,9.3,1.32
2023,04,16,04,10,309,6.7,8.2,1021.8,9.2,1.30
2023,04,16,05,40,302,6.4,7.6,1022.4,9.2,1.37
2023,04,16,07,10,301,5.8,7.5,1022.6,9.2,1.37
2023,04,16,08,40,300,5.8,7.4,1022.4,9.2,1.42
2023,04,16,10,10,297,5.2,6.3,1021.8,9.2,1.26
2023,04,16,11,40,301,4.9,6.0,1021.9,9.2,1.29
2023,04,16,13,10,300,6.4,8.1,1022.6,9.3,1.16
2023,04,16,14,40,330,3.8,5.1,1023.0,9.3,1.14
2023,04,16,16,10,327,3.9,4.8,1024.0,9.3,1.10
2023,04,16,17,40,325,2.6,3.3,1024.4,9.3,1.04
2023,04,16,19,10,289,4.1,5.0,1024.4,9.6,1.04
2023,04,16,20,40,259,3.1,4.0,1023.3,9.8,0.98
2023,04,16,22,10,263,3.5,4.4,1022.8,9.9,1.18
2023,04,16,23,40,278,4.0,4.9,1022.3,10.2,1.24
2023,04,17,01,10,285,3.5,4.4,1021.3,10.2,1.18
2023,04,17,02,40,289,6.6,8.1,1020.5,10.0,1.42
2023,04,17,04,10,304,7.8,9.7,1020.8,9.9,1.53
2023,04,17,05,40,313,6.4,8.3,1020.5,9.8,1.69
2023,04,17,07,10,301,6.4,8.0,1020.2,9.7,1.67
2023,04,17,08,40,301,7.5,10.3,1019.8,9.7,1.59
2023,04,17,10,10,298,7.0,9.1,1019.3,9.7,1.75
2023,04,17,11,40,298,6.1,7.8,1018.9,9.6,1.81
2023,04,17,13,10,290,5.7,6.9,1019.0,9.6,1.99
2023,04,17,14,40,291,7.0,8.7,1019.4,9.5,1.92
2023,04,17,16,10,303,5.6,7.1,1019.5,9.6,2.02
2023,04,17,17,40,282,3.9,5.1,1019.7,9.6,2.12
2023,04,17,19,10,273,2.9,4.1,1019.8,9.7,2.04
2023,04,17,20,40,259,3.2,4.4,1019.4,9.9,1.81
2023,04,17,22,10,251,3.4,4.6,1018.5,10.1,1.77
2023,04,17,23,40,232,4.0,5.0,1017.7,10.3,1.79
2023,04,18,02,40,237,4.8,5.8,1016.3,10.1,1.73
2023,04,18,04,10,220,5.1,6.2,1016.2,10.1,1.92
2023,04,18,05,40,234,6.6,8.9,1016.6,10.0,1.90
2023,04,18,07,10,303,6.3,8.7,1017.2,10.0,1.88
2023,04,18,08,40,288,3.9,5.1,1017.5,9.9,2.23
2023,04,18,10,10,307,4.2,5.9,1017.3,9.8,2.29
2023,04,18,11,40,312,4.5,5.8,1017.9,9.7,2.35
2023,04,18,13,10,321,4.7,6.6,1018.5,9.7,2.24
2023,04,18,14,40,334,4.0,5.3,1019.5,9.7,2.33
2023,04,18,16,10,6,1.2,2.0,1020.6,9.7,2.34
2023,04,18,17,40,265,0.5,1.5,1021.3,10.0,2.70
2023,04,18,19,10,253,2.4,4.0,1022.0,10.3,2.66
2023,04,18,20,40,286,3.2,4.9,1021.5,10.6,3.00
2023,04,18,22,10,268,3.7,5.3,1021.1,11.0,2.85
2023,04,18,23,40,271,3.7,5.4,1020.5,10.7,2.99
2023,04,19,02,10,265,4.6,6.1,1020.6,10.7,3.13
2023,04,19,03,40,250,3.4,4.9,1020.8,10.1,2.99
2023,04,19,05,10,265,5.1,6.8,1021.5,10.0,2.51
2023,04,19,06,40,288,4.8,6.7,1021.8,10.0,2.58
2023,04,19,08,10,288,3.8,5.1,1022.1,9.8,2.24
2023,04,19,09,40,310,4.7,6.0,1022.2,9.8,2.29
2023,04,19,11,10,324,5.1,6.7,1022.6,10.3,2.10
2023,04,19,12,40,321,7.2,8.9,1023.0,10.3,2.01
2023,04,19,14,10,315,7.1,9.1,1023.6,10.2,1.89
2023,04,19,16,40,319,7.3,9.1,1025.5,10.2,1.95
2023,04,19,18,10,312,7.3,9.0,1026.0,10.2,2.07
2023,04,19,19,40,302,7.6,9.8,1026.1,10.0,2.18
2023,04,19,21,10,303,7.8,9.8,1026.0,10.0,1.97
2023,04,19,22,40,314,8.7,10.3,1025.8,10.5,2.03
2023,04,20,00,10,316,8.4,10.6,1025.4,10.4,2.36
2023,04,20,01,40,316,8.3,10.4,1025.3,10.2,2.33
2023,04,20,03,10,317,7.8,9.9,1025.5,10.1,2.25
2023,04,20,04,40,310,7.9,10.3,1026.5,10.1,2.27
2023,04,20,06,10,319,9.5,11.5,1026.6,9.9,2.39
2023,04,20,07,40,319,7.7,9.5,1026.8,10.4,2.27
2023,04,20,09,10,319,9.3,11.5,1027.0,10.4,2.16
2023,04,20,10,40,324,8.3,9.9,1026.6,10.4,2.27
2023,04,20,12,10,329,7.4,9.2,1026.8,10.5,2.06
2023,04,20,13,40,329,6.7,8.7,1027.1,10.4,2.35
2023,04,20,15,10,323,6.9,8.5,1028.0,10.4,2.03
2023,04,20,16,40,317,6.4,8.0,1028.6,10.5,1.96
2023,04,20,18,10,314,7.5,9.1,1029.0,10.5,1.67
2023,04,20,19,40,306,8.8,10.8,1028.9,10.7,1.75
2023,04,20,21,10,308,7.2,9.1,1028.6,10.5,1.89
2023,04,20,22,40,311,6.8,8.7,1028.5,10.3,1.79
2023,04,21,00,10,318,7.1,9.0,1028.2,10.3,1.78
2023,04,21,01,40,313,9.5,11.8,1028.0,10.3,1.73
2023,04,21,03,10,319,9.3,12.0,1027.8,10.2,2.01
2023,04,21,04,40,312,11.1,13.3,1027.5,10.2,2.39
2023,04,21,06,10,324,8.8,10.8,1027.8,10.1,2.07
2023,04,21,07,40,325,7.9,9.7,1027.4,10.1,2.08
2023,04,21,09,10,321,6.5,8.7,1027.4,10.1,1.69
2023,04,21,10,40,323,6.7,8.6,1027.0,10.1,1.66
2023,04,21,12,10,320,6.1,7.7,1026.8,9.8,1.59
2023,04,21,13,40,320,7.0,8.5,1026.8,9.8,1.62
2023,04,21,15,10,311,3.8,5.2,1027.4,9.8,1.67
2023,04,21,16,40,322,5.7,7.1,1027.3,9.9,1.65
2023,04,21,18,10,313,7.1,8.9,1027.4,10.0,1.49
2023,04,21,19,40,318,7.6,9.5,1027.3,10.1,1.45
2023,04,21,21,10,316,7.4,9.0,1026.0,10.2,1.53
2023,04,21,22,40,305,8.9,11.1,1024.7,10.3,1.45
2023,04,22,00,10,312,10.3,12.1,1023.5,10.4,1.70
2023,04,22,01,40,315,9.1,11.7,1022.9,10.3,1.90
2023,04,22,03,10,310,9.8,13.1,1022.0,10.1,2.18
2023,04,22,04,40,311,10.0,12.6,1021.9,9.9,2.28
2023,04,22,06,10,321,8.9,11.1,1021.4,9.8,2.36
2023,04,22,07,40,316,7.9,9.8,1020.9,9.7,2.08
2023,04,22,09,10,317,9.6,12.0,1020.3,9.6,2.08
2023,04,22,11,10,317,9.9,12.4,1019.5,9.4,2.13
2023,04,22,12,40,315,10.1,12.7,1018.9,9.5,2.22
2023,04,22,14,10,319,9.2,11.7,1018.9,9.5,2.24
2023,04,22,15,40,317,8.2,10.1,1019.0,9.6,2.04
2023,04,22,17,10,329,7.7,10.3,1018.8,9.6,2.08
2023,04,22,18,40,318,8.1,10.2,1018.4,9.7,2.00
2023,04,22,20,10,298,5.7,7.7,1017.9,9.9,2.02
2023,04,22,21,40,318,6.0,7.7,1017.1,9.9,1.98
2023,04,22,23,10,310,9.1,11.3,1016.2,10.0,1.99
2023,04,23,00,40,317,9.5,12.1,1015.5,9.8,2.45
2023,04,23,02,10,314,9.6,11.9,1014.9,9.5,2.41
2023,04,23,03,40,308,10.8,13.1,1014.6,9.4,2.08
2023,04,23,05,10,305,10.6,12.9,1014.9,9.4,2.34
2023,04,23,06,40,301,11.9,15.1,1014.4,9.4,2.17
2023,04,23,08,10,307,10.4,12.7,1014.3,9.5,2.12
2023,04,23,09,40,305,9.6,11.2,1014.1,9.6,1.85
2023,04,23,11,10,308,9.5,11.5,1013.9,9.6,1.61
2023,04,23,12,40,312,7.2,9.0,1014.4,9.6,1.59
2023,04,23,14,10,305,8.3,10.6,1014.8,9.6,1.68
2023,04,23,15,40,305,10.5,12.9,1014.8,9.6,1.74
2023,04,23,17,10,307,11.0,14.2,1015.0,9.6,2.01
2023,04,23,18,40,309,10.4,13.3,1015.0,9.6,2.03
2023,04,23,20,40,320,9.6,11.9,1015.7,9.6,2.21
2023,04,23,22,10,317,8.7,11.0,1015.9,9.6,2.02
2023,04,23,23,40,316,8.9,11.3,1015.6,9.6,2.13
2023,04,24,01,10,308,10.4,12.8,1015.4,9.5,2.54
2023,04,24,02,40,304,12.7,17.8,1014.4,9.4,2.74
2023,04,24,04,10,308,13.0,15.8,1015.2,9.3,2.82
2023,04,24,05,40,308,13.6,17.5,1015.3,9.3,2.78
2023,04,24,07,10,316,12.3,15.4,1015.6,9.2,2.86
2023,04,24,08,40,309,12.8,15.8,1015.4,9.2,3.03
2023,04,24,10,10,315,10.6,14.2,1015.5,9.2,2.86
2023,04,24,11,40,313,11.5,14.1,1015.6,9.3,2.78
2023,04,24,13,10,306,12.2,14.8,1015.5,9.4,2.60
2023,04,24,14,40,313,11.6,14.3,1016.6,9.4,2.64
2023,04,24,16,10,321,9.8,12.5,1017.3,8.9,2.58
2023,04,24,17,40,317,10.0,12.7,1017.6,9.0,2.71
2023,04,24,19,10,321,9.1,11.7,1017.9,9.1,2.47
2023,04,24,20,40,312,10.2,13.1,1017.3,9.2,2.59
2023,04,24,22,10,321,9.4,12.0,1017.3,9.3,2.27
2023,04,24,23,40,310,11.2,14.0,1016.1,9.3,2.74
2023,04,25,01,10,309,11.0,13.2,1016.0,9.3,2.96
2023,04,25,02,40,311,11.4,13.8,1015.6,9.3,2.88
2023,04,25,04,10,316,9.8,12.2,1016.0,9.3,2.91
2023,04,25,05,40,319,8.4,10.5,1016.7,9.3,2.78
2023,04,25,07,10,319,7.9,10.2,1016.2,9.2,2.94
2023,04,25,08,40,317,6.5,8.1,1016.2,9.2,2.73
2023,04,25,10,10,316,6.6,8.2,1015.5,9.1,2.86
2023,04,25,11,40,322,3.5,5.4,1015.4,9.0,2.55
2023,04,25,13,10,339,4.4,5.8,1015.2,9.0,2.42
2023,04,25,14,40,329,3.3,4.7,1015.7,9.0,2.47
2023,04,25,16,10,309,3.6,4.8,1016.2,9.1,2.27
2023,04,25,17,40,310,4.2,5.4,1016.5,9.3,2.18
2023,04,25,19,10,312,4.7,5.9,1016.2,9.5,2.27
2023,04,25,20,40,308,5.5,7.2,1015.6,9.7,2.20
2023,04,25,22,10,302,6.4,7.9,1015.4,9.8,2.11
2023,04,25,23,40,301,6.9,8.4,1014.9,9.8,2.16
2023,04,26,01,10,304,7.1,8.6,1014.9,9.7,2.02
2023,04,26,02,40,294,6.2,7.7,1015.0,9.6,1.99
2023,04,26,04,10,290,2.9,4.3,1015.6,9.6,2.11
2023,04,26,05,40,272,3.2,4.2,1016.0,9.5,1.89
2023,04,26,07,10,258,2.9,3.8,1016.1,9.4,1.96
2023,04,26,08,40,264,2.5,3.6,1015.9,9.4,1.85
2023,04,26,10,10,286,1.5,2.4,1015.5,9.4,1.85
2023,04,26,11,40,337,1.4,2.4,1015.8,9.4,1.67
2023,04,26,13,10,305,0.6,1.6,1015.9,9.4,1.66
2023,04,26,14,40,98,0.2,1.2,1016.5,9.4,1.44
2023,04,26,16,10,149,1.5,2.8,1016.9,9.5,1.46
2023,04,26,17,40,188,1.2,2.5,1017.7,9.5,1.45
2023,04,26,19,10,232,2.4,3.3,1018.1,9.9,1.31
2023,04,26,20,40,318,1.1,2.3,1017.6,10.4,1.41
2023,04,26,22,10,333,0.2,0.9,1016.7,11.0,1.28
2023,04,26,23,40,270,2.1,3.1,1015.9,11.1,1.33
2023,04,27,01,10,299,3.5,4.9,1015.5,10.4,1.30
2023,04,27,02,40,299,3.2,4.1,1015.2,10.1,1.34
2023,04,27,04,10,310,2.9,4.1,1015.6,10.6,1.17
2023,04,27,05,40,301,3.4,4.2,1015.6,10.5,1.20
2023,04,27,07,10,288,1.7,2.4,1015.4,10.0,1.20
2023,04,27,08,40,217,1.3,1.9,1015.4,10.0,1.16
2023,04,27,10,10,260,0.3,1.3,1014.7,10.1,1.29
2023,04,27,11,40,183,1.0,2.2,1014.4,10.2,1.23
2023,04,27,13,10,190,1.2,2.9,1014.6,10.2,1.27
2023,04,27,14,40,166,1.9,3.3,1015.5,10.2,1.22
2023,04,27,16,10,117,1.6,2.6,1015.8,10.1,1.21
2023,04,27,17,40,162,2.4,3.4,1015.9,10.1,1.25
2023,04,27,19,10,196,1.8,2.7,1015.9,10.5,1.14
2023,04,27,20,40,209,1.4,2.9,1015.3,11.5,1.12
2023,04,27,22,10,219,1.2,2.3,1014.8,12.0,1.21
2023,04,27,23,40,231,0.7,1.5,1014.2,12.5,1.13
2023,04,28,01,10,147,0.3,1.2,1013.9,12.3,1.12
2023,04,28,02,40,167,1.7,2.4,1013.7,12.0,1.21
2023,04,28,04,10,186,1.4,1.9,1014.1,11.6,1.16
2023,04,28,05,40,176,2.4,3.6,1014.2,11.4,1.22
2023,04,28,07,10,153,3.5,4.2,1014.2,11.4,1.06
2023,04,28,08,40,165,4.2,5.4,1014.2,11.3,1.07
2023,04,28,10,10,184,3.4,4.5,1014.1,11.0,1.18
2023,04,28,11,40,178,2.5,3.5,1014.2,10.5,1.18
2023,04,28,13,10,158,2.1,3.4,1014.5,10.2,1.10
2023,04,28,14,40,160,2.9,4.3,1015.4,10.4,1.24
2023,04,28,16,10,154,2.4,3.4,1016.0,11.2,1.12
2023,04,28,17,40,177,2.0,2.9,1016.8,10.9,1.16
2023,04,28,19,10,182,2.6,3.5,1017.3,11.1,1.01
2023,04,28,20,40,165,2.4,3.2,1016.9,11.2,1.03
2023,04,28,22,10,190,2.2,2.9,1016.9,11.5,1.10
2023,04,28,23,40,211,3.2,4.6,1016.7,11.7,1.04
2023,04,29,01,10,233,2.4,3.8,1017.0,11.3,0.99
2023,04,29,02,40,276,2.1,3.7,1016.6,11.1,1.14
2023,04,29,04,10,229,0.9,2.3,1017.4,10.9,1.25
2023,04,29,05,40,261,1.9,3.0,1018.2,10.4,1.09
2023,04,29,07,10,272,1.5,2.7,1018.4,9.8,1.10
2023,04,29,08,40,315,1.0,2.0,1018.1,10.6,0.99
2023,04,29,10,10,262,1.8,3.1,1017.8,10.6,1.19
2023,04,29,11,40,277,1.4,2.6,1017.9,10.5,1.26
2023,04,29,13,10,262,1.4,2.7,1018.1,10.3,0.89
2023,04,29,14,40,281,2.4,3.9,1018.8,10.7,0.99
2023,04,29,16,10,290,3.1,5.0,1019.3,10.4,0.98
2023,04,29,17,40,291,4.1,5.5,1019.8,10.5,0.88
2023,04,29,19,10,300,4.9,6.4,1019.6,10.7,0.99
2023,04,29,20,40,287,5.6,6.6,1019.1,10.8,1.10
2023,04,29,22,10,303,5.7,7.4,1018.7,10.8,1.17
2023,04,29,23,40,306,6.3,8.2,1018.0,10.7,1.22
2023,04,30,01,10,303,7.2,9.8,1017.5,10.9,1.35
2023,04,30,02,40,305,6.4,8.2,1017.0,10.6,1.39
2023,04,30,04,10,302,6.0,7.6,1017.6,10.4,1.74
2023,04,30,05,40,301,7.2,9.0,1017.7,11.3,1.66
2023,04,30,07,10,305,8.6,11.2,1017.2,11.0,1.66
2023,04,30,08,40,301,7.7,9.5,1017.0,10.7,1.79
2023,04,30,10,10,311,9.1,11.5,1016.2,10.6,1.98
2023,04,30,11,40,306,8.5,10.6,1015.8,10.7,1.89
2023,04,30,13,10,297,10.4,12.3,1015.3,10.8,1.78
2023,04,30,14,40,297,9.3,12.4,1015.9,11.0,1.69
2023,04,30,16,10,301,10.1,12.6,1016.2,11.1,1.71
2023,04,30,17,40,303,11.9,14.4,1016.6,11.2,1.92
2023,04,30,19,10,299,10.7,13.2,1016.6,11.3,1.90
2023,04,30,20,40,297,12.3,15.3,1015.7,11.1,1.79
2023,04,30,22,10,290,12.3,15.2,1015.4,10.8,2.15
2023,04,30,23,40,290,9.7,11.8,1015.1,10.5,1.97
2023,05,01,01,10,292,10.3,13.2,1014.4,10.2,2.13
2023,05,01,02,40,292,9.9,12.3,1013.5,10.0,2.53
2023,05,01,04,10,290,10.0,12.3,1013.5,9.9,3.05
2023,05,01,05,40,300,10.7,13.9,1013.4,9.8,3.33
2023,05,01,07,10,295,9.9,12.5,1013.1,9.8,3.58
2023,05,01,08,40,290,8.7,11.4,1012.5,9.7,3.84
2023,05,01,10,10,285,8.9,11.6,1011.9,9.6,3.96
2023,05,01,11,40,287,9.2,11.3,1011.5,9.6,3.83
2023,05,01,13,10,289,8.6,10.7,1011.2,9.6,3.82
2023,05,01,14,40,282,8.4,11.4,1011.4,9.6,3.59
2023,05,01,16,10,285,7.8,10.7,1011.9,9.6,3.54
2023,05,01,17,40,282,7.8,10.2,1012.1,9.6,3.07
2023,05,01,19,10,284,7.4,9.2,1012.0,9.6,3.23
2023,05,01,20,40,278,8.7,10.8,1011.5,9.7,3.00
2023,05,01,22,10,286,7.9,9.6,1011.4,9.7,2.84
2023,05,01,23,40,280,8.6,11.3,1010.7,9.7,3.07
2023,05,02,01,10,279,8.4,10.3,1010.2,9.7,3.06
2023,05,02,02,40,278,8.0,10.2,1009.5,9.8,3.05
2023,05,02,04,10,278,7.4,9.6,1009.2,9.6,2.95
2023,05,02,05,40,277,6.5,8.8,1009.2,9.6,2.80
2023,05,02,07,10,273,6.1,8.0,1008.9,9.6,2.60
2023,05,02,08,40,262,5.1,6.5,1008.4,9.6,2.84
2023,05,02,10,10,256,4.4,5.8,1008.3,9.5,2.76
2023,05,02,11,40,261,6.3,8.6,1008.4,9.4,2.59
2023,05,02,13,10,205,3.7,4.6,1008.3,9.4,2.54
2023,05,02,14,40,176,4.2,6.1,1009.2,9.4,2.45
2023,05,02,16,10,157,4.3,6.2,1009.7,9.4,2.57
2023,05,02,17,40,147,5.5,7.7,1010.4,9.5,2.39
2023,05,02,19,10,167,4.5,6.0,1010.8,9.6,2.29
2023,05,02,20,40,141,4.2,6.2,1010.7,9.9,2.13
2023,05,02,22,10,146,3.4,4.8,1010.7,10.0,2.12
2023,05,02,23,40,161,5.1,7.0,1010.4,10.2,2.48
2023,05,03,01,10,151,6.4,8.7,1010.0,10.1,2.27
2023,05,03,02,40,148,6.3,8.7,1009.8,10.1,2.49
2023,05,03,04,10,151,7.9,10.9,1010.1,10.0,2.46
2023,05,03,05,40,127,7.6,10.5,1010.1,9.9,2.31
2023,05,03,07,10,90,9.3,11.8,1009.7,9.9,2.26
2023,05,03,08,40,131,9.6,12.9,1009.7,9.8,2.20
2023,05,03,10,10,135,6.9,9.9,1009.6,9.9,2.39
2023,05,03,12,10,121,7.7,9.9,1009.7,10.0,1.90
2023,05,03,13,40,123,7.0,8.7,1010.1,9.9,1.76
2023,05,03,15,10,93,4.8,6.1,1010.4,9.7,1.65
2023,05,03,16,40,90,5.1,6.5,1010.5,9.7,1.61
2023,05,03,18,10,70,5.7,6.9,1010.6,9.7,1.57
2023,05,03,19,40,91,3.3,4.8,1010.8,9.8,1.62
2023,05,03,21,10,179,3.4,4.7,1011.1,9.9,1.54
2023,05,03,22,40,168,3.8,5.6,1010.9,10.0,1.60
2023,05,04,00,10,157,3.0,4.2,1011.0,10.2,1.73
2023,05,04,01,40,166,3.5,4.5,1010.6,10.0,1.69
2023,05,04,03,10,157,1.3,2.8,1011.1,10.1,2.02
2023,05,04,04,40,348,1.8,3.1,1011.6,10.1,1.97
2023,05,04,06,10,313,2.3,3.6,1011.2,10.1,1.93
2023,05,04,07,40,336,1.9,2.9,1011.1,10.1,1.80
2023,05,04,09,10,312,1.1,2.2,1010.9,9.9,1.78
2023,05,04,10,40,276,1.1,1.8,1010.6,9.9,2.13
2023,05,04,12,10,294,3.3,4.4,1010.8,9.9,1.88
2023,05,04,13,40,300,2.8,3.9,1011.3,9.8,2.01
2023,05,04,15,10,307,2.0,3.2,1012.1,9.9,2.11
2023,05,04,16,40,336,2.1,3.0,1012.6,10.0,1.80
2023,05,04,18,10,37,0.3,1.2,1013.4,10.2,1.87
2023,05,04,19,40,255,3.1,4.2,1014.0,10.4,2.03
2023,05,04,21,10,253,3.2,4.9,1014.3,10.5,1.93
2023,05,04,22,40,293,3.4,4.7,1014.6,10.8,1.82
2023,05,05,00,10,269,3.7,4.9,1014.8,10.4,1.83
2023,05,05,01,40,274,4.7,5.9,1014.7,10.2,1.76
2023,05,05,03,10,287,4.1,5.3,1015.0,10.3,1.80
2023,05,05,04,40,281,2.2,3.0,1016.1,10.5,1.73
2023,05,05,06,10,278,1.6,2.4,1016.1,10.5,1.60
2023,05,05,07,40,250,1.7,2.8,1016.4,11.4,1.73
2023,05,05,09,40,279,2.2,2.9,1016.7,11.1,1.53
2023,05,05,11,40,275,2.2,3.4,1016.7,10.8,1.51
2023,05,05,13,10,224,2.4,3.2,1017.2,10.8,1.52
2023,05,05,14,40,196,2.3,3.0,1017.9,10.7,1.43
2023,05,05,16,10,165,2.9,3.8,1018.3,10.7,1.46
2023,05,05,17,40,176,4.3,5.3,1018.9,10.7,1.54
2023,05,05,19,10,179,4.4,5.5,1019.3,10.7,1.38
2023,05,05,20,40,185,4.6,5.8,1019.6,10.6,1.31
2023,05,05,22,10,187,5.6,6.8,1019.5,10.6,1.46
2023,05,05,23,40,194,5.3,6.9,1019.4,10.5,1.41
2023,05,06,01,10,203,3.8,4.7,1019.4,10.4,1.42
2023,05,06,02,40,178,3.3,4.1,1019.0,10.6,1.49
2023,05,06,04,10,191,3.0,4.3,1019.4,10.9,1.28
2023,05,06,05,40,171,2.8,3.7,1019.5,11.0,1.29
2023,05,06,07,10,172,2.2,3.0,1019.4,11.0,1.29
2023,05,06,08,40,174,3.4,4.3,1019.0,11.4,1.32
2023,05,06,10,10,178,3.2,4.0,1018.5,11.4,1.33
2023,05,06,11,40,205,4.9,6.1,1018.3,10.7,1.38
2023,05,06,13,10,190,3.3,4.2,1018.2,10.6,1.37
2023,05,06,14,40,188,4.4,5.2,1018.6,10.7,1.47
2023,05,06,16,10,175,4.4,5.5,1019.3,10.7,1.42
2023,05,06,17,40,212,4.2,4.9,1019.9,11.0,1.31
2023,05,06,19,10,219,2.5,3.3,1020.5,11.2,1.45
2023,05,06,20,40,219,3.4,4.3,1020.6,11.7,1.36
2023,05,06,22,10,232,3.1,4.1,1020.4,11.9,1.24
2023,05,06,23,40,265,2.7,3.7,1020.3,12.0,1.38
2023,05,07,01,10,273,2.8,3.6,1020.2,12.2,1.46
2023,05,07,02,40,269,3.1,3.9,1020.3,11.8,1.40
2023,05,07,04,10,296,3.2,4.1,1020.5,11.5,1.33
2023,05,07,06,10,276,2.4,3.3,1020.7,11.3,1.39
2023,05,07,07,40,288,1.6,2.2,1020.7,11.3,1.25
2023,05,07,09,10,295,2.0,2.8,1020.5,11.5,1.28
2023,05,07,11,10,351,0.8,1.2,1020.2,11.5,1.25
2023,05,07,12,40,112,1.6,2.5,1020.0,11.6,1.22
2023,05,07,14,10,169,1.6,2.2,1020.6,11.6,1.10
2023,05,07,15,40,217,2.0,2.6,1021.2,11.7,1.16
2023,05,07,17,10,210,1.7,2.3,1021.4,12.0,1.19
2023,05,07,18,40,223,2.2,2.8,1021.6,12.1,1.26
2023,05,07,20,10,213,3.1,3.7,1021.7,12.3,1.54
2023,05,07,21,40,278,2.8,3.9,1021.6,12.6,1.62
2023,05,07,23,10,290,2.4,3.7,1020.9,12.6,1.89
2023,05,08,00,40,271,4.1,5.1,1020.6,12.7,1.69
2023,05,08,02,10,259,3.3,4.2,1020.2,12.6,1.71
2023,05,08,03,40,235,3.0,3.9,1019.8,12.5,1.56
2023,05,08,05,10,205,3.4,4.2,1019.9,12.5,1.45
2023,05,08,06,40,205,4.6,5.9,1019.6,12.3,1.31
2023,05,08,08,10,201,5.6,7.2,1019.2,11.9,1.30
2023,05,08,09,40,193,5.9,7.3,1018.5,11.8,1.20
2023,05,08,11,10,180,6.2,7.5,1018.4,11.2,1.06
2023,05,08,12,40,174,5.9,7.3,1018.3,11.4,1.06
2023,05,08,14,10,219,5.5,7.1,1019.2,11.5,1.19
2023,05,08,15,40,278,3.2,4.1,1020.0,11.6,1.38
2023,05,08,17,10,252,2.5,3.2,1020.7,11.7,1.57
2023,05,08,18,40,219,1.7,2.5,1021.1,12.4,1.62
2023,05,08,20,10,210,2.1,3.5,1020.9,12.3,1.45
2023,05,08,21,40,257,2.8,4.0,1020.6,12.5,1.43
2023,05,08,23,10,284,3.3,4.5,1020.1,13.1,1.33
2023,05,09,01,10,289,4.0,5.1,1019.5,12.9,1.42
2023,05,09,02,40,295,4.0,5.0,1019.7,12.2,1.43
2023,05,09,04,10,302,4.3,5.6,1019.6,12.0,1.38
2023,05,09,05,40,289,3.4,4.4,1019.8,12.1,1.42
2023,05,09,07,10,310,3.7,4.9,1019.2,12.4,1.55
2023,05,09,08,40,299,3.4,4.4,1018.7,12.0,1.61
2023,05,09,10,10,320,4.1,5.3,1018.1,11.6,1.82
2023,05,09,11,40,303,2.9,4.0,1018.3,11.6,1.70
2023,05,09,13,10,295,2.7,3.9,1018.0,11.7,1.74
2023,05,09,14,40,320,3.7,5.1,1018.5,11.9,1.76
2023,05,09,16,10,291,2.5,3.8,1018.4,12.4,2.01
2023,05,09,17,40,310,4.2,5.4,1018.4,12.6,1.83
2023,05,09,19,40,304,4.6,5.9,1018.1,12.5,1.91
2023,05,09,21,10,286,5.1,6.5,1017.7,12.7,1.75
2023,05,09,22,40,291,6.0,7.5,1017.6,12.7,1.77
2023,05,10,00,10,295,6.3,8.1,1017.3,12.8,1.91
2023,05,10,01,40,300,5.9,7.5,1017.3,12.7,1.97
2023,05,10,03,10,298,7.3,9.2,1017.5,12.4,2.26
2023,05,10,04,40,299,6.7,8.8,1017.9,12.2,1.95
2023,05,10,06,10,293,7.7,9.7,1017.9,12.2,2.18
2023,05,10,07,40,297,9.1,11.0,1017.5,12.1,2.00
2023,05,10,09,10,307,8.5,11.0,1017.0,12.0,2.09
2023,05,10,10,40,303,8.4,10.1,1017.3,12.4,1.97
2023,05,10,12,10,310,8.0,9.7,1017.6,12.3,1.77
2023,05,10,13,40,311,7.5,9.3,1018.4,12.4,1.62
2023,05,10,15,10,303,6.6,8.7,1019.5,12.4,1.58
2023,05,10,16,40,307,6.0,7.5,1020.2,12.4,1.62
2023,05,10,18,10,296,6.1,8.4,1020.5,12.4,1.65
2023,05,10,19,40,299,5.8,7.7,1020.7,12.5,1.53
2023,05,10,21,10,287,5.1,6.7,1020.8,12.7,1.65
2023,05,10,22,40,291,5.4,6.9,1020.3,12.9,1.63
2023,05,11,00,10,297,6.3,8.0,1020.0,13.1,1.63
2023,05,11,01,40,294,6.8,8.6,1019.8,13.2,1.72
2023,05,11,03,10,296,6.9,8.4,1019.8,13.1,1.49
2023,05,11,04,40,303,7.6,9.4,1020.3,13.0,1.52
2023,05,11,06,10,298,7.6,9.3,1020.5,12.9,1.59
2023,05,11,07,40,302,8.1,11.0,1020.1,12.8,1.54
2023,05,11,09,10,313,8.5,10.5,1019.5,12.7,1.63
2023,05,11,10,40,309,7.9,10.0,1019.1,12.6,1.58
2023,05,11,12,10,307,7.1,8.7,1019.1,12.5,1.53
2023,05,11,14,10,308,5.7,8.1,1019.5,12.4,1.34
2023,05,11,15,40,315,5.3,6.8,1020.0,12.3,1.22
2023,05,11,17,10,312,6.6,7.7,1020.6,12.3,1.29
2023,05,11,18,40,303,6.0,7.5,1020.8,12.4,1.21
2023,05,11,20,10,308,7.1,8.7,1020.9,12.6,1.30
2023,05,11,21,40,316,9.1,11.5,1020.1,12.7,1.39
2023,05,11,23,40,310,8.9,11.0,1018.9,12.8,1.46
2023,05,12,01,10,307,10.0,12.2,1018.6,12.8,1.71
2023,05,12,02,40,312,9.4,11.9,1018.3,12.7,1.64
2023,05,12,04,10,308,8.2,10.5,1018.4,12.5,1.59
2023,05,12,05,40,312,8.9,11.4,1018.4,12.5,1.72
2023,05,12,07,10,309,8.9,11.0,1018.4,12.5,1.82
2023,05,12,08,40,307,8.3,10.5,1018.2,12.4,1.80
2023,05,12,10,10,313,8.6,10.6,1018.0,12.4,1.69
2023,05,12,11,40,319,8.6,10.6,1017.9,12.3,1.77
2023,05,12,13,10,308,8.5,10.3,1018.5,12.3,1.57
2023,05,12,15,10,312,8.7,10.6,1019.5,12.3,1.62
2023,05,12,16,40,316,7.4,9.3,1019.7,12.3,1.61
2023,05,12,18,10,308,7.8,9.7,1019.7,12.3,1.86
2023,05,12,19,40,308,8.3,10.7,1019.6,12.4,1.63
2023,05,12,21,10,313,9.3,11.7,1019.2,12.5,1.65
2023,05,12,22,40,309,8.7,10.8,1018.6,12.6,1.58
2023,05,13,00,10,311,8.9,11.1,1017.7,12.6,1.62
2023,05,13,01,40,315,10.1,12.5,1017.0,12.5,1.75
2023,05,13,03,10,309,10.0,12.0,1016.9,12.5,1.95
2023,05,13,04,40,315,9.4,11.6,1017.0,12.4,1.97
2023,05,13,06,10,315,7.2,8.9,1016.7,12.3,2.19
2023,05,13,07,40,317,6.9,8.7,1016.3,12.3,2.06
2023,05,13,09,10,307,6.7,8.4,1015.7,12.3,2.18
2023,05,13,10,40,323,5.8,7.2,1015.3,12.3,2.08
2023,05,13,12,10,306,3.2,4.7,1014.8,12.3,1.86
2023,05,13,13,40,337,2.5,3.7,1015.0,12.2,1.79
2023,05,13,15,10,244,0.3,1.2,1015.1,12.2,1.76
2023,05,13,16,40,222,1.3,2.3,1015.1,12.3,1.71
2023,05,13,18,10,212,1.5,2.9,1014.8,12.6,1.76
2023,05,13,19,40,287,2.1,3.5,1014.4,12.9,1.75
2023,05,13,21,10,313,3.2,4.7,1013.4,13.2,1.70
2023,05,13,22,40,300,6.4,7.7,1012.4,12.8,1.60
2023,05,14,00,10,305,6.9,8.2,1011.3,12.7,1.72
2023,05,14,01,40,308,7.9,9.5,1010.6,12.4,1.90
2023,05,14,03,10,312,5.9,7.5,1010.5,12.3,1.83
2023,05,14,04,40,309,6.9,8.6,1010.6,12.3,1.84
2023,05,14,06,10,326,5.4,6.8,1010.3,12.5,1.66
2023,05,14,08,10,310,2.6,3.7,1009.9,12.6,1.74
2023,05,14,12,40,179,3.5,5.0,1009.1,12.6,2.00
2023,05,14,14,40,159,5.7,7.8,1010.8,12.5,2.13
2023,05,14,17,10,164,7.1,9.0,1012.3,12.5,2.15
2023,05,14,19,40,175,8.6,11.0,1013.8,12.4,2.17
2023,05,14,22,10,170,6.9,8.4,1014.3,12.5,2.27
2023,05,14,23,40,168,5.0,6.2,1014.1,12.4,2.24
2023,05,15,01,10,166,4.6,6.0,1014.3,12.4,2.07
2023,05,15,02,40,164,4.5,5.7,1014.6,12.4,2.12
2023,05,15,04,10,170,4.3,5.5,1015.5,12.5,2.09
2023,05,15,05,40,165,4.0,5.0,1016.4,12.6,1.89
2023,05,15,07,10,161,3.6,5.2,1016.5,12.7,2.02
2023,05,15,08,40,172,3.4,4.4,1016.9,12.8,2.05
2023,05,15,10,10,145,3.9,5.3,1016.6,12.8,2.24
2023,05,15,11,40,148,5.4,7.4,1017.0,12.8,2.54
2023,05,15,13,10,156,5.9,7.7,1017.6,12.7,2.36
2023,05,15,15,10,157,5.0,6.7,1018.8,12.5,2.24
2023,05,15,16,40,172,3.9,4.6,1020.0,12.5,2.03
2023,05,15,18,10,155,4.0,5.0,1020.8,12.5,1.99
2023,05,15,19,40,161,3.5,4.3,1021.3,12.7,2.08
2023,05,15,21,40,205,3.0,3.7,1021.2,13.0,2.13
2023,05,15,23,10,186,1.7,2.5,1020.3,13.3,2.12
2023,05,16,00,40,277,2.5,5.1,1019.8,13.4,1.94
2023,05,16,02,10,273,3.4,5.0,1019.5,13.3,1.74
2023,05,16,03,40,317,5.0,6.3,1019.8,13.0,1.87
2023,05,16,05,10,319,4.4,6.1,1020.1,12.7,1.79
2023,05,16,06,40,321,5.0,6.7,1019.7,12.7,1.67
2023,05,16,08,10,316,6.1,8.1,1019.7,13.2,1.71
2023,05,16,09,40,311,6.0,8.2,1019.4,13.0,1.77
2023,05,16,11,10,319,5.9,7.7,1018.8,12.9,1.73
2023,05,16,12,40,330,6.3,7.7,1018.7,12.7,1.59
2023,05,16,14,10,329,5.5,7.5,1019.1,12.8,1.68
2023,05,16,15,40,328,5.4,6.8,1019.3,12.9,1.71
2023,05,16,17,10,327,7.1,9.2,1019.5,13.0,1.55
2023,05,16,18,40,319,7.9,9.8,1019.6,13.2,1.70
2023,05,16,20,10,322,8.0,9.5,1018.7,13.2,1.61
2023,05,16,21,40,310,8.9,10.8,1017.6,13.3,1.59
2023,05,16,23,10,311,8.7,11.0,1016.8,13.2,1.66
2023,05,17,00,40,307,9.8,12.3,1016.2,13.0,1.80
2023,05,17,02,10,307,9.4,11.8,1016.1,12.9,1.71
2023,05,17,03,40,311,9.6,12.2,1016.1,12.9,1.82
2023,05,17,05,10,316,8.6,10.7,1016.6,12.9,1.76
2023,05,17,06,40,305,7.1,8.7,1016.8,13.4,1.65
2023,05,17,08,10,307,6.4,8.5,1016.4,13.4,1.74
2023,05,17,09,40,326,6.3,8.0,1016.0,13.3,1.56
2023,05,17,11,10,311,6.3,7.7,1015.8,13.2,1.65
2023,05,17,12,40,314,6.3,8.6,1015.7,13.2,1.57
2023,05,17,14,10,317,4.2,5.8,1016.0,13.2,1.44
2023,05,17,15,40,316,4.4,6.8,1016.5,13.2,1.50
2023,05,17,17,10,315,4.4,5.6,1016.3,13.1,1.42
2023,05,17,18,40,316,6.0,7.4,1016.5,13.2,1.39
2023,05,17,20,10,307,6.1,7.6,1015.9,13.3,1.28
2023,05,17,21,40,302,7.2,9.0,1015.5,13.3,1.38
2023,05,17,23,10,303,8.2,10.1,1015.0,13.3,1.39
2023,05,18,00,40,306,8.1,9.8,1014.4,13.3,1.38
2023,05,18,02,10,307,7.8,9.6,1013.8,13.3,1.30
2023,05,18,03,40,313,8.1,9.6,1014.1,13.2,1.39
2023,05,18,05,10,305,7.3,10.4,1014.6,13.1,1.47
2023,05,18,06,40,314,7.5,9.8,1014.2,13.1,1.55
2023,05,18,08,10,318,6.3,8.3,1014.2,13.0,1.72
2023,05,18,09,40,316,6.7,8.9,1013.9,12.9,1.51
2023,05,18,11,10,306,6.9,8.9,1013.8,12.9,1.56
2023,05,18,12,40,302,7.2,9.0,1014.0,13.0,1.52
2023,05,18,14,10,312,7.5,9.7,1014.8,13.0,1.57
2023,05,18,15,40,309,6.8,8.3,1015.5,12.9,1.60
2023,05,18,17,10,299,7.1,8.9,1016.0,12.9,1.50
2023,05,18,18,40,311,7.8,9.8,1016.2,12.9,1.56
2023,05,18,20,10,311,7.3,8.7,1016.5,12.8,1.54
2023,05,18,21,40,305,7.5,9.7,1016.5,12.8,1.39
2023,05,18,23,10,303,8.3,10.2,1016.0,12.9,1.34
2023,05,19,00,40,307,8.2,10.1,1015.7,13.0,1.48
2023,05,19,02,10,300,7.5,9.0,1015.6,13.0,1.72
2023,05,19,04,10,305,6.0,7.2,1015.7,12.8,1.69
2023,05,19,05,40,305,6.0,7.7,1016.1,12.8,1.72
2023,05,19,07,10,307,6.3,7.7,1016.5,12.8,1.71
2023,05,19,08,40,307,9.5,12.1,1016.1,12.8,1.82
2023,05,19,10,10,308,8.9,11.0,1015.9,12.7,1.78
2023,05,19,11,40,303,8.1,10.3,1016.3,12.5,1.57
2023,05,19,13,10,313,8.0,10.6,1017.1,11.9,1.60
2023,05,19,14,40,303,7.6,9.5,1017.9,11.8,1.64
2023,05,19,16,10,312,6.9,9.1,1018.7,11.9,1.59
2023,05,19,17,40,313,6.8,8.4,1019.2,12.1,1.56
2023,05,19,19,10,302,7.0,8.8,1019.7,12.2,1.66
2023,05,19,20,40,304,7.0,8.6,1020.0,12.2,1.59
2023,05,19,22,10,303,6.2,8.7,1019.8,12.2,1.66
2023,05,19,23,40,305,8.8,11.5,1019.3,12.2,1.64
2023,05,20,01,10,301,7.5,9.6,1019.1,12.2,1.69
2023,05,20,02,40,302,7.2,8.9,1019.2,12.1,1.76
2023,05,20,04,10,307,7.8,9.7,1019.5,12.2,1.80
2023,05,20,05,40,306,8.0,10.1,1019.8,12.2,1.90
2023,05,20,07,40,305,8.5,11.0,1019.7,11.6,1.90
2023,05,20,09,10,304,8.0,10.2,1019.9,11.4,1.76
2023,05,20,10,40,310,6.7,8.6,1019.7,11.7,1.73
2023,05,20,12,10,308,7.6,9.4,1019.8,11.4,1.61
2023,05,20,13,40,314,8.6,10.8,1020.3,11.3,1.64
2023,05,20,15,10,300,6.2,8.1,1021.0,11.2,1.63
2023,05,20,16,40,289,5.1,7.1,1021.8,11.3,1.60
2023,05,20,18,10,295,4.6,6.2,1022.1,11.4,1.65
2023,05,20,19,40,283,3.8,4.8,1022.1,11.5,1.46
2023,05,20,21,10,271,4.7,5.8,1021.9,11.8,1.42
2023,05,20,22,40,292,4.5,5.5,1021.4,12.0,1.46
2023,05,21,00,10,300,5.7,6.8,1020.3,11.9,1.44
2023,05,21,01,40,315,7.2,9.3,1020.0,11.7,1.44
2023,05,21,03,10,305,7.3,9.7,1020.4,11.6,1.51
2023,05,21,04,40,304,8.1,10.1,1020.3,11.3,1.76
2023,05,21,06,10,308,8.6,11.0,1019.9,11.1,2.00
2023,05,21,07,40,312,8.3,11.4,1019.6,11.1,2.00
2023,05,21,09,10,308,7.3,9.2,1019.1,11.0,1.88
2023,05,21,10,40,311,7.9,10.3,1018.6,11.0,1.87
2023,05,21,12,10,314,6.9,8.6,1018.6,11.0,1.99
2023,05,21,13,40,309,6.8,8.7,1018.4,11.1,1.85
2023,05,21,15,10,322,3.8,5.1,1018.6,11.1,1.86
2023,05,21,16,40,342,2.1,3.7,1018.7,11.0,1.68
2023,05,21,18,10,322,5.2,7.2,1018.9,11.1,1.63
2023,05,21,19,40,318,5.1,6.5,1018.4,11.3,1.59
2023,05,21,21,10,323,4.8,6.5,1017.3,11.4,1.80
2023,05,21,22,40,312,6.6,8.3,1016.8,11.5,2.12
2023,05,22,00,10,311,8.2,10.2,1015.8,11.4,2.42
2023,05,22,02,10,308,7.6,9.3,1015.3,11.4,2.52
2023,05,22,03,40,311,7.3,9.0,1015.4,11.4,2.79
2023,05,22,05,10,313,7.3,9.4,1015.4,11.2,2.97
2023,05,22,06,40,311,6.3,8.4,1015.2,11.2,3.20
2023,05,22,08,10,316,7.5,9.6,1014.6,11.1,3.12
2023,05,22,09,40,319,7.6,9.9,1014.3,11.1,2.90
2023,05,22,11,10,329,5.6,7.5,1014.0,11.3,2.80
2023,05,22,12,40,328,6.4,8.5,1014.0,11.6,2.87
2023,05,22,14,10,323,3.6,6.0,1014.3,11.7,2.41
2023,05,22,15,40,40,0.3,1.4,1014.6,11.9,2.48
2023,05,22,17,10,117,1.4,2.9,1014.6,11.9,2.39
2023,05,22,18,40,173,0.8,2.4,1014.9,12.2,2.10
2023,05,22,20,10,280,1.5,2.7,1014.5,12.2,1.95
2023,05,22,21,40,335,3.0,4.3,1014.3,11.9,1.74
2023,05,22,23,10,310,5.6,7.1,1013.6,11.8,1.93
2023,05,23,00,40,303,5.9,7.7,1013.2,11.5,1.82
2023,05,23,02,10,302,6.5,8.5,1012.6,11.2,2.09
2023,05,23,03,40,291,5.2,7.0,1012.5,11.1,2.73
2023,05,23,05,10,286,4.2,6.0,1012.6,11.2,2.90
2023,05,23,07,10,303,5.5,7.3,1012.3,11.5,3.26
2023,05,23,08,40,304,6.0,8.4,1012.3,11.5,2.94
2023,05,23,10,10,311,7.4,10.3,1012.1,11.4,2.88
2023,05,23,11,40,305,8.1,10.3,1011.9,11.6,2.76
2023,05,23,13,10,305,7.1,9.1,1012.0,11.4,2.74
2023,05,23,14,40,288,5.8,8.2,1012.3,11.4,2.61
2023,05,23,16,10,247,3.7,5.1,1012.4,11.4,2.36
2023,05,23,17,40,190,3.6,4.8,1012.9,11.5,2.23
2023,05,23,19,10,166,4.4,6.5,1013.1,11.6,2.20
2023,05,23,20,40,181,4.8,6.1,1013.0,12.7,2.35
2023,05,23,22,10,182,5.4,7.0,1013.0,13.5,2.18
2023,05,23,23,40,207,3.6,5.1,1012.6,13.3,2.16
2023,05,24,01,10,193,3.0,4.3,1012.4,12.7,2.24
2023,05,24,02,40,283,4.1,5.8,1012.5,12.4,2.41
2023,05,24,04,10,292,5.0,7.0,1013.0,11.9,2.31
2023,05,24,05,40,287,5.5,6.9,1013.1,11.5,2.40
2023,05,24,07,10,294,7.6,9.8,1012.8,11.3,2.21
2023,05,24,08,40,300,7.8,10.4,1012.8,11.1,2.48
2023,05,24,10,10,300,7.4,9.4,1012.7,11.0,2.64
2023,05,24,11,40,307,6.0,8.1,1012.6,12.2,2.52
2023,05,24,13,10,293,5.0,6.6,1013.3,12.5,2.20
2023,05,24,14,40,245,3.6,4.9,1013.8,12.5,2.39
2023,05,24,16,10,171,3.3,4.9,1014.2,12.6,2.15
2023,05,24,17,40,146,3.5,5.1,1014.2,12.7,2.14
2023,05,24,19,10,152,3.7,5.5,1014.6,12.9,2.02
2023,05,24,20,40,231,1.5,2.7,1014.6,13.2,1.95
2023,05,24,22,10,263,0.9,1.9,1014.1,13.2,1.82
2023,05,25,00,10,228,2.5,3.9,1013.6,13.9,1.84
2023,05,25,01,40,251,2.1,3.0,1013.1,13.5,1.71
2023,05,25,03,10,298,4.4,5.8,1013.2,13.0,1.54
2023,05,25,04,40,277,3.0,4.6,1013.7,12.6,1.41
2023,05,25,06,10,256,2.3,3.4,1013.5,12.3,1.46
2023,05,25,07,40,263,2.4,3.2,1013.2,12.3,1.61
2023,05,25,09,10,246,3.2,4.0,1012.5,12.0,1.41
2023,05,25,10,40,226,2.6,3.5,1012.0,12.4,1.56
2023,05,25,12,10,230,2.5,3.4,1011.5,13.0,1.73
2023,05,25,13,40,219,2.5,3.7,1012.1,13.0,1.54
2023,05,25,15,10,166,3.3,4.5,1012.5,13.1,1.48
2023,05,25,16,40,184,5.0,6.4,1012.9,12.9,1.43
2023,05,25,18,10,179,5.5,6.6,1013.4,12.6,1.30
2023,05,25,19,40,209,3.5,4.5,1013.4,12.5,1.20
2023,05,25,21,10,199,5.2,6.3,1013.2,12.4,1.21
2023,05,25,22,40,223,4.2,4.9,1013.0,12.0,1.27
2023,05,26,00,10,220,3.8,4.4,1012.7,12.4,1.13
2023,05,26,01,40,189,4.1,4.9,1012.5,12.3,1.18
2023,05,26,03,10,239,4.2,6.1,1012.9,12.0,1.21
2023,05,26,04,40,227,3.1,4.0,1013.5,12.1,1.09
2023,05,26,06,10,267,3.8,4.7,1013.8,12.4,1.15
2023,05,26,07,40,265,4.4,5.3,1013.8,12.3,1.02
2023,05,26,09,10,260,4.1,5.3,1013.8,12.1,1.07
2023,05,26,10,40,258,3.8,4.7,1013.7,12.0,0.91
2023,05,26,12,10,240,1.4,2.0,1014.1,11.9,0.90
2023,05,26,13,40,233,3.0,4.0,1014.9,11.8,0.85
2023,05,26,15,10,233,2.6,3.2,1015.6,11.8,0.83
2023,05,26,16,40,196,1.7,2.3,1016.2,11.8,0.80
2023,05,26,18,10,178,3.1,3.9,1016.5,12.2,0.74
2023,05,26,19,40,191,3.0,3.6,1016.7,12.1,0.83
2023,05,26,21,10,222,3.2,3.9,1016.5,12.4,0.90
2023,05,26,22,40,239,3.2,3.8,1016.1,12.6,0.86
2023,05,27,00,10,284,3.4,4.2,1015.7,12.7,0.89
2023,05,27,01,40,270,4.1,5.1,1015.4,12.5,0.88
2023,05,27,03,10,260,3.4,4.3,1015.8,12.5,0.93
2023,05,27,04,40,283,2.9,5.2,1016.5,12.4,0.95
2023,05,27,06,10,263,1.7,2.5,1016.7,12.3,0.87
2023,05,27,07,40,231,2.8,4.5,1016.5,12.2,0.73
2023,05,27,09,10,238,2.9,4.4,1016.2,12.1,0.81
2023,05,27,10,40,234,1.5,2.5,1016.0,12.0,0.78
2023,05,27,12,10,266,2.3,3.3,1015.8,12.2,0.86
2023,05,27,13,40,237,2.0,3.4,1016.3,12.2,0.73
2023,05,27,15,10,243,1.4,2.8,1016.8,12.1,0.76
2023,05,27,16,40,212,1.0,1.7,1017.2,12.2,0.77
2023,05,27,18,10,269,2.4,3.1,1017.1,12.3,0.77
2023,05,27,19,40,272,2.8,4.1,1017.1,12.4,0.81
2023,05,27,21,10,248,3.8,4.8,1016.7,12.6,0.92
2023,05,27,22,40,282,4.3,5.4,1016.4,12.5,0.90
2023,05,28,00,10,287,4.7,5.6,1016.0,12.5,0.89
2023,05,28,01,40,309,7.2,9.3,1015.6,12.3,0.98
2023,05,28,03,10,308,9.7,12.5,1015.5,11.9,1.21
2023,05,28,04,40,308,8.9,11.6,1015.5,11.7,1.55
2023,05,28,06,10,297,10.5,12.4,1015.2,11.8,1.83
2023,05,28,07,40,311,7.9,10.8,1014.9,11.9,1.77
2023,05,28,09,10,308,7.7,10.2,1014.2,11.8,1.77
2023,05,28,10,40,311,7.4,9.5,1014.0,11.7,1.72
2023,05,28,12,10,308,7.8,10.2,1013.4,12.9,1.83
2023,05,28,13,40,307,8.8,10.7,1013.5,12.9,1.89
2023,05,28,15,10,308,8.6,10.3,1014.3,13.0,1.88
2023,05,28,16,40,305,8.9,11.1,1014.3,12.9,1.86
2023,05,28,18,40,300,7.2,8.7,1015.0,12.8,1.63
2023,05,28,20,10,295,5.9,7.1,1015.1,12.9,1.51
2023,05,28,21,40,288,6.1,8.2,1014.7,13.0,1.39
2023,05,28,23,10,278,5.2,6.3,1014.5,13.1,1.47
2023,05,29,00,40,272,4.5,5.5,1014.1,13.1,1.39
2023,05,29,02,10,269,3.7,4.6,1013.9,13.1,1.47
2023,05,29,03,40,273,4.2,5.1,1014.0,13.2,1.32
2023,05,29,05,10,234,3.6,5.3,1014.6,13.1,1.40
2023,05,29,06,40,200,4.3,5.2,1014.6,13.2,1.35
2023,05,29,08,10,193,3.6,4.4,1014.4,12.8,1.26
2023,05,29,09,40,190,3.7,4.5,1014.0,12.8,1.15
2023,05,29,11,10,186,3.8,4.6,1014.0,12.9,1.08
2023,05,29,12,40,178,3.4,4.2,1013.9,12.9,1.12
2023,05,29,14,10,159,4.3,5.6,1014.4,12.9,1.17
2023,05,29,15,40,163,5.7,7.0,1014.8,12.9,1.22
2023,05,29,17,10,163,6.3,7.9,1015.4,12.9,1.16
2023,05,29,18,40,163,6.7,8.0,1015.6,13.0,1.18
2023,05,29,20,10,169,5.5,6.7,1016.1,13.1,1.14
2023,05,29,21,40,173,5.3,6.9,1016.1,13.3,1.32
2023,05,29,23,10,177,5.4,6.8,1015.6,13.4,1.16
2023,05,30,00,40,182,3.9,4.9,1015.4,13.4,1.11
2023,05,30,02,10,188,3.2,3.9,1015.7,13.3,1.19
2023,05,30,03,40,207,2.7,3.4,1015.9,13.2,1.17
2023,05,30,05,10,216,2.1,2.9,1016.4,13.3,1.09
2023,05,30,06,40,276,1.7,2.4,1016.2,13.2,1.09
2023,05,30,08,10,197,0.4,1.2,1016.1,13.3,1.11
2023,05,30,09,40,21,0.6,1.1,1015.7,13.2,1.04
2023,05,30,11,10,167,2.8,3.5,1015.4,13.2,1.13
2023,05,30,12,40,196,0.8,1.5,1015.1,13.2,1.13
2023,05,30,14,40,213,1.6,2.5,1015.9,13.3,1.09
2023,05,30,16,10,245,2.0,2.5,1016.4,13.3,1.04
2023,05,30,17,40,312,2.9,3.5,1016.7,13.3,1.07
2023,05,30,19,10,281,2.9,3.8,1017.2,13.5,0.92
2023,05,30,20,40,294,3.3,4.4,1016.9,13.6,1.03
2023,05,30,22,10,290,4.2,5.2,1016.3,13.7,1.11
2023,05,30,23,40,265,3.0,4.3,1016.0,13.8,1.13
2023,05,31,01,10,258,4.3,6.0,1015.6,14.1,1.13
2023,05,31,02,40,287,3.8,4.8,1015.5,14.3,1.26
2023,05,31,04,10,269,4.6,7.0,1015.6,14.0,1.23
2023,05,31,05,40,279,6.1,7.8,1015.9,13.6,1.22
2023,05,31,07,10,273,4.8,6.5,1015.8,13.3,1.22
2023,05,31,08,40,304,5.3,7.1,1015.2,13.3,1.25
2023,05,31,10,10,280,6.4,8.4,1014.7,13.2,1.34
2023,05,31,11,40,292,5.9,8.7,1014.1,13.2,1.60
2023,05,31,13,10,294,6.7,8.5,1014.1,13.2,1.91
2023,05,31,14,40,301,6.9,9.5,1014.3,13.4,1.88
2023,05,31,16,10,305,7.7,9.8,1014.5,14.0,2.13
2023,05,31,17,40,297,6.8,8.8,1014.5,13.7,2.05
2023,05,31,19,10,295,6.2,8.5,1014.6,13.5,2.19
2023,05,31,20,40,294,5.5,7.4,1014.3,13.5,2.14
2023,05,31,22,10,301,6.6,8.5,1013.7,13.6,2.25
2023,05,31,23,40,302,7.6,9.8,1013.1,13.5,2.38
2023,06,01,01,10,302,8.9,10.8,1012.6,13.5,2.60
2023,06,01,02,40,300,9.3,11.5,1012.2,13.4,2.92
2023,06,01,04,10,302,9.6,11.9,1012.1,13.5,3.29
2023,06,01,05,40,307,9.0,11.2,1012.4,13.7,3.45
2023,06,01,07,10,309,10.1,12.6,1012.2,13.9,3.27
2023,06,01,08,40,316,10.0,12.8,1011.9,13.5,3.37
2023,06,01,10,10,314,10.0,12.4,1011.7,13.5,3.08
2023,06,01,11,40,314,9.2,12.1,1011.8,13.2,2.62
2023,06,01,13,10,318,8.2,10.9,1012.1,12.9,2.81
2023,06,01,14,40,335,6.8,8.9,1012.9,12.9,2.72
2023,06,01,16,10,345,5.3,7.5,1013.7,13.1,2.61
2023,06,01,17,40,324,5.5,7.1,1014.4,13.4,2.47
2023,06,01,19,10,317,6.2,7.7,1014.6,13.5,2.49
2023,06,01,20,40,318,7.3,9.1,1014.8,13.5,2.62
2023,06,01,22,10,304,7.7,9.6,1014.8,13.6,2.52
2023,06,01,23,40,300,8.3,10.6,1014.6,13.3,2.31
2023,06,02,01,10,301,9.2,11.7,1014.2,12.8,2.47
2023,06,02,02,40,309,9.0,11.6,1014.2,12.4,2.77
2023,06,02,04,10,321,7.2,10.3,1014.6,12.1,3.03
2023,06,02,05,40,308,11.3,14.7,1014.4,11.5,3.06
2023,06,02,07,10,315,8.9,11.3,1014.8,12.7,3.05
2023,06,02,09,10,314,7.9,10.5,1014.9,12.6,2.67
2023,06,02,10,40,326,6.7,8.3,1015.2,12.4,2.52
2023,06,02,12,10,330,6.4,8.1,1015.4,12.3,2.56
2023,06,02,13,40,321,7.7,9.7,1016.2,12.3,2.18
2023,06,02,15,10,335,6.5,8.1,1016.7,12.3,2.38
2023,06,02,16,40,324,6.1,8.0,1017.3,12.3,2.31
2023,06,02,18,10,320,7.8,9.3,1017.7,12.5,1.98
2023,06,02,19,40,317,8.6,10.4,1017.8,12.5,2.12
2023,06,02,21,10,306,8.5,10.2,1017.5,12.6,2.10
2023,06,02,22,40,307,8.6,10.7,1017.2,12.7,2.08
2023,06,03,00,10,306,9.4,11.8,1016.7,12.7,2.06
2023,06,03,01,40,309,9.9,12.3,1016.2,12.3,1.95
2023,06,03,03,10,307,9.9,12.5,1016.0,12.1,2.07
2023,06,03,04,40,309,9.4,12.1,1016.0,11.8,2.40
2023,06,03,06,10,313,9.1,12.0,1015.6,12.3,2.66
2023,06,03,07,40,313,7.9,9.7,1015.6,12.3,2.56
2023,06,03,09,10,319,7.3,9.2,1015.4,12.3,2.20
2023,06,03,10,40,317,6.9,8.5,1015.1,12.4,2.10
2023,06,03,12,10,298,6.7,8.2,1014.8,12.3,1.99
2023,06,03,13,40,356,4.6,5.8,1014.9,12.2,2.14
2023,06,03,15,10,322,2.0,3.9,1015.4,12.2,2.07
2023,06,03,16,40,324,3.0,4.3,1015.7,12.3,1.92
2023,06,03,18,10,300,1.9,3.4,1015.8,12.7,1.92
2023,06,03,19,40,316,4.2,5.8,1015.3,13.0,1.68
2023,06,03,21,10,317,6.5,8.0,1015.0,13.0,1.78
2023,06,03,22,40,311,7.7,9.3,1014.6,12.9,1.82
2023,06,04,00,10,310,8.8,10.2,1014.1,12.9,1.70
2023,06,04,01,40,313,8.1,10.3,1013.5,12.2,1.76
2023,06,04,03,10,307,8.2,9.7,1013.3,12.1,1.84
2023,06,04,04,40,302,7.0,9.4,1013.2,12.0,1.84
2023,06,04,06,10,305,6.5,8.7,1012.7,12.0,2.00
2023,06,04,07,40,316,6.3,8.0,1012.8,12.1,2.51
2023,06,04,09,10,315,6.8,8.8,1012.7,12.5,2.54
2023,06,04,10,40,319,7.5,9.3,1012.3,12.4,2.36
2023,06,04,12,10,318,7.6,9.8,1012.3,12.5,2.47
2023,06,04,13,40,309,6.5,7.9,1012.5,12.4,2.42
2023,06,04,15,10,318,3.5,5.1,1012.7,12.3,2.30
2023,06,04,16,40,291,2.9,4.6,1012.9,12.4,1.93
2023,06,04,18,10,236,1.3,2.0,1012.7,12.9,1.92
2023,06,04,19,40,240,2.6,3.8,1012.7,13.1,2.32
2023,06,04,21,10,242,2.1,3.8,1012.2,13.2,2.35
2023,06,04,22,40,256,2.3,3.9,1011.8,13.1,2.49
2023,06,05,00,10,232,2.5,3.6,1011.3,13.1,2.44
2023,06,05,01,40,254,3.2,4.9,1010.6,12.9,2.43
2023,06,05,03,10,254,2.8,4.9,1010.7,12.7,2.28
2023,06,05,04,40,250,1.5,3.5,1010.9,12.5,2.20
2023,06,05,06,10,226,2.1,4.0,1010.8,12.5,2.05
2023,06,05,07,40,187,2.6,4.0,1010.6,12.3,2.02
2023,06,05,09,10,200,3.7,5.5,1010.4,12.2,2.23
2023,06,05,10,40,175,4.0,6.1,1010.1,12.5,2.16
2023,06,05,12,10,175,4.7,5.8,1010.2,12.2,2.07
2023,06,05,13,40,167,7.1,9.0,1010.7,12.1,1.92
2023,06,05,15,10,169,6.8,9.0,1011.2,12.0,1.95
2023,06,05,16,40,176,6.2,7.9,1011.2,11.9,1.87
2023,06,05,18,10,177,6.1,7.5,1011.4,12.0,1.79
2023,06,05,19,40,188,5.6,7.1,1011.6,12.1,1.81
2023,06,05,21,10,193,5.0,6.2,1011.2,12.1,2.00
2023,06,05,22,40,198,4.6,6.0,1011.0,12.1,1.96
2023,06,06,00,10,186,4.5,5.5,1011.3,12.4,1.97
2023,06,06,01,40,179,6.4,8.8,1011.6,12.3,1.60
2023,06,06,03,40,185,5.3,6.6,1011.4,12.3,1.64
2023,06,06,05,10,148,2.6,3.9,1012.0,12.3,1.73
2023,06,06,06,40,161,4.6,5.6,1011.6,12.2,1.48
2023,06,06,08,10,180,2.5,3.7,1011.1,12.2,1.49
2023,06,06,09,40,129,1.9,2.9,1011.0,12.2,1.45
2023,06,06,11,10,170,3.9,4.8,1010.4,12.2,1.64
2023,06,06,12,40,187,4.0,5.5,1010.5,12.3,1.24
2023,06,06,14,10,180,4.0,5.2,1010.7,12.3,1.31
2023,06,06,15,40,170,4.7,5.9,1011.2,12.2,1.22
2023,06,06,17,10,136,3.4,4.6,1011.7,12.2,1.19
2023,06,06,18,40,165,5.1,7.1,1012.0,12.3,1.19
2023,06,06,20,10,143,5.3,7.0,1011.0,12.3,1.39
2023,06,06,21,40,145,3.9,5.8,1012.5,12.4,1.29
2023,06,06,23,10,145,5.0,6.5,1012.4,12.4,1.41
2023,06,07,00,40,157,3.2,4.3,1012.8,12.4,1.31
2023,06,07,02,10,166,3.2,4.2,1012.5,12.4,1.32
2023,06,07,03,40,144,2.8,3.7,1013.1,12.3,1.34
2023,06,07,05,10,125,1.7,2.7,1013.9,12.1,1.31
2023,06,07,06,40,147,3.6,4.7,1013.7,12.1,1.17
2023,06,07,08,10,173,3.3,4.3,1013.5,12.0,1.21
2023,06,07,09,40,169,2.2,3.0,1013.5,12.1,1.24
2023,06,07,11,10,227,0.7,1.5,1013.5,12.1,1.21
2023,06,07,12,40,120,0.8,1.2,1014.2,12.0,1.13
2023,06,07,14,10,152,2.5,3.2,1014.6,12.1,1.05
2023,06,07,15,40,146,3.6,4.4,1015.1,12.3,1.09
2023,06,07,17,10,150,3.4,4.2,1015.9,12.3,1.09
2023,06,07,18,40,174,2.8,3.5,1016.2,12.3,0.96
2023,06,07,20,10,173,1.0,1.5,1016.6,12.4,0.95
2023,06,07,21,40,182,1.9,2.4,1016.7,12.8,0.97
2023,06,07,23,10,190,1.5,2.3,1016.7,12.9,1.14
2023,06,08,00,40,203,1.0,1.6,1016.7,13.1,0.98
2023,06,08,02,10,246,1.7,2.2,1016.7,12.9,0.97
2023,06,08,03,40,57,0.2,0.8,1017.3,12.7,0.96
2023,06,08,05,10,346,0.8,1.4,1017.6,12.9,0.99
2023,06,08,06,40,45,1.3,1.9,1017.9,12.5,0.98
2023,06,08,08,10,100,0.9,2.4,1017.5,12.5,0.89
2023,06,08,09,40,197,0.3,0.7,1017.2,12.7,1.00
2023,06,08,11,10,351,0.8,1.2,1016.9,12.4,0.91
2023,06,08,12,40,144,0.8,1.3,1016.8,12.2,1.01
2023,06,08,14,10,197,1.5,2.0,1017.4,12.2,0.96
2023,06,08,15,40,226,1.5,2.1,1018.2,12.5,0.98
2023,06,08,17,10,260,0.7,1.3,1018.9,12.7,0.94
2023,06,08,18,40,233,0.5,0.9,1019.0,12.8,0.83
2023,06,08,20,10,229,2.0,2.4,1019.0,13.5,0.85
2023,06,08,21,40,263,0.9,1.7,1018.3,14.0,0.83
2023,06,08,23,10,264,2.3,2.9,1017.8,13.3,0.86
2023,06,09,00,40,287,2.2,2.9,1018.0,12.8,0.86
2023,06,09,02,10,310,2.1,2.7,1018.3,13.1,0.85
2023,06,09,03,40,296,2.5,2.8,1018.5,12.2,0.89
2023,06,09,05,10,277,2.9,3.9,1018.9,12.4,0.79
2023,06,09,06,40,289,3.0,4.0,1018.4,12.8,1.07
2023,06,09,08,10,291,2.6,3.3,1018.1,13.3,0.86
2023,06,09,09,40,292,3.3,4.2,1017.6,13.4,1.04
2023,06,09,11,10,289,3.5,4.3,1017.5,13.0,0.92
2023,06,09,12,40,283,2.6,3.7,1017.6,13.0,0.88
2023,06,09,14,10,260,3.0,3.9,1018.1,12.9,0.82
2023,06,09,15,40,289,2.1,2.9,1018.6,12.7,0.93
2023,06,09,17,10,315,3.8,4.6,1018.8,12.7,0.89
2023,06,09,18,40,294,4.4,5.1,1019.1,12.9,0.85
2023,06,09,20,10,306,4.1,4.7,1018.7,13.0,0.79
2023,06,09,21,40,279,3.7,4.6,1018.3,13.0,0.88
2023,06,09,23,10,300,4.3,5.1,1017.6,13.3,0.85
2023,06,10,00,40,291,3.7,4.5,1017.1,13.4,0.90
2023,06,10,02,10,294,6.0,7.5,1016.6,13.4,0.84
2023,06,10,03,40,295,5.9,7.2,1016.6,13.3,0.90
2023,06,10,05,10,290,6.3,7.6,1016.9,13.2,0.86
2023,06,10,06,40,302,5.4,8.2,1016.5,13.1,0.95
2023,06,10,08,10,290,5.1,6.8,1016.0,13.0,0.92
2023,06,10,09,40,300,5.1,6.6,1015.5,12.8,1.06
2023,06,10,11,10,291,4.8,6.3,1014.9,12.9,1.14
2023,06,10,12,40,309,4.8,6.6,1014.5,13.0,1.10
2023,06,10,14,10,317,4.9,6.7,1014.7,13.8,1.00
2023,06,10,15,40,300,4.2,5.7,1015.2,14.0,1.07
2023,06,10,17,10,284,3.3,4.7,1015.2,13.7,1.06
2023,06,10,18,40,245,2.0,3.0,1014.8,13.7,1.06
2023,06,10,20,10,219,2.8,3.5,1014.4,13.8,1.20
2023,06,10,21,40,269,5.2,6.6,1013.9,13.9,1.23
2023,06,10,23,10,280,3.7,5.1,1013.9,13.1,1.41
2023,06,11,00,40,262,4.6,6.1,1013.6,13.0,1.34
2023,06,11,02,10,285,2.3,3.5,1013.2,13.0,1.25
2023,06,11,03,40,301,3.5,4.6,1012.9,13.7,1.17
2023,06,11,05,10,288,2.6,3.8,1013.1,13.6,1.33
2023,06,11,06,40,302,4.1,5.4,1012.7,13.7,1.16
2023,06,11,08,10,284,4.0,5.4,1012.1,13.6,1.33
2023,06,11,09,40,275,3.4,4.5,1011.3,13.5,1.42
2023,06,11,11,10,263,3.0,4.2,1010.9,13.3,1.43
2023,06,11,12,40,247,1.8,3.3,1011.1,13.3,1.79
2023,06,11,14,10,278,1.9,3.2,1011.2,13.4,1.90
2023,06,11,15,40,277,2.2,3.8,1011.5,13.9,1.95
2023,06,11,17,10,300,3.3,4.6,1012.1,13.9,1.90
2023,06,11,18,40,239,3.2,4.0,1012.7,13.8,1.84
2023,06,11,20,10,213,3.8,4.9,1013.2,14.0,1.85
2023,06,11,21,40,239,3.7,4.6,1012.7,13.8,1.87
2023,06,11,23,10,221,4.3,5.1,1012.5,13.8,1.90
2023,06,12,00,40,219,4.1,5.1,1012.8,13.5,1.83
2023,06,12,02,10,227,4.0,5.1,1013.4,13.2,1.96
2023,06,12,03,40,248,3.4,4.5,1013.9,13.1,1.89
2023,06,12,05,10,214,2.8,3.5,1014.6,13.3,1.97
2023,06,12,06,40,204,3.8,4.8,1015.2,13.5,1.73
2023,06,12,08,10,215,3.0,4.0,1015.3,13.4,1.72
2023,06,12,09,40,182,5.3,6.8,1014.9,13.4,1.60
2023,06,12,11,10,202,4.8,6.0,1015.4,13.3,1.60
2023,06,12,12,40,183,3.4,4.9,1016.1,13.2,1.57
2023,06,12,14,10,167,4.2,5.3,1016.1,13.1,1.77
2023,06,12,15,40,191,3.0,4.6,1017.0,13.2,1.68
2023,06,12,17,10,190,3.9,4.8,1017.6,13.2,1.62
2023,06,12,18,40,174,4.4,5.4,1017.9,13.4,1.58
2023,06,12,20,10,190,4.0,5.0,1018.3,13.6,1.55
2023,06,12,21,40,184,4.6,6.0,1017.7,14.0,1.57
2023,06,12,23,10,212,4.8,6.3,1017.0,14.3,1.57
2023,06,13,00,40,207,3.8,4.8,1017.0,14.1,1.58
2023,06,13,02,10,201,4.7,5.5,1017.2,14.0,1.62
2023,06,13,03,40,185,4.7,6.6,1017.2,13.9,1.45
2023,06,13,05,10,210,3.5,5.0,1018.0,13.8,1.40
2023,06,13,06,40,195,3.9,5.4,1018.1,13.9,1.43
2023,06,13,08,10,204,3.1,5.6,1018.1,13.9,1.31
2023,06,13,09,40,203,2.3,3.9,1017.9,13.8,1.22
2023,06,13,11,10,195,2.5,3.4,1017.8,13.8,1.25
2023,06,13,12,40,203,0.9,1.9,1018.0,13.8,1.27
2023,06,13,14,10,240,1.0,1.8,1018.4,13.9,1.19
2023,06,13,15,40,258,1.8,2.7,1019.1,14.0,1.33
2023,06,13,17,10,254,0.5,1.5,1019.1,14.3,1.30
2023,06,13,18,40,275,2.4,3.2,1019.2,14.3,1.20
2023,06,13,20,10,282,1.9,2.9,1019.1,14.4,1.27
2023,06,13,22,10,278,2.2,3.3,1018.0,14.9,1.18
2023,06,13,23,40,280,3.0,3.9,1017.3,14.7,1.21
2023,06,14,01,10,280,3.2,4.4,1016.5,14.6,1.42
2023,06,14,02,40,253,2.1,4.3,1016.5,14.3,1.29
2023,06,14,04,10,283,4.1,5.6,1016.6,14.5,1.29
2023,06,14,05,40,240,1.9,3.4,1016.5,14.9,1.36
2023,06,14,07,10,252,2.6,3.9,1016.4,14.0,1.20
2023,06,14,08,40,286,2.2,3.9,1016.2,13.8,1.23
2023,06,14,10,10,279,3.0,4.8,1015.5,13.7,1.22
2023,06,14,11,40,218,2.3,4.1,1015.1,14.1,1.36
2023,06,14,13,10,218,2.3,4.2,1014.9,14.3,1.56
2023,06,14,14,40,237,2.7,3.9,1015.4,14.4,1.65
2023,06,14,16,10,202,2.0,2.9,1015.5,14.3,1.57
2023,06,14,17,40,224,2.2,3.7,1015.6,14.4,1.70
2023,06,14,19,10,172,3.5,4.9,1015.3,14.2,1.93
2023,06,14,20,40,210,3.7,4.8,1014.9,14.4,1.99
2023,06,14,22,10,253,3.6,4.9,1014.5,14.4,2.13
2023,06,14,23,40,265,2.2,3.8,1013.4,14.6,2.12
2023,06,15,01,10,262,3.0,4.9,1012.4,14.4,2.02
2023,06,15,02,40,272,3.9,6.5,1011.9,14.1,2.20
2023,06,15,04,10,290,2.9,4.4,1012.0,14.3,2.02
2023,06,15,05,40,242,3.0,4.8,1012.1,14.5,2.16
2023,06,15,07,10,246,3.1,5.5,1012.2,14.3,2.14
2023,06,15,08,40,205,3.1,4.4,1011.8,14.1,2.44
2023,06,15,10,10,174,4.3,6.6,1011.4,14.1,2.50
2023,06,15,11,40,165,6.0,8.5,1011.1,14.0,2.37
2023,06,15,13,10,163,6.5,8.4,1011.7,14.1,2.15
2023,06,15,14,40,149,7.0,9.5,1013.1,13.9,2.27
2023,06,15,16,10,154,6.1,7.7,1014.0,13.4,2.08
2023,06,15,17,40,162,6.6,8.9,1014.4,13.4,1.89
2023,06,15,19,10,179,5.3,7.0,1014.9,13.5,1.97
2023,06,15,20,40,196,4.1,5.2,1015.0,13.8,1.93
2023,06,15,22,10,205,3.3,4.0,1014.6,13.9,1.97
2023,06,15,23,40,245,2.9,3.9,1014.6,14.3,1.82
2023,06,16,01,10,238,2.5,3.2,1013.7,14.2,1.72
2023,06,16,02,40,232,1.9,2.8,1013.5,14.1,1.87
2023,06,16,04,10,230,1.9,3.4,1013.6,13.9,2.14
2023,06,16,05,40,181,3.1,4.9,1013.8,14.0,2.03
2023,06,16,07,10,200,4.2,5.6,1013.7,13.9,2.06
2023,06,16,08,40,219,3.1,3.8,1013.9,13.9,1.84
2023,06,16,10,10,166,4.0,6.0,1013.9,13.8,1.89
2023,06,16,11,40,175,5.4,7.5,1014.5,13.9,1.84
2023,06,16,13,10,154,5.1,7.3,1014.9,13.7,1.84
2023,06,16,14,40,150,5.9,7.4,1015.6,13.8,1.57
2023,06,16,16,10,184,4.5,5.8,1016.6,13.7,1.57
2023,06,16,17,40,184,3.7,4.8,1016.8,13.6,1.57
2023,06,16,19,10,198,3.4,4.5,1017.2,13.7,1.59
2023,06,16,20,40,225,2.9,3.7,1017.4,13.7,1.40
2023,06,16,22,10,216,3.7,5.1,1017.3,14.1,1.39
2023,06,16,23,40,203,3.2,4.1,1017.0,14.1,1.43
2023,06,17,01,10,245,3.5,4.6,1017.0,14.2,1.25
2023,06,17,02,40,214,3.1,4.6,1016.8,14.1,1.31
2023,06,17,04,10,238,2.9,5.0,1016.9,14.1,1.25
2023,06,17,05,40,200,3.0,4.4,1017.5,14.0,1.18
2023,06,17,07,10,193,2.5,4.2,1017.2,13.9,1.26
2023,06,17,08,40,235,2.5,3.5,1016.8,13.9,1.08
2023,06,17,10,10,199,1.9,3.7,1016.2,13.9,1.02
2023,06,17,11,40,211,2.6,3.9,1016.0,13.9,0.98
2023,06,17,13,10,164,3.1,4.3,1016.3,13.9,1.11
2023,06,17,14,40,157,3.1,4.5,1016.8,13.9,1.13
2023,06,17,16,10,236,2.2,2.8,1017.3,14.0,1.11
2023,06,17,17,40,258,2.4,3.3,1017.5,14.1,1.16
2023,06,17,19,10,220,2.7,3.4,1017.2,14.2,1.17
2023,06,17,20,40,284,4.4,5.6,1017.3,14.2,1.24
2023,06,17,22,10,269,3.9,4.9,1016.6,14.2,1.29
2023,06,17,23,40,285,4.1,5.6,1016.0,14.2,1.20
2023,06,18,01,10,292,5.0,6.1,1015.4,14.2,1.14
2023,06,18,02,40,292,5.6,6.9,1015.1,14.2,1.15
2023,06,18,04,10,301,5.0,6.1,1014.6,14.1,1.20
2023,06,18,05,40,307,8.0,9.9,1014.4,14.0,1.52
2023,06,18,07,10,300,10.5,13.2,1013.5,13.8,2.13
2023,06,18,08,40,309,8.8,10.8,1013.6,13.5,2.15
2023,06,18,10,10,312,8.9,11.5,1013.0,13.5,2.39
2023,06,18,11,40,302,9.4,12.1,1012.7,13.8,2.33
2023,06,18,13,10,304,10.5,13.0,1012.9,13.7,2.33
2023,06,18,14,40,308,9.1,11.8,1013.7,13.6,2.11
2023,06,18,16,10,307,10.0,12.7,1014.0,14.0,2.35
2023,06,18,17,40,305,8.1,10.1,1014.3,14.1,2.29
2023,06,18,19,10,307,8.0,9.5,1014.5,13.9,2.02
2023,06,18,20,40,301,7.3,8.9,1014.3,14.3,1.74
2023,06,18,22,10,298,7.4,9.6,1014.1,14.3,1.92
2023,06,18,23,40,301,10.0,11.8,1013.6,14.2,2.04
2023,06,19,01,10,301,9.8,12.3,1013.3,14.1,2.10
2023,06,19,02,40,300,11.0,13.2,1013.2,14.1,1.97
2023,06,19,04,10,301,11.3,14.9,1013.2,14.1,1.90
2023,06,19,05,40,301,12.0,14.4,1013.2,13.8,2.19
2023,06,19,07,10,300,11.6,14.6,1013.5,13.6,2.30
2023,06,19,08,40,304,12.7,16.1,1013.7,13.4,2.36
2023,06,19,10,10,304,12.0,14.9,1014.3,13.0,2.21
2023,06,19,11,40,304,12.2,15.4,1014.7,12.6,2.39
2023,06,19,13,10,304,11.1,13.6,1015.8,12.1,2.06
2023,06,19,14,40,303,10.8,14.3,1017.1,11.9,2.12
2023,06,19,16,10,306,10.2,12.7,1017.8,11.6,2.13
2023,06,19,17,40,305,10.5,13.3,1018.2,11.6,1.85
2023,06,19,19,10,306,9.1,11.6,1019.1,11.6,1.85
2023,06,19,20,40,300,10.4,13.3,1018.7,11.8,1.82
2023,06,19,22,10,310,9.8,13.1,1019.0,11.8,1.79
2023,06,19,23,40,306,10.7,13.3,1018.5,11.8,1.85
2023,06,20,01,10,303,10.9,14.7,1018.4,11.8,1.98
2023,06,20,02,40,301,11.6,14.8,1018.0,11.8,2.19
2023,06,20,04,10,299,11.8,14.6,1018.4,11.9,2.02
2023,06,20,05,40,307,11.6,14.3,1019.3,11.9,1.95
2023,06,20,07,10,318,10.2,13.0,1019.6,11.6,1.97
2023,06,20,08,40,317,10.4,14.0,1019.8,11.5,1.93
2023,06,20,10,10,315,9.6,11.8,1020.1,11.3,1.75
2023,06,20,11,40,316,10.2,12.6,1020.1,11.2,1.89
2023,06,20,13,10,312,9.8,12.1,1020.6,11.1,1.81
2023,06,20,14,40,312,9.7,11.9,1021.4,11.1,1.79
2023,06,20,16,40,319,7.4,9.1,1022.3,11.1,1.67
2023,06,20,18,10,314,7.4,9.0,1022.2,11.2,1.59
2023,06,20,19,40,311,7.6,9.2,1022.3,11.3,1.58
2023,06,20,21,10,314,7.9,9.7,1022.1,11.4,1.72
2023,06,20,22,40,306,7.7,9.5,1021.8,11.4,1.61
2023,06,21,00,10,302,7.9,9.8,1021.2,11.5,1.68
2023,06,21,01,40,298,9.1,11.5,1020.5,11.5,1.79
2023,06,21,03,10,301,9.8,12.1,1020.0,11.4,1.88
2023,06,21,04,40,312,8.6,10.5,1020.0,11.4,1.98
2023,06,21,06,10,310,7.6,9.6,1019.8,11.4,1.93
2023,06,21,07,40,313,7.6,9.0,1019.7,11.4,1.99
2023,06,21,09,10,315,8.2,9.7,1019.0,11.2,1.81
2023,06,21,10,40,318,6.6,8.5,1018.7,11.1,1.59
2023,06,21,12,10,315,8.2,11.3,1018.4,11.1,1.54
2023,06,21,13,40,309,6.1,8.5,1018.6,11.0,1.44
2023,06,21,15,10,308,6.4,9.0,1019.0,11.0,1.46
2023,06,21,16,40,301,5.9,7.0,1019.1,11.1,1.52
2023,06,21,18,10,306,6.7,8.5,1019.2,11.2,1.56
2023,06,21,19,40,289,6.4,7.9,1019.0,11.2,1.69
2023,06,21,21,10,295,6.9,8.6,1018.6,11.3,1.48
2023,06,21,22,40,294,6.9,8.5,1018.0,11.4,1.57
2023,06,22,00,10,305,8.2,10.7,1017.4,11.4,1.49
2023,06,22,01,40,304,6.3,7.5,1016.7,11.3,1.46
2023,06,22,03,10,301,7.2,9.0,1016.5,11.3,1.47
2023,06,22,04,40,304,5.3,7.2,1016.5,11.2,1.49
2023,06,22,06,10,291,4.2,5.9,1016.2,11.3,1.41
2023,06,22,07,40,259,3.5,5.0,1015.5,11.3,1.44
2023,06,22,09,10,272,3.0,4.4,1015.0,11.2,1.36
2023,06,22,10,40,268,2.0,2.9,1014.7,11.2,1.42
2023,06,22,12,10,253,2.7,3.9,1014.5,11.2,1.38
2023,06,22,13,40,232,1.3,2.2,1014.9,11.2,1.32
2023,06,22,15,10,249,1.8,3.7,1015.1,11.3,1.32
2023,06,22,16,40,234,1.9,2.5,1015.5,11.3,1.40
2023,06,22,18,10,201,1.7,2.3,1015.9,11.3,1.23
2023,06,22,19,40,198,2.1,2.8,1015.8,11.6,1.25
2023,06,22,21,10,197,3.7,4.5,1015.8,11.7,1.38
2023,06,22,22,40,205,3.5,4.4,1015.7,11.8,1.38
2023,06,23,00,10,209,2.5,3.1,1015.4,11.8,1.27
2023,06,23,01,40,231,1.9,2.3,1015.2,12.0,1.25
2023,06,23,03,10,258,2.9,3.7,1015.6,11.8,1.30
2023,06,23,04,40,240,2.0,2.5,1016.0,11.7,1.29
2023,06,23,06,10,240,2.2,2.8,1016.2,11.6,1.27
2023,06,23,07,40,243,2.0,2.8,1016.2,11.8,1.31
2023,06,23,09,10,221,2.1,2.6,1016.0,12.1,1.15
2023,06,23,10,40,259,4.2,5.1,1016.5,12.0,1.21
2023,06,23,12,10,227,1.7,2.3,1016.9,12.0,1.21
2023,06,23,13,40,235,1.6,2.5,1017.5,12.0,1.23
2023,06,23,15,10,336,2.1,2.9,1018.6,11.5,1.08
2023,06,23,16,40,4,0.7,1.1,1019.2,11.5,1.10
2023,06,23,18,10,55,0.9,1.3,1019.8,11.7,1.03
2023,06,23,19,40,267,1.2,1.8,1020.1,11.7,1.10
2023,06,23,21,10,264,1.0,1.6,1020.0,12.0,1.07
2023,06,23,22,40,270,3.9,4.8,1020.0,11.8,1.09
2023,06,24,00,10,285,3.6,4.8,1019.4,12.3,1.01
2023,06,24,01,40,279,4.8,5.8,1019.3,12.3,1.03
2023,06,24,03,10,286,4.5,5.5,1019.5,12.0,0.97
2023,06,24,04,40,289,3.7,4.7,1019.4,11.9,0.91
2023,06,24,06,10,280,3.7,4.7,1019.4,12.5,0.89
2023,06,24,08,40,290,4.0,4.9,1018.8,12.3,0.85
2023,06,24,10,10,288,4.3,5.2,1018.2,12.0,0.88
2023,06,24,11,40,279,4.6,5.7,1018.1,12.2,0.82
2023,06,24,13,10,286,4.8,5.9,1018.4,12.1,0.85
2023,06,24,14,40,267,3.8,4.6,1019.1,11.8,0.86
2023,06,24,16,40,268,3.9,4.7,1019.6,11.6,0.78
2023,06,24,18,10,268,3.5,4.3,1020.2,11.5,0.76
2023,06,24,19,40,276,3.5,4.3,1020.2,11.7,0.68
2023,06,24,21,10,281,4.6,5.5,1020.1,12.0,0.73
2023,06,24,22,40,292,5.2,6.5,1019.6,12.3,0.77
2023,06,25,00,10,289,5.6,6.5,1019.2,12.3,0.78
2023,06,25,01,40,295,6.5,7.6,1019.0,12.2,0.76
2023,06,25,03,10,296,7.6,9.8,1018.9,13.9,0.83
2023,06,25,04,40,300,6.7,8.1,1019.4,13.9,0.85
2023,06,25,06,10,293,6.7,8.1,1019.9,13.5,0.88
2023,06,25,07,40,304,6.6,8.1,1019.7,13.1,0.89
2023,06,25,09,10,296,6.1,7.5,1019.6,12.9,1.07
2023,06,25,10,40,303,5.9,7.4,1019.5,12.8,1.11
2023,06,25,12,10,296,4.9,6.3,1019.4,13.2,1.25
2023,06,25,13,40,286,6.2,7.3,1019.8,13.3,1.07
2023,06,25,15,10,274,5.3,6.4,1020.5,13.3,0.95
2023,06,25,16,40,292,4.2,5.4,1020.8,13.4,0.93
2023,06,25,18,10,302,5.3,6.9,1021.2,13.5,0.83
2023,06,25,19,40,290,4.4,5.4,1021.2,13.6,0.81
2023,06,25,21,10,298,3.7,4.6,1020.9,13.5,0.83
2023,06,25,22,40,314,3.5,5.0,1020.1,14.1,0.84
2023,06,26,00,10,277,4.9,6.1,1019.5,14.1,0.81
2023,06,26,01,40,283,6.2,7.9,1019.0,14.2,0.84
2023,06,26,03,10,286,5.7,7.5,1018.8,14.0,0.87
2023,06,26,04,40,303,5.9,7.9,1019.3,13.9,0.91
2023,06,26,06,10,307,7.0,8.4,1019.1,14.0,1.07
2023,06,26,07,40,302,7.7,9.2,1019.0,13.9,1.39
2023,06,26,09,10,311,8.8,11.1,1018.2,13.5,1.44
2023,06,26,10,40,308,9.2,11.6,1017.7,13.3,1.64
2023,06,26,12,10,308,8.5,10.1,1017.5,13.1,1.58
2023,06,26,13,40,305,8.3,10.6,1017.6,12.9,1.66
2023,06,26,15,10,304,7.2,8.9,1018.3,12.9,1.68
2023,06,26,16,40,310,6.3,7.7,1018.2,12.9,1.49
2023,06,26,18,10,308,7.4,9.4,1018.1,12.7,1.50
2023,06,26,19,40,303,7.7,10.5,1017.9,12.8,1.49
2023,06,26,21,10,306,8.7,10.8,1017.6,12.9,1.56
2023,06,26,22,40,308,9.2,11.5,1017.0,12.9,1.48
2023,06,27,00,10,304,8.1,10.1,1016.3,12.8,1.52
2023,06,27,01,40,305,9.3,12.5,1015.6,12.6,1.60
2023,06,27,03,10,305,10.3,13.3,1015.2,12.2,1.97
2023,06,27,04,40,308,9.7,11.9,1015.2,12.0,1.91
2023,06,27,06,10,308,9.2,12.6,1015.3,11.9,2.08
2023,06,27,07,40,306,8.9,11.1,1015.1,11.6,2.19
2023,06,27,09,10,311,9.0,11.7,1014.8,11.5,2.04
2023,06,27,10,40,314,8.7,11.6,1014.4,11.3,2.18
2023,06,27,12,10,311,9.8,12.3,1014.0,11.3,2.13
2023,06,27,13,40,308,9.3,12.2,1014.1,11.2,2.22
2023,06,27,15,10,305,8.8,11.8,1014.6,11.3,2.11
2023,06,27,16,40,312,8.2,10.4,1014.8,11.4,1.90
2023,06,27,18,10,303,7.2,8.9,1015.4,11.4,1.84
2023,06,27,19,40,293,6.4,7.8,1015.4,11.5,1.81
2023,06,27,21,10,299,7.1,8.9,1015.1,11.6,1.70
2023,06,27,22,40,306,8.0,9.9,1014.6,11.5,1.68
2023,06,28,00,10,310,8.9,11.2,1014.0,11.5,1.57
2023,06,28,01,40,310,9.4,12.1,1013.4,11.5,1.75
2023,06,28,03,10,311,9.0,11.7,1013.3,11.4,1.75
2023,06,28,04,40,305,7.9,10.2,1014.0,11.4,1.64
2023,06,28,06,10,304,7.9,9.7,1014.4,11.4,1.97
2023,06,28,07,40,304,7.2,8.9,1014.2,11.3,2.26
2023,06,28,09,10,312,7.2,9.0,1013.9,11.3,1.95
2023,06,28,10,40,313,7.6,9.7,1013.6,11.2,2.03
2023,06,28,12,10,310,8.8,10.7,1013.6,11.2,1.97
2023,06,28,13,40,312,7.2,9.0,1014.3,11.1,1.91
2023,06,28,15,10,306,7.7,9.5,1014.8,11.1,1.80
2023,06,28,16,40,308,7.4,9.1,1015.1,11.1,1.87
2023,06,28,18,10,302,6.9,8.6,1015.6,11.1,1.80
2023,06,28,19,40,298,6.6,8.2,1015.9,11.2,1.65
2023,06,28,21,10,284,4.4,5.6,1015.7,11.1,1.49
2023,06,28,22,40,302,5.6,7.1,1014.9,11.2,1.62
2023,06,29,00,10,301,5.1,6.1,1014.6,11.2,1.49
2023,06,29,01,40,277,3.5,4.5,1014.7,11.2,1.44
2023,06,29,03,10,307,5.0,6.6,1014.6,11.2,1.44
2023,06,29,04,40,298,4.7,6.6,1014.6,11.2,1.46
2023,06,29,06,10,304,5.5,7.2,1015.0,11.1,1.58
2023,06,29,07,40,302,5.5,7.1,1014.8,11.0,1.73
2023,06,29,09,10,311,6.5,8.4,1014.7,11.0,1.80
2023,06,29,10,40,308,6.9,9.0,1014.6,11.2,1.77
2023,06,29,12,10,307,5.6,7.4,1014.3,11.1,1.87
2023,06,29,13,40,298,5.3,6.5,1014.6,11.0,1.77
2023,06,29,15,10,312,4.2,5.4,1015.1,11.0,1.63
2023,06,29,16,40,339,3.4,4.5,1015.7,11.0,1.63
2023,06,29,18,10,293,3.7,4.7,1015.9,11.1,1.50
2023,06,29,19,40,295,5.4,7.0,1016.0,11.3,1.64
2023,06,29,21,10,329,5.0,6.3,1015.5,11.4,1.54
2023,06,29,22,40,313,7.6,9.1,1015.2,11.4,1.64
2023,06,30,00,10,313,8.0,11.0,1014.5,11.4,1.64
2023,06,30,01,40,310,7.4,9.5,1014.0,11.4,1.62
2023,06,30,03,10,313,7.1,9.5,1013.8,11.4,1.63
2023,06,30,04,40,310,6.4,8.8,1014.1,11.3,1.60
2023,06,30,06,40,316,4.3,5.4,1014.3,11.4,1.71
2023,06,30,08,10,320,3.8,5.3,1014.2,11.3,1.78
2023,06,30,09,40,325,2.6,3.4,1013.8,11.3,1.67
2023,06,30,11,10,312,4.3,5.9,1013.5,11.3,1.67
2023,06,30,12,40,308,4.5,6.0,1013.8,11.2,1.71
2023,06,30,14,10,323,4.2,5.5,1014.2,11.2,1.70
2023,06,30,15,40,284,3.4,4.6,1014.7,11.2,1.64
2023,06,30,17,10,303,3.9,5.5,1014.9,11.3,1.77
2023,06,30,18,40,320,3.1,4.2,1015.2,11.7,1.56
2023,06,30,20,10,309,5.8,7.1,1015.4,11.7,1.51
2023,06,30,21,40,301,5.2,6.8,1014.9,11.7,1.40
2023,06,30,23,10,307,7.0,8.9,1014.4,11.7,1.50
2023,07,01,00,40,314,7.1,8.7,1013.5,11.6,1.45
2023,07,01,02,10,307,6.9,8.5,1013.0,11.5,1.55
2023,07,01,03,40,311,6.8,8.1,1013.0,11.5,1.60
2023,07,01,05,10,315,6.5,8.1,1013.3,11.5,1.48
2023,07,01,06,40,313,5.2,6.4,1013.5,11.4,1.41
2023,07,01,08,10,310,4.8,6.4,1013.2,11.5,1.47
2023,07,01,09,40,302,3.8,5.5,1013.2,12.5,1.47
2023,07,01,11,10,308,3.6,5.1,1013.0,12.8,1.64
2023,07,01,12,40,293,3.4,4.9,1013.1,12.6,1.57
2023,07,01,14,10,285,2.4,3.9,1013.5,11.8,1.60
2023,07,01,15,40,284,1.0,2.3,1013.9,11.7,1.53
2023,07,01,17,10,225,0.8,1.9,1014.6,11.7,1.81
2023,07,01,18,40,187,1.8,3.5,1015.1,12.3,1.53
2023,07,01,20,10,203,1.4,2.5,1015.0,12.1,1.55
2023,07,01,21,40,220,1.4,2.2,1014.4,13.2,1.61
2023,07,01,23,10,256,1.7,2.7,1013.9,13.4,1.46
2023,07,02,00,40,262,1.5,2.4,1013.2,13.8,1.37
2023,07,02,02,10,302,1.8,2.8,1012.6,13.7,1.29
2023,07,02,03,40,306,2.3,3.3,1012.5,13.3,1.29
2023,07,02,05,10,279,2.0,2.8,1013.0,12.8,1.36
2023,07,02,06,40,235,1.1,1.4,1012.7,12.7,1.17
2023,07,02,08,10,229,0.3,0.7,1012.0,12.7,1.24
2023,07,02,09,40,268,1.5,2.5,1012.1,12.7,1.25
2023,07,02,11,10,206,1.2,2.4,1012.1,12.9,1.38
2023,07,02,12,40,175,2.3,3.3,1012.1,12.8,1.27
2023,07,02,14,10,143,0.9,1.7,1012.8,12.3,1.19
2023,07,02,15,40,143,2.1,3.0,1013.5,12.5,1.19
2023,07,02,17,10,158,4.7,6.2,1014.1,12.7,1.52
2023,07,02,18,40,158,3.4,5.0,1014.6,12.7,1.52
2023,07,02,20,10,164,3.1,4.0,1014.5,12.9,1.52
2023,07,02,21,40,192,4.4,5.5,1014.2,13.5,1.29
2023,07,02,23,10,184,3.1,4.4,1013.5,13.2,1.31
2023,07,03,00,40,187,2.3,3.0,1013.0,13.3,1.20
2023,07,03,02,10,196,2.3,2.9,1012.3,13.5,1.24
2023,07,03,03,40,175,3.4,4.2,1012.5,13.1,1.26
2023,07,03,05,10,178,4.0,5.1,1013.2,13.4,1.33
2023,07,03,06,40,169,3.4,4.8,1013.5,13.2,1.41
2023,07,03,08,10,165,2.7,4.2,1013.5,13.2,1.31
2023,07,03,09,40,180,2.2,3.2,1013.5,13.1,1.16
2023,07,03,11,10,180,3.2,4.3,1013.5,13.1,1.22
2023,07,03,12,40,171,3.7,5.3,1013.6,12.6,1.12
2023,07,03,14,10,188,3.4,4.6,1014.1,12.8,0.98
2023,07,03,15,40,187,3.3,4.9,1014.4,12.6,1.13
2023,07,03,17,10,196,2.4,3.0,1014.6,12.5,1.07
2023,07,03,18,40,191,2.7,3.8,1014.8,13.2,1.03
2023,07,03,20,10,213,2.4,3.2,1014.8,13.4,1.15
2023,07,03,21,40,212,2.5,3.1,1014.6,13.6,1.18
2023,07,03,23,10,197,2.9,4.4,1014.0,13.8,1.18
2023,07,04,00,40,228,3.5,5.4,1013.7,13.7,1.14
2023,07,04,02,10,229,2.7,4.4,1013.5,13.5,1.15
2023,07,04,03,40,207,2.2,4.5,1013.5,13.6,1.17
2023,07,04,05,10,190,2.9,4.6,1014.0,13.5,1.20
2023,07,04,06,40,205,2.7,4.3,1014.0,13.3,1.17
2023,07,04,08,10,222,2.7,4.3,1014.1,13.2,1.22
2023,07,04,09,40,232,2.2,3.7,1014.0,13.3,1.18
2023,07,04,11,10,245,2.8,5.8,1013.9,13.3,1.16
2023,07,04,12,40,237,1.2,3.2,1013.8,13.6,1.02
2023,07,04,14,10,197,1.5,2.9,1014.5,13.2,1.11
2023,07,04,15,40,230,1.4,2.4,1014.7,13.4,1.18
2023,07,04,17,10,258,1.5,2.3,1015.1,13.2,1.22
2023,07,04,18,40,267,1.8,2.4,1015.4,13.3,1.20
2023,07,04,20,10,252,2.1,3.3,1015.7,13.7,1.27
2023,07,04,21,40,213,3.4,4.3,1015.7,14.4,1.30
2023,07,04,23,10,230,3.1,4.6,1015.5,14.2,1.38
2023,07,05,00,40,254,2.7,3.6,1015.2,14.2,1.24
2023,07,05,02,10,241,2.7,4.3,1015.2,13.8,1.24
2023,07,05,03,40,250,2.6,5.0,1015.1,13.5,1.17
2023,07,05,05,10,256,2.6,4.6,1015.3,13.2,1.27
2023,07,05,06,40,226,3.1,4.8,1015.3,13.2,1.21
2023,07,05,08,10,219,3.8,4.9,1015.4,13.3,1.25
2023,07,05,09,40,215,3.5,5.1,1015.3,13.5,1.26
2023,07,05,11,10,225,2.3,4.5,1015.1,13.6,1.15
2023,07,05,12,40,208,2.1,3.8,1015.1,13.6,1.07
2023,07,05,14,10,220,2.8,4.4,1015.3,13.4,1.13
2023,07,05,15,40,217,2.8,3.9,1015.9,13.4,1.03
2023,07,05,17,10,213,3.1,4.3,1016.2,13.2,1.05
2023,07,05,18,40,242,1.7,2.4,1016.6,13.8,1.13
2023,07,05,20,10,228,1.9,2.4,1016.6,13.8,1.06
2023,07,05,21,40,229,0.7,1.4,1016.3,13.8,1.10
2023,07,05,23,10,215,1.7,2.2,1015.8,14.1,1.06
2023,07,06,00,40,216,3.5,4.1,1015.3,13.9,1.05
2023,07,06,02,10,226,3.7,5.8,1015.0,13.9,1.02
2023,07,06,03,40,231,3.7,5.9,1015.0,13.6,1.13
2023,07,06,05,10,197,2.2,3.2,1015.4,13.3,1.11
2023,07,06,06,40,194,2.4,3.2,1015.1,13.3,1.20
2023,07,06,08,10,220,2.4,3.8,1014.9,12.6,1.38
2023,07,06,09,40,197,3.0,4.4,1014.7,14.0,1.39
2023,07,06,11,10,214,2.1,3.5,1014.6,14.2,1.21
2023,07,06,12,40,247,1.3,2.4,1014.8,13.9,1.11
2023,07,06,14,10,311,1.0,2.3,1015.4,14.0,1.09
2023,07,06,15,40,287,4.3,5.5,1015.8,14.0,1.04
2023,07,06,17,10,260,1.7,2.4,1016.1,13.7,1.01
2023,07,06,18,40,228,2.1,2.8,1016.2,14.0,1.02
2023,07,06,20,10,241,2.9,3.6,1016.0,14.6,1.12
2023,07,06,21,40,281,4.8,5.8,1015.5,14.5,1.29
2023,07,06,23,10,279,3.7,4.8,1014.9,14.5,1.24
2023,07,07,00,40,286,6.4,8.1,1014.3,14.6,1.50
2023,07,07,02,10,296,6.7,8.7,1013.8,14.3,1.18
2023,07,07,03,40,303,7.0,8.8,1013.7,14.2,1.50
2023,07,07,05,10,297,6.7,8.5,1014.1,14.0,1.60
2023,07,07,06,40,302,7.3,8.7,1014.2,13.6,1.87
2023,07,07,08,10,303,8.6,10.8,1014.1,13.5,2.16
2023,07,07,09,40,304,8.3,10.8,1013.7,13.5,2.12
2023,07,07,11,10,305,9.8,12.1,1013.1,13.3,2.23
2023,07,07,12,40,308,9.6,12.3,1013.5,13.2,2.26
2023,07,07,14,10,307,9.5,12.6,1013.9,13.1,2.49
2023,07,07,15,40,309,9.0,11.5,1014.5,13.0,2.31
2023,07,07,17,10,308,9.4,12.0,1014.5,13.1,2.10
2023,07,07,18,40,309,9.5,12.4,1014.9,13.0,2.09
2023,07,07,20,10,312,9.0,11.2,1014.9,13.1,1.94
2023,07,07,21,40,298,9.1,12.0,1014.5,13.2,1.95
2023,07,07,23,10,304,8.2,11.0,1014.2,13.4,2.09
2023,07,08,01,10,302,8.3,11.7,1013.7,13.5,2.07
2023,07,08,03,10,301,9.9,12.0,1013.3,13.4,2.22
2023,07,08,04,40,308,9.9,12.4,1013.6,13.3,2.27
2023,07,08,06,10,301,11.2,14.9,1013.7,13.2,2.37
2023,07,08,07,40,301,11.7,14.7,1013.8,12.9,2.10
2023,07,08,09,10,308,10.1,12.5,1014.2,13.0,2.07
2023,07,08,10,40,299,11.4,14.1,1014.0,12.8,1.88
2023,07,08,12,10,303,11.5,14.6,1013.9,12.4,2.11
2023,07,08,13,40,303,10.5,12.7,1014.6,12.0,1.93
2023,07,08,15,10,299,10.1,12.9,1015.5,11.9,1.93
2023,07,08,16,40,304,10.0,13.1,1016.0,11.6,2.00
2023,07,08,18,10,297,10.1,13.0,1015.7,11.5,1.67
2023,07,08,19,40,303,8.2,10.5,1015.7,11.5,1.66
2023,07,08,21,10,305,7.4,9.3,1015.4,11.6,1.61
2023,07,08,22,40,297,8.1,11.0,1015.0,11.6,1.42
2023,07,09,00,10,294,8.0,11.3,1014.8,11.6,1.51
2023,07,09,01,40,295,8.6,11.0,1014.5,11.5,1.60
2023,07,09,03,10,297,8.7,10.8,1014.5,11.6,1.62
2023,07,09,04,40,303,9.2,11.9,1014.9,11.5,1.91
2023,07,09,06,10,300,8.7,10.5,1015.6,11.5,2.09
2023,07,09,07,40,303,9.1,11.3,1015.1,11.5,1.95
2023,07,09,09,10,300,8.9,10.6,1014.7,11.5,1.75
2023,07,09,10,40,303,7.6,10.7,1014.7,11.5,1.57
2023,07,09,12,10,307,7.9,9.7,1014.8,11.4,1.31
2023,07,09,13,40,305,5.7,8.1,1015.4,11.4,1.22
2023,07,09,15,10,303,5.9,7.0,1016.2,11.4,1.10
2023,07,09,16,40,305,4.7,5.6,1016.9,11.4,1.12
2023,07,09,18,10,291,3.4,4.5,1017.3,11.4,1.11
2023,07,09,19,40,289,5.4,6.8,1017.7,11.5,1.03
2023,07,09,21,10,278,5.8,7.3,1017.6,11.6,0.99
2023,07,09,22,40,276,4.4,5.2,1017.3,11.7,1.07
2023,07,10,00,40,263,4.6,5.6,1017.2,12.2,0.99
2023,07,10,02,10,266,5.7,7.2,1016.7,12.4,1.00
2023,07,10,03,40,265,5.5,6.5,1016.7,12.5,0.99
2023,07,10,05,10,276,5.2,6.3,1017.2,12.6,0.90
2023,07,10,06,40,296,6.4,8.2,1017.1,12.6,1.00
2023,07,10,08,10,305,6.3,8.4,1017.0,12.3,1.02
2023,07,10,09,40,300,6.8,8.2,1016.4,12.2,1.14
2023,07,10,11,10,305,7.0,8.8,1016.2,12.1,1.11
2023,07,10,12,40,307,8.3,9.8,1016.5,11.9,1.20
2023,07,10,14,10,317,6.9,8.3,1017.0,11.7,1.37
2023,07,10,15,40,313,7.4,9.1,1017.5,11.5,1.31
2023,07,10,17,10,316,6.3,7.8,1017.5,11.5,1.26
2023,07,10,18,40,314,6.6,8.2,1017.7,11.5,1.25
2023,07,10,20,10,311,6.9,8.2,1017.5,11.4,1.23
2023,07,10,21,40,314,7.8,9.8,1016.9,11.4,1.29
2023,07,10,23,10,317,9.2,11.2,1016.4,11.4,1.41
2023,07,11,00,40,314,9.0,11.0,1015.7,11.4,1.39
2023,07,11,02,10,311,8.7,10.9,1015.3,11.3,1.55
2023,07,11,03,40,295,5.1,6.5,1015.1,11.3,1.46
2023,07,11,05,10,293,4.8,5.9,1015.4,11.2,1.49
2023,07,11,06,40,295,2.8,4.3,1015.5,11.2,1.26
2023,07,11,08,10,294,2.7,4.2,1015.4,11.1,1.37
2023,07,11,09,40,305,2.9,4.5,1015.1,11.1,1.33
2023,07,11,11,10,323,2.8,4.4,1015.1,11.4,1.32
2023,07,11,12,40,306,3.8,4.8,1015.5,11.8,1.28
2023,07,11,14,10,301,3.9,6.3,1016.0,12.0,1.46
2023,07,11,15,40,293,3.6,5.5,1016.5,12.1,1.54
2023,07,11,17,10,287,1.6,2.6,1016.7,12.2,1.63
2023,07,11,18,40,322,2.6,4.1,1017.1,12.3,1.60
2023,07,11,20,10,299,2.6,3.8,1017.1,12.5,1.56
2023,07,11,21,40,311,6.7,8.0,1017.0,12.5,1.65
2023,07,11,23,10,312,7.8,9.6,1016.6,12.3,1.48
2023,07,12,00,40,307,8.3,10.0,1016.1,12.4,1.48
2023,07,12,02,10,307,5.3,6.6,1015.7,12.2,1.54
2023,07,12,03,40,308,7.3,9.4,1015.9,12.2,1.60
2023,07,12,05,10,307,7.2,9.7,1016.5,12.2,1.55
2023,07,12,06,40,308,6.7,8.6,1016.5,12.3,1.60
2023,07,12,08,10,302,6.2,8.6,1016.6,12.3,1.69
2023,07,12,09,40,312,4.9,7.2,1016.7,12.3,1.76
2023,07,12,11,10,302,5.0,6.3,1016.7,12.3,1.79
2023,07,12,12,40,308,5.0,6.3,1017.1,12.3,1.74
2023,07,12,14,10,298,6.0,7.6,1017.8,12.3,1.68
2023,07,12,15,40,305,6.1,8.0,1018.2,12.4,1.78
2023,07,12,17,10,302,7.9,10.2,1018.1,12.4,1.71
2023,07,12,18,40,317,6.8,8.0,1018.5,12.3,1.54
2023,07,12,20,40,306,7.4,9.7,1018.4,12.4,1.42
2023,07,12,22,10,305,5.3,6.9,1018.0,12.4,1.23
2023,07,12,23,40,305,5.6,7.3,1017.6,12.4,1.21
2023,07,13,01,10,303,5.9,7.4,1016.9,12.3,1.20
2023,07,13,02,40,298,4.5,6.7,1016.7,12.2,1.17
2023,07,13,04,10,289,4.6,6.6,1016.9,12.2,1.30
2023,07,13,05,40,302,6.0,7.4,1017.5,12.3,1.47
2023,07,13,07,10,309,5.9,7.0,1017.4,12.3,1.50
2023,07,13,08,40,320,4.9,6.6,1017.4,12.2,1.32
2023,07,13,10,10,323,5.9,7.4,1017.1,12.2,1.15
2023,07,13,11,40,314,6.3,7.7,1017.1,12.1,1.15
2023,07,13,13,10,318,6.7,8.2,1017.3,12.1,1.11
2023,07,13,14,40,316,5.9,7.0,1017.7,12.1,1.11
2023,07,13,16,40,308,5.3,6.5,1018.5,12.0,1.04
2023,07,13,18,10,310,4.3,5.7,1018.6,12.1,0.98
2023,07,13,19,40,300,2.1,2.7,1018.4,12.4,0.87
2023,07,13,21,10,283,3.6,5.1,1017.7,12.5,0.80
2023,07,13,22,40,299,5.2,6.5,1017.5,12.8,0.76
2023,07,14,00,10,293,5.8,7.1,1016.7,12.6,0.85
2023,07,14,01,40,299,6.1,7.4,1016.1,12.5,0.87
2023,07,14,03,10,309,6.0,8.4,1016.1,12.5,1.00
2023,07,14,04,40,307,6.4,7.8,1016.6,12.1,1.11
2023,07,14,06,10,308,6.2,7.6,1017.0,11.9,1.14
2023,07,14,07,40,305,7.9,10.0,1016.8,11.7,1.11
2023,07,14,09,10,304,6.5,7.8,1016.4,11.7,1.12
2023,07,14,10,40,323,6.5,8.9,1016.4,12.6,1.22
2023,07,14,12,10,316,6.2,7.6,1016.3,12.6,1.24
2023,07,14,13,40,315,6.3,8.5,1016.2,12.5,1.13
2023,07,14,15,10,318,6.5,8.2,1016.2,12.5,1.40
2023,07,14,16,40,331,2.8,3.8,1016.9,12.5,1.39
2023,07,14,18,10,333,4.7,6.3,1016.7,12.6,1.32
2023,07,14,19,40,334,4.6,5.9,1016.7,12.8,1.25
2023,07,14,21,10,315,7.2,9.1,1016.3,12.9,1.26
2023,07,14,22,40,311,9.0,11.3,1015.5,13.0,1.33
2023,07,15,00,10,310,8.5,11.5,1014.9,12.9,1.33
2023,07,15,01,40,308,8.5,10.3,1014.2,12.3,1.39
2023,07,15,03,10,306,8.1,9.8,1014.5,12.5,1.34
2023,07,15,04,40,308,8.3,10.8,1014.4,12.5,1.46
2023,07,15,06,40,308,7.3,9.8,1014.6,12.5,1.51
2023,07,15,08,10,307,8.1,9.8,1014.5,12.3,1.72
2023,07,15,09,40,307,6.5,8.4,1014.3,12.2,1.72
2023,07,15,11,10,305,5.8,7.8,1014.3,12.0,1.64
2023,07,15,12,40,314,5.4,7.1,1014.1,12.2,1.75
2023,07,15,14,10,306,5.3,6.9,1014.4,12.1,1.66
2023,07,15,15,40,297,6.1,8.5,1014.4,12.1,1.61
2023,07,15,17,10,289,5.4,6.8,1014.4,12.2,1.64
2023,07,15,18,40,300,3.3,4.5,1014.2,12.3,1.41
2023,07,15,20,10,343,4.9,6.2,1014.5,12.4,1.61
2023,07,15,21,40,313,7.3,8.3,1014.2,12.4,1.46
2023,07,15,23,10,315,8.9,11.2,1013.2,12.5,1.56
2023,07,16,00,40,312,9.4,11.7,1012.3,12.5,1.53
2023,07,16,02,10,310,9.5,12.1,1011.6,12.5,1.63
2023,07,16,03,40,311,8.1,10.0,1011.8,12.4,1.75
2023,07,16,05,10,315,8.6,10.6,1012.1,12.3,1.79
2023,07,16,06,40,311,6.4,8.0,1012.6,12.1,1.63
2023,07,16,08,10,339,3.1,4.3,1012.2,11.9,1.76
2023,07,16,09,40,318,4.6,5.8,1011.9,11.8,1.81
2023,07,16,11,10,319,5.5,6.8,1011.5,12.0,1.88
2023,07,16,12,40,342,2.8,4.2,1011.5,12.0,1.76
2023,07,16,14,10,55,1.8,2.8,1011.7,11.9,1.74
2023,07,16,15,40,314,1.9,3.0,1012.3,12.0,1.82
2023,07,16,17,10,15,2.0,3.1,1012.7,12.1,1.78
2023,07,16,18,40,333,4.6,5.7,1013.4,12.2,1.75
2023,07,16,20,10,307,4.5,5.6,1013.7,12.2,1.82
2023,07,16,21,40,283,3.3,4.3,1013.5,12.3,1.76
2023,07,16,23,10,296,4.5,5.8,1012.7,12.6,1.74
2023,07,17,00,40,306,3.7,4.8,1012.2,12.6,1.77
2023,07,17,02,10,281,3.4,5.0,1012.1,12.6,1.75
2023,07,17,03,40,253,2.5,3.4,1012.0,12.8,1.75
2023,07,17,05,10,225,2.5,3.3,1012.3,12.8,1.59
2023,07,17,06,40,261,2.3,3.4,1012.8,12.8,1.66
2023,07,17,08,10,352,1.8,3.3,1012.5,12.8,1.66
2023,07,17,09,40,306,1.2,2.0,1012.1,12.8,1.69
2023,07,17,11,10,190,0.4,1.3,1012.1,12.6,1.83
2023,07,17,12,40,63,1.3,2.2,1011.9,12.7,1.67
2023,07,17,14,10,43,2.2,3.3,1012.5,12.1,1.90
2023,07,17,15,40,318,4.0,5.8,1013.5,12.2,1.76
2023,07,17,17,10,316,4.7,6.1,1013.7,12.7,1.81
2023,07,17,18,40,317,4.8,6.1,1013.7,12.8,1.80
2023,07,17,20,10,309,4.6,5.9,1013.6,13.2,1.68
2023,07,17,21,40,306,4.7,6.1,1013.6,13.7,1.76
2023,07,17,23,40,303,5.6,6.9,1012.9,13.8,1.81
2023,07,18,01,10,286,4.6,5.9,1012.6,14.1,1.72
2023,07,18,02,40,275,3.8,5.0,1012.9,14.0,1.95
2023,07,18,04,10,276,3.8,5.8,1012.8,13.8,1.92
2023,07,18,05,40,283,4.7,6.0,1013.4,13.4,2.00
2023,07,18,07,40,294,5.0,6.6,1013.3,13.3,2.18
2023,07,18,09,10,289,4.9,6.8,1013.4,13.2,2.07
2023,07,18,10,40,284,5.3,7.0,1013.2,13.1,1.95
2023,07,18,12,10,283,4.0,5.6,1013.4,13.2,1.91
2023,07,18,13,40,300,3.5,5.8,1013.7,13.7,1.70
2023,07,18,15,10,286,5.8,7.1,1014.7,13.5,1.65
2023,07,18,17,10,272,5.7,7.6,1015.4,13.4,1.62
2023,07,18,18,40,322,4.6,5.8,1016.2,13.6,1.56
2023,07,18,20,10,318,6.3,8.0,1016.5,13.7,1.51
2023,07,18,21,40,269,4.1,5.0,1016.5,13.2,1.33
2023,07,18,23,10,306,5.5,6.9,1016.1,13.6,1.39
2023,07,19,00,40,307,5.1,6.3,1015.8,13.6,1.53
2023,07,19,02,10,304,5.8,7.5,1015.5,13.5,1.40
2023,07,19,03,40,298,5.9,7.5,1015.7,13.5,1.41
2023,07,19,05,10,305,5.1,6.8,1016.4,13.4,1.20
2023,07,19,06,40,298,5.1,6.4,1016.4,13.1,1.30
2023,07,19,08,10,284,5.1,6.7,1016.4,12.9,1.45
2023,07,19,09,40,291,5.2,6.6,1016.3,12.8,1.57
2023,07,19,11,10,297,6.5,8.4,1016.0,12.7,1.62
2023,07,19,12,40,268,4.1,5.4,1015.8,12.6,1.55
2023,07,19,14,10,335,4.0,5.1,1016.7,12.8,1.49
2023,07,19,15,40,337,3.6,4.8,1017.6,12.8,1.53
2023,07,19,17,10,290,4.1,5.3,1018.2,12.7,1.47
2023,07,19,18,40,313,4.3,5.4,1018.7,12.6,1.37
2023,07,19,20,10,289,4.2,5.3,1018.6,12.5,1.38
2023,07,19,21,40,289,4.3,5.5,1018.4,12.7,1.35
2023,07,19,23,10,322,5.8,7.4,1018.1,12.9,1.57
2023,07,20,00,40,319,8.3,10.5,1017.8,12.9,1.44
2023,07,20,02,10,312,8.5,10.3,1017.6,12.6,1.56
2023,07,20,03,40,308,8.4,10.5,1017.2,12.5,1.81
2023,07,20,05,10,306,6.6,8.5,1017.8,12.1,1.75
2023,07,20,06,40,309,5.9,7.9,1017.8,11.8,1.81
2023,07,20,08,10,317,7.1,8.8,1017.4,11.6,1.80
2023,07,20,09,40,318,7.5,9.5,1017.3,11.5,1.92
2023,07,20,11,10,313,7.1,8.5,1017.2,11.3,1.99
2023,07,20,12,40,319,7.9,9.5,1017.4,12.3,2.16
2023,07,20,14,10,315,7.5,9.0,1017.9,12.1,2.39
2023,07,20,15,40,331,5.6,7.0,1018.3,12.1,1.95
2023,07,20,17,10,317,6.6,8.4,1018.7,11.9,1.76
2023,07,20,18,40,328,6.2,7.8,1018.7,12.0,1.63
2023,07,20,20,10,317,7.9,10.2,1018.4,12.0,1.54
2023,07,20,21,40,314,8.4,10.0,1018.1,12.1,1.57
2023,07,20,23,10,307,9.1,11.0,1017.6,12.4,1.53
2023,07,21,00,40,308,9.7,12.2,1017.1,12.5,1.57
2023,07,21,02,10,306,10.2,12.3,1016.4,12.2,1.55
2023,07,21,03,40,307,10.1,13.1,1016.0,11.8,1.70
2023,07,21,05,10,316,8.8,11.1,1016.1,11.7,2.05
2023,07,21,06,40,319,8.3,10.1,1016.1,11.5,2.03
2023,07,21,08,10,322,6.8,8.1,1015.7,11.4,1.85
2023,07,21,09,40,316,5.4,6.6,1015.2,11.3,1.62
2023,07,21,11,10,324,4.6,6.0,1014.9,12.2,1.67
2023,07,21,12,40,317,7.2,8.6,1015.3,12.3,1.62
2023,07,21,14,10,318,6.8,8.6,1015.9,12.2,1.58
2023,07,21,15,40,319,8.0,9.6,1015.9,12.2,1.62
2023,07,21,17,10,323,7.1,9.1,1016.5,12.1,1.81
2023,07,21,18,40,314,7.3,9.3,1016.4,12.1,1.81
2023,07,21,20,10,314,7.0,8.8,1016.5,12.2,1.71
2023,07,21,21,40,303,6.0,7.7,1015.6,12.4,1.59
2023,07,21,23,10,304,7.7,9.1,1014.6,12.6,1.54
2023,07,22,00,40,301,7.1,9.4,1013.5,12.8,1.51
2023,07,22,02,10,290,7.4,8.9,1013.4,12.8,1.55
2023,07,22,03,40,301,5.2,7.2,1013.4,12.8,1.87
2023,07,22,05,10,309,6.3,8.5,1013.7,12.6,2.16
2023,07,22,06,40,318,8.4,11.0,1013.2,12.4,2.37
2023,07,22,08,10,317,10.1,12.2,1013.0,12.2,2.13
2023,07,22,09,40,320,7.1,8.9,1012.6,12.1,2.11
2023,07,22,11,10,311,6.9,8.5,1012.2,12.2,1.92
2023,07,22,12,40,309,6.6,8.4,1012.2,12.2,1.90
2023,07,22,14,10,320,6.0,8.6,1012.8,12.4,1.82
2023,07,22,15,40,327,4.8,6.0,1013.3,12.5,1.70
2023,07,22,17,10,323,5.0,6.2,1013.2,12.6,1.54
2023,07,22,18,40,315,6.1,7.3,1013.2,12.7,1.54
2023,07,22,20,10,316,6.8,8.2,1013.0,12.8,1.70
2023,07,22,22,10,311,7.3,8.9,1012.7,12.8,1.61
2023,07,22,23,40,311,7.2,9.1,1011.9,12.9,1.52
2023,07,23,01,10,312,7.2,9.3,1011.2,13.0,1.65
2023,07,23,02,40,300,6.4,8.3,1011.3,13.0,1.73
2023,07,23,04,10,318,2.9,4.1,1011.1,12.9,1.74
2023,07,23,05,40,306,5.5,7.2,1011.3,12.9,2.00
2023,07,23,07,10,314,5.3,6.6,1011.4,12.8,1.92
2023,07,23,08,40,316,5.1,6.5,1011.2,12.8,2.06
2023,07,23,10,10,324,5.0,7.1,1011.3,12.7,1.71
2023,07,23,11,40,319,4.5,6.4,1011.5,12.7,1.74
2023,07,23,13,10,316,4.2,5.4,1012.2,12.7,1.72
2023,07,23,14,40,310,6.5,8.2,1012.3,12.7,1.67
2023,07,23,16,10,314,5.8,7.8,1013.2,12.8,1.70
2023,07,23,17,40,314,8.8,11.6,1013.3,12.8,1.61
2023,07,23,19,10,310,7.3,10.0,1014.0,12.9,1.79
2023,07,23,20,40,289,4.3,5.6,1014.6,13.0,1.61
2023,07,23,22,10,292,5.6,7.3,1014.3,13.3,1.61
2023,07,23,23,40,286,5.3,6.8,1014.3,13.4,1.58
2023,07,24,01,10,272,4.8,6.0,1014.6,13.4,1.61
2023,07,24,02,40,263,2.8,4.0,1015.1,13.4,1.66
2023,07,24,04,10,259,4.0,5.1,1015.3,13.2,1.65
2023,07,24,05,40,284,4.6,5.6,1015.8,12.9,1.80
2023,07,24,07,10,307,5.4,6.7,1015.8,12.9,1.75
2023,07,24,08,40,315,8.3,10.2,1016.1,12.9,1.71
2023,07,24,10,10,310,8.6,10.5,1016.2,12.9,1.86
2023,07,24,11,40,317,8.3,10.3,1016.9,12.6,1.68
2023,07,24,13,10,311,9.6,12.3,1017.0,12.7,1.72
2023,07,24,14,40,310,8.4,10.5,1018.4,12.6,1.59
2023,07,24,16,10,310,8.2,10.7,1019.4,12.6,1.60
2023,07,24,17,40,310,6.8,9.1,1019.8,12.7,1.54
2023,07,24,19,10,306,6.3,8.1,1020.0,12.6,1.51
2023,07,24,20,40,288,3.9,4.9,1020.3,12.9,1.28
2023,07,24,22,10,299,4.3,5.2,1020.0,13.3,1.12
2023,07,24,23,40,304,7.3,8.7,1019.5,13.6,1.18
2023,07,25,01,10,312,6.9,9.0,1018.9,13.6,1.29
2023,07,25,02,40,313,7.1,8.4,1018.4,13.5,1.45
2023,07,25,04,10,313,7.3,9.2,1018.7,13.4,1.65
2023,07,25,05,40,320,6.4,8.5,1019.0,13.4,1.68
2023,07,25,07,10,318,7.4,9.0,1018.6,13.3,1.51
2023,07,25,08,40,319,8.2,10.0,1018.4,13.3,1.51
2023,07,25,10,10,317,8.0,9.9,1018.3,13.2,1.34
2023,07,25,11,40,316,7.5,8.9,1018.2,13.1,1.22
2023,07,25,13,10,315,7.0,8.4,1018.4,13.1,1.11
2023,07,25,14,40,322,7.2,8.9,1018.9,13.1,1.12
2023,07,25,16,10,322,7.2,8.6,1019.3,13.1,1.14
2023,07,25,17,40,316,6.2,7.5,1019.5,13.1,1.09
2023,07,25,19,10,299,6.4,7.6,1019.3,13.2,1.12
2023,07,25,20,40,301,4.9,6.1,1019.0,13.4,1.15
2023,07,25,22,10,304,6.3,8.1,1018.3,13.7,1.10
2023,07,25,23,40,309,7.9,9.7,1017.5,13.5,1.15
2023,07,26,01,10,299,5.3,6.3,1016.9,13.6,1.24
2023,07,26,02,40,301,7.5,9.1,1016.5,13.6,1.35
2023,07,26,04,10,301,6.8,8.3,1016.4,13.5,1.55
2023,07,26,05,40,307,7.3,9.0,1016.6,13.3,1.66
2023,07,26,07,10,307,5.9,7.5,1016.7,13.0,1.64
2023,07,26,08,40,296,5.3,6.9,1016.3,12.6,1.54
2023,07,26,10,10,279,4.0,5.3,1016.0,12.4,1.40
2023,07,26,11,40,307,5.1,6.9,1016.0,12.2,1.54
2023,07,26,13,10,306,4.6,6.4,1016.6,12.2,1.35
2023,07,26,14,40,302,4.4,5.9,1016.9,12.3,1.39
2023,07,26,16,10,284,4.2,5.8,1017.4,12.4,1.42
2023,07,26,17,40,285,3.5,5.0,1017.5,12.4,1.43
2023,07,26,19,10,287,4.2,5.3,1017.9,12.6,1.42
2023,07,26,20,40,269,4.8,5.9,1017.6,12.8,1.52
2023,07,26,22,10,287,4.4,5.7,1017.0,13.2,1.36
2023,07,26,23,40,301,5.2,6.9,1016.4,13.3,1.38
2023,07,27,01,10,305,7.4,9.4,1015.6,13.1,1.48
2023,07,27,02,40,290,5.3,6.6,1016.0,13.0,1.58
2023,07,27,04,10,259,5.1,6.2,1016.0,12.8,1.42
2023,07,27,05,40,270,4.4,5.5,1016.2,12.8,1.47
2023,07,27,07,10,282,3.5,4.9,1016.0,12.4,1.40
2023,07,27,08,40,282,3.9,5.3,1015.8,12.2,1.66
2023,07,27,10,10,291,3.9,5.0,1015.3,12.3,1.73
2023,07,27,11,40,289,4.9,6.4,1015.7,12.1,1.72
2023,07,27,13,10,314,8.1,10.1,1016.0,12.2,1.70
2023,07,27,14,40,308,7.9,10.9,1016.5,12.5,1.83
2023,07,27,16,10,298,8.4,10.7,1017.0,12.5,1.79
2023,07,27,17,40,309,7.4,10.0,1017.7,12.5,1.71
2023,07,27,19,10,303,6.0,7.8,1018.6,12.5,1.54
2023,07,27,20,40,296,5.7,7.1,1018.4,12.4,1.54
2023,07,27,22,10,294,5.9,7.5,1017.9,12.3,1.64
2023,07,27,23,40,301,5.9,7.2,1017.3,12.3,1.75
2023,07,28,01,10,304,4.8,6.3,1016.9,12.1,1.69
2023,07,28,02,40,291,3.1,5.0,1016.9,12.2,2.05
2023,07,28,04,10,304,5.6,6.9,1016.9,12.0,1.91
2023,07,28,05,40,298,6.2,7.7,1017.3,12.0,1.65
2023,07,28,07,10,302,4.7,5.7,1017.3,12.1,1.41
2023,07,28,08,40,296,4.4,5.5,1017.2,12.3,1.31
2023,07,28,10,10,310,7.3,9.8,1016.4,12.2,1.29
2023,07,28,11,40,316,8.4,10.7,1016.5,12.1,1.43
2023,07,28,13,10,321,7.9,10.3,1017.0,12.0,1.50
2023,07,28,14,40,315,6.9,8.9,1017.6,12.1,1.48
2023,07,28,16,10,326,6.1,7.5,1018.1,12.0,1.48
2023,07,28,17,40,321,4.8,5.9,1018.9,12.9,1.38
2023,07,28,19,10,315,5.5,7.1,1019.0,13.1,1.31
2023,07,28,20,40,311,7.5,9.1,1018.4,12.9,1.30
2023,07,28,22,10,304,5.2,6.4,1017.9,12.9,1.24
2023,07,29,00,10,303,6.0,7.2,1017.4,13.2,1.34
2023,07,29,01,40,294,6.0,7.1,1017.1,13.5,1.29
2023,07,29,03,10,289,5.7,6.7,1017.6,13.0,1.29
2023,07,29,04,40,294,5.5,6.8,1017.9,12.3,1.15
2023,07,29,06,10,307,9.0,12.1,1017.9,12.2,1.26
2023,07,29,07,40,315,9.0,10.9,1017.9,12.7,1.42
2023,07,29,09,10,318,8.1,10.0,1017.6,12.7,1.45
2023,07,29,10,40,322,6.8,8.6,1017.4,12.6,1.51
2023,07,29,12,10,324,6.0,7.8,1017.7,12.5,1.30
2023,07,29,13,40,319,4.3,5.7,1018.5,12.3,1.22
2023,07,29,15,10,310,3.9,4.8,1018.9,12.3,1.39
2023,07,29,16,40,308,3.7,4.6,1019.1,12.3,1.28
2023,07,29,18,10,304,4.9,6.3,1019.5,12.4,1.29
2023,07,29,19,40,300,5.2,6.5,1020.4,12.6,1.28
2023,07,29,21,10,286,5.9,8.2,1020.2,12.9,1.16
2023,07,29,22,40,311,9.1,10.9,1019.1,12.8,1.22
2023,07,30,00,10,313,7.9,10.4,1018.5,12.8,1.21
2023,07,30,01,40,313,8.0,10.0,1018.3,12.8,1.23
2023,07,30,03,10,312,8.3,9.8,1018.1,12.4,1.17
2023,07,30,04,40,313,7.9,9.5,1018.3,12.2,1.52
2023,07,30,06,10,309,7.4,9.7,1018.6,12.1,1.47
2023,07,30,07,40,313,7.7,9.6,1018.1,12.2,1.54
2023,07,30,09,10,312,8.4,11.6,1017.5,11.9,1.48
2023,07,30,10,40,313,7.0,8.6,1017.0,11.6,1.42
2023,07,30,12,10,317,5.9,7.2,1016.4,11.4,1.35
2023,07,30,13,40,307,3.8,5.5,1017.2,11.3,1.47
2023,07,30,15,10,314,4.2,5.7,1017.6,11.2,1.44
2023,07,30,16,40,356,1.5,2.0,1017.9,11.1,1.20
2023,07,30,18,10,126,1.7,2.6,1018.5,11.2,1.16
2023,07,30,19,40,296,4.2,5.1,1018.4,11.6,1.27
2023,07,30,21,10,296,5.3,6.3,1017.9,12.3,1.25
2023,07,30,22,40,294,6.0,7.2,1017.4,12.4,1.31
2023,07,31,00,10,307,5.8,7.1,1016.9,13.0,1.24
2023,07,31,01,40,295,7.3,8.8,1016.4,13.0,1.31
2023,07,31,03,10,287,5.2,6.8,1017.0,12.7,1.29
2023,07,31,04,40,302,7.3,9.7,1016.5,12.5,1.61
2023,07,31,06,10,294,4.6,6.3,1016.7,12.1,1.64
2023,07,31,07,40,264,2.9,4.1,1016.6,11.8,1.68
2023,07,31,09,10,285,4.3,5.3,1016.4,11.7,1.63
2023,07,31,10,40,293,3.5,4.5,1016.1,11.5,1.52
2023,07,31,12,10,306,4.1,5.6,1016.0,11.5,1.48
2023,07,31,13,40,313,7.5,9.2,1016.2,11.4,1.51
2023,07,31,15,10,328,5.7,8.1,1017.0,11.4,1.44
2023,07,31,16,40,307,6.7,8.2,1017.3,11.5,1.46
2023,07,31,18,10,310,5.6,7.2,1017.3,11.6,1.44
2023,07,31,19,40,310,7.2,9.4,1017.6,11.8,1.62
2023,07,31,21,10,304,7.1,8.6,1017.4,11.8,1.52
2023,07,31,22,40,297,5.9,7.3,1016.8,11.9,1.46
2023,08,01,00,10,282,4.8,5.9,1016.7,12.0,1.37
2023,08,01,01,40,286,5.9,6.9,1015.6,12.0,1.41
2023,08,01,03,10,271,3.8,5.0,1016.0,11.9,1.41
2023,08,01,04,40,231,3.3,4.1,1016.4,11.9,1.69
2023,08,01,06,10,275,4.8,6.1,1016.2,11.8,1.71
2023,08,01,07,40,294,4.0,5.6,1016.3,11.8,1.81
2023,08,01,09,10,287,4.8,6.2,1016.4,11.8,1.45
2023,08,01,10,40,276,4.3,5.3,1016.0,11.8,1.38
2023,08,01,12,10,293,5.0,6.5,1016.5,11.7,1.24
2023,08,01,13,40,280,5.7,7.4,1016.6,11.7,1.33
2023,08,01,15,10,297,5.9,7.6,1016.9,11.7,1.48
2023,08,01,16,40,317,6.3,8.6,1017.9,11.7,1.33
2023,08,01,18,10,296,5.9,7.7,1018.0,11.7,1.27
2023,08,01,20,10,320,3.5,4.7,1018.4,11.7,1.31
2023,08,01,21,40,206,2.9,3.7,1018.4,11.9,1.13
2023,08,01,23,10,241,3.3,3.8,1018.0,12.1,1.15
2023,08,02,00,40,281,4.3,6.4,1017.9,12.1,1.20
2023,08,02,02,10,284,2.6,3.3,1017.9,12.0,1.11
2023,08,02,03,40,282,3.6,4.9,1018.1,11.9,1.12
2023,08,02,05,10,264,3.3,4.1,1018.7,11.7,1.09
2023,08,02,06,40,272,3.6,4.1,1018.4,12.1,1.00
2023,08,02,08,10,255,2.8,3.8,1018.3,12.1,1.07
2023,08,02,09,40,220,3.4,4.1,1017.9,12.3,1.14
2023,08,02,11,10,262,3.8,5.4,1017.3,12.3,1.11
2023,08,02,12,40,287,6.2,10.1,1017.4,12.2,1.18
2023,08,02,14,10,312,5.4,6.9,1017.8,12.0,1.23
2023,08,02,15,40,324,4.2,5.2,1018.7,11.9,1.16
2023,08,02,17,10,340,2.1,3.2,1019.3,11.9,1.03
2023,08,02,18,40,270,3.2,4.2,1019.5,12.0,1.15
2023,08,02,20,10,299,4.7,6.1,1019.5,12.1,1.10
2023,08,02,21,40,296,3.3,4.5,1019.6,12.1,1.23
2023,08,02,23,10,288,5.4,6.8,1019.2,12.2,1.21
2023,08,03,00,40,289,6.4,8.4,1018.8,12.2,1.12
2023,08,03,02,10,289,7.2,8.9,1018.4,12.2,1.29
2023,08,03,03,40,302,7.1,8.9,1018.1,12.2,1.50
2023,08,03,05,10,292,9.7,12.1,1018.1,12.4,1.40
2023,08,03,06,40,297,9.7,11.7,1018.3,12.5,1.57
2023,08,03,08,10,300,8.3,11.2,1018.7,12.4,1.49
2023,08,03,09,40,305,7.1,8.8,1018.6,12.3,1.25
2023,08,03,11,10,301,7.9,10.3,1018.4,12.1,1.33
2023,08,03,12,40,306,7.7,9.6,1018.7,11.9,1.29
2023,08,03,14,10,307,6.1,7.4,1019.6,11.8,1.14
2023,08,03,15,40,288,4.6,5.9,1020.2,11.8,1.05
2023,08,03,17,10,285,4.7,6.7,1020.4,11.9,0.93
2023,08,03,18,40,287,4.0,4.7,1020.8,12.2,0.89
2023,08,03,20,10,288,4.4,5.6,1020.8,12.6,0.87
2023,08,03,21,40,274,5.4,6.4,1020.8,12.8,0.91
2023,08,03,23,10,274,5.6,6.5,1020.0,12.8,0.84
2023,08,04,00,40,273,5.3,6.4,1020.0,12.8,0.82
2023,08,04,02,10,288,6.0,7.4,1019.3,12.8,0.96
2023,08,04,03,40,307,7.3,9.5,1019.0,12.3,1.27
2023,08,04,05,10,311,7.4,9.2,1019.3,12.4,1.45
2023,08,04,06,40,313,7.7,9.7,1019.0,12.4,1.38
2023,08,04,08,10,313,5.8,7.5,1018.8,12.4,1.34
2023,08,04,09,40,304,3.9,4.9,1018.5,12.2,1.18
2023,08,04,11,10,319,6.6,8.0,1018.0,11.9,1.08
2023,08,04,12,40,321,6.1,7.8,1017.8,12.4,1.16
2023,08,04,14,10,313,6.3,8.4,1018.1,12.3,1.23
2023,08,04,15,40,323,7.7,9.4,1018.4,12.5,1.37
2023,08,04,17,10,320,5.2,6.3,1018.9,12.5,1.28
2023,08,04,18,40,314,4.6,6.1,1018.8,12.6,1.12
2023,08,04,20,10,320,6.7,8.4,1018.6,12.6,1.09
2023,08,04,21,40,314,7.4,8.8,1017.8,12.7,1.02
2023,08,04,23,10,307,6.9,8.4,1017.5,12.8,1.11
2023,08,05,00,40,285,5.2,6.3,1017.3,12.7,1.20
2023,08,05,02,10,312,8.3,10.5,1016.6,12.7,1.17
2023,08,05,03,40,304,9.9,11.7,1016.5,12.5,1.61
2023,08,05,05,10,316,9.5,11.8,1016.8,12.3,2.11
2023,08,05,06,40,320,10.2,12.6,1016.2,12.1,1.96
2023,08,05,08,10,323,8.8,11.4,1016.0,12.1,1.68
2023,08,05,09,40,313,8.4,10.5,1015.6,12.1,1.76
2023,08,05,11,10,329,7.8,9.4,1015.9,12.2,1.82
2023,08,05,12,40,321,9.6,11.8,1015.8,12.1,1.96
2023,08,05,14,10,327,8.7,11.0,1016.4,11.8,1.92
2023,08,05,15,40,335,5.4,7.0,1017.0,11.8,1.82
2023,08,05,17,10,347,4.4,5.3,1017.2,11.8,1.67
2023,08,05,18,40,319,4.7,6.2,1018.1,11.9,1.62
2023,08,05,20,10,318,6.5,8.0,1018.1,12.0,1.57
2023,08,05,21,40,312,7.8,10.6,1017.6,12.2,1.78
2023,08,05,23,10,312,9.0,12.1,1017.0,12.3,2.01
2023,08,06,00,40,313,8.0,9.8,1016.3,12.3,1.69
2023,08,06,02,10,309,9.4,11.1,1015.6,12.3,1.95
2023,08,06,03,40,314,10.3,12.5,1015.7,12.2,2.16
2023,08,06,05,10,318,9.5,12.2,1016.3,12.1,2.45
2023,08,06,06,40,317,8.0,10.1,1016.8,12.1,2.15
2023,08,06,08,10,318,10.0,12.5,1016.0,12.1,2.25
2023,08,06,09,40,327,7.7,10.0,1015.8,12.0,2.39
2023,08,06,11,10,317,6.0,8.0,1015.9,11.9,2.27
2023,08,06,12,40,325,6.6,8.5,1016.1,11.9,2.25
2023,08,06,14,10,334,5.4,6.8,1017.0,11.8,2.13
2023,08,06,15,40,323,6.3,8.3,1017.6,11.8,2.20
2023,08,06,17,10,319,6.3,8.1,1018.1,11.7,2.01
2023,08,06,18,40,317,5.6,7.4,1018.7,11.8,1.95
2023,08,06,20,10,307,6.0,7.4,1018.3,11.9,1.72
2023,08,06,21,40,296,7.0,8.5,1017.4,12.1,1.98
2023,08,06,23,10,304,7.3,9.9,1016.3,12.3,1.90
2023,08,07,00,40,299,5.1,7.1,1015.7,12.4,2.23
2023,08,07,02,10,319,6.4,8.9,1015.1,12.4,2.30
2023,08,07,03,40,324,6.1,7.7,1015.1,12.1,2.43
2023,08,07,05,10,337,1.7,4.0,1015.8,12.0,2.38
2023,08,07,06,40,308,4.7,5.9,1015.7,12.0,2.02
2023,08,07,08,10,312,6.0,7.1,1015.4,12.1,2.16
2023,08,07,09,40,320,4.7,5.8,1014.9,12.1,2.17
2023,08,07,11,10,308,3.2,4.0,1014.9,12.1,1.98
2023,08,07,12,40,324,3.4,4.4,1014.9,12.1,1.93
2023,08,07,14,10,323,2.0,3.7,1015.4,12.2,1.90
2023,08,07,15,40,324,2.7,4.1,1015.9,12.3,1.85
2023,08,07,17,10,326,5.4,7.0,1016.4,12.7,1.84
2023,08,07,18,40,322,6.7,8.7,1016.7,12.5,1.80
2023,08,07,20,10,314,5.3,7.0,1017.0,12.7,1.92
2023,08,07,21,40,317,6.2,8.0,1016.3,12.9,1.99
2023,08,07,23,10,306,6.2,8.1,1015.7,13.0,2.00
2023,08,08,00,40,290,5.2,6.9,1015.4,13.1,2.09
2023,08,08,02,10,260,3.5,4.6,1015.2,13.0,1.95
2023,08,08,03,40,245,3.4,4.4,1015.3,13.0,1.84
2023,08,08,05,10,233,3.5,4.3,1015.6,12.9,1.92
2023,08,08,06,40,227,3.3,4.2,1015.7,12.9,1.97
2023,08,08,08,10,260,3.5,4.8,1016.0,13.1,1.84
2023,08,08,09,40,221,2.6,3.9,1015.7,13.1,1.75
2023,08,08,11,10,209,3.2,4.3,1015.3,13.3,1.73
2023,08,08,12,40,204,3.9,4.6,1015.4,13.2,1.57
2023,08,08,14,10,222,3.5,4.5,1015.9,13.1,1.80
2023,08,08,15,40,218,4.8,5.9,1016.4,13.0,1.56
2023,08,08,17,10,174,4.6,6.0,1016.7,13.1,1.52
2023,08,08,18,40,173,6.5,8.2,1017.1,13.2,1.49
2023,08,08,20,10,174,6.7,7.9,1017.2,13.2,1.37
2023,08,08,21,40,169,6.6,8.0,1016.8,13.3,1.40
2023,08,08,23,10,180,4.5,5.5,1016.0,13.0,1.25
2023,08,09,00,40,195,2.7,3.8,1015.4,12.8,1.27
2023,08,09,02,10,176,1.9,3.0,1014.9,12.5,1.30
2023,08,09,03,40,214,2.1,2.8,1014.9,12.4,1.20
2023,08,09,05,10,254,2.1,2.9,1015.7,12.4,1.21
2023,08,09,06,40,308,2.6,3.9,1015.5,12.5,1.13
2023,08,09,08,10,288,0.9,1.5,1015.2,13.0,1.00
2023,08,09,09,40,206,1.7,2.4,1014.8,13.0,0.99
2023,08,09,11,10,153,3.8,4.9,1014.2,12.9,0.97
2023,08,09,12,40,128,5.4,6.8,1013.9,12.6,0.89
2023,08,09,14,10,135,3.1,3.8,1014.3,12.5,0.93
2023,08,09,15,40,168,3.2,3.9,1014.9,12.4,1.05
2023,08,09,17,10,170,2.2,2.8,1015.2,12.4,1.10
2023,08,09,18,40,163,0.8,1.8,1015.5,12.1,1.11
2023,08,09,20,10,142,0.1,0.9,1015.4,12.7,1.06
2023,08,09,21,40,160,1.5,2.3,1015.2,12.6,0.92
2023,08,09,23,10,245,1.5,2.4,1014.7,13.6,0.86
2023,08,10,00,40,226,0.9,1.8,1014.3,12.9,0.92
2023,08,10,02,10,294,3.0,3.9,1014.1,12.8,0.93
2023,08,10,03,40,335,2.2,3.0,1014.5,12.7,0.96
2023,08,10,05,10,166,1.3,1.8,1014.8,12.6,0.96
2023,08,10,06,40,190,2.6,3.4,1014.5,12.7,0.90
2023,08,10,08,10,238,2.5,3.0,1014.1,13.1,0.91
2023,08,10,09,40,239,2.4,3.0,1013.9,12.7,0.83
2023,08,10,11,10,231,2.2,2.7,1013.7,12.6,0.88
2023,08,10,12,40,208,1.2,1.7,1013.9,12.8,0.78
2023,08,10,14,10,290,2.3,3.0,1014.2,12.5,0.80
2023,08,10,15,40,187,1.7,2.6,1014.7,12.7,0.82
2023,08,10,17,10,225,2.2,3.4,1015.2,12.8,0.86
2023,08,10,18,40,206,4.1,5.0,1015.5,13.0,0.85
2023,08,10,20,10,223,4.1,4.8,1015.7,13.3,0.83
2023,08,10,21,40,225,3.4,4.3,1015.9,13.5,0.77
2023,08,10,23,10,256,1.6,2.0,1015.5,13.4,0.84
2023,08,11,00,40,262,2.6,4.1,1015.1,13.8,0.88
2023,08,11,02,10,260,2.9,3.7,1015.4,14.0,0.96
2023,08,11,03,40,219,1.6,2.2,1015.7,13.8,0.87
2023,08,11,05,10,246,3.1,3.7,1016.0,13.3,0.96
2023,08,11,06,40,277,3.8,4.7,1015.7,13.5,0.80
2023,08,11,08,10,259,2.6,3.1,1015.7,13.5,0.87
2023,08,11,10,10,214,1.8,2.3,1015.6,13.2,0.82
2023,08,11,12,10,225,1.5,2.0,1015.5,13.2,0.86
2023,08,11,13,40,238,2.3,2.8,1015.9,13.4,0.85
2023,08,11,15,10,279,3.4,4.4,1016.5,13.4,1.00
2023,08,11,16,40,237,3.0,3.9,1016.9,13.1,1.01
2023,08,11,18,10,221,3.4,4.1,1017.0,13.2,1.09
2023,08,11,19,40,213,2.5,3.7,1017.2,13.1,1.09
2023,08,11,21,10,250,2.2,3.1,1017.1,13.7,1.12
2023,08,11,22,40,256,3.2,4.5,1016.6,13.7,1.02
2023,08,12,00,10,223,2.3,2.9,1016.4,14.1,0.96
2023,08,12,01,40,242,1.1,1.5,1016.1,14.3,0.97
2023,08,12,03,10,241,0.3,0.8,1016.1,13.9,1.06
2023,08,12,04,40,100,1.6,2.1,1016.6,14.1,1.04
2023,08,12,06,10,148,1.6,2.3,1016.9,13.9,1.08
2023,08,12,07,40,181,1.9,2.8,1017.0,14.2,1.01
2023,08,12,09,10,145,1.5,2.1,1016.7,13.9,1.07
2023,08,12,10,40,170,2.0,3.3,1016.5,13.9,1.07
2023,08,12,12,10,148,3.1,4.0,1016.2,14.1,1.06
2023,08,12,13,40,147,2.4,3.1,1016.5,13.6,1.03
2023,08,12,15,10,149,2.6,3.6,1017.3,13.7,1.03
2023,08,12,16,40,163,2.7,3.6,1017.5,13.9,1.14
2023,08,12,18,10,170,2.6,3.6,1018.1,14.0,1.06
2023,08,12,19,40,172,3.0,3.7,1018.1,14.0,1.08
2023,08,12,21,10,184,3.0,4.1,1017.6,13.6,1.07
2023,08,12,22,40,189,1.8,2.5,1017.0,14.3,1.04
2023,08,13,00,10,223,3.4,4.5,1016.5,14.3,1.01
2023,08,13,01,40,212,2.9,4.2,1016.3,14.2,0.98
2023,08,13,03,10,206,1.7,2.8,1016.4,13.8,0.98
2023,08,13,04,40,219,1.6,3.0,1017.0,13.8,1.01
2023,08,13,06,10,184,2.4,3.5,1016.7,13.8,1.02
2023,08,13,07,40,184,1.9,3.0,1016.8,13.9,1.07
2023,08,13,09,10,201,1.8,2.7,1016.7,14.2,0.95
2023,08,13,10,40,299,0.3,1.0,1016.2,14.3,1.07
2023,08,13,12,10,154,0.8,1.4,1015.6,14.3,1.05
2023,08,13,13,40,125,2.1,2.8,1016.0,14.1,1.04
2023,08,13,15,10,138,2.2,3.0,1016.3,14.2,1.17
2023,08,13,16,40,157,1.4,2.4,1016.0,14.3,1.16
2023,08,13,18,10,203,0.8,1.6,1016.2,14.6,1.24
2023,08,13,19,40,219,2.4,3.2,1016.2,14.9,1.21
2023,08,13,21,10,261,2.8,3.9,1015.8,15.2,1.26
2023,08,13,22,40,267,2.5,3.6,1015.5,15.0,1.18
2023,08,14,00,10,273,2.8,3.9,1015.1,14.7,1.25
2023,08,14,01,40,291,1.8,3.0,1014.7,14.8,1.14
2023,08,14,03,10,290,4.5,5.6,1013.7,14.4,1.09
2023,08,14,04,40,321,3.1,4.7,1015.2,14.2,1.26
2023,08,14,06,10,268,3.5,5.5,1013.8,14.2,1.16
2023,08,14,07,40,276,2.0,4.7,1013.3,14.3,1.22
2023,08,14,09,10,255,1.1,1.9,1014.1,14.4,1.12
2023,08,14,10,40,289,1.5,2.7,1013.7,14.5,1.18
2023,08,14,12,10,325,1.4,2.3,1013.0,14.4,1.20
2023,08,14,14,10,284,1.7,2.5,1013.5,14.5,1.22
2023,08,14,15,40,276,1.4,1.9,1014.7,14.7,1.10
2023,08,14,17,10,231,1.7,2.8,1015.1,15.0,1.15
2023,08,14,18,40,197,1.7,2.5,1015.5,15.4,1.12
2023,08,14,20,10,197,2.2,2.9,1015.3,14.8,1.13
2023,08,14,21,40,217,1.9,3.1,1015.2,15.3,1.22
2023,08,14,23,10,229,1.7,2.3,1014.9,15.0,1.20
2023,08,15,00,40,211,4.3,5.3,1014.3,15.0,1.09
2023,08,15,02,10,240,1.6,2.3,1014.3,14.9,1.13
2023,08,15,03,40,224,2.1,3.0,1014.6,14.6,1.17
2023,08,15,05,10,211,2.0,2.7,1015.7,14.6,1.23
2023,08,15,06,40,228,1.3,2.2,1015.5,14.7,1.27
2023,08,15,08,10,168,1.4,2.4,1015.3,14.9,1.32
2023,08,15,09,40,231,0.8,1.8,1014.9,15.1,1.18
2023,08,15,11,10,285,0.9,1.7,1015.5,15.3,1.20
2023,08,15,12,40,282,2.2,3.0,1015.4,15.3,1.15
2023,08,15,14,10,181,2.1,2.9,1016.7,15.4,1.15
2023,08,15,15,40,170,3.1,4.2,1017.3,15.4,1.25
2023,08,15,17,10,169,0.9,1.8,1017.3,15.7,1.33
2023,08,15,18,40,174,0.7,1.9,1017.4,16.0,1.42
2023,08,15,20,10,205,2.6,3.3,1017.1,15.8,1.38
2023,08,15,21,40,273,2.6,3.7,1016.7,16.2,1.24
2023,08,15,23,10,281,2.2,3.1,1016.0,16.5,1.17
2023,08,16,00,40,269,3.5,4.7,1015.6,16.2,1.22
2023,08,16,02,10,276,3.7,4.7,1015.4,15.8,1.17
2023,08,16,03,40,294,2.5,3.5,1016.0,15.6,1.10
2023,08,16,05,10,266,1.2,1.7,1016.1,15.7,1.23
2023,08,16,06,40,267,1.3,2.2,1016.0,15.9,1.20
2023,08,16,08,10,246,1.2,1.8,1015.9,16.0,1.17
2023,08,16,09,40,295,0.9,1.4,1015.6,15.9,1.17
2023,08,16,11,10,318,0.8,1.5,1015.4,15.8,1.12
2023,08,16,12,40,260,0.2,1.1,1015.5,15.8,1.14
2023,08,16,14,10,247,1.5,2.1,1015.7,15.8,0.94
2023,08,16,15,40,254,0.4,1.4,1015.7,15.8,1.11
2023,08,16,17,10,189,0.1,1.3,1015.7,15.9,1.07
2023,08,16,18,40,222,2.2,3.1,1015.9,16.2,0.97
2023,08,16,20,10,248,2.5,3.2,1015.5,16.7,1.01
2023,08,16,21,40,266,2.2,3.3,1014.9,17.1,0.98
2023,08,16,23,10,261,3.1,4.0,1014.1,17.0,1.05
2023,08,17,00,40,297,3.2,4.5,1013.9,16.6,0.97
2023,08,17,02,10,282,3.5,4.6,1012.9,16.5,1.01
2023,08,17,03,40,282,3.6,4.6,1013.1,16.4,1.03
2023,08,17,05,10,297,3.6,5.0,1013.5,16.4,0.94
2023,08,17,06,40,311,3.2,4.1,1012.9,16.2,1.00
2023,08,17,08,10,336,1.8,2.5,1012.9,16.2,0.91
2023,08,17,09,40,246,1.9,3.0,1012.3,16.3,0.99
2023,08,17,11,10,269,2.4,3.5,1012.0,16.3,0.91
2023,08,17,12,40,235,1.0,1.5,1012.0,16.2,0.96
2023,08,17,14,10,246,1.3,2.2,1012.4,16.1,0.92
2023,08,17,15,40,227,1.1,1.9,1012.7,16.2,0.94
2023,08,17,17,10,189,1.9,2.7,1012.8,16.3,0.88
2023,08,17,18,40,170,3.0,3.9,1013.0,16.5,0.81
2023,08,17,20,10,204,2.4,3.1,1012.9,16.6,0.91
2023,08,17,21,40,222,2.9,3.7,1013.0,16.4,0.86
2023,08,17,23,10,206,2.9,3.8,1012.5,16.2,0.79
2023,08,18,00,40,202,2.7,3.5,1011.8,16.3,0.82
2023,08,18,02,10,182,3.2,4.1,1011.0,16.0,0.80
2023,08,18,03,40,223,2.6,3.3,1011.3,16.3,0.80
2023,08,18,05,10,214,2.6,3.3,1011.8,16.2,0.75
2023,08,18,06,40,181,2.8,3.7,1011.9,15.7,0.74
2023,08,18,08,10,187,3.6,4.7,1011.9,16.0,0.84
2023,08,18,09,40,196,3.0,3.7,1011.6,15.9,0.78
2023,08,18,11,10,236,1.3,1.6,1011.7,15.6,0.88
2023,08,18,12,40,217,2.5,3.3,1011.8,15.5,0.90
2023,08,18,14,10,233,0.7,1.2,1012.3,15.3,0.83
2023,08,18,15,40,186,3.0,3.8,1012.9,15.4,0.81
2023,08,18,17,10,170,3.5,4.2,1013.2,15.5,0.80
2023,08,18,18,40,167,3.1,4.1,1013.5,15.5,1.00
2023,08,18,20,10,176,2.5,3.0,1013.0,16.1,0.91
2023,08,18,21,40,188,3.1,3.9,1012.6,16.2,1.02
2023,08,18,23,10,232,1.9,2.4,1012.0,15.9,1.13
2023,08,19,00,40,251,1.0,1.6,1011.2,16.1,1.04
2023,08,19,02,10,262,0.4,0.9,1010.6,15.8,1.09
2023,08,19,03,40,258,1.9,2.7,1010.7,15.6,1.05
2023,08,19,05,10,174,1.4,2.7,1011.1,15.6,1.09
2023,08,19,06,40,233,1.4,2.2,1011.0,15.7,1.10
2023,08,19,08,10,230,1.2,1.8,1011.1,15.9,1.20
2023,08,19,09,40,275,1.0,2.0,1011.0,15.9,1.25
2023,08,19,11,10,194,1.8,3.3,1010.9,15.9,1.30
2023,08,19,12,40,145,1.2,3.2,1010.7,15.5,1.40
2023,08,19,14,10,166,1.4,2.4,1011.0,15.6,1.30
2023,08,19,15,40,193,3.0,4.0,1011.1,15.6,1.37
2023,08,19,17,10,212,3.6,4.3,1011.1,15.7,1.36
2023,08,19,18,40,227,2.3,3.1,1011.6,15.9,1.41
2023,08,19,21,40,208,1.2,2.1,1011.3,16.3,1.40
2023,08,19,23,10,215,1.6,2.3,1010.4,16.0,1.43
2023,08,20,00,40,209,3.8,4.9,1010.4,16.2,1.49
2023,08,20,02,10,235,1.9,3.7,1009.9,16.3,1.62
2023,08,20,03,40,250,2.2,3.4,1010.2,16.0,1.54
2023,08,20,05,10,248,2.4,4.5,1011.3,16.1,1.48
2023,08,20,06,40,224,2.7,5.3,1011.0,15.7,1.63
2023,08,20,08,10,141,1.7,2.8,1011.1,15.7,1.44
2023,08,20,09,40,259,1.2,2.2,1010.1,15.7,1.50
2023,08,20,11,10,189,1.0,2.1,1010.1,15.3,1.44
2023,08,20,12,40,213,1.4,2.7,1009.7,15.1,1.39
2023,08,20,14,10,328,0.7,1.7,1010.3,15.0,1.36
2023,08,20,15,40,328,1.0,1.9,1009.9,15.1,1.42
2023,08,20,17,40,315,3.7,5.0,1008.9,15.2,1.24
2023,08,20,19,40,301,6.2,7.5,1007.9,15.1,1.35
2023,08,20,21,10,320,5.3,7.9,1007.4,15.1,1.27
2023,08,20,22,40,303,6.3,8.0,1006.3,15.1,1.50
2023,08,21,00,10,291,7.1,8.6,1005.7,15.0,1.50
2023,08,21,01,40,274,6.4,7.6,1004.8,15.1,1.32
2023,08,21,03,10,301,6.2,7.4,1004.2,15.1,1.28
2023,08,21,04,40,304,5.0,6.0,1004.0,15.1,1.28
2023,08,21,06,10,297,5.0,6.8,1003.8,15.0,1.40
2023,08,21,07,40,293,2.4,3.8,1004.2,14.9,1.34
2023,08,21,09,10,246,2.3,3.1,1005.1,14.9,1.45
2023,08,21,10,40,236,3.2,4.0,1006.8,14.9,1.64
2023,08,21,12,10,188,3.2,4.0,1008.7,14.9,1.45
2023,08,21,13,40,198,3.8,4.8,1009.9,14.9,1.56
2023,08,21,15,10,170,2.2,3.2,1012.1,14.9,1.58
2023,08,21,16,40,201,2.2,2.9,1013.5,15.0,1.67
2023,08,21,18,10,166,1.6,2.6,1015.1,15.0,1.70
2023,08,21,19,40,194,2.0,2.8,1016.2,14.9,1.79
2023,08,21,21,10,137,1.9,4.1,1016.4,14.8,2.26
2023,08,21,22,40,173,4.4,5.8,1016.2,15.2,2.11
2023,08,22,00,10,146,3.4,4.4,1016.2,15.1,1.76
2023,08,22,01,40,139,2.6,4.0,1016.3,15.2,2.05
2023,08,22,03,10,148,2.0,3.2,1016.3,15.0,1.96
2023,08,22,05,10,133,3.0,4.1,1016.9,15.2,1.75
2023,08,22,06,40,147,3.3,4.4,1016.9,15.2,1.51
2023,08,22,09,40,146,3.2,4.3,1016.6,15.2,1.51
2023,08,22,11,10,168,1.5,2.2,1016.3,15.2,1.41
2023,08,22,12,40,161,2.0,3.0,1016.2,15.1,1.44
2023,08,22,14,10,93,1.3,2.4,1016.7,15.2,1.19
2023,08,22,15,40,179,1.1,1.6,1017.2,15.4,1.17
2023,08,22,17,10,123,1.1,1.7,1017.3,15.5,1.00
2023,08,22,18,40,128,0.3,0.9,1017.4,15.6,0.99
2023,08,22,20,10,234,1.9,2.5,1017.1,16.7,1.02
2023,08,22,21,40,305,2.9,3.6,1016.7,16.3,1.03
2023,08,22,23,10,319,3.8,5.0,1016.1,16.6,1.14
2023,08,23,00,40,291,3.9,4.8,1015.6,16.5,0.95
2023,08,23,02,10,291,4.2,4.9,1015.4,16.4,0.88
2023,08,23,03,40,306,4.7,5.9,1015.8,16.4,0.87
2023,08,23,05,10,308,5.6,6.9,1016.2,16.3,0.80
2023,08,23,06,40,303,2.6,3.2,1016.0,16.1,0.92
2023,08,23,08,10,300,2.8,3.5,1015.9,16.1,0.89
2023,08,23,09,40,304,3.8,4.9,1015.4,16.0,0.80
2023,08,23,11,10,324,2.4,3.4,1015.4,16.0,0.88
2023,08,23,12,40,345,2.4,3.2,1015.0,15.9,0.98
2023,08,23,14,10,330,2.4,3.2,1015.2,15.9,1.04
2023,08,23,15,40,10,1.7,2.4,1015.2,15.9,0.95
2023,08,23,17,10,313,1.2,1.8,1014.9,15.8,0.95
2023,08,23,18,40,297,3.7,4.5,1014.5,16.1,1.01
2023,08,23,20,10,306,5.0,6.3,1013.8,16.4,0.99
2023,08,23,21,40,310,5.6,7.2,1013.3,16.0,1.09
2023,08,23,23,10,317,6.3,7.4,1012.4,16.0,1.25
2023,08,24,00,40,311,6.6,8.1,1011.6,16.1,1.22
2023,08,24,02,10,318,6.3,7.5,1011.4,16.1,1.19
2023,08,24,03,40,316,5.8,7.0,1011.7,15.9,1.19
2023,08,24,05,10,309,3.8,4.7,1012.1,15.9,1.20
2023,08,24,06,40,311,2.8,3.8,1011.8,15.9,1.24
2023,08,24,08,10,237,2.4,3.0,1012.0,15.9,1.14
2023,08,24,09,40,187,2.6,3.2,1012.1,16.0,1.15
2023,08,24,11,10,232,2.2,2.7,1011.8,15.9,1.20
2023,08,24,12,40,181,2.0,2.8,1012.1,15.9,1.26
2023,08,24,14,10,177,2.5,3.2,1013.1,15.9,1.39
2023,08,24,15,40,195,3.4,4.7,1013.8,15.9,1.12
2023,08,24,17,10,173,3.4,4.6,1014.3,15.9,1.26
2023,08,24,18,40,193,5.6,7.5,1014.8,16.1,1.22
2023,08,24,20,10,198,4.2,5.6,1015.0,16.3,1.30
2023,08,24,21,40,205,2.4,3.3,1014.7,16.6,1.29
2023,08,24,23,10,213,2.7,3.4,1014.5,17.2,1.22
2023,08,25,00,40,216,4.1,4.9,1014.1,17.0,1.18
2023,08,25,02,10,246,4.3,5.5,1014.5,16.7,1.11
2023,08,25,03,40,251,2.3,3.4,1014.9,16.7,1.22
2023,08,25,05,10,242,2.1,3.4,1015.5,16.6,1.07
2023,08,25,06,40,250,2.4,4.6,1015.8,16.6,1.06
2023,08,25,08,10,213,2.6,3.9,1015.8,16.6,1.06
2023,08,25,09,40,205,2.9,4.6,1015.7,16.5,0.99
2023,08,25,11,10,249,1.6,2.5,1015.7,16.5,0.99
2023,08,25,12,40,264,2.0,3.1,1015.7,16.5,1.07
2023,08,25,14,10,248,0.8,1.4,1016.4,16.6,1.01
2023,08,25,15,40,220,1.9,3.5,1016.8,16.7,0.97
2023,08,25,17,10,240,0.4,1.2,1017.4,16.8,0.89
2023,08,25,18,40,271,1.1,1.9,1017.9,16.8,0.99
2023,08,25,20,10,304,2.7,3.5,1017.5,17.0,0.94
2023,08,25,21,40,303,3.7,4.3,1017.0,17.0,0.78
2023,08,25,23,10,282,3.2,4.4,1016.4,17.1,0.86
2023,08,26,00,40,313,7.6,9.3,1016.0,17.1,0.85
2023,08,26,02,10,304,7.2,8.5,1015.6,16.9,1.19
2023,08,26,03,40,311,7.9,10.2,1015.7,16.6,1.09
2023,08,26,05,10,315,7.6,9.8,1016.2,16.3,1.05
2023,08,26,06,40,309,5.7,7.7,1016.4,16.2,1.02
2023,08,26,08,10,325,5.1,7.1,1016.5,16.3,0.94
2023,08,26,09,40,316,4.3,6.3,1016.2,16.4,1.04
2023,08,26,11,10,312,5.6,7.9,1016.0,16.4,1.08
2023,08,26,12,40,312,7.2,9.3,1016.2,16.4,1.04
2023,08,26,14,10,314,6.9,9.5,1016.6,16.3,1.17
2023,08,26,15,40,327,5.9,7.6,1017.2,16.3,1.15
2023,08,26,17,40,316,6.7,8.5,1017.7,16.3,1.12
2023,08,26,19,10,289,6.2,7.9,1018.2,16.3,1.04
2023,08,26,20,40,310,6.9,8.5,1018.3,16.3,1.04
2023,08,26,22,10,304,7.5,8.9,1017.9,16.3,1.00
2023,08,26,23,40,310,7.5,9.6,1017.1,16.3,1.03
2023,08,27,01,10,315,8.5,10.5,1016.7,16.2,1.01
2023,08,27,02,40,318,9.3,11.6,1016.8,16.0,1.22
2023,08,27,04,10,318,9.2,12.1,1017.4,15.9,1.28
2023,08,27,05,40,308,8.4,10.5,1017.8,15.8,1.24
2023,08,27,07,10,316,7.2,8.9,1017.8,15.8,1.30
2023,08,27,08,40,315,6.4,8.0,1018.1,15.8,1.36
2023,08,27,10,10,325,7.7,9.1,1017.4,15.8,1.20
2023,08,27,11,40,323,7.1,9.7,1017.8,15.8,1.18
2023,08,27,13,10,320,7.1,8.9,1017.9,15.7,1.18
2023,08,27,14,40,319,7.0,8.9,1018.5,15.7,1.23
2023,08,27,16,10,318,6.7,9.2,1018.7,15.7,1.24
2023,08,27,17,40,320,7.2,8.4,1019.2,15.7,1.13
2023,08,27,19,10,314,7.5,9.5,1019.0,15.8,1.15
2023,08,27,20,40,308,9.2,11.3,1018.4,15.9,1.18
2023,08,27,22,10,311,9.6,11.7,1017.8,15.9,1.29
2023,08,27,23,40,307,10.6,12.5,1017.3,15.8,1.48
2023,08,28,01,10,313,8.3,9.8,1017.1,15.8,1.56
2023,08,28,02,40,308,8.4,10.3,1016.5,15.8,1.57
2023,08,28,05,10,313,9.0,10.8,1016.3,15.7,1.76
2023,08,28,06,40,319,7.2,8.9,1016.5,15.6,1.64
2023,08,28,08,10,322,8.0,10.0,1016.6,15.7,1.61
2023,08,28,09,40,320,8.2,10.0,1016.2,15.6,1.50
2023,08,28,11,10,318,8.8,11.0,1016.0,15.4,1.49
2023,08,28,12,40,322,8.5,10.5,1016.1,15.4,1.42
2023,08,28,14,10,322,7.9,9.7,1016.8,15.4,1.45
2023,08,28,15,40,317,8.5,10.5,1017.3,15.5,1.70
2023,08,28,17,10,325,6.7,8.5,1017.6,15.5,1.56
2023,08,28,18,40,320,8.1,9.9,1017.8,15.5,1.54
2023,08,28,20,10,317,8.8,10.7,1017.5,15.5,1.48
2023,08,28,21,40,313,9.2,11.0,1017.3,15.5,1.49
2023,08,28,23,10,313,9.3,11.4,1016.7,15.5,1.67
2023,08,29,00,40,311,9.3,11.6,1016.3,15.4,1.81
2023,08,29,02,10,312,10.4,13.1,1015.4,15.4,1.98
2023,08,29,03,40,312,10.8,13.6,1015.4,15.4,2.23
2023,08,29,05,10,313,12.1,15.3,1015.7,15.3,2.18
2023,08,29,06,40,313,11.3,14.3,1015.8,15.1,2.08
2023,08,29,08,10,317,9.3,12.0,1016.0,14.6,1.84
2023,08,29,09,40,311,10.5,13.2,1016.0,14.3,1.94
2023,08,29,11,10,317,10.3,13.2,1016.1,14.1,2.00
2023,08,29,12,40,316,9.5,11.6,1016.2,13.9,2.21
2023,08,29,14,10,311,8.9,11.4,1016.7,13.7,2.08
2023,08,29,15,40,317,9.1,11.7,1017.0,13.8,1.95
2023,08,29,17,10,317,9.5,11.9,1017.5,13.9,2.06
2023,08,29,18,40,321,8.3,10.1,1017.6,14.2,1.82
2023,08,29,20,10,328,6.5,8.1,1017.7,14.4,1.78
2023,08,29,21,40,319,8.2,10.0,1017.1,14.5,1.87
2023,08,29,23,10,320,9.6,11.8,1016.0,14.7,2.32
2023,08,30,00,40,322,11.2,14.2,1015.2,14.6,2.52
2023,08,30,02,10,318,9.8,12.5,1014.5,14.0,2.58
2023,08,30,03,40,317,11.1,13.4,1014.0,14.0,2.53
2023,08,30,06,40,322,8.1,10.2,1014.3,13.9,2.28
2023,08,30,08,10,322,8.5,10.3,1013.9,14.0,2.22
2023,08,30,09,40,335,6.1,7.6,1013.7,14.0,2.02
2023,08,30,11,10,329,5.3,7.6,1013.7,14.1,2.12
2023,08,30,12,40,330,7.2,8.9,1013.4,14.2,2.11
2023,08,30,14,10,328,6.6,8.6,1014.0,14.2,2.10
2023,08,30,15,40,330,6.0,7.6,1014.4,14.3,2.13
2023,08,30,17,10,327,6.1,7.4,1014.3,14.3,2.07
2023,08,30,18,40,310,5.8,7.3,1013.6,14.4,1.95
2023,08,30,20,10,312,5.9,7.6,1012.9,14.6,1.86
2023,08,30,21,40,309,8.5,10.2,1012.3,14.7,1.89
2023,08,30,23,10,307,8.4,10.1,1011.3,14.7,2.04
2023,08,31,00,40,307,8.1,10.2,1010.5,14.5,2.40
2023,08,31,02,10,301,7.6,9.5,1009.6,14.4,2.41
2023,08,31,03,40,316,7.9,11.1,1009.7,14.3,2.74
2023,08,31,05,10,321,7.8,10.1,1009.6,14.3,2.79
2023,08,31,06,40,316,8.2,11.0,1009.7,14.3,2.80
2023,08,31,08,10,323,9.6,12.1,1009.3,14.2,2.47
2023,08,31,09,40,320,8.0,10.3,1009.1,14.3,2.58
2023,08,31,11,10,319,8.2,10.1,1008.9,14.2,2.70
2023,08,31,12,40,315,7.2,9.0,1008.6,14.2,2.40
2023,08,31,14,10,314,8.4,10.2,1009.2,14.2,2.63
2023,08,31,15,40,312,4.7,6.1,1009.5,14.2,2.72
2023,08,31,17,10,318,5.5,7.2,1009.5,14.3,2.65
2023,08,31,18,40,306,3.9,5.6,1009.6,14.2,2.46
2023,08,31,20,10,285,3.1,4.3,1009.4,14.4,2.50
2023,08,31,21,40,284,2.4,4.6,1009.3,14.5,2.37
2023,08,31,23,10,320,4.2,5.9,1008.9,14.6,2.15
2023,09,01,00,40,291,4.0,5.6,1008.6,14.6,1.91
2023,09,01,02,10,284,5.8,7.2,1008.1,14.6,2.14
2023,09,01,03,40,303,8.5,10.8,1008.1,14.5,2.34
2023,09,01,05,10,295,6.4,8.5,1008.8,14.5,2.04
2023,09,01,06,40,283,4.4,5.8,1009.0,14.1,1.89
2023,09,01,08,10,303,5.8,8.5,1008.8,14.0,1.44
2023,09,01,09,40,292,8.1,10.1,1008.4,13.9,1.31
2023,09,01,11,10,285,6.4,8.2,1008.6,14.0,1.35
2023,09,01,12,40,280,3.6,5.2,1009.0,14.1,1.36
2023,09,01,14,10,273,3.9,5.2,1009.5,14.3,1.29
2023,09,01,15,40,293,3.7,4.6,1010.1,14.4,1.33
2023,09,01,17,10,260,4.2,5.6,1010.8,14.5,1.32
2023,09,01,18,40,232,3.2,4.0,1011.4,14.5,1.38
2023,09,01,20,10,218,3.0,3.7,1012.0,14.6,1.35
2023,09,01,21,40,218,4.2,5.0,1012.0,14.6,1.46
2023,09,01,23,10,232,3.2,4.0,1011.9,14.7,1.44
2023,09,02,00,40,224,2.7,3.3,1011.8,14.8,1.39
2023,09,02,02,10,202,3.0,3.5,1011.6,14.7,1.29
2023,09,02,03,40,216,2.8,3.5,1012.1,14.7,1.42
2023,09,02,05,10,222,3.0,3.8,1012.7,14.3,1.33
2023,09,02,06,40,221,1.8,2.7,1012.8,14.2,1.35
2023,09,02,08,10,214,2.5,3.2,1013.2,14.1,1.50
2023,09,02,09,40,177,2.1,2.8,1013.4,14.0,1.28
2023,09,02,11,10,162,2.1,3.2,1014.2,14.1,1.37
2023,09,02,12,40,173,4.8,5.8,1014.9,14.3,1.40
2023,09,02,14,40,157,3.7,4.9,1015.8,14.5,1.40
2023,09,02,16,10,126,2.8,3.7,1016.2,14.7,1.37
2023,09,02,17,40,129,1.4,2.5,1016.8,14.7,1.33
2023,09,02,19,10,160,2.7,3.6,1017.1,15.1,1.36
2023,09,02,20,40,226,2.5,3.5,1016.9,15.6,1.48
2023,09,02,22,10,218,2.4,2.9,1016.7,15.6,1.33
2023,09,02,23,40,275,1.1,1.6,1016.3,15.9,1.38
2023,09,03,01,10,300,1.0,1.6,1016.4,15.9,1.34
2023,09,03,02,40,345,1.7,2.3,1016.4,15.0,1.38
2023,09,03,04,10,313,0.6,1.7,1017.2,15.0,1.29
2023,09,03,05,40,219,1.3,1.8,1017.5,14.9,1.44
2023,09,03,07,10,124,1.0,1.8,1017.8,14.8,1.36
2023,09,03,08,40,182,2.4,3.1,1017.9,14.9,1.12
2023,09,03,10,10,267,1.5,2.3,1018.0,15.1,1.36
2023,09,03,11,40,263,0.6,1.4,1017.6,15.4,1.30
2023,09,03,13,10,303,1.5,2.4,1017.8,15.2,1.25
2023,09,03,14,40,184,0.4,1.1,1018.6,14.8,1.32
2023,09,03,16,10,243,0.4,1.1,1018.8,14.8,1.23
2023,09,03,17,40,162,2.1,2.9,1019.3,15.1,1.25
2023,09,03,19,10,125,0.9,1.7,1019.3,15.3,1.51
2023,09,03,20,40,237,2.1,3.5,1019.3,15.6,1.41
2023,09,03,22,10,215,2.1,3.2,1018.6,15.8,1.52
2023,09,03,23,40,224,2.9,3.7,1018.4,16.6,1.65
2023,09,04,01,10,236,1.0,1.5,1018.3,16.3,1.46
2023,09,04,02,40,340,1.8,2.7,1018.1,16.3,1.31
2023,09,04,04,10,313,1.0,1.6,1018.5,15.8,1.36
2023,09,04,05,40,295,3.4,4.7,1018.2,15.4,1.40
2023,09,04,07,10,301,4.8,5.8,1017.9,15.1,1.30
2023,09,04,08,40,320,3.7,4.5,1017.6,14.8,1.23
2023,09,04,10,10,293,4.5,5.4,1017.2,14.8,1.18
2023,09,04,11,40,318,5.7,7.0,1017.0,14.6,1.21
2023,09,04,13,10,323,5.3,6.9,1017.0,14.5,1.35
2023,09,04,14,40,294,5.3,6.6,1017.3,14.5,1.29
2023,09,04,16,10,314,3.4,5.0,1017.6,14.4,1.28
2023,09,04,17,40,309,4.3,5.8,1017.9,14.8,1.22
2023,09,04,19,10,307,4.8,5.8,1017.2,14.9,1.30
2023,09,04,20,40,292,4.3,5.6,1016.6,14.9,1.31
2023,09,04,22,10,310,6.9,8.6,1015.9,14.7,1.31
2023,09,04,23,40,299,4.6,5.9,1015.3,14.7,1.37
2023,09,05,01,10,298,4.7,5.5,1014.5,14.7,1.28
2023,09,05,02,40,306,7.0,8.6,1013.7,16.0,1.43
2023,09,05,04,10,298,6.1,7.2,1014.1,15.8,1.58
2023,09,05,05,40,304,5.1,6.8,1014.1,15.7,1.59
2023,09,05,07,10,318,7.5,9.4,1013.7,15.6,1.67
2023,09,05,08,40,314,6.9,8.6,1013.3,15.4,1.65
2023,09,05,10,10,317,6.5,8.0,1012.7,15.3,1.57
2023,09,05,11,40,298,5.1,6.3,1012.4,15.1,1.52
2023,09,05,13,10,320,3.9,5.5,1012.5,15.1,1.67
2023,09,05,14,40,268,2.9,4.0,1013.2,15.1,1.54
2023,09,05,16,10,174,0.5,1.8,1013.7,15.3,1.65
2023,09,05,17,40,181,2.2,3.3,1014.1,15.4,1.61
2023,09,05,19,10,170,1.7,3.6,1013.9,15.6,1.65
2023,09,05,20,40,198,2.9,4.4,1013.7,15.3,1.60
2023,09,05,22,10,236,3.5,4.8,1013.4,15.1,1.63
2023,09,05,23,40,243,2.6,4.2,1013.0,15.5,1.54
2023,09,06,01,10,238,1.4,2.8,1012.9,15.8,1.59
2023,09,06,02,40,224,1.7,2.8,1012.8,15.5,1.56
2023,09,06,04,10,183,2.0,3.6,1013.5,15.4,1.68
2023,09,06,05,40,163,2.6,5.4,1013.7,15.4,1.62
2023,09,06,07,10,180,4.1,5.6,1013.9,15.3,1.42
2023,09,06,08,40,167,4.8,6.8,1014.0,15.3,1.41
2023,09,06,10,10,161,4.9,6.3,1013.7,15.3,1.48
2023,09,06,11,40,167,4.8,7.0,1014.1,14.9,1.42
2023,09,06,13,10,173,5.4,7.4,1014.7,14.9,1.50
2023,09,06,14,40,181,5.6,7.4,1015.6,14.9,1.45
2023,09,06,16,10,195,5.0,6.4,1016.0,15.0,1.57
2023,09,06,17,40,179,3.9,5.0,1016.5,15.0,1.50
2023,09,06,19,10,162,3.2,4.3,1016.7,15.1,1.44
2023,09,06,20,40,169,3.5,4.7,1016.4,15.0,1.31
2023,09,06,22,10,183,3.5,4.9,1016.0,15.4,1.32
2023,09,06,23,40,225,2.5,3.1,1015.7,15.7,1.33
2023,09,07,01,10,251,2.3,3.1,1015.4,15.7,1.26
2023,09,07,02,40,283,1.6,2.1,1015.2,15.6,1.28
2023,09,07,04,10,309,0.9,1.5,1015.8,15.5,1.15
2023,09,07,05,40,327,1.6,2.5,1016.0,15.6,1.21
2023,09,07,07,10,283,2.2,4.2,1015.7,15.5,0.99
2023,09,07,08,40,157,1.5,2.9,1015.5,15.5,1.00
2023,09,07,10,10,235,3.1,4.6,1015.5,15.5,0.89
2023,09,07,11,40,230,1.7,3.5,1015.2,15.4,0.90
2023,09,07,13,10,234,1.7,2.9,1015.5,15.4,0.93
2023,09,07,14,40,230,1.6,2.8,1016.2,15.3,0.96
2023,09,07,16,10,271,1.6,3.2,1016.6,15.3,0.89
2023,09,07,17,40,254,2.3,3.5,1017.0,15.2,0.94
2023,09,07,19,40,193,1.5,2.5,1016.9,15.2,0.79
2023,09,07,21,10,299,2.6,3.6,1016.4,15.6,0.86
2023,09,07,22,40,287,3.6,4.8,1016.0,15.6,0.89
2023,09,08,00,10,299,4.3,5.8,1015.5,15.5,0.91
2023,09,08,01,40,302,6.1,7.9,1015.4,15.2,1.03
2023,09,08,03,10,317,5.0,6.0,1015.6,15.0,1.10
2023,09,08,04,40,312,5.0,6.0,1016.0,15.0,1.15
2023,09,08,06,10,315,3.7,5.1,1016.2,15.0,1.15
2023,09,08,07,40,300,3.2,4.0,1016.2,15.1,1.10
2023,09,08,09,10,268,1.7,2.4,1016.2,15.2,1.17
2023,09,08,10,40,251,0.7,1.4,1016.0,15.2,1.11
2023,09,08,12,10,179,1.0,1.5,1016.0,15.1,1.30
2023,09,08,13,40,167,1.1,1.7,1016.7,14.8,1.24
2023,09,08,15,10,140,3.3,4.6,1017.3,14.7,1.35
2023,09,08,16,40,145,2.4,3.5,1018.1,14.8,1.23
2023,09,08,18,10,125,1.1,2.0,1018.4,15.0,1.17
2023,09,08,19,40,198,0.4,1.2,1018.4,15.5,1.11
2023,09,08,21,10,292,2.2,3.8,1018.4,15.7,1.02
2023,09,08,22,40,292,4.1,5.5,1018.0,15.8,1.03
2023,09,09,00,10,305,5.5,6.9,1017.7,15.6,1.09
2023,09,09,01,40,303,7.2,8.9,1017.4,15.2,1.14
2023,09,09,03,10,318,6.3,8.2,1017.6,15.0,1.17
2023,09,09,04,40,313,6.6,8.1,1018.1,14.8,1.25
2023,09,09,06,10,305,7.8,9.2,1018.1,15.0,1.24
2023,09,09,07,40,321,6.2,8.0,1018.3,15.3,1.27
2023,09,09,09,10,332,5.9,7.2,1018.3,15.2,1.28
2023,09,09,10,40,329,5.7,8.0,1018.4,15.1,1.25
2023,09,09,12,10,325,5.9,7.3,1018.7,14.9,1.26
2023,09,09,13,40,332,4.6,6.3,1019.0,14.9,1.08
2023,09,09,15,10,322,4.9,6.4,1019.5,14.8,1.23
2023,09,09,16,40,309,4.5,5.4,1019.7,14.7,1.25
2023,09,09,18,10,319,2.9,4.3,1020.1,14.8,1.19
2023,09,09,19,40,306,4.8,6.7,1019.7,14.9,1.30
2023,09,09,21,10,302,5.4,7.3,1019.3,15.0,1.24
2023,09,09,22,40,313,6.7,8.6,1018.7,15.1,1.27
2023,09,10,00,10,312,8.1,10.2,1018.0,15.2,1.27
2023,09,10,01,40,312,10.2,12.6,1017.7,15.1,1.43
2023,09,10,03,10,304,9.5,11.3,1018.1,14.9,1.62
2023,09,10,04,40,311,8.6,11.0,1018.6,15.0,1.47
2023,09,10,06,10,316,8.2,10.6,1018.6,14.9,1.53
2023,09,10,07,40,316,7.2,9.1,1018.7,14.9,1.45
2023,09,10,09,10,321,6.5,8.2,1018.4,15.0,1.45
2023,09,10,10,40,313,7.1,9.6,1018.0,14.9,1.44
2023,09,10,12,10,307,5.0,6.9,1018.0,15.4,1.30
2023,09,10,13,40,318,5.6,6.9,1018.3,15.6,1.36
2023,09,10,15,10,316,5.2,7.1,1018.7,15.6,1.34
2023,09,10,16,40,309,4.1,5.4,1018.7,15.6,1.33
2023,09,10,18,10,307,5.0,6.3,1019.2,15.7,1.25
2023,09,10,19,40,323,5.9,7.2,1018.8,15.7,1.29
2023,09,10,21,10,320,5.6,6.7,1018.4,15.7,1.30
2023,09,10,22,40,306,7.9,9.4,1017.4,15.5,1.21
2023,09,11,00,10,307,7.8,9.7,1016.7,15.6,1.18
2023,09,11,01,40,311,8.5,10.1,1016.3,15.2,1.37
2023,09,11,03,10,311,8.9,10.8,1015.8,15.0,1.65
2023,09,11,04,40,317,10.1,12.4,1016.1,14.8,1.94
2023,09,11,06,10,321,9.9,12.2,1016.1,14.7,1.92
2023,09,11,07,40,321,8.7,10.7,1016.4,14.9,1.70
2023,09,11,09,10,327,8.4,10.2,1016.4,14.9,1.50
2023,09,11,10,40,325,6.8,8.2,1016.2,14.9,1.43
2023,09,11,12,10,320,6.4,7.5,1015.9,15.0,1.34
2023,09,11,13,40,323,7.4,9.4,1016.1,14.9,1.41
2023,09,11,15,10,320,7.0,8.7,1016.7,14.8,1.43
2023,09,11,16,40,320,9.8,12.3,1016.7,14.8,1.58
2023,09,11,18,10,319,7.9,10.3,1017.2,14.8,1.58
2023,09,11,19,40,314,7.0,9.7,1017.2,14.9,1.50
2023,09,11,21,10,305,8.6,10.3,1016.9,14.9,1.47
2023,09,11,22,40,311,9.1,11.8,1016.2,15.0,1.52
2023,09,12,00,10,306,9.5,12.0,1016.1,15.0,1.75
2023,09,12,01,40,306,10.5,13.3,1015.5,14.9,2.02
2023,09,12,03,10,317,8.8,11.0,1015.2,14.8,2.07
2023,09,12,04,40,321,8.0,10.1,1015.8,14.8,2.10
2023,09,12,06,10,315,8.0,9.7,1015.7,14.7,2.01
2023,09,12,07,40,315,8.3,10.8,1015.7,14.7,2.03
2023,09,12,09,10,317,7.1,8.8,1015.5,15.0,1.68
2023,09,12,10,40,307,6.1,7.6,1015.4,14.9,1.64
2023,09,12,12,10,316,6.2,7.7,1015.1,14.8,1.87
2023,09,12,13,40,310,6.8,8.2,1015.1,14.8,1.96
2023,09,12,15,10,310,7.1,9.2,1015.6,14.8,1.96
2023,09,12,16,40,314,5.3,7.9,1015.7,14.8,1.92
2023,09,12,18,10,315,6.0,7.6,1016.1,14.8,1.86
2023,09,12,19,40,328,4.0,5.5,1016.1,15.0,1.73
2023,09,12,21,10,305,5.3,6.6,1015.8,15.2,1.82
2023,09,12,22,40,310,6.6,8.1,1015.3,15.3,1.63
2023,09,13,00,10,313,7.1,8.5,1014.7,15.3,1.54
2023,09,13,01,40,305,6.4,7.7,1014.2,15.2,1.68
2023,09,13,03,10,306,5.9,7.7,1014.1,15.1,1.67
2023,09,13,04,40,320,5.2,6.7,1014.4,14.9,1.81
2023,09,13,06,10,314,5.4,6.9,1014.4,14.9,2.12
2023,09,13,07,40,329,2.5,4.0,1014.3,14.9,1.98
2023,09,13,09,10,307,5.1,6.4,1014.3,14.8,1.98
2023,09,13,10,40,320,6.2,7.6,1014.1,14.9,1.89
2023,09,13,12,10,317,6.3,8.5,1014.3,14.8,1.85
2023,09,13,13,40,323,5.3,6.7,1014.6,14.8,1.88
2023,09,13,15,10,320,3.4,4.5,1015.2,14.8,1.74
2023,09,13,16,40,303,2.6,4.3,1015.4,14.9,1.73
2023,09,13,18,10,230,0.6,1.3,1015.7,14.9,1.79
2023,09,13,19,40,117,0.4,1.2,1015.3,14.9,1.76
2023,09,13,21,10,268,0.5,1.9,1014.9,15.0,1.86
2023,09,13,22,40,290,2.1,3.8,1014.1,15.2,1.88
2023,09,14,00,10,310,2.8,5.1,1013.7,15.1,1.88
2023,09,14,01,40,314,3.5,4.8,1013.3,15.1,1.68
2023,09,14,03,10,324,3.5,4.8,1013.5,15.1,1.71
2023,09,14,04,40,296,2.4,3.9,1014.0,15.1,1.74
2023,09,14,06,10,317,2.0,4.0,1014.1,15.1,1.67
2023,09,14,07,40,254,2.1,3.4,1014.0,15.1,1.57
2023,09,14,09,10,211,1.7,2.8,1014.0,15.1,1.57
2023,09,14,10,40,194,1.9,3.4,1013.9,15.1,1.58
2023,09,14,12,10,175,3.7,5.1,1014.0,15.1,1.62
2023,09,14,13,40,166,4.0,5.5,1014.4,15.0,1.66
2023,09,14,15,10,181,3.9,5.1,1015.0,14.9,1.70
2023,09,14,16,40,165,3.6,4.9,1015.2,14.9,1.62
2023,09,14,18,10,192,3.4,4.4,1015.6,15.0,1.72
2023,09,14,19,40,182,2.9,3.5,1015.3,15.0,1.64
2023,09,14,21,10,174,3.2,4.2,1014.9,15.2,1.42
2023,09,14,22,40,178,2.9,3.9,1014.6,15.4,1.40
2023,09,15,00,10,185,1.9,2.7,1014.1,15.4,1.63
2023,09,15,01,40,203,1.9,2.4,1014.2,15.6,1.46
2023,09,15,03,10,212,1.2,2.0,1014.2,15.6,1.57
2023,09,15,04,40,177,1.7,2.5,1015.0,15.5,1.33
2023,09,15,06,10,196,2.2,2.9,1014.8,15.5,1.39
2023,09,15,07,40,169,2.5,3.4,1014.8,15.4,1.23
2023,09,15,09,10,216,2.3,3.1,1014.9,15.5,1.19
2023,09,15,10,40,267,1.8,2.6,1014.9,15.1,1.24
2023,09,15,12,10,251,1.5,2.2,1015.1,15.2,1.12
2023,09,15,13,40,161,1.4,2.0,1015.7,15.2,1.14
2023,09,15,15,40,161,0.8,1.3,1016.1,15.2,1.25
2023,09,15,17,10,187,1.3,2.0,1016.7,15.4,1.16
2023,09,15,18,40,163,2.7,3.5,1016.9,15.3,1.11
2023,09,15,20,10,171,1.5,2.2,1016.6,15.5,1.05
2023,09,15,21,40,213,1.2,1.8,1016.0,15.6,1.01
2023,09,15,23,10,208,1.6,2.1,1015.3,15.5,1.09
2023,09,16,00,40,209,2.1,2.8,1015.2,15.2,0.98
2023,09,16,02,10,231,1.9,2.8,1015.1,15.3,1.07
2023,09,16,03,40,256,1.9,3.5,1015.5,15.3,1.05
2023,09,16,05,10,292,2.1,3.2,1015.6,15.2,1.04
2023,09,16,06,40,325,1.8,2.8,1015.5,15.2,1.02
2023,09,16,08,10,359,1.7,2.3,1015.3,15.2,0.92
2023,09,16,09,40,51,0.9,1.3,1015.3,15.1,0.85
2023,09,16,11,10,171,0.5,1.0,1015.3,15.2,0.86
2023,09,16,12,40,157,1.1,1.7,1015.4,15.4,0.91
2023,09,16,14,10,144,1.1,1.6,1015.9,15.3,0.85
2023,09,16,15,40,38,0.2,1.0,1016.5,15.1,0.96
2023,09,16,17,10,179,1.5,2.4,1017.1,15.1,1.05
2023,09,16,18,40,175,1.8,2.4,1017.1,15.2,0.88
2023,09,16,20,10,164,1.8,2.4,1016.8,15.3,0.89
2023,09,16,21,40,207,1.7,2.2,1016.4,15.4,0.86
2023,09,16,23,10,204,2.3,2.7,1015.8,15.1,0.82
2023,09,17,00,40,217,1.7,2.3,1015.8,15.3,0.89
2023,09,17,02,10,218,2.3,2.9,1015.9,15.5,0.90
2023,09,17,03,40,306,1.2,1.7,1016.4,15.4,0.82
2023,09,17,05,10,228,0.9,1.3,1016.4,15.4,0.77
2023,09,17,06,40,228,0.3,0.8,1016.4,15.5,0.78
2023,09,17,08,10,251,1.3,1.7,1016.4,15.3,0.80
2023,09,17,09,40,246,1.3,1.8,1016.3,15.2,0.73
2023,09,17,11,10,222,1.6,2.1,1016.1,15.2,0.76
2023,09,17,12,40,203,0.9,1.3,1016.1,15.0,0.87
2023,09,17,14,10,141,1.1,1.6,1016.5,14.8,0.69
2023,09,17,15,40,192,1.9,2.4,1017.0,14.9,0.75
2023,09,17,17,10,195,1.8,2.2,1017.4,15.1,0.80
2023,09,17,18,40,194,1.9,2.3,1017.7,15.5,0.83
2023,09,17,20,10,219,2.2,2.8,1017.4,15.7,0.91
2023,09,17,21,40,225,2.5,3.2,1017.0,16.0,0.88
2023,09,17,23,10,235,2.6,3.4,1016.6,15.8,0.88
2023,09,18,00,40,229,2.9,3.5,1016.2,15.7,1.02
2023,09,18,02,10,227,2.4,2.8,1016.2,15.6,1.03
2023,09,18,03,40,212,1.2,1.6,1016.8,15.5,1.04
2023,09,18,05,10,219,1.9,2.3,1017.0,15.5,1.09
2023,09,18,06,40,202,2.1,2.8,1016.9,15.5,0.95
2023,09,18,08,10,203,1.8,2.3,1016.7,15.1,0.95
2023,09,18,09,40,177,0.8,1.6,1016.5,15.2,0.98
2023,09,18,11,10,156,0.0,0.4,1016.6,15.3,0.95
2023,09,18,12,40,178,1.5,1.8,1016.5,15.3,0.96
2023,09,18,14,10,205,1.9,2.6,1017.0,15.3,0.89
2023,09,18,15,40,218,1.7,2.1,1017.4,15.8,0.89
2023,09,18,17,10,219,2.9,3.4,1017.9,16.0,0.92
2023,09,18,18,40,219,2.7,3.3,1017.9,16.3,0.90
2023,09,18,20,10,238,2.8,3.4,1017.1,15.8,1.01
2023,09,18,21,40,243,2.8,3.4,1016.5,16.5,1.10
2023,09,18,23,10,259,3.9,4.7,1016.3,16.4,1.10
2023,09,19,00,40,278,3.4,4.2,1016.2,17.1,1.06
2023,09,19,02,10,302,5.4,6.5,1016.7,16.6,1.17
2023,09,19,03,40,290,4.5,5.4,1016.5,16.1,1.22
2023,09,19,05,10,308,4.1,5.5,1016.6,15.9,1.28
2023,09,19,06,40,311,4.2,5.8,1016.9,15.9,1.29
2023,09,19,08,10,282,3.7,4.5,1016.6,16.2,1.46
2023,09,19,09,40,265,3.5,4.4,1016.4,16.1,1.53
2023,09,19,11,10,266,2.8,3.5,1015.8,16.0,1.52
2023,09,19,12,40,284,2.2,3.0,1015.7,16.0,1.72
2023,09,19,14,10,269,2.2,3.2,1016.0,16.0,1.69
2023,09,19,15,40,278,3.1,4.5,1016.0,15.7,1.71
2023,09,19,17,10,264,2.7,4.0,1016.6,15.9,1.68
2023,09,19,18,40,252,2.5,3.6,1016.5,16.0,1.97
2023,09,19,20,10,289,2.9,3.8,1015.9,15.9,1.74
2023,09,19,22,10,252,2.5,4.3,1014.7,16.0,2.19
2023,09,19,23,40,283,4.1,6.0,1014.2,15.9,2.34
2023,09,20,01,10,293,2.7,4.5,1013.7,15.9,2.34
2023,09,20,02,40,286,3.4,5.9,1013.4,15.9,2.61
2023,09,20,04,10,284,2.9,4.8,1013.7,15.8,2.82
2023,09,20,05,40,247,2.1,3.8,1013.5,15.8,2.54
2023,09,20,07,10,277,2.0,3.3,1013.2,15.7,2.44
2023,09,20,08,40,250,1.6,2.8,1012.6,15.7,2.95
2023,09,20,10,10,199,2.9,5.1,1011.7,15.7,2.62
2023,09,20,11,40,230,2.6,4.0,1011.4,15.7,2.83
2023,09,20,13,10,155,3.3,5.5,1011.5,15.6,2.62
2023,09,20,14,40,161,3.6,5.5,1011.9,15.5,2.31
2023,09,20,16,10,163,5.0,7.0,1012.4,15.2,2.46
2023,09,20,17,40,218,2.6,3.9,1013.2,15.2,2.46
2023,09,20,19,10,174,3.1,4.7,1013.0,15.3,2.37
2023,09,20,20,40,184,4.0,5.9,1012.4,15.4,2.44
2023,09,20,22,10,221,3.5,4.9,1011.8,15.6,2.69
2023,09,20,23,40,263,3.5,5.2,1011.1,15.8,2.22
2023,09,21,01,40,292,5.7,7.2,1010.8,15.6,2.10
2023,09,21,03,10,285,5.1,6.6,1010.6,15.5,2.58
2023,09,21,04,40,298,5.4,7.2,1010.8,15.4,2.63
2023,09,21,06,10,290,4.4,5.9,1010.9,15.3,2.56
2023,09,21,07,40,254,2.1,4.3,1011.0,15.2,2.63
2023,09,21,09,40,163,3.1,5.1,1011.1,15.3,2.93
2023,09,21,11,10,155,4.4,7.3,1011.1,15.2,2.55
2023,09,21,12,40,167,5.0,6.8,1011.5,15.2,2.56
2023,09,21,14,10,175,3.2,5.1,1012.2,15.3,2.46
2023,09,21,15,40,162,3.2,5.1,1013.0,15.3,2.19
2023,09,21,17,10,154,4.5,6.4,1013.4,15.5,2.42
2023,09,21,18,40,185,4.4,5.5,1013.7,15.7,2.25
2023,09,21,20,10,203,5.0,6.5,1013.8,15.9,2.19
2023,09,21,21,40,215,5.1,6.4,1013.4,16.4,2.34
2023,09,21,23,10,230,4.8,5.9,1013.2,16.3,2.09
2023,09,22,00,40,234,3.1,4.0,1013.2,16.4,1.80
2023,09,22,02,10,237,3.3,4.3,1013.5,16.3,1.79
2023,09,22,03,40,226,2.4,3.2,1014.1,16.2,1.98
2023,09,22,05,10,203,2.5,4.1,1014.9,16.2,1.86
2023,09,22,06,40,207,3.6,4.9,1015.1,16.0,1.76
2023,09,22,08,10,206,3.9,5.0,1015.3,16.0,1.73
2023,09,22,09,40,206,3.9,4.7,1015.4,15.9,1.64
2023,09,22,11,10,184,4.9,6.7,1015.4,16.0,1.68
2023,09,22,12,40,229,3.7,4.8,1015.6,15.9,1.68
2023,09,22,14,10,243,2.1,3.2,1016.1,15.9,1.68
2023,09,22,15,40,345,1.1,2.0,1016.8,15.9,1.52
2023,09,22,17,10,116,1.5,2.5,1017.7,15.9,1.52
2023,09,22,18,40,172,3.6,5.5,1018.1,16.0,1.33
2023,09,22,20,10,194,2.6,3.5,1017.7,16.2,1.07
2023,09,22,21,40,237,2.7,3.5,1016.7,16.4,1.00
2023,09,22,23,10,258,3.6,4.9,1016.3,16.5,1.00
2023,09,23,00,40,275,3.3,4.4,1016.3,16.4,1.17
2023,09,23,02,10,269,2.7,4.0,1016.4,16.3,1.11
2023,09,23,03,40,207,1.6,2.6,1016.6,16.2,1.07
2023,09,23,05,10,179,2.3,3.4,1016.8,16.2,1.05
2023,09,23,06,40,174,2.7,4.9,1017.0,16.2,0.95
2023,09,23,08,10,206,2.8,4.3,1016.9,16.1,1.02
2023,09,23,09,40,163,1.4,2.7,1016.9,16.1,0.87
2023,09,23,11,10,205,2.0,4.4,1016.6,16.1,0.94
2023,09,23,12,40,199,2.9,4.2,1017.0,16.2,0.93
2023,09,23,14,10,174,2.4,5.4,1017.4,16.1,0.90
2023,09,23,15,40,211,3.0,4.0,1018.2,16.1,0.83
2023,09,23,17,40,193,2.4,3.3,1019.3,16.1,0.90
2023,09,23,19,10,192,1.6,3.0,1019.5,16.2,0.84
2023,09,23,20,40,296,0.9,2.2,1018.9,16.3,0.82
2023,09,23,22,10,294,2.8,3.7,1018.1,16.6,0.79
2023,09,23,23,40,288,4.6,5.6,1018.2,16.5,0.80
2023,09,24,01,10,305,4.2,5.1,1017.6,16.4,0.73
2023,09,24,02,40,312,4.3,5.1,1017.1,16.3,0.73
2023,09,24,04,10,309,6.8,8.5,1017.7,16.3,0.78
2023,09,24,05,40,315,6.3,8.2,1017.3,16.2,0.86
2023,09,24,07,10,307,6.4,7.7,1017.4,16.2,0.82
2023,09,24,08,40,302,4.0,5.4,1017.1,16.2,0.87
2023,09,24,10,10,295,3.4,5.0,1016.7,16.1,0.84
2023,09,24,11,40,271,1.0,1.9,1016.7,16.1,0.80
2023,09,24,13,10,330,1.0,1.8,1016.9,16.1,0.78
2023,09,24,14,40,73,0.4,0.8,1017.3,16.1,0.73
2023,09,24,16,10,111,1.5,2.2,1018.0,16.1,0.74
2023,09,24,17,40,122,1.7,2.3,1018.5,16.1,0.70
2023,09,24,19,10,162,3.1,4.3,1018.5,16.3,0.65
2023,09,24,20,40,183,3.9,4.5,1018.6,16.5,0.70
2023,09,24,22,10,181,4.5,5.2,1017.9,16.5,0.71
2023,09,24,23,40,187,3.8,4.7,1017.4,16.7,0.74
2023,09,25,01,10,205,2.6,3.3,1016.8,16.7,0.74
2023,09,25,02,40,212,2.9,3.7,1016.5,16.5,0.74
2023,09,25,04,10,187,3.2,4.1,1016.9,16.4,0.69
2023,09,25,05,40,176,3.9,4.9,1017.3,16.3,0.72
2023,09,25,07,10,169,4.3,5.0,1017.6,16.2,0.66
2023,09,25,08,40,168,4.9,5.9,1017.6,16.2,0.72
2023,09,25,10,10,160,5.7,6.9,1017.2,16.2,0.76
2023,09,25,11,40,158,5.6,6.8,1017.7,16.1,0.84
2023,09,25,13,10,154,6.0,7.6,1017.6,16.2,0.96
2023,09,25,14,40,147,6.8,8.7,1017.8,16.1,1.11
2023,09,25,16,10,156,7.3,9.1,1018.5,16.0,1.21
2023,09,25,17,40,152,7.2,9.4,1019.1,15.9,1.36
2023,09,25,19,10,158,7.2,8.7,1019.1,15.9,1.51
2023,09,25,20,40,165,7.7,9.2,1019.2,16.0,1.62
2023,09,25,22,10,161,6.4,8.2,1018.6,16.0,2.10
2023,09,25,23,40,162,6.0,7.9,1018.3,16.0,2.40
2023,09,26,01,10,169,6.3,7.8,1018.3,16.1,2.65
2023,09,26,02,40,161,6.6,8.1,1018.4,16.1,3.02
2023,09,26,05,10,160,7.1,9.4,1018.8,16.2,2.85
2023,09,26,06,40,168,6.2,7.7,1019.4,16.2,3.13
2023,09,26,08,10,170,6.4,8.2,1019.4,16.2,3.34
2023,09,26,09,40,166,5.2,6.8,1019.6,16.0,2.94
2023,09,26,11,10,197,2.5,3.9,1020.0,16.1,2.96
2023,09,26,12,40,333,1.9,3.2,1020.4,16.0,3.40
2023,09,26,14,10,308,2.5,4.0,1021.2,16.1,2.85
2023,09,26,15,40,325,3.0,4.5,1021.9,16.1,2.79
2023,09,26,17,10,302,3.0,5.3,1022.5,16.3,3.33
2023,09,26,18,40,325,3.5,5.7,1022.7,16.5,3.67
2023,09,26,20,10,286,3.1,5.1,1022.3,16.6,3.34
2023,09,26,21,40,295,6.6,8.8,1021.6,16.6,3.72
2023,09,26,23,10,305,5.2,6.9,1020.9,16.5,3.19
2023,09,27,00,40,328,5.3,7.4,1020.6,16.4,3.16
2023,09,27,02,10,308,5.6,8.9,1020.4,16.3,2.71
2023,09,27,03,40,313,6.7,9.0,1020.7,16.4,2.89
2023,09,27,05,10,307,7.8,9.7,1020.6,16.5,2.65
2023,09,27,06,40,321,6.9,8.8,1020.7,16.5,2.62
2023,09,27,08,10,307,7.2,9.0,1020.5,16.4,2.63
2023,09,27,09,40,308,7.6,9.4,1020.3,16.3,2.67
2023,09,27,11,10,316,8.4,10.8,1019.8,16.3,2.88
2023,09,27,12,40,312,8.7,10.7,1019.5,16.3,2.77
2023,09,27,14,10,311,7.2,9.0,1019.6,16.2,2.50
2023,09,27,15,40,313,7.9,9.4,1019.8,16.2,2.38
2023,09,27,17,10,326,5.6,7.1,1020.1,16.1,2.28
2023,09,27,18,40,315,5.9,8.0,1019.7,16.3,2.35
2023,09,27,20,10,304,8.0,9.9,1019.2,16.3,1.94
2023,09,27,21,40,291,7.4,9.0,1018.4,16.4,2.14
2023,09,27,23,10,298,7.8,10.4,1017.6,16.5,2.10
2023,09,28,00,40,306,9.5,12.0,1017.2,16.5,2.23
2023,09,28,02,40,305,10.8,13.2,1016.5,16.4,2.37
2023,09,28,04,10,306,12.0,14.7,1016.2,16.4,2.44
2023,09,28,05,40,307,10.8,13.8,1016.1,16.2,2.75
2023,09,28,07,10,312,9.4,11.7,1015.9,15.9,2.59
2023,09,28,08,40,320,9.5,11.6,1015.8,15.8,2.70
2023,09,28,10,10,323,9.8,12.3,1015.4,15.8,2.47
2023,09,28,11,40,320,8.0,10.3,1015.2,16.0,2.74
2023,09,28,13,10,330,8.2,10.3,1015.2,16.0,2.62
2023,09,28,14,40,327,6.3,8.0,1015.4,15.9,2.56
2023,09,28,16,10,331,4.9,6.6,1015.8,15.8,2.39
2023,09,28,17,40,324,7.7,9.4,1015.9,15.8,2.13
2023,09,28,19,10,317,8.8,10.7,1015.6,15.9,2.32
2023,09,28,20,40,313,10.7,13.7,1014.8,16.1,2.32
2023,09,28,22,10,316,10.8,13.5,1014.1,16.1,2.38
2023,09,28,23,40,316,10.2,12.8,1013.8,16.1,2.44
2023,09,29,01,10,317,10.7,13.3,1013.2,15.7,2.53
2023,09,29,02,40,318,11.3,14.5,1013.0,15.3,2.99
2023,09,29,04,10,320,11.1,14.5,1012.7,15.2,2.90
2023,09,29,05,40,312,11.4,13.9,1012.8,15.1,2.81
2023,09,29,07,10,320,10.2,12.7,1012.7,15.1,2.50
2023,09,29,08,40,321,10.3,13.3,1012.5,14.9,2.44
2023,09,29,10,10,314,9.8,11.9,1012.1,14.7,2.29
2023,09,29,11,40,302,10.9,13.7,1011.7,14.6,2.22
2023,09,29,13,10,303,8.5,10.5,1012.0,14.5,2.01
2023,09,29,14,40,298,8.2,10.2,1012.3,14.5,1.78
2023,09,29,16,10,284,7.0,8.3,1012.1,14.5,1.72
2023,09,29,17,40,281,6.7,8.3,1012.6,14.7,1.63
2023,09,29,19,10,287,4.5,5.9,1012.5,14.8,1.43
2023,09,29,20,40,259,3.1,4.3,1012.1,15.1,1.45
2023,09,29,22,10,270,4.7,6.0,1011.5,15.2,1.32
2023,09,29,23,40,288,4.6,5.6,1011.3,15.2,1.30
2023,09,30,01,10,263,4.5,5.4,1011.0,15.1,1.16
2023,09,30,02,40,257,5.3,6.4,1010.3,15.1,1.14
2023,09,30,04,10,250,5.4,6.5,1010.2,15.1,1.08
2023,09,30,05,40,246,5.4,6.4,1009.9,15.1,1.04
2023,09,30,07,10,265,5.8,7.7,1009.8,15.1,1.12
2023,09,30,08,40,299,7.5,9.3,1009.6,15.0,1.34
2023,09,30,10,10,301,6.5,7.9,1009.4,14.9,1.51
2023,09,30,11,40,307,9.7,12.3,1009.2,14.9,1.64
2023,09,30,13,10,306,10.1,12.7,1009.4,14.8,1.93
2023,09,30,14,40,313,10.7,13.5,1009.3,14.6,2.17
2023,09,30,16,10,316,9.9,12.2,1009.7,14.4,2.68
2023,09,30,17,40,314,9.0,12.2,1010.3,14.3,2.76
2023,09,30,19,10,314,8.8,11.3,1010.6,14.3,2.77
2023,09,30,20,40,310,9.0,11.3,1010.3,14.3,2.50
2023,09,30,22,10,312,7.5,10.1,1010.2,14.4,2.42
2023,09,30,23,40,318,7.0,8.5,1010.2,14.5,2.25
2023,10,01,01,10,317,7.6,9.4,1010.3,14.5,2.01
2023,10,01,02,40,311,7.1,9.1,1010.0,14.4,2.22
2023,10,01,04,10,306,5.0,6.5,1010.3,14.4,2.00
2023,10,01,05,40,336,2.1,3.3,1010.2,14.4,2.28
2023,10,01,07,10,182,2.6,4.6,1010.4,14.4,2.14
2023,10,01,08,40,147,2.7,5.3,1010.5,14.4,2.37
2023,10,01,10,10,152,4.2,5.9,1010.5,14.6,2.20
2023,10,01,11,40,157,2.9,4.5,1010.9,14.5,2.20
2023,10,01,13,10,168,2.4,4.1,1011.4,14.5,1.96
2023,10,01,14,40,195,2.2,3.7,1012.4,14.4,2.01
2023,10,01,16,10,169,1.5,3.6,1013.2,14.5,1.94
2023,10,01,17,40,173,2.9,4.4,1013.6,14.7,2.01
2023,10,01,19,10,180,3.2,4.6,1013.8,14.8,2.34
2023,10,01,20,40,231,2.2,3.4,1013.7,14.9,2.09
2023,10,01,22,10,242,1.7,3.6,1013.9,14.8,2.34
2023,10,01,23,40,283,2.6,4.4,1014.1,14.7,2.11
2023,10,02,01,10,283,1.9,3.4,1014.4,14.6,1.71
2023,10,02,02,40,249,1.0,2.3,1014.9,14.6,1.74
2023,10,02,04,10,358,1.2,2.7,1015.4,14.7,1.79
2023,10,02,05,40,321,0.5,2.4,1015.8,14.6,1.77
2023,10,02,07,10,291,1.6,3.3,1015.9,14.8,1.91
2023,10,02,08,40,256,0.6,1.8,1016.3,14.7,2.00
2023,10,02,10,10,210,1.0,2.4,1016.0,14.8,1.88
2023,10,02,11,40,243,1.6,3.3,1015.8,14.8,1.93
2023,10,02,13,10,92,0.4,1.1,1016.1,14.8,1.91
2023,10,02,14,40,150,0.7,2.0,1017.2,14.8,2.01
2023,10,02,16,10,110,1.3,2.5,1017.9,14.8,1.54
2023,10,02,17,40,181,1.4,3.0,1018.6,14.8,1.62
2023,10,02,19,10,183,2.0,3.1,1018.9,14.9,1.45
2023,10,02,20,40,224,2.3,3.4,1018.7,14.9,1.43
2023,10,02,22,10,297,3.1,4.7,1018.7,14.7,1.36
2023,10,02,23,40,310,3.6,5.0,1018.4,15.0,1.37
2023,10,03,01,10,276,1.8,3.6,1018.1,14.9,1.51
2023,10,03,02,40,313,4.4,6.1,1018.5,14.9,1.71
2023,10,03,04,10,311,3.8,5.1,1018.4,14.8,1.43
2023,10,03,05,40,305,3.3,4.5,1018.4,14.7,1.42
2023,10,03,08,40,271,0.9,2.9,1017.8,14.9,1.48
2023,10,03,10,10,118,0.8,1.6,1017.5,14.9,1.25
2023,10,03,11,40,228,0.2,0.8,1017.1,14.8,1.38
2023,10,03,13,10,293,1.2,2.5,1017.4,14.8,1.33
2023,10,03,14,40,270,0.6,1.7,1017.7,14.7,1.48
2023,10,03,16,10,335,1.4,2.9,1017.9,14.4,1.53
2023,10,03,17,40,264,0.2,0.8,1018.0,14.5,1.84
2023,10,03,19,10,347,1.4,2.8,1017.5,14.7,1.65
2023,10,03,20,40,326,2.4,3.3,1016.4,14.6,1.66
2023,10,03,22,40,313,3.5,4.8,1015.4,14.7,1.63
2023,10,04,00,10,310,5.7,7.1,1014.6,14.7,1.86
2023,10,04,01,40,316,4.6,5.8,1013.9,14.6,1.60
2023,10,04,03,10,327,3.5,4.5,1014.1,14.7,1.66
2023,10,04,04,40,336,2.4,3.6,1014.3,14.9,1.56
2023,10,04,06,10,329,2.2,3.5,1014.4,14.9,1.65
2023,10,04,07,40,318,1.5,2.8,1014.4,14.9,1.63
2023,10,04,09,10,309,2.1,3.0,1014.5,15.0,1.53
2023,10,04,10,40,341,1.0,2.0,1014.6,15.0,1.71
2023,10,04,12,10,1,0.6,1.4,1014.5,15.0,1.70
2023,10,04,13,40,3,2.0,2.9,1014.7,15.0,1.77
2023,10,04,15,10,28,1.7,2.9,1015.5,14.8,1.85
2023,10,04,16,40,116,2.6,4.2,1016.2,14.8,1.83
2023,10,04,18,10,115,2.1,3.7,1016.0,14.9,1.92
2023,10,04,20,10,46,3.5,4.3,1015.1,14.9,1.91
2023,10,04,21,40,326,2.3,3.5,1014.3,15.1,1.71
2023,10,04,23,10,320,5.3,6.3,1014.1,15.6,1.79
2023,10,05,00,40,328,3.9,5.0,1013.7,16.0,1.48
2023,10,05,02,10,338,5.6,7.3,1014.0,16.1,1.50
2023,10,05,03,40,337,5.0,6.1,1014.6,15.9,1.45
2023,10,05,05,10,342,4.2,5.0,1014.9,16.0,1.53
2023,10,05,06,40,68,2.1,2.8,1015.1,15.9,1.46
2023,10,05,08,10,260,1.2,2.0,1015.1,15.8,1.47
2023,10,05,09,40,31,1.6,2.2,1015.6,16.1,1.42
2023,10,05,11,10,114,2.3,3.2,1015.6,15.8,1.41
2023,10,05,12,40,109,1.9,2.7,1016.0,15.5,1.37
2023,10,05,14,10,131,1.3,2.2,1016.5,15.1,1.37
2023,10,05,16,10,87,3.8,4.9,1017.4,14.7,1.52
2023,10,05,17,40,95,3.5,4.3,1017.5,14.8,1.35
2023,10,05,19,10,104,3.5,4.5,1017.1,15.4,1.38
2023,10,05,20,40,103,2.9,3.8,1016.3,15.8,1.29
2023,10,05,22,10,338,3.7,4.5,1015.7,16.5,1.26
2023,10,05,23,40,316,4.3,5.3,1015.4,16.6,1.24
2023,10,06,01,10,319,5.1,6.0,1015.7,16.6,1.15
2023,10,06,02,40,332,5.3,6.1,1015.8,16.4,1.08
2023,10,06,04,10,314,4.5,5.2,1016.2,16.4,1.13
2023,10,06,05,40,307,4.3,4.9,1016.3,16.1,1.01
2023,10,06,07,10,318,4.1,4.9,1016.0,16.2,1.04
2023,10,06,08,40,345,1.6,2.2,1015.7,16.1,1.14
2023,10,06,10,10,294,1.1,1.7,1015.7,16.0,1.14
2023,10,06,11,40,345,1.8,2.3,1015.6,16.1,1.13
2023,10,06,13,10,63,2.3,3.0,1015.5,16.1,0.98
2023,10,06,14,40,51,2.6,3.2,1015.8,16.2,1.05
2023,10,06,16,10,24,1.9,2.5,1016.0,16.3,1.11
2023,10,06,17,40,318,1.7,2.4,1015.9,16.4,1.04
2023,10,06,19,10,305,3.0,4.0,1015.6,16.1,1.01
2023,10,06,20,40,304,3.6,4.4,1014.6,16.7,0.96
2023,10,06,22,10,310,5.8,6.5,1013.7,16.8,0.83
2023,10,06,23,40,309,5.7,6.9,1013.4,16.4,0.98
2023,10,07,01,10,314,5.8,6.6,1012.9,15.9,0.82
2023,10,07,02,40,320,4.7,5.4,1013.0,15.6,0.89
2023,10,07,04,10,322,5.4,6.4,1013.4,15.4,0.96
2023,10,07,05,40,319,5.6,6.7,1013.3,16.0,0.93
2023,10,07,07,10,311,6.5,7.6,1013.0,15.9,0.96
2023,10,07,08,40,332,5.3,6.5,1013.1,15.9,0.98
2023,10,07,10,10,325,5.3,6.4,1012.8,15.9,1.01
2023,10,07,11,40,326,4.0,5.0,1012.7,16.0,1.02
2023,10,07,13,10,322,4.9,5.8,1012.8,16.1,0.99
2023,10,07,14,40,320,5.8,7.1,1013.2,16.4,1.00
2023,10,07,16,10,315,6.1,7.3,1013.9,16.4,1.05
2023,10,07,17,40,312,6.9,8.4,1014.1,16.3,1.08
2023,10,07,19,10,313,7.3,8.5,1014.0,16.2,1.09
2023,10,07,20,40,317,7.4,8.7,1013.0,16.0,1.16
2023,10,07,22,10,314,8.2,9.7,1012.4,15.8,1.31
2023,10,07,23,40,310,8.5,10.2,1011.6,15.6,1.25
2023,10,08,01,10,312,9.0,11.1,1011.3,15.6,1.29
2023,10,08,02,40,315,8.4,10.2,1011.6,15.7,1.25
2023,10,08,04,10,310,8.2,9.8,1011.8,16.3,1.25
2023,10,08,05,40,313,7.4,9.1,1012.5,16.1,1.29
2023,10,08,07,10,316,7.4,8.7,1012.8,16.0,1.34
2023,10,08,08,40,335,5.3,6.6,1013.0,16.0,1.35
2023,10,08,10,10,321,2.5,4.0,1013.0,16.0,1.24
2023,10,08,11,40,3,2.1,3.6,1012.7,16.0,1.06
2023,10,08,13,10,308,2.3,3.9,1013.1,16.0,1.13
2023,10,08,14,40,296,3.8,5.9,1013.9,16.0,1.05
2023,10,08,16,10,321,3.4,5.2,1014.1,16.0,1.00
2023,10,08,17,40,327,1.6,2.8,1014.4,16.0,0.99
2023,10,08,19,10,311,3.4,5.0,1014.4,16.1,0.94
2023,10,08,20,40,294,3.8,5.2,1013.9,16.2,1.01
2023,10,08,22,10,315,3.4,4.8,1012.9,16.2,0.97
2023,10,08,23,40,304,4.3,6.0,1012.3,16.2,1.01
2023,10,09,01,10,291,4.2,5.5,1012.0,16.2,0.92
2023,10,09,02,40,297,3.8,5.0,1012.3,16.1,0.94
2023,10,09,04,10,288,3.1,4.9,1012.7,16.1,0.83
2023,10,09,05,40,231,1.1,2.8,1013.1,16.1,0.84
2023,10,09,07,10,283,3.2,4.7,1013.7,16.0,0.81
2023,10,09,08,40,252,3.0,5.0,1013.7,16.0,0.81
2023,10,09,10,10,220,2.9,4.1,1013.3,16.0,0.79
2023,10,09,11,40,169,2.7,3.7,1012.8,16.0,0.73
2023,10,09,13,10,156,3.8,4.9,1012.2,15.9,0.76
2023,10,09,14,40,171,4.4,5.1,1012.6,15.8,0.64
2023,10,09,16,10,157,5.4,6.5,1012.6,15.6,0.71
2023,10,09,17,40,164,5.7,6.9,1013.5,15.5,0.78
2023,10,09,19,10,153,7.3,8.8,1012.7,15.5,0.77
2023,10,09,20,40,156,6.1,7.6,1012.1,15.6,0.83
2023,10,09,22,10,161,6.5,8.0,1011.6,15.6,0.90
2023,10,09,23,40,151,5.8,7.0,1010.7,15.5,0.84
2023,10,10,01,10,164,6.2,7.3,1010.6,15.5,0.93
2023,10,10,02,40,170,5.8,7.4,1010.6,15.5,1.02
2023,10,10,04,10,181,4.6,5.9,1011.3,15.5,1.12
2023,10,10,06,10,193,3.0,3.8,1011.0,15.5,1.20
2023,10,10,07,40,282,1.9,2.8,1010.8,15.4,1.23
2023,10,10,09,10,279,2.7,3.8,1011.0,15.4,1.17
2023,10,10,10,40,300,5.3,6.7,1010.9,15.4,1.21
2023,10,10,12,10,315,6.3,7.7,1011.0,15.4,1.22
2023,10,10,13,40,307,5.4,6.7,1011.4,15.4,1.20
2023,10,10,15,10,295,3.8,4.8,1011.8,15.4,1.19
2023,10,10,16,40,261,3.3,4.2,1012.5,15.4,1.30
2023,10,10,18,10,226,3.1,3.8,1012.4,15.6,1.34
2023,10,10,19,40,204,3.5,4.2,1012.6,15.7,1.44
2023,10,10,21,10,187,4.2,5.2,1011.4,15.9,1.86
2023,10,10,22,40,183,5.4,6.5,1010.7,15.7,1.92
2023,10,11,00,10,196,6.0,7.2,1009.9,15.7,2.00
2023,10,11,01,40,243,5.1,6.3,1009.6,15.7,2.09
2023,10,11,03,10,284,6.5,8.0,1010.2,15.7,1.97
2023,10,11,04,40,285,6.1,7.2,1010.9,15.6,1.75
2023,10,11,06,10,277,5.4,6.5,1011.0,15.7,1.78
2023,10,11,07,40,298,7.0,8.7,1011.5,15.7,1.79
2023,10,11,09,40,311,8.4,10.6,1012.0,15.6,1.85
2023,10,11,11,10,314,7.7,9.6,1012.4,15.5,2.12
2023,10,11,12,40,309,7.5,9.5,1013.0,15.5,2.34
2023,10,11,14,10,315,7.7,9.9,1013.6,15.4,2.31
2023,10,11,15,40,312,8.7,11.2,1014.1,15.4,2.55
2023,10,11,17,10,318,9.1,11.6,1014.3,15.3,2.40
2023,10,11,18,40,317,9.2,11.6,1014.4,15.3,2.84
2023,10,11,20,10,314,10.1,12.7,1013.8,15.3,3.10
2023,10,11,22,10,321,10.3,13.3,1013.0,15.3,3.26
2023,10,11,23,40,313,10.1,12.9,1012.8,15.3,3.15
2023,10,12,01,10,312,11.3,14.1,1012.2,15.3,3.43
2023,10,12,02,40,319,11.7,14.7,1012.0,15.4,3.57
2023,10,12,04,10,325,10.8,13.8,1012.0,15.3,3.49
2023,10,12,05,40,318,9.2,11.8,1012.0,15.2,3.36
2023,10,12,07,10,323,7.1,9.2,1011.8,15.4,3.14
2023,10,12,08,40,325,6.4,8.2,1011.9,15.5,2.83
2023,10,12,10,10,320,7.2,8.6,1011.6,15.5,2.73
2023,10,12,11,40,328,6.8,8.5,1011.4,15.4,2.72
2023,10,12,13,10,318,6.7,8.0,1011.9,15.3,3.03
2023,10,12,14,40,324,5.9,7.5,1012.3,15.3,2.70
2023,10,12,16,10,351,4.4,5.6,1012.7,15.3,2.61
2023,10,12,17,40,324,1.3,2.4,1012.8,15.4,2.47
2023,10,12,19,10,300,3.7,5.3,1012.5,15.5,2.57
2023,10,12,20,40,298,4.5,6.6,1011.9,15.7,2.49
2023,10,12,22,10,305,4.6,6.6,1011.4,15.8,2.63
2023,10,12,23,40,302,5.6,7.1,1011.2,15.8,2.21
2023,10,13,01,10,310,5.3,6.6,1010.8,15.7,1.96
2023,10,13,02,40,303,5.7,7.1,1011.1,15.5,1.69
2023,10,13,04,10,323,5.8,7.1,1010.9,15.3,1.86
2023,10,13,05,40,318,5.6,7.0,1011.2,15.3,1.76
2023,10,13,07,10,325,6.6,7.9,1011.6,15.1,1.81
2023,10,13,08,40,332,4.4,5.6,1011.4,15.0,1.54
2023,10,13,10,10,1,1.2,2.0,1011.7,14.9,1.61
2023,10,13,11,40,293,0.7,2.3,1011.6,14.8,1.60
2023,10,13,13,10,334,2.7,3.5,1011.7,14.7,1.54
2023,10,13,14,40,313,3.0,4.2,1012.2,14.7,1.49
2023,10,13,16,10,345,2.5,3.3,1012.8,14.9,1.41
2023,10,13,17,40,281,3.7,5.4,1013.4,15.0,1.37
2023,10,13,19,10,294,1.7,2.5,1013.2,15.2,1.27
2023,10,13,20,40,269,1.1,2.3,1013.2,15.5,1.13
2023,10,13,22,10,230,1.7,2.5,1013.5,15.7,1.17
2023,10,13,23,40,232,2.7,3.4,1013.9,15.6,1.03
2023,10,14,01,10,157,1.9,2.8,1013.4,15.5,1.02
2023,10,14,02,40,180,2.5,3.3,1014.2,15.4,1.01
2023,10,14,04,10,172,3.4,4.3,1014.6,15.1,1.08
2023,10,14,05,40,173,4.5,5.4,1015.0,15.2,1.09
2023,10,14,07,10,150,4.2,5.8,1015.4,14.9,1.13
2023,10,14,08,40,146,4.8,6.1,1015.9,15.0,1.16
2023,10,14,10,10,157,5.0,6.4,1016.2,15.2,1.36
2023,10,14,11,40,152,5.4,6.8,1016.2,15.2,1.52
2023,10,14,13,10,152,4.8,6.2,1016.8,15.1,1.41
2023,10,14,14,40,159,5.3,7.1,1017.9,15.2,1.62
2023,10,14,16,10,156,5.2,6.5,1019.1,15.2,1.47
2023,10,14,17,40,147,5.7,7.2,1019.1,15.3,1.55
2023,10,14,19,10,158,2.7,3.6,1019.9,15.4,1.67
2023,10,14,20,40,212,3.1,4.8,1019.8,15.7,2.05
2023,10,14,22,10,181,1.7,2.8,1019.5,15.7,1.92
2023,10,14,23,40,157,1.1,2.3,1019.5,15.7,2.19
2023,10,15,01,10,217,0.2,1.1,1019.4,15.8,2.08
2023,10,15,02,40,235,1.0,2.4,1019.7,15.7,1.85
2023,10,15,04,10,256,1.5,2.9,1020.5,15.4,1.86
2023,10,15,05,40,22,1.0,2.2,1020.7,15.4,1.95
2023,10,15,07,10,75,0.8,2.4,1020.6,15.6,1.94
2023,10,15,09,10,20,1.5,3.0,1020.6,15.6,1.89
2023,10,15,10,40,34,1.0,2.6,1019.9,15.6,2.00
2023,10,15,12,10,38,1.6,2.4,1019.8,15.6,1.84
2023,10,15,13,40,22,2.3,3.5,1020.1,15.6,1.71
2023,10,15,15,10,33,1.5,2.3,1020.1,15.6,1.74
2023,10,15,16,40,106,2.2,3.4,1020.8,15.6,1.78
2023,10,15,18,10,27,1.5,2.2,1020.7,15.7,1.57
2023,10,15,19,40,326,2.2,3.2,1020.4,15.8,1.57
2023,10,15,21,10,268,1.3,2.5,1019.5,15.8,1.70
2023,10,15,22,40,299,2.7,3.9,1019.2,16.1,1.77
2023,10,16,00,10,285,2.8,4.2,1019.0,16.0,1.78
2023,10,16,01,40,303,1.8,2.7,1019.0,16.2,1.72
2023,10,16,03,40,297,2.9,4.2,1019.6,15.9,1.85
2023,10,16,05,10,274,1.9,2.9,1020.0,15.8,2.01
2023,10,16,06,40,292,2.4,3.8,1020.1,15.7,2.26
2023,10,16,08,10,279,2.9,4.3,1020.0,15.6,1.95
2023,10,16,09,40,302,2.7,4.2,1020.1,15.6,2.03
2023,10,16,11,10,345,0.4,1.4,1019.7,15.6,1.59
2023,10,16,12,40,301,0.5,1.4,1020.2,15.6,1.55
2023,10,16,14,10,319,1.4,2.1,1020.4,15.5,1.59
2023,10,16,16,10,95,0.9,2.1,1020.9,15.5,1.55
2023,10,16,18,10,119,0.5,1.4,1020.7,15.7,1.54
2023,10,16,19,40,258,1.6,2.5,1020.7,15.8,1.69
2023,10,16,21,10,315,3.3,4.3,1020.3,15.9,1.58
2023,10,16,22,40,314,3.6,4.7,1019.8,16.4,1.51
2023,10,17,00,10,289,3.6,4.5,1019.4,16.2,1.54
2023,10,17,01,40,302,3.2,4.2,1019.3,16.2,1.75
2023,10,17,03,10,305,4.3,5.4,1019.3,16.0,2.06
2023,10,17,04,40,317,4.9,6.2,1019.3,15.9,1.98
2023,10,17,06,10,320,4.6,6.1,1018.8,15.8,2.26
2023,10,17,07,40,317,5.5,7.5,1018.6,15.7,1.99
2023,10,17,09,10,324,6.5,7.9,1018.7,15.6,1.94
2023,10,17,10,40,326,6.3,8.1,1018.5,15.6,1.72
2023,10,17,12,10,328,5.3,6.8,1018.7,15.5,1.83
2023,10,17,13,40,322,5.8,7.2,1018.3,15.5,1.95
2023,10,17,15,10,330,5.6,7.3,1018.7,15.5,1.68
2023,10,17,16,40,348,3.8,4.8,1018.8,15.5,1.95
2023,10,17,18,10,317,5.8,7.2,1018.8,15.6,1.86
2023,10,17,19,40,315,7.0,8.4,1018.1,15.7,2.11
2023,10,17,21,10,303,7.7,9.5,1016.9,15.6,2.25
2023,10,17,22,40,310,8.6,11.1,1016.1,15.6,2.27
2023,10,18,00,10,316,9.2,11.7,1015.3,15.5,2.27
2023,10,18,01,40,309,9.4,11.3,1015.1,15.4,2.19
2023,10,18,03,10,314,7.0,8.7,1015.1,15.4,2.34
2023,10,18,04,40,320,6.2,7.6,1015.4,15.5,2.36
2023,10,18,06,10,330,6.5,7.9,1015.3,15.5,2.16
2023,10,18,07,40,342,4.6,6.0,1015.1,15.6,2.18
2023,10,18,09,10,358,3.3,4.2,1014.7,15.5,2.18
2023,10,18,10,40,15,2.0,2.7,1014.3,15.5,1.95
2023,10,18,12,10,317,2.8,3.8,1014.6,15.4,1.82
2023,10,18,13,40,342,2.3,3.2,1014.6,15.3,1.91
2023,10,18,15,10,350,2.5,3.2,1014.9,15.3,1.92
2023,10,18,16,40,350,2.4,3.3,1015.3,15.4,2.01
2023,10,18,18,10,310,2.9,4.2,1015.7,15.6,2.32
2023,10,18,19,40,312,2.6,3.3,1015.2,15.9,2.28
2023,10,18,21,10,301,4.6,6.1,1014.2,16.0,3.22
2023,10,18,22,40,311,6.0,7.6,1013.9,15.7,2.77
2023,10,19,00,10,315,6.5,8.2,1013.7,15.8,3.00
2023,10,19,01,40,315,5.6,7.1,1013.5,15.7,3.25
2023,10,19,03,10,309,6.5,8.2,1013.7,15.5,3.49
2023,10,19,04,40,320,6.2,7.9,1014.1,15.4,3.29
2023,10,19,06,10,320,5.7,6.9,1014.5,15.4,2.91
2023,10,19,07,40,314,5.2,6.8,1014.3,15.1,2.94
2023,10,19,09,10,314,4.8,6.4,1014.6,15.0,3.14
2023,10,19,10,40,315,5.2,6.7,1014.3,15.1,3.06
2023,10,19,12,10,332,3.7,5.3,1014.0,15.2,3.62
2023,10,19,13,40,343,2.9,4.0,1014.2,15.3,3.01
2023,10,19,15,10,345,2.9,4.0,1014.5,15.3,3.13
2023,10,19,16,40,327,2.6,4.0,1015.0,15.3,3.21
2023,10,19,18,10,229,1.8,3.3,1015.6,15.4,3.40
2023,10,19,19,40,148,4.4,7.0,1015.1,15.7,3.54
2023,10,19,21,10,298,2.6,5.3,1014.2,16.0,3.83
2023,10,19,22,40,333,2.7,4.1,1013.6,16.0,3.46
2023,10,20,00,10,292,0.6,1.9,1013.7,16.3,3.15
2023,10,20,01,40,174,0.9,2.4,1013.1,16.1,3.59
2023,10,20,03,10,173,4.0,5.6,1014.1,16.2,3.32
2023,10,20,04,40,173,5.4,6.8,1014.7,16.0,3.41
2023,10,20,06,10,150,4.2,6.8,1015.0,15.8,3.22
2023,10,20,07,40,185,4.9,6.6,1015.5,15.7,3.26
2023,10,20,09,10,163,4.5,6.1,1015.4,15.8,3.28
2023,10,20,10,40,172,4.4,6.8,1014.9,15.6,3.03
2023,10,20,12,10,160,3.4,4.9,1014.9,15.5,2.85
2023,10,20,14,40,174,3.6,4.7,1015.4,15.5,2.98
2023,10,20,16,10,149,4.3,5.9,1016.1,15.6,2.27
2023,10,20,17,40,155,4.0,6.1,1016.8,15.6,2.54
2023,10,20,19,10,166,2.7,4.3,1016.6,15.6,2.63
2023,10,20,21,10,163,2.2,3.1,1015.4,15.6,2.33
2023,10,20,22,40,210,3.6,5.0,1014.9,15.6,2.27
2023,10,21,00,10,207,3.4,5.1,1014.3,15.5,2.06
2023,10,21,01,40,205,1.6,2.9,1014.1,15.5,2.19
2023,10,21,03,10,159,2.1,3.4,1014.2,15.5,2.09
2023,10,21,04,40,161,3.0,3.9,1014.6,15.4,1.99
2023,10,21,06,10,173,1.8,2.8,1015.2,15.4,2.30
2023,10,21,07,40,140,4.1,5.6,1014.8,15.4,1.88
2023,10,21,09,10,163,4.4,5.4,1014.4,15.4,2.08
2023,10,21,10,40,165,3.8,4.9,1013.8,16.3,1.83
2023,10,21,12,10,165,3.9,4.9,1013.3,16.2,1.59
2023,10,21,13,40,202,4.2,5.1,1013.8,16.2,1.70
2023,10,21,15,10,189,3.3,4.3,1014.1,16.3,1.91
2023,10,21,16,40,190,3.8,5.0,1014.9,16.2,1.86
2023,10,21,18,10,213,3.6,4.8,1014.7,16.2,1.95
2023,10,21,19,40,201,2.7,3.5,1014.5,15.9,1.65
2023,10,21,21,10,306,0.5,1.1,1013.4,15.9,1.55
2023,10,21,22,40,249,1.2,1.8,1013.0,16.0,1.54
2023,10,22,00,10,227,2.2,3.1,1012.6,15.9,1.67
2023,10,22,01,40,219,2.0,2.7,1012.3,15.7,1.55
2023,10,22,03,10,200,2.5,3.1,1012.1,15.9,1.43
2023,10,22,04,40,197,3.6,4.4,1012.5,15.9,1.53
2023,10,22,06,10,182,3.7,4.8,1012.5,15.7,1.49
2023,10,22,07,40,186,5.1,7.1,1012.4,15.6,1.19
2023,10,22,09,10,156,6.5,8.0,1011.8,16.1,1.40
2023,10,22,10,40,158,8.1,10.4,1011.2,16.0,1.38
2023,10,22,12,10,154,8.4,10.3,1010.7,16.4,1.50
2023,10,22,13,40,160,9.0,10.7,1010.5,16.4,1.60
2023,10,22,15,10,161,9.0,11.2,1010.2,16.4,1.65
2023,10,22,16,40,165,8.7,10.7,1010.2,16.3,1.55
2023,10,22,18,10,222,5.6,6.9,1010.5,16.4,1.58
2023,10,22,19,40,238,6.9,8.5,1010.1,16.6,1.47
2023,10,22,21,10,247,6.8,8.9,1009.4,16.7,1.43
2023,10,22,22,40,237,6.7,8.0,1009.1,16.7,1.60
2023,10,23,00,10,246,6.1,7.9,1008.9,16.7,1.73
2023,10,23,01,40,271,4.7,6.3,1009.2,16.7,1.75
2023,10,23,03,10,291,5.2,6.5,1009.3,16.5,1.68
2023,10,23,04,40,298,7.7,9.6,1009.6,16.2,1.61
2023,10,23,06,10,308,7.7,9.1,1009.9,16.0,1.63
2023,10,23,07,40,327,7.4,8.9,1010.0,15.9,1.71
2023,10,23,09,10,329,6.3,7.7,1010.6,15.9,1.73
2023,10,23,10,40,326,5.8,7.2,1010.9,15.9,1.80
2023,10,23,12,10,310,7.1,8.6,1011.0,16.0,1.98
2023,10,23,13,40,325,7.5,9.5,1011.4,16.0,2.10
2023,10,23,15,10,322,7.3,9.5,1012.0,16.1,2.34
2023,10,23,16,40,308,3.5,5.6,1012.7,16.1,2.21
2023,10,23,18,10,303,8.2,10.2,1012.8,16.1,2.20
2023,10,23,19,40,313,7.6,9.7,1012.8,16.0,2.32
2023,10,23,21,10,302,7.5,9.5,1011.7,15.8,2.32
2023,10,23,22,40,304,8.9,10.6,1010.9,15.5,2.33
2023,10,24,00,10,314,8.7,12.1,1010.9,15.4,2.34
2023,10,24,01,40,314,9.8,12.3,1010.6,15.3,2.93
2023,10,24,03,10,319,8.7,10.7,1010.9,15.2,2.86
2023,10,24,04,40,318,9.6,11.8,1011.3,15.2,2.87
2023,10,24,06,10,315,8.4,11.4,1011.9,15.2,2.78
2023,10,24,07,40,329,8.1,10.3,1011.6,15.2,2.64
2023,10,24,09,10,336,5.9,7.6,1011.7,15.2,2.40
2023,10,24,10,40,345,5.1,6.1,1011.8,15.2,2.43
2023,10,24,12,10,342,3.1,4.3,1011.6,15.2,2.26
2023,10,24,13,40,21,2.9,4.3,1012.0,15.3,2.07
2023,10,24,15,10,349,2.1,4.0,1012.6,15.3,2.03
2023,10,24,16,40,79,0.5,1.9,1013.2,15.2,2.16
2023,10,24,18,10,244,1.7,3.1,1013.2,15.1,1.99
2023,10,24,19,40,308,0.4,1.6,1012.9,15.2,2.12
2023,10,24,21,40,287,2.6,4.2,1012.1,15.4,1.72
2023,10,24,23,10,294,6.0,7.6,1012.1,15.6,1.59
2023,10,25,00,40,317,10.2,12.8,1012.1,15.3,1.87
2023,10,25,02,10,303,12.4,15.1,1012.3,15.1,1.93
2023,10,25,03,40,310,10.7,13.7,1012.8,14.9,2.09
2023,10,25,05,10,309,10.9,13.1,1013.4,14.8,2.39
2023,10,25,06,40,317,11.5,14.6,1014.0,14.9,2.41
2023,10,25,08,10,312,10.9,13.5,1014.0,15.0,2.43
2023,10,25,09,40,313,10.4,12.8,1014.1,14.9,2.13
2023,10,25,11,10,313,9.8,12.4,1014.0,14.9,2.06
2023,10,25,12,40,310,9.5,11.3,1014.5,14.8,2.00
2023,10,25,14,10,308,8.8,10.7,1015.3,14.7,1.82
2023,10,25,15,40,303,7.2,8.6,1016.7,14.7,1.48
2023,10,25,17,10,291,6.1,7.4,1017.1,14.7,1.29
2023,10,25,18,40,286,5.6,7.0,1018.2,14.8,1.29
2023,10,25,20,10,282,4.1,5.4,1018.1,15.0,1.16
2023,10,25,21,40,272,3.2,4.0,1017.9,14.9,1.03
2023,10,25,23,40,276,3.5,4.1,1018.1,14.9,1.03
2023,10,26,01,10,283,3.6,4.6,1017.7,14.9,1.05
2023,10,26,02,40,307,2.9,3.6,1018.4,14.8,0.96
2023,10,26,04,10,284,3.4,4.3,1018.5,14.8,0.90
2023,10,26,05,40,315,5.9,7.2,1019.5,14.8,0.91
2023,10,26,07,10,314,7.8,9.5,1019.7,14.8,1.06
2023,10,26,08,40,309,7.1,8.7,1020.0,14.7,1.11
2023,10,26,10,10,318,8.5,10.3,1020.0,14.7,1.35
2023,10,26,11,40,325,8.0,10.1,1020.1,14.6,1.61
2023,10,26,13,10,333,5.3,6.9,1020.3,14.6,1.74
2023,10,26,14,40,348,3.2,4.2,1020.4,14.6,1.53
2023,10,26,16,10,332,1.9,2.9,1021.3,14.6,1.43
2023,10,26,17,40,341,4.5,6.0,1021.7,14.7,1.56
2023,10,26,19,40,302,3.5,4.4,1021.7,14.8,1.53
2023,10,26,21,10,299,6.2,7.5,1020.9,14.9,1.43
2023,10,26,22,40,320,7.1,8.5,1020.5,14.8,1.33
2023,10,27,00,10,317,7.3,8.7,1020.3,14.8,1.38
2023,10,27,01,40,321,8.4,10.0,1019.7,14.7,1.38
2023,10,27,03,10,315,8.4,10.5,1020.2,14.7,1.41
2023,10,27,04,40,309,8.7,10.8,1020.1,14.6,1.35
2023,10,27,06,10,314,9.3,10.7,1020.1,14.5,1.49
2023,10,27,07,40,312,9.2,10.9,1020.0,14.4,1.68
2023,10,27,09,10,321,9.4,11.3,1020.0,14.4,1.62
2023,10,27,10,40,316,7.3,9.1,1019.9,14.3,1.51
2023,10,27,12,10,314,7.3,8.7,1020.1,14.2,1.33
2023,10,27,13,40,321,7.9,9.6,1020.2,14.1,1.33
2023,10,27,15,10,320,7.4,9.0,1020.6,14.1,1.44
2023,10,27,16,40,315,7.7,9.2,1021.2,14.1,1.51
2023,10,27,18,10,310,6.5,7.8,1021.5,14.1,1.39
2023,10,27,19,40,313,7.1,8.6,1021.1,14.2,1.36
2023,10,27,21,10,312,7.5,9.1,1020.7,14.3,1.38
2023,10,27,22,40,312,9.1,11.0,1020.4,14.3,1.52
2023,10,28,00,10,303,8.1,10.1,1020.3,14.3,1.51
2023,10,28,01,40,319,6.9,8.5,1020.0,14.2,1.41
2023,10,28,03,10,318,8.2,10.3,1020.2,14.2,1.38
2023,10,28,04,40,307,9.0,11.0,1020.3,14.1,1.24
2023,10,28,06,10,302,8.8,10.8,1020.8,14.0,1.48
2023,10,28,08,10,308,7.6,9.0,1020.8,13.8,1.37
2023,10,28,09,40,311,7.8,9.7,1021.0,13.6,1.34
2023,10,28,11,10,322,6.8,8.4,1020.7,13.5,1.32
2023,10,28,12,40,327,6.1,7.3,1020.8,13.4,1.26
2023,10,28,14,10,349,3.4,4.1,1021.1,13.5,1.14
2023,10,28,15,40,42,2.4,3.2,1021.7,13.6,1.11
2023,10,28,17,10,118,2.3,3.0,1022.3,13.8,1.19
2023,10,28,18,40,136,0.0,0.6,1022.4,14.0,1.05
2023,10,28,20,10,285,2.7,3.4,1021.9,14.3,1.07
2023,10,28,21,40,305,5.2,6.5,1020.6,14.4,1.01
2023,10,28,23,10,315,6.5,8.2,1020.1,14.3,1.03
2023,10,29,00,40,322,7.9,9.5,1019.8,14.2,1.07
2023,10,29,02,10,327,7.5,8.7,1020.2,14.0,1.11
2023,10,29,03,40,319,7.1,8.2,1020.4,13.8,1.13
2023,10,29,05,10,322,7.4,8.7,1020.8,13.5,1.07
2023,10,29,06,40,320,5.7,7.2,1020.9,13.5,1.17
2023,10,29,08,10,302,5.0,6.2,1020.9,13.5,1.15
2023,10,29,09,40,315,4.0,5.0,1021.3,13.3,1.09
2023,10,29,11,10,338,3.1,4.8,1020.9,13.3,1.10
2023,10,29,12,40,330,3.3,4.0,1020.9,13.3,1.10
2023,10,29,14,10,329,3.5,4.2,1021.3,13.4,1.13
2023,10,29,15,40,343,2.8,4.3,1022.2,13.6,1.11
2023,10,29,17,10,339,3.5,4.4,1023.1,13.6,1.11
2023,10,29,18,40,141,1.0,2.0,1023.4,13.8,1.09
2023,10,29,20,10,288,0.6,1.2,1022.8,14.0,0.96
2023,10,29,21,40,281,3.9,5.2,1021.9,14.5,1.05
2023,10,29,23,10,301,3.9,4.6,1021.2,14.3,1.14
2023,10,30,00,40,312,4.7,5.9,1021.3,14.1,0.98
2023,10,30,02,10,319,4.6,5.6,1021.7,13.9,0.91
2023,10,30,03,40,313,4.2,5.1,1022.0,13.8,0.86
2023,10,30,05,10,307,4.7,5.6,1022.3,13.7,0.99
2023,10,30,06,40,318,4.6,5.8,1022.2,13.6,0.89
2023,10,30,08,10,335,3.3,3.9,1022.0,13.5,0.93
2023,10,30,09,40,351,2.7,3.5,1021.8,13.6,0.93
2023,10,30,11,10,347,1.4,1.9,1021.5,13.6,0.85
2023,10,30,12,40,5,1.5,2.2,1021.8,13.6,0.76
2023,10,30,14,10,87,4.0,5.2,1022.0,13.7,0.84
2023,10,30,15,40,100,2.0,2.8,1022.8,13.7,0.78
2023,10,30,17,10,84,4.5,5.6,1023.2,13.7,0.75
2023,10,30,18,40,60,2.9,3.8,1023.3,13.7,0.83
2023,10,30,20,10,58,2.5,3.2,1022.4,14.0,0.80
2023,10,30,21,40,8,1.3,1.7,1021.3,14.1,0.77
2023,10,30,23,10,309,4.6,5.7,1021.0,14.2,0.81
2023,10,31,00,40,331,5.1,6.4,1020.6,13.9,0.74
2023,10,31,02,10,341,4.7,5.5,1020.7,13.7,0.74
2023,10,31,03,40,322,3.8,4.6,1021.1,14.2,0.76
2023,10,31,05,10,304,2.8,3.4,1021.3,14.1,0.81
2023,10,31,06,40,306,3.6,4.6,1021.4,13.9,0.79
2023,10,31,08,10,316,4.2,4.9,1021.1,13.8,0.71
2023,10,31,09,40,324,3.2,3.9,1020.9,13.7,0.73
2023,10,31,11,10,344,2.3,3.2,1020.6,13.7,0.66
2023,10,31,12,40,302,1.1,1.9,1020.6,13.6,0.84
2023,10,31,14,10,322,2.2,3.0,1021.1,13.6,0.80
2023,10,31,15,40,356,1.1,1.6,1021.8,13.3,0.76
2023,10,31,17,10,53,3.6,5.5,1022.2,13.5,0.80
2023,10,31,18,40,57,5.7,6.7,1021.7,13.3,0.94
2023,10,31,20,10,32,3.4,4.6,1020.9,13.5,0.91
2023,10,31,21,40,275,2.0,2.6,1019.9,14.0,0.89
2023,10,31,23,10,331,2.7,3.5,1019.5,14.0,0.90
2023,11,01,00,40,324,3.5,4.4,1019.1,14.0,0.86
2023,11,01,02,10,325,4.4,5.3,1019.2,13.8,0.87
2023,11,01,03,40,330,4.5,5.4,1019.6,13.8,0.91
2023,11,01,05,10,345,4.9,5.9,1020.0,13.6,0.89
2023,11,01,06,40,337,3.3,4.0,1019.7,13.5,0.85
2023,11,01,08,10,303,2.4,3.5,1019.6,13.5,0.85
2023,11,01,09,40,317,3.1,4.0,1019.8,13.5,0.87
2023,11,01,11,10,327,1.5,1.9,1019.6,13.4,0.76
2023,11,01,12,40,37,0.3,0.7,1019.4,13.5,0.90
2023,11,01,14,10,101,4.7,6.0,1019.2,13.9,0.81
2023,11,01,15,40,83,5.0,6.0,1019.8,13.7,0.91
2023,11,01,17,10,69,2.6,4.0,1020.7,13.7,0.97
2023,11,01,18,40,346,1.0,1.5,1020.2,13.8,0.91
2023,11,01,20,10,295,2.5,3.6,1019.4,14.0,0.92
2023,11,01,21,40,308,3.7,4.5,1018.7,14.4,0.82
2023,11,01,23,10,305,4.8,5.9,1018.4,14.5,0.80
2023,11,02,00,40,312,4.8,5.5,1018.1,14.3,0.84
2023,11,02,02,10,319,3.9,4.5,1018.1,14.2,0.78
2023,11,02,03,40,316,4.7,5.6,1018.4,14.2,0.82
2023,11,02,05,10,306,3.9,5.0,1018.6,13.9,0.87
2023,11,02,06,40,317,2.5,3.0,1019.0,14.0,0.81
2023,11,02,08,10,309,3.0,3.7,1019.3,14.0,0.76
2023,11,02,10,10,321,2.9,3.5,1019.0,13.9,0.83
2023,11,02,11,40,346,0.8,1.2,1019.0,13.8,0.84
2023,11,02,13,10,308,2.3,3.4,1019.3,13.9,0.83
2023,11,02,14,40,292,1.9,2.9,1019.8,13.9,0.76
2023,11,02,16,10,304,3.4,4.4,1020.9,13.9,0.81
2023,11,02,17,40,345,3.7,4.6,1021.2,14.0,0.72
2023,11,02,19,10,310,3.8,4.8,1021.4,14.2,0.70
2023,11,02,20,40,322,5.2,6.9,1020.8,14.2,0.76
2023,11,02,22,10,314,6.4,8.3,1020.4,14.2,0.89
2023,11,02,23,40,320,6.6,7.9,1020.5,14.3,0.99
2023,11,03,01,40,323,4.3,5.0,1020.2,14.3,0.98
2023,11,03,03,10,318,4.6,5.4,1020.6,14.2,0.94
2023,11,03,04,40,317,6.3,8.4,1021.0,14.2,1.14
2023,11,03,06,10,337,6.0,7.2,1021.5,14.1,1.34
2023,11,03,07,40,300,6.1,7.0,1021.1,14.0,1.42
2023,11,03,09,10,308,4.3,5.4,1020.1,14.0,1.40
2023,11,03,10,40,324,3.0,4.0,1020.1,14.0,1.46
2023,11,03,12,10,318,3.7,4.6,1020.1,14.0,1.57
2023,11,03,13,40,15,1.4,2.2,1020.0,14.0,1.39
2023,11,03,15,10,77,1.1,1.9,1019.9,14.0,1.55
2023,11,03,16,40,106,1.9,2.8,1020.4,14.1,1.41
2023,11,03,18,10,306,3.0,4.0,1020.8,14.2,1.58
2023,11,03,19,40,325,3.3,4.2,1020.0,14.5,1.69
2023,11,03,21,10,309,3.6,4.3,1019.0,14.8,1.40
2023,11,03,22,40,310,6.5,8.1,1018.7,14.7,1.44
2023,11,04,00,10,309,5.3,6.6,1018.5,14.6,1.50
2023,11,04,01,40,324,6.8,8.4,1019.1,14.5,1.55
2023,11,04,03,10,321,4.5,5.9,1019.4,14.3,1.48
2023,11,04,04,40,314,4.2,5.3,1019.5,14.2,1.61
2023,11,04,06,10,317,3.1,3.9,1019.9,14.3,1.20
2023,11,04,07,40,318,4.3,5.3,1019.4,14.7,1.44
2023,11,04,09,10,330,2.8,4.2,1019.0,14.6,1.44
2023,11,04,10,40,285,2.4,3.2,1018.9,14.5,1.22
2023,11,04,12,10,310,2.9,3.9,1019.0,14.5,1.33
2023,11,04,13,40,323,3.8,4.6,1019.8,14.4,1.40
2023,11,04,15,10,312,3.8,4.7,1020.1,14.3,1.25
2023,11,04,17,10,298,2.9,3.7,1020.8,14.3,1.04
2023,11,04,18,40,257,1.4,2.0,1020.3,14.4,1.19
2023,11,04,20,10,251,2.5,3.3,1019.3,14.7,1.16
2023,11,04,21,40,270,4.4,5.7,1018.9,14.8,1.04
2023,11,04,23,10,286,4.2,5.8,1018.7,15.1,1.02
2023,11,05,00,40,292,5.0,6.6,1019.0,14.8,1.06
2023,11,05,02,10,325,1.0,1.4,1018.9,14.7,1.02
2023,11,05,03,40,166,1.6,2.2,1018.6,14.5,1.12
2023,11,05,05,10,176,2.0,2.5,1018.7,14.5,1.39
2023,11,05,06,40,154,3.7,4.6,1018.4,14.7,1.35
2023,11,05,08,10,146,3.2,4.2,1018.3,14.7,1.52
2023,11,05,09,40,145,2.5,3.7,1017.9,14.8,1.98
2023,11,05,11,10,155,3.2,4.8,1017.6,14.7,2.16
2023,11,05,12,40,148,4.1,6.0,1017.4,14.6,2.35
2023,11,05,14,10,158,4.2,5.7,1017.5,14.6,2.44
2023,11,05,15,40,161,4.8,6.3,1017.9,14.6,2.25
2023,11,05,17,10,158,4.8,6.3,1017.9,14.4,2.38
2023,11,05,18,40,161,4.6,5.9,1017.9,14.4,2.33
2023,11,05,20,10,165,4.6,6.0,1016.7,14.4,2.42
2023,11,05,21,40,175,5.4,6.8,1015.5,14.4,2.47
2023,11,05,23,10,164,5.1,6.9,1014.8,14.5,2.70
2023,11,06,00,40,171,5.5,6.6,1014.1,14.5,2.40
2023,11,06,02,10,173,5.5,6.9,1013.6,14.5,2.41
2023,11,06,03,40,229,3.3,4.3,1013.9,14.5,2.59
2023,11,06,05,10,264,3.0,4.3,1013.9,14.4,2.69
2023,11,06,06,40,209,3.3,4.4,1013.5,14.4,2.67
2023,11,06,08,10,205,2.6,3.4,1013.5,14.4,2.42
2023,11,06,09,40,194,3.2,4.3,1013.5,14.4,2.14
2023,11,06,11,10,175,4.1,5.0,1013.2,14.4,2.08
2023,11,06,12,40,178,4.7,6.1,1013.1,14.3,1.94
2023,11,06,14,10,190,4.9,6.1,1013.5,14.2,1.95
2023,11,06,15,40,241,3.2,4.4,1014.6,14.2,2.10
2023,11,06,17,10,199,2.4,3.0,1015.9,14.2,1.91
2023,11,06,18,40,193,2.9,3.6,1016.5,14.2,1.76
2023,11,06,20,10,191,2.9,3.7,1016.2,14.4,1.95
2023,11,06,21,40,187,2.1,2.9,1015.5,14.6,1.92
2023,11,06,23,10,188,2.7,3.3,1015.4,14.9,1.87
2023,11,07,00,40,258,3.0,3.9,1015.5,14.7,1.93
2023,11,07,02,10,262,2.3,3.0,1015.9,14.7,1.72
2023,11,07,03,40,249,2.7,4.1,1016.4,14.7,1.89
2023,11,07,05,10,270,3.8,4.9,1017.0,14.6,2.18
2023,11,07,06,40,293,3.7,5.1,1017.3,14.6,2.57
2023,11,07,08,10,310,3.9,5.4,1017.8,14.6,3.13
2023,11,07,09,40,310,3.7,5.6,1017.9,14.6,2.94
2023,11,07,11,10,306,3.1,4.7,1018.2,14.5,3.28
2023,11,07,12,40,319,4.2,5.6,1018.7,14.5,3.22
2023,11,07,14,10,307,5.2,7.1,1019.2,14.4,3.28
2023,11,07,15,40,314,4.9,6.5,1020.6,14.4,2.78
2023,11,07,17,10,321,5.5,6.8,1021.5,14.4,2.49
2023,11,07,18,40,327,5.7,7.4,1022.1,14.5,2.70
2023,11,07,20,10,307,6.0,7.6,1022.0,14.6,2.64
2023,11,07,21,40,313,8.6,10.7,1021.5,14.6,2.76
2023,11,07,23,10,310,9.1,11.3,1021.4,14.6,2.66
2023,11,08,00,40,323,9.6,11.7,1021.5,14.5,2.85
2023,11,08,02,10,323,8.8,11.0,1021.9,14.4,2.62
2023,11,08,03,40,332,7.9,9.3,1022.3,14.3,2.66
2023,11,08,05,10,330,6.9,9.2,1023.0,14.3,2.47
2023,11,08,06,40,328,7.5,9.4,1023.5,14.5,2.26
2023,11,08,08,10,331,6.4,7.6,1023.8,14.6,2.51
2023,11,08,09,40,329,5.8,7.1,1023.8,14.4,2.56
2023,11,08,11,10,329,6.0,7.5,1023.7,14.4,2.67
2023,11,08,12,40,325,6.0,7.6,1024.0,14.4,2.61
2023,11,08,14,10,334,4.9,6.5,1024.4,14.4,2.57
2023,11,08,15,40,330,5.0,6.3,1025.1,14.4,2.73
2023,11,08,17,10,330,2.8,4.2,1025.8,14.5,2.67
2023,11,08,18,40,308,2.3,3.9,1026.0,14.6,2.59
2023,11,08,20,10,307,3.2,4.5,1025.3,14.8,2.52
2023,11,08,21,40,321,4.1,5.4,1024.4,14.9,2.53
2023,11,08,23,10,322,4.2,5.6,1024.2,14.8,2.48
2023,11,09,00,40,316,6.5,8.4,1023.7,14.7,2.43
2023,11,09,02,10,323,6.2,7.4,1024.0,14.7,2.38
2023,11,09,03,40,318,7.1,8.7,1024.0,14.6,2.19
2023,11,09,05,10,319,6.0,7.3,1023.9,14.5,2.15
2023,11,09,06,40,320,4.6,5.9,1024.2,14.4,2.03
2023,11,09,08,10,315,3.7,5.1,1023.7,14.4,1.98
2023,11,09,09,40,308,4.0,5.0,1023.5,14.2,1.77
2023,11,09,11,40,31,1.8,2.8,1023.2,14.0,1.82
2023,11,09,13,10,28,1.7,2.6,1023.7,13.9,1.70
2023,11,09,14,40,75,2.5,3.5,1023.7,13.9,1.70
2023,11,09,16,10,20,0.7,1.5,1024.8,14.0,1.68
2023,11,09,17,40,293,1.6,3.0,1025.1,14.1,1.59
2023,11,09,19,10,308,0.3,1.8,1024.7,14.3,1.62
2023,11,09,20,40,310,5.8,7.0,1023.9,14.5,1.55
2023,11,09,22,10,329,4.4,5.5,1023.0,14.5,1.55
2023,11,09,23,40,335,4.9,6.2,1022.5,14.5,1.50
2023,11,10,01,10,316,6.0,7.2,1022.5,14.4,1.40
2023,11,10,02,40,321,5.3,6.5,1022.5,14.4,1.14
2023,11,10,04,10,308,6.4,7.8,1022.2,14.4,1.27
2023,11,10,05,40,329,5.6,7.6,1022.4,14.3,1.16
2023,11,10,07,10,315,5.1,6.4,1022.2,14.2,1.06
2023,11,10,08,40,328,5.9,7.1,1021.8,14.1,1.08
2023,11,10,10,10,346,3.1,3.8,1021.5,14.0,1.05
2023,11,10,11,40,334,3.2,4.0,1021.2,14.0,1.02
2023,11,10,13,10,53,3.0,3.8,1020.8,13.9,0.96
2023,11,10,14,40,51,1.3,2.0,1021.5,13.9,1.00
2023,11,10,16,10,115,1.8,2.7,1021.4,13.9,1.13
2023,11,10,17,40,69,2.9,3.8,1022.0,14.1,1.19
2023,11,10,19,10,66,1.3,2.5,1021.9,14.2,1.37
2023,11,10,20,40,283,0.9,1.8,1020.9,14.3,1.44
2023,11,10,22,10,338,2.5,3.3,1020.3,14.7,1.73
2023,11,10,23,40,308,0.8,1.9,1019.7,14.6,1.89
2023,11,11,01,10,326,4.9,6.4,1019.8,14.6,2.06
2023,11,11,02,40,322,5.2,6.5,1020.5,14.5,2.24
2023,11,11,04,10,330,5.8,7.2,1020.6,14.4,2.43
2023,11,11,05,40,333,5.0,6.3,1021.0,14.4,2.66
2023,11,11,07,10,321,6.5,8.3,1020.9,14.3,2.63
2023,11,11,08,40,332,5.4,7.0,1021.0,14.2,2.56
2023,11,11,10,10,343,5.5,7.4,1021.7,14.1,2.86
2023,11,11,11,40,324,5.7,7.1,1021.7,13.9,2.83
2023,11,11,13,10,332,4.6,6.0,1021.7,13.9,2.69
2023,11,11,14,40,348,2.1,3.1,1022.3,13.9,2.47
2023,11,11,16,10,322,5.0,6.1,1023.4,13.9,2.30
2023,11,11,17,40,347,3.4,4.4,1023.7,14.1,2.07
2023,11,11,19,10,330,3.5,4.7,1023.3,14.2,1.96
2023,11,11,20,40,306,5.1,6.3,1022.3,14.3,1.90
2023,11,11,22,10,317,5.9,7.4,1021.3,14.4,1.88
2023,11,11,23,40,320,6.0,7.2,1020.9,14.3,2.23
2023,11,12,01,10,330,5.7,7.2,1020.4,14.2,1.84
2023,11,12,02,40,328,4.5,6.1,1020.0,14.2,2.22
2023,11,12,04,10,316,4.5,6.0,1019.8,14.1,2.08
2023,11,12,05,40,330,2.2,3.3,1019.6,14.1,1.98
2023,11,12,07,10,328,2.0,3.1,1019.5,14.0,1.84
2023,11,12,08,40,347,1.2,2.0,1018.8,14.0,1.78
2023,11,12,10,10,6,1.2,1.9,1018.3,13.9,1.93
2023,11,12,11,40,19,0.7,1.5,1017.5,13.9,1.83
2023,11,12,13,10,75,3.5,4.9,1017.1,14.0,1.96
2023,11,12,14,40,88,5.9,7.7,1016.4,14.0,2.00
2023,11,12,16,10,92,5.3,7.6,1017.0,14.0,2.09
2023,11,12,18,10,97,4.8,6.3,1017.4,14.1,2.24
2023,11,12,20,10,159,2.7,4.5,1016.3,14.4,2.13
2023,11,12,21,40,159,2.8,4.0,1015.2,14.5,2.48
2023,11,12,23,10,188,2.2,3.0,1014.9,14.4,2.34
2023,11,13,00,40,173,4.3,5.5,1014.5,14.4,2.60
2023,11,13,02,10,199,2.1,3.2,1015.1,14.3,2.50
2023,11,13,03,40,220,2.3,3.4,1015.7,14.3,2.33
2023,11,13,05,10,268,3.4,4.8,1016.4,14.2,2.24
2023,11,13,06,40,244,1.7,2.8,1016.6,14.2,2.49
2023,11,13,08,10,172,0.8,1.7,1016.7,14.2,2.49
2023,11,13,09,40,162,1.1,2.0,1016.4,14.2,2.28
2023,11,13,11,10,85,0.8,1.8,1016.2,14.2,2.12
2023,11,13,12,40,112,2.2,3.8,1015.9,14.3,2.12
2023,11,13,14,10,103,1.9,3.4,1016.0,14.2,2.44
2023,11,13,15,40,95,2.9,4.6,1016.2,14.2,2.20
2023,11,13,17,10,127,2.7,4.6,1016.3,14.1,2.27
2023,11,13,18,40,152,2.8,3.9,1015.8,14.1,2.02
2023,11,13,20,10,170,3.8,4.7,1014.7,14.3,1.85
2023,11,13,21,40,173,4.3,5.3,1013.7,14.3,1.91
2023,11,13,23,10,150,5.3,6.6,1013.2,14.3,1.92
2023,11,14,00,40,174,5.2,6.7,1013.3,14.3,2.18
2023,11,14,02,10,162,6.0,8.0,1013.5,14.2,2.29
2023,11,14,03,40,148,5.7,7.5,1014.2,14.2,2.04
2023,11,14,05,10,138,6.8,8.9,1014.3,14.1,2.05
2023,11,14,06,40,131,6.6,8.8,1014.2,14.0,2.11
2023,11,14,08,10,132,7.4,9.7,1014.1,14.0,1.89
2023,11,14,09,40,130,6.0,8.0,1014.1,14.0,1.93
2023,11,14,11,10,111,5.3,7.5,1013.9,14.0,1.85
2023,11,14,12,40,130,8.3,11.0,1013.6,14.0,1.91
2023,11,14,14,10,112,7.1,8.6,1013.6,13.8,1.92
2023,11,14,15,40,136,8.7,10.5,1014.5,13.6,1.92
2023,11,14,17,10,151,8.1,13.2,1015.5,13.7,2.01
2023,11,14,19,40,141,9.1,11.6,1015.0,13.6,2.35
2023,11,14,21,10,155,8.5,10.7,1014.2,13.6,2.25
2023,11,14,22,40,147,8.5,11.1,1014.0,13.6,2.46
2023,11,15,00,10,144,6.2,7.7,1013.6,13.6,2.54
2023,11,15,01,40,129,4.4,5.7,1013.3,13.6,2.47
2023,11,15,03,10,141,5.7,7.1,1013.1,13.6,2.56
2023,11,15,04,40,128,4.8,6.5,1013.2,13.6,2.42
2023,11,15,06,10,109,2.7,4.0,1013.3,13.4,2.22
2023,11,15,07,40,86,4.7,5.8,1012.7,13.4,2.06
2023,11,15,09,10,90,4.5,6.1,1012.1,13.4,2.14
2023,11,15,10,40,80,4.8,6.5,1011.3,13.5,1.91
2023,11,15,12,10,82,5.3,7.1,1010.1,13.6,2.10
2023,11,15,13,40,100,4.9,6.6,1010.0,13.5,2.10
2023,11,15,15,10,85,5.2,6.9,1010.3,13.5,2.33
2023,11,15,16,40,107,5.5,7.2,1010.4,13.4,2.26
2023,11,15,18,10,95,5.6,7.3,1009.8,13.3,2.30
2023,11,15,19,40,85,6.3,8.1,1008.5,13.2,2.01
2023,11,15,21,10,94,6.1,8.0,1007.3,13.2,2.16
2023,11,15,23,10,121,3.7,5.4,1007.4,13.2,1.85
2023,11,16,00,40,172,12.8,17.3,1008.6,13.1,2.23
2023,11,16,02,10,145,11.7,15.1,1008.9,13.0,2.46
2023,11,16,03,40,139,7.1,9.2,1010.1,13.0,2.54
2023,11,16,05,10,137,6.2,7.8,1011.0,13.4,2.92
2023,11,16,06,40,144,7.9,10.3,1011.9,13.4,2.68
2023,11,16,08,10,143,6.9,8.5,1012.7,13.4,2.57
2023,11,16,09,40,144,7.3,9.4,1013.1,14.0,2.35
2023,11,16,11,10,142,6.8,8.5,1013.6,14.6,2.33
2023,11,16,12,40,101,5.4,7.0,1013.8,14.5,2.13
2023,11,16,14,10,131,5.8,7.4,1014.2,14.4,1.95
2023,11,16,15,40,100,5.7,7.5,1014.8,14.4,1.84
2023,11,16,17,10,85,7.7,9.1,1015.1,14.2,1.60
2023,11,16,18,40,88,5.8,7.2,1015.7,14.5,1.54
2023,11,16,20,10,83,5.1,6.6,1015.1,14.6,1.73
2023,11,16,21,40,91,5.8,7.1,1014.2,14.6,1.66
2023,11,16,23,10,79,4.7,6.4,1014.4,14.6,1.62
2023,11,17,01,10,107,3.3,4.5,1015.0,14.6,1.58
2023,11,17,02,40,109,3.9,4.8,1015.5,14.6,1.65
2023,11,17,04,10,98,3.2,4.4,1015.6,14.6,1.68
2023,11,17,05,40,113,3.6,4.6,1015.6,14.5,1.58
2023,11,17,07,10,127,4.9,6.3,1015.7,14.7,1.54
2023,11,17,08,40,111,3.5,4.7,1014.6,14.7,1.61
2023,11,17,10,10,100,4.9,6.1,1014.2,14.7,1.50
2023,11,17,11,40,109,4.4,5.8,1014.3,14.8,1.54
2023,11,17,13,10,98,4.9,6.2,1014.0,14.8,1.56
2023,11,17,15,10,94,5.6,7.1,1014.1,14.9,1.52
2023,11,17,16,40,88,6.5,8.0,1014.2,14.9,1.43
2023,11,17,18,10,85,5.9,7.5,1013.8,14.9,1.35
2023,11,17,19,40,86,4.5,5.9,1012.3,15.0,1.37
2023,11,17,21,10,117,4.6,6.3,1011.3,15.0,1.42
2023,11,17,22,40,158,7.5,10.2,1010.7,15.0,1.46
2023,11,18,00,10,109,6.1,7.7,1010.0,14.9,1.40
2023,11,18,01,40,103,7.0,9.1,1010.0,14.9,1.42
2023,11,18,03,10,133,10.2,12.7,1009.9,14.8,2.03
2023,11,18,04,40,145,12.2,15.2,1009.9,14.8,2.56
2023,11,18,06,10,145,11.1,14.0,1010.2,14.8,2.91
2023,11,18,07,40,154,10.9,13.4,1010.2,14.7,2.68
2023,11,18,09,10,143,11.0,13.2,1009.4,14.6,2.94
2023,11,18,10,40,149,10.1,12.8,1009.2,14.5,3.05
2023,11,18,12,10,168,8.7,10.8,1009.2,14.5,2.71
2023,11,18,13,40,168,7.1,9.1,1009.9,14.4,2.72
2023,11,18,15,10,162,6.0,7.5,1010.7,14.4,2.57
2023,11,18,16,40,185,6.5,8.2,1012.0,14.4,2.62
2023,11,18,18,10,197,5.0,6.6,1013.5,14.3,2.32
2023,11,18,19,40,205,6.0,7.1,1014.0,14.4,1.99
2023,11,18,21,10,228,6.0,8.0,1014.3,14.4,1.88
2023,11,18,22,40,215,4.4,6.0,1015.2,14.5,2.10
2023,11,19,00,10,250,5.4,6.8,1016.0,14.5,1.92
2023,11,19,01,40,259,5.3,6.3,1017.1,14.4,1.81
2023,11,19,03,10,267,5.5,6.6,1018.4,14.4,1.86
2023,11,19,04,40,309,10.9,14.9,1020.6,14.3,1.93
2023,11,19,06,10,308,11.7,15.2,1022.0,14.1,1.95
2023,11,19,07,40,313,10.7,14.1,1023.9,14.1,2.25
2023,11,19,09,10,321,9.3,11.1,1024.6,14.0,2.52
2023,11,19,10,40,342,6.5,9.2,1025.8,14.0,2.25
2023,11,19,12,10,332,7.7,9.5,1026.7,13.8,2.65
2023,11,19,13,40,322,7.8,9.8,1027.2,13.7,2.63
2023,11,19,15,10,318,9.0,11.0,1028.2,13.6,2.65
2023,11,19,16,40,320,9.4,12.1,1029.1,13.6,2.57
2023,11,19,18,10,321,11.7,14.4,1029.6,13.6,2.72
2023,11,19,19,40,327,9.8,11.8,1029.2,13.6,2.59
2023,11,19,21,10,330,9.1,12.0,1028.3,13.8,2.71
2023,11,19,22,40,319,9.8,12.2,1027.7,13.8,2.67
2023,11,20,00,40,325,9.6,11.9,1027.2,13.8,2.62
2023,11,20,02,10,331,8.4,10.7,1027.1,13.7,2.61
2023,11,20,03,40,337,8.4,11.1,1027.0,13.7,2.75
2023,11,20,05,10,336,7.8,9.7,1027.5,13.7,2.76
2023,11,20,06,40,343,7.1,9.1,1027.1,13.6,2.43
2023,11,20,08,10,332,6.4,8.6,1026.2,13.6,2.66
2023,11,20,09,40,330,6.6,8.6,1025.3,13.5,2.50
2023,11,20,11,10,329,7.9,10.0,1024.1,13.6,2.36
2023,11,20,12,40,346,5.8,7.5,1023.8,13.5,2.44
2023,11,20,14,10,340,4.3,5.9,1023.8,13.5,2.21
2023,11,20,15,40,149,3.2,4.9,1024.6,13.6,2.34
2023,11,20,17,10,135,3.2,4.8,1025.3,13.6,1.96
2023,11,20,19,10,70,0.8,2.1,1025.3,13.7,2.14
2023,11,20,20,40,129,0.9,1.8,1024.4,13.9,2.20
2023,11,20,22,10,252,0.3,1.1,1023.8,14.0,2.21
2023,11,20,23,40,322,2.4,3.5,1023.8,14.0,2.07
2023,11,21,01,10,314,1.9,3.0,1023.5,13.9,1.81
2023,11,21,03,40,318,3.5,4.3,1024.5,13.7,1.65
2023,11,21,05,40,334,3.9,4.8,1024.5,13.6,1.49
2023,11,21,07,10,342,3.4,4.4,1024.7,13.6,1.41
2023,11,21,08,40,61,3.3,6.1,1025.3,13.6,1.34
2023,11,21,10,10,70,7.1,8.6,1024.6,13.6,1.28
2023,11,21,11,40,73,7.0,8.7,1025.4,13.7,1.21
2023,11,21,13,10,84,5.7,7.5,1026.3,13.7,1.20
2023,11,21,14,40,80,6.4,7.7,1026.9,13.6,1.11
2023,11,21,16,10,81,8.7,11.1,1027.7,13.7,1.16
2023,11,21,17,40,80,6.9,8.4,1028.7,13.7,1.08
2023,11,21,19,10,84,7.2,9.2,1028.5,13.7,0.98
2023,11,21,20,40,86,5.4,6.6,1027.4,13.7,0.96
2023,11,21,22,10,76,5.6,6.8,1026.6,13.7,0.87
2023,11,21,23,40,87,4.6,6.3,1026.8,13.8,0.85
2023,11,22,01,10,89,4.0,5.3,1026.8,13.8,0.78
2023,11,22,02,40,90,4.0,5.4,1026.9,14.1,0.91
2023,11,22,04,10,93,4.1,5.4,1027.0,14.1,0.97
2023,11,22,05,40,81,4.4,5.2,1027.0,14.0,0.96
2023,11,22,07,10,86,3.8,4.8,1026.6,14.0,1.02
2023,11,22,08,40,86,5.2,6.6,1025.7,13.9,1.11
2023,11,22,10,40,89,5.2,6.4,1025.3,13.8,1.13
2023,11,22,12,10,90,5.2,6.6,1024.7,13.8,1.30
2023,11,22,13,40,89,5.3,7.2,1024.2,14.0,1.39
2023,11,22,15,10,96,5.3,6.6,1024.1,14.0,1.20
2023,11,22,16,40,88,6.3,7.9,1024.2,14.0,1.36
2023,11,22,18,10,77,5.4,6.9,1024.2,14.0,1.31
2023,11,22,19,40,27,1.3,2.0,1023.3,14.1,1.15
2023,11,22,21,10,253,0.5,1.3,1021.7,14.2,1.46
2023,11,22,23,10,356,4.9,6.0,1019.5,14.2,1.50
2023,11,23,00,40,314,5.1,6.8,1019.3,14.1,1.43
2023,11,23,02,10,305,5.1,7.2,1018.9,14.1,1.68
2023,11,23,03,40,321,6.2,8.1,1018.3,14.1,1.41
2023,11,23,05,10,320,6.4,7.7,1018.1,14.0,1.49
2023,11,23,06,40,313,3.6,5.0,1017.6,14.0,1.71
2023,11,23,08,10,321,9.1,11.7,1016.7,14.0,1.85
2023,11,23,09,40,321,4.3,8.0,1016.5,14.0,1.78
2023,11,23,11,10,331,5.6,7.0,1015.4,14.0,2.01
2023,11,23,12,40,327,7.0,8.6,1014.9,13.9,2.02
2023,11,23,14,10,316,9.0,10.7,1014.3,13.9,1.87
2023,11,23,15,40,329,8.0,10.1,1014.4,13.9,2.20
2023,11,23,17,10,326,5.3,7.2,1014.6,13.9,2.47
2023,11,23,18,40,346,3.9,5.6,1014.3,14.0,2.56
2023,11,23,20,10,305,4.4,7.0,1013.4,14.0,2.95
2023,11,23,21,40,306,5.8,7.4,1012.4,14.1,2.64
2023,11,23,23,10,320,5.9,7.6,1011.9,14.1,2.68
2023,11,24,00,40,320,6.8,8.7,1012.1,14.1,2.74
2023,11,24,02,10,321,7.5,9.7,1012.1,14.0,2.97
2023,11,24,03,40,329,5.6,7.5,1012.2,14.0,3.22
2023,11,24,05,10,330,5.3,7.0,1012.7,14.0,2.88
2023,11,24,06,40,327,5.2,6.8,1013.0,14.0,2.96
2023,11,24,08,10,317,6.1,7.5,1013.3,13.9,3.00
2023,11,24,09,40,326,4.1,6.0,1013.6,14.0,2.86
2023,11,24,11,10,329,4.6,6.3,1014.2,13.9,3.05
2023,11,24,12,40,6,4.1,5.2,1014.3,13.9,2.70
2023,11,24,14,10,65,3.4,4.7,1014.8,13.9,2.44
2023,11,24,15,40,77,4.6,6.7,1015.8,13.8,2.67
2023,11,24,17,10,77,5.6,7.1,1016.5,13.8,2.41
2023,11,24,18,40,71,5.6,7.5,1017.1,13.8,2.30
2023,11,24,20,10,95,2.4,3.9,1016.6,13.9,2.14
2023,11,24,21,40,114,1.9,4.1,1015.8,14.0,2.21
2023,11,24,23,10,260,2.1,3.2,1015.7,14.1,2.38
2023,11,25,00,40,272,3.5,4.6,1015.7,14.0,2.14
2023,11,25,02,10,321,2.9,4.6,1016.5,13.9,2.34
2023,11,25,03,40,2,3.6,4.8,1016.8,13.9,2.39
2023,11,25,05,10,347,3.4,4.8,1017.4,13.9,2.47
2023,11,25,06,40,344,3.9,5.0,1017.7,13.8,2.56
2023,11,25,08,10,356,3.1,4.0,1018.0,13.8,2.35
2023,11,25,09,40,46,2.9,4.3,1018.3,13.8,2.39
2023,11,25,11,10,71,5.2,7.2,1018.6,13.8,2.32
2023,11,25,12,40,76,5.4,6.9,1019.1,13.8,2.34
2023,11,25,14,10,84,6.2,8.3,1019.4,13.8,2.58
2023,11,25,15,40,82,6.8,9.3,1020.1,13.7,2.68
2023,11,25,17,10,71,6.4,8.1,1021.0,13.7,2.27
2023,11,25,18,40,75,6.2,8.7,1021.4,13.7,2.53
2023,11,25,20,10,67,6.3,8.4,1020.4,13.8,2.44
2023,11,25,21,40,66,4.0,5.8,1019.5,13.8,2.67
2023,11,25,23,10,323,2.7,4.0,1019.5,13.8,2.77
2023,11,26,00,40,338,2.9,4.3,1019.5,13.8,2.75
2023,11,26,02,10,348,2.5,3.7,1019.8,13.7,2.30
2023,11,26,03,40,66,5.2,7.3,1020.1,13.7,2.81
2023,11,26,05,10,69,6.2,7.9,1020.1,13.7,2.63
2023,11,26,06,40,67,8.0,9.8,1020.3,13.7,2.64
2023,11,26,08,10,77,6.9,9.8,1020.4,13.7,2.90
2023,11,26,09,40,71,6.8,8.9,1020.0,13.7,2.59
2023,11,26,11,10,72,8.2,10.7,1020.0,13.7,2.70
2023,11,26,12,40,81,9.7,14.1,1019.5,13.7,2.92
2023,11,26,14,10,85,8.8,11.0,1020.4,13.6,2.47
2023,11,26,15,40,75,9.8,12.8,1020.6,13.7,2.76
2023,11,26,17,10,76,8.5,11.0,1021.1,13.7,2.31
2023,11,26,18,40,77,8.9,10.9,1021.2,13.7,2.05
2023,11,26,20,10,85,6.8,8.7,1020.2,13.7,2.18
2023,11,26,21,40,83,5.0,7.6,1019.6,13.7,2.18
2023,11,26,23,10,79,4.2,5.8,1019.3,13.7,1.98
2023,11,27,00,40,80,4.5,6.3,1019.3,13.7,2.05
2023,11,27,02,10,83,3.8,5.3,1019.5,13.7,2.02
2023,11,27,03,40,86,3.9,5.6,1019.5,13.8,2.23
2023,11,27,05,10,88,4.3,6.0,1019.6,13.8,2.20
2023,11,27,06,40,78,5.7,7.3,1019.7,13.9,2.22
2023,11,27,08,10,86,6.8,8.5,1019.3,13.9,2.25
2023,11,27,09,40,86,6.9,9.2,1019.1,13.9,1.97
2023,11,27,11,10,84,7.2,9.6,1018.9,13.9,1.79
2023,11,27,12,40,79,7.0,8.9,1018.8,13.9,1.94
2023,11,27,14,10,80,7.6,9.7,1019.0,13.9,1.88
2023,11,27,15,40,83,8.3,10.0,1019.6,13.9,1.98
2023,11,27,17,10,83,8.9,10.5,1020.5,13.9,1.67
2023,11,27,18,40,77,7.5,9.5,1020.8,13.9,2.07
2023,11,27,20,10,81,7.1,9.0,1019.9,13.9,1.69
2023,11,27,21,40,80,6.0,7.5,1019.5,13.9,1.67
2023,11,27,23,10,87,4.7,6.5,1019.6,13.9,1.65
2023,11,28,00,40,85,4.7,5.9,1019.8,13.9,1.73
2023,11,28,02,10,68,5.1,6.5,1020.1,13.9,1.71
2023,11,28,03,40,83,6.6,8.1,1020.2,13.9,1.72
2023,11,28,05,10,81,5.6,6.8,1020.6,13.9,1.53
2023,11,28,06,40,77,6.7,8.4,1020.8,13.6,1.44
2023,11,28,08,10,91,6.7,10.1,1020.7,13.6,1.54
2023,11,28,09,40,92,7.3,9.7,1020.7,13.6,1.58
2023,11,28,11,10,84,7.8,9.4,1020.9,13.5,1.42
2023,11,28,13,10,81,7.7,9.4,1020.5,13.5,1.27
2023,11,28,14,40,84,8.3,10.3,1020.7,13.5,1.30
2023,11,28,16,10,86,8.0,10.0,1020.9,13.5,1.22
2023,11,28,17,40,90,7.8,9.5,1021.1,13.5,1.34
2023,11,28,19,10,94,7.1,9.0,1021.0,13.5,1.34
2023,11,28,20,40,90,5.0,6.3,1020.0,13.5,1.35
2023,11,28,22,10,133,3.6,5.7,1019.2,13.6,1.61
2023,11,28,23,40,163,4.4,5.4,1018.8,13.6,1.59
2023,11,29,01,10,153,5.3,6.5,1018.4,13.5,1.68
2023,11,29,02,40,138,5.5,6.9,1018.3,13.5,1.93
2023,11,29,04,10,150,5.8,7.2,1018.0,13.5,1.61
2023,11,29,05,40,134,4.6,6.6,1018.2,13.5,1.87
2023,11,29,07,10,165,6.1,7.6,1017.8,13.6,2.01
2023,11,29,08,40,129,6.4,8.0,1017.0,13.6,1.76
2023,11,29,10,10,79,7.9,9.7,1016.5,13.7,1.89
2023,11,29,11,40,77,9.0,11.3,1016.1,13.6,1.86
2023,11,29,13,10,73,9.7,12.0,1015.8,13.6,1.72
2023,11,29,14,40,77,9.8,12.8,1016.3,13.6,1.96
2023,11,29,16,10,80,9.4,11.6,1016.6,13.5,1.82
2023,11,29,17,40,80,8.2,10.3,1017.4,13.5,1.85
2023,11,29,19,10,79,7.0,9.1,1017.1,13.6,1.87
2023,11,29,20,40,79,5.7,7.2,1016.2,13.6,1.73
2023,11,29,22,10,72,3.8,5.4,1015.5,13.7,1.73
2023,11,30,00,10,61,2.3,3.3,1015.5,13.7,1.69
2023,11,30,01,40,312,3.5,4.4,1015.8,13.7,1.74
2023,11,30,03,10,328,5.5,8.6,1016.2,13.7,1.80
2023,11,30,04,40,319,6.0,7.3,1016.5,13.6,1.45
2023,11,30,06,10,321,6.3,8.4,1016.2,13.6,1.69
2023,11,30,07,40,305,6.3,7.6,1016.2,13.6,1.53
2023,11,30,09,10,314,7.8,10.0,1016.1,13.6,1.58
2023,11,30,10,40,323,6.5,8.0,1016.4,13.6,1.74
2023,11,30,12,10,316,6.9,8.9,1016.4,13.6,1.50
2023,11,30,13,40,317,7.3,9.5,1016.3,13.6,1.51
2023,11,30,15,10,321,8.2,10.3,1016.9,13.6,1.76
2023,11,30,16,40,316,8.1,10.2,1017.1,13.6,1.68
2023,11,30,18,10,299,7.8,9.8,1017.9,13.6,1.61
2023,11,30,19,40,311,7.4,10.2,1017.8,13.6,1.51
2023,11,30,21,40,310,7.6,9.4,1016.8,13.7,1.58
2023,11,30,23,10,312,8.5,10.4,1017.0,13.7,1.58
2023,12,01,00,40,304,7.5,9.3,1017.0,13.7,1.67
2023,12,01,02,10,317,7.0,9.0,1017.4,13.7,1.66
2023,12,01,03,40,316,9.5,11.8,1018.1,13.6,1.59
2023,12,01,05,10,319,9.3,11.1,1019.0,13.6,1.76
2023,12,01,06,40,317,8.1,10.5,1019.9,13.6,1.89
2023,12,01,08,40,322,7.6,10.5,1020.3,13.6,1.82
2023,12,01,10,10,321,7.4,9.5,1020.4,13.5,1.76
2023,12,01,11,40,319,8.1,9.7,1020.2,13.5,1.99
2023,12,01,13,10,319,7.6,9.1,1020.2,13.5,1.95
2023,12,01,14,40,309,9.1,12.0,1021.4,13.5,2.06
2023,12,01,16,10,323,8.2,9.7,1022.7,13.5,1.98
2023,12,01,17,40,323,7.1,8.8,1023.5,13.5,1.93
2023,12,01,19,40,311,5.2,6.6,1023.3,13.6,1.99
2023,12,01,21,10,301,5.1,6.4,1022.5,13.6,2.07
2023,12,01,22,40,282,4.1,5.7,1022.3,13.6,1.99
2023,12,02,00,10,249,4.0,5.1,1022.1,13.6,2.08
2023,12,02,01,40,251,4.7,5.9,1022.9,13.6,2.05
2023,12,02,03,10,249,4.9,5.9,1022.5,13.5,2.10
2023,12,02,04,40,268,5.0,6.6,1023.0,13.6,2.19
2023,12,02,06,10,241,2.6,3.7,1023.3,13.6,2.44
2023,12,02,07,40,244,3.0,3.9,1023.7,13.6,2.39
2023,12,02,09,10,196,2.3,3.0,1023.0,13.5,2.17
2023,12,02,10,40,250,2.5,3.8,1024.0,13.5,2.14
2023,12,02,12,10,217,1.8,2.5,1023.5,13.6,2.28
2023,12,02,13,40,296,2.0,3.4,1024.0,13.6,2.35
2023,12,02,15,10,16,0.9,1.7,1024.7,13.6,2.18
2023,12,02,16,40,128,1.4,2.8,1025.2,13.5,2.14
2023,12,02,18,10,159,2.0,3.4,1026.1,13.6,2.31
2023,12,02,19,40,230,2.4,3.2,1025.5,13.7,1.95
2023,12,02,21,10,228,2.9,3.8,1024.5,13.9,2.22
2023,12,02,22,40,236,2.4,3.3,1024.2,13.9,2.19
2023,12,03,00,10,231,2.3,3.3,1024.2,13.9,2.21
2023,12,03,01,40,227,2.6,3.6,1024.5,13.8,2.30
2023,12,03,03,10,214,3.0,3.5,1024.9,13.7,2.45
2023,12,03,04,40,237,3.6,4.6,1025.3,13.7,2.07
2023,12,03,06,10,239,2.7,3.6,1025.6,13.6,2.18
2023,12,03,07,40,233,2.3,2.9,1026.0,13.6,2.42
2023,12,03,09,10,222,2.5,3.3,1025.9,13.6,2.13
2023,12,03,10,40,225,2.8,3.4,1026.1,13.5,2.35
2023,12,03,12,10,251,1.8,2.9,1026.2,13.5,2.73
2023,12,03,13,40,163,1.8,2.9,1026.4,13.6,2.54
2023,12,03,15,10,189,2.6,3.5,1026.9,13.6,2.34
2023,12,03,16,40,167,0.8,1.9,1027.5,13.6,2.72
2023,12,03,18,10,176,2.4,3.8,1027.8,13.6,2.41
2023,12,03,19,40,260,1.8,3.0,1027.3,13.6,2.44
2023,12,03,21,10,199,0.7,1.6,1026.7,13.7,2.47
2023,12,03,22,40,179,1.1,2.3,1026.4,13.8,2.73
2023,12,04,00,10,232,0.4,1.5,1026.3,13.8,2.57
2023,12,04,01,40,241,0.1,0.8,1026.0,13.6,2.42
2023,12,04,03,10,248,1.1,2.2,1026.4,13.8,2.54
2023,12,04,04,40,298,2.0,3.4,1026.5,13.7,2.54
2023,12,04,06,10,302,2.1,3.4,1026.5,13.6,2.82
2023,12,04,07,40,352,1.8,2.7,1026.6,13.6,2.41
2023,12,04,09,10,295,1.4,2.8,1026.1,13.6,2.37
2023,12,04,10,40,137,0.2,1.4,1025.5,13.6,2.83
2023,12,04,12,10,334,1.4,2.7,1025.2,13.6,2.63
2023,12,04,13,40,358,1.9,3.0,1025.0,13.6,2.59
2023,12,04,15,10,59,1.9,3.0,1025.5,13.6,2.29
2023,12,04,16,40,63,1.3,2.5,1026.0,13.6,2.64
2023,12,04,18,40,95,2.0,4.5,1025.9,13.6,2.83
2023,12,04,20,10,100,1.4,3.0,1024.9,13.7,2.49
2023,12,04,21,40,292,3.5,4.8,1024.3,13.9,2.34
2023,12,04,23,10,292,4.3,6.0,1024.0,14.0,2.48
2023,12,05,00,40,318,5.5,7.7,1024.2,13.8,2.47
2023,12,05,02,10,319,4.1,6.3,1024.4,13.9,3.35
2023,12,05,03,40,313,4.2,6.3,1024.7,14.1,3.43
2023,12,05,05,10,325,2.4,4.0,1025.2,13.9,3.28
2023,12,05,06,40,345,2.6,4.1,1025.3,13.9,3.26
2023,12,05,08,10,310,3.7,5.5,1024.7,13.8,3.31
2023,12,05,09,40,299,3.8,5.8,1024.0,13.8,3.00
2023,12,05,11,10,339,3.9,5.3,1024.0,13.8,2.87
2023,12,05,12,40,347,3.1,4.7,1023.6,13.8,2.34
2023,12,05,14,10,16,2.1,3.0,1023.1,13.8,3.05
2023,12,05,15,40,84,2.3,4.3,1023.6,13.8,2.89
2023,12,05,17,40,80,4.1,6.4,1024.0,13.8,2.68
2023,12,05,19,10,81,4.9,7.1,1023.1,13.9,2.83
2023,12,05,20,40,79,4.0,5.5,1021.7,13.9,2.47
2023,12,05,22,10,348,1.0,2.0,1020.6,14.1,2.76
2023,12,05,23,40,287,3.3,4.3,1020.5,14.1,2.66
2023,12,06,01,10,303,3.2,4.8,1020.1,14.1,2.63
2023,12,06,02,40,315,4.7,6.0,1020.1,14.1,2.68
2023,12,06,04,10,308,5.7,7.6,1020.5,14.0,3.26
2023,12,06,06,10,309,2.6,4.2,1020.5,14.0,3.59
2023,12,06,07,40,269,1.2,2.9,1020.0,14.0,4.65
2023,12,06,09,10,300,1.2,3.0,1019.4,14.1,4.91
2023,12,06,10,40,157,0.4,2.1,1018.2,13.9,4.73
2023,12,06,12,10,147,2.5,4.6,1017.2,13.9,4.46
2023,12,06,13,40,205,4.6,5.9,1017.3,13.8,4.66
2023,12,06,15,10,245,4.3,6.3,1018.3,13.8,4.96
2023,12,06,16,40,188,3.5,6.0,1018.8,13.9,4.31
2023,12,06,18,10,183,6.4,8.1,1018.9,13.9,3.98
2023,12,06,19,40,157,8.8,11.6,1017.0,13.9,4.18
2023,12,06,21,10,175,8.9,11.4,1016.6,13.9,3.80
2023,12,06,22,40,198,9.0,11.7,1016.2,13.9,3.52
2023,12,07,00,10,291,8.5,11.0,1017.2,13.9,3.81
2023,12,07,01,40,289,8.0,10.1,1018.6,14.0,3.85
2023,12,07,03,10,286,6.6,8.5,1019.7,14.0,3.56
2023,12,07,04,40,288,6.7,8.7,1020.5,14.0,3.53
2023,12,07,06,10,286,6.5,8.6,1021.6,13.9,3.64
2023,12,07,07,40,292,6.1,8.7,1022.4,13.8,3.35
2023,12,07,09,10,297,6.3,8.2,1023.2,13.8,3.55
2023,12,07,10,40,309,3.7,5.6,1023.3,13.8,3.10
2023,12,07,12,10,257,3.3,5.1,1023.5,13.7,3.55
2023,12,07,13,40,284,2.6,4.3,1023.8,13.7,3.31
2023,12,07,15,10,235,2.7,4.0,1024.0,13.8,3.15
2023,12,07,16,40,205,4.5,5.8,1024.2,13.8,3.22
2023,12,07,18,10,220,6.5,8.0,1024.6,13.8,2.96
2023,12,07,19,40,208,7.0,8.4,1023.5,13.9,3.04
2023,12,07,21,10,279,6.9,8.9,1023.3,13.9,2.76
2023,12,07,22,40,297,6.5,8.7,1022.6,13.9,2.84
2023,12,08,00,10,308,7.3,9.5,1023.3,13.9,3.12
2023,12,08,01,40,314,7.5,9.4,1023.6,13.8,2.75
2023,12,08,03,40,341,7.0,9.0,1024.3,13.8,2.95
2023,12,08,05,10,322,6.3,8.4,1024.6,13.8,3.01
2023,12,08,06,40,323,7.0,8.7,1025.3,13.8,2.94
2023,12,08,08,10,320,8.7,10.7,1024.8,13.7,2.74
2023,12,08,09,40,325,8.9,11.5,1025.0,13.6,2.87
2023,12,08,11,10,358,6.4,8.1,1025.5,13.7,2.79
2023,12,08,12,40,347,6.9,8.8,1025.4,13.6,2.84
2023,12,08,14,10,343,8.2,10.6,1025.8,13.7,2.80
2023,12,08,15,40,353,6.5,7.8,1026.1,13.7,2.72
2023,12,08,17,10,350,6.7,8.1,1027.0,13.7,2.62
2023,12,08,18,40,338,6.8,8.2,1027.4,13.7,2.37
2023,12,08,20,10,335,6.0,7.3,1026.7,13.7,2.52
2023,12,08,21,40,323,6.2,7.4,1025.7,13.7,2.64
2023,12,08,23,10,320,7.4,9.5,1025.5,13.7,2.29
2023,12,09,00,40,327,8.2,9.6,1025.4,13.7,2.67
2023,12,09,02,10,337,7.1,8.4,1025.6,13.7,2.62
2023,12,09,03,40,337,6.9,8.4,1025.7,13.7,2.54
2023,12,09,05,10,334,5.3,6.6,1025.9,13.6,2.26
2023,12,09,06,40,2,3.6,4.5,1025.7,13.6,2.26
2023,12,09,08,10,62,1.8,3.0,1026.0,13.5,2.09
2023,12,09,09,40,35,0.5,1.5,1026.1,13.5,2.25
2023,12,09,11,10,62,2.1,3.6,1025.9,13.5,2.10
2023,12,09,12,40,87,4.2,5.8,1026.2,13.5,1.89
2023,12,09,14,10,80,5.1,6.5,1026.6,13.5,1.87
2023,12,09,15,40,79,5.5,6.9,1027.4,13.6,1.94
2023,12,09,17,10,83,4.4,6.6,1028.4,13.6,1.97
2023,12,09,18,40,85,5.7,7.5,1028.9,13.7,1.76
2023,12,09,20,10,85,3.2,5.1,1028.6,13.7,1.80
2023,12,09,21,40,34,1.8,2.8,1028.4,13.7,1.67
2023,12,09,23,10,314,1.8,2.9,1028.5,13.7,1.65
2023,12,10,00,40,329,4.7,5.8,1028.6,13.6,1.48
2023,12,10,02,10,3,4.1,4.8,1028.4,13.6,1.37
2023,12,10,03,40,9,2.6,3.4,1028.6,13.5,1.34
2023,12,10,05,10,64,1.9,2.9,1028.3,13.5,1.28
2023,12,10,06,40,11,1.2,2.0,1028.6,13.5,1.08
2023,12,10,08,10,353,1.0,1.5,1028.4,13.5,1.06
2023,12,10,09,40,261,0.9,1.4,1028.0,13.5,1.04
2023,12,10,11,10,269,1.0,1.7,1028.0,13.4,1.03
2023,12,10,12,40,52,2.7,3.5,1027.4,13.4,1.06
2023,12,10,14,10,45,3.5,4.3,1027.3,13.4,0.92
2023,12,10,15,40,75,5.7,8.1,1027.2,13.5,0.98
2023,12,10,17,10,48,5.0,7.0,1027.1,13.5,0.99
2023,12,10,18,40,63,6.1,7.2,1027.2,13.5,1.00
2023,12,10,20,10,352,1.9,2.7,1026.1,13.5,1.06
2023,12,10,22,10,317,2.3,3.0,1024.7,13.5,1.11
2023,12,10,23,40,327,0.7,1.6,1023.9,13.5,1.20
2023,12,11,01,10,332,6.0,7.6,1023.6,13.5,1.22
2023,12,11,02,40,354,5.9,7.0,1023.7,13.4,1.40
2023,12,11,04,10,333,5.3,6.5,1023.3,13.4,1.39
2023,12,11,05,40,321,3.8,5.3,1022.6,13.4,1.51
2023,12,11,07,10,360,2.3,3.0,1022.3,13.3,1.46
2023,12,11,08,40,336,5.0,6.3,1021.6,13.3,1.51
2023,12,11,10,10,329,6.9,8.4,1021.5,13.3,1.65
2023,12,11,11,40,344,6.1,7.8,1021.0,13.2,1.74
2023,12,11,13,10,353,4.8,6.0,1020.7,13.1,1.71
2023,12,11,14,40,348,4.2,4.9,1020.9,13.1,1.70
2023,12,11,16,10,345,3.3,4.1,1020.8,13.1,1.54
2023,12,11,17,40,5,1.6,2.8,1021.1,13.1,1.65
2023,12,11,19,10,118,1.1,1.8,1020.3,13.2,1.54
2023,12,11,20,40,277,0.6,1.5,1019.0,13.5,1.45
2023,12,11,22,10,292,2.9,4.2,1018.0,13.6,1.43
2023,12,11,23,40,309,5.7,7.7,1017.2,13.7,1.53
2023,12,12,01,10,334,5.2,6.8,1017.0,13.4,1.61
2023,12,12,02,40,327,6.5,8.0,1017.0,13.6,1.46
2023,12,12,04,10,331,6.3,7.8,1016.7,13.6,1.56
2023,12,12,05,40,314,6.8,8.3,1016.9,13.6,1.48
2023,12,12,07,10,314,7.3,9.1,1016.7,13.6,1.51
2023,12,12,08,40,320,7.5,9.5,1016.3,13.6,1.64
2023,12,12,10,10,328,5.8,7.2,1016.4,13.5,1.62
2023,12,12,11,40,331,5.4,6.9,1016.0,13.5,1.55
2023,12,12,13,10,350,4.3,6.4,1015.9,13.5,1.66
2023,12,12,14,40,349,2.3,3.6,1016.3,13.5,1.59
2023,12,12,16,10,307,1.7,2.8,1016.8,13.5,1.55
2023,12,12,17,40,92,0.6,1.9,1017.6,13.5,1.47
2023,12,12,19,10,309,2.2,3.3,1017.6,13.6,1.48
2023,12,12,20,40,344,2.9,3.9,1016.5,13.7,1.55
2023,12,12,22,10,321,3.7,5.1,1015.8,13.7,1.53
2023,12,12,23,40,304,5.8,7.3,1015.7,13.7,1.57
2023,12,13,01,10,311,6.5,8.1,1016.5,13.6,1.43
2023,12,13,02,40,316,6.6,8.0,1017.0,13.5,1.37
2023,12,13,04,10,335,5.2,6.9,1016.7,13.5,1.30
2023,12,13,05,40,314,3.6,5.3,1017.2,13.5,1.18
2023,12,13,07,10,341,2.7,4.8,1017.4,13.4,1.12
2023,12,13,08,40,323,1.8,3.8,1017.7,13.4,1.21
2023,12,13,10,10,354,3.6,5.1,1018.2,13.4,1.21
2023,12,13,11,40,29,3.5,4.8,1018.4,13.4,1.12
2023,12,13,13,10,29,0.9,2.0,1018.1,13.4,1.04
2023,12,13,14,40,56,2.4,3.8,1018.4,13.4,1.04
2023,12,13,16,10,77,3.1,4.0,1019.0,13.4,1.01
2023,12,13,17,40,320,2.3,3.2,1020.2,13.4,1.01
2023,12,13,19,10,266,0.4,1.0,1020.0,13.5,0.88
2023,12,13,20,40,313,1.7,2.5,1019.0,14.6,0.87
2023,12,13,22,10,302,4.3,5.3,1018.3,14.6,0.88
2023,12,13,23,40,319,4.6,5.3,1018.5,14.4,0.76
2023,12,14,01,10,349,4.0,4.7,1018.6,13.6,0.80
2023,12,14,02,40,327,2.7,3.6,1019.1,13.5,0.77
2023,12,14,04,10,344,2.2,3.0,1019.5,13.8,0.80
2023,12,14,05,40,345,1.5,2.2,1019.7,14.1,0.73
2023,12,14,07,10,8,1.3,1.8,1020.2,14.1,0.83
2023,12,14,08,40,103,2.7,3.5,1020.1,14.1,0.76
2023,12,14,10,10,78,4.8,5.8,1020.3,13.9,0.88
2023,12,14,11,40,84,6.3,7.7,1020.3,13.7,0.87
2023,12,14,13,10,93,7.2,8.8,1020.2,13.6,0.99
2023,12,14,14,40,85,8.3,10.1,1020.8,13.7,0.98
2023,12,14,16,10,80,6.4,7.9,1021.9,13.8,0.94
2023,12,14,17,40,87,5.4,7.3,1022.7,13.8,0.97
2023,12,14,19,10,80,6.2,7.4,1022.9,13.8,1.06
2023,12,14,20,40,86,6.3,7.5,1022.2,13.8,1.12
2023,12,14,22,10,79,6.1,7.4,1021.6,13.8,1.17
2023,12,14,23,40,83,6.8,8.7,1021.7,13.9,1.15
2023,12,15,01,10,85,7.5,9.6,1021.6,13.9,1.27
2023,12,15,02,40,87,7.2,8.7,1021.8,13.7,1.26
2023,12,15,04,10,95,6.7,8.9,1021.9,13.6,1.55
2023,12,15,05,40,78,6.6,8.2,1022.3,13.5,1.67
2023,12,15,07,10,82,7.2,9.2,1022.4,13.5,1.68
2023,12,15,08,40,87,6.8,8.6,1022.0,13.5,1.62
2023,12,15,10,10,92,8.1,10.6,1021.7,13.7,1.74
2023,12,15,11,40,91,8.4,10.3,1021.2,13.7,1.89
2023,12,15,13,10,90,9.0,11.5,1021.0,13.6,1.71
2023,12,15,14,40,93,8.8,11.0,1021.1,13.6,1.79
2023,12,15,16,40,91,8.6,10.4,1021.3,13.6,1.61
2023,12,15,18,10,85,8.7,11.1,1021.8,13.7,1.60
2023,12,15,19,40,86,8.1,9.8,1020.9,13.6,1.54
2023,12,15,21,10,85,7.2,8.9,1019.8,13.6,1.57
2023,12,15,22,40,79,6.8,8.8,1019.3,13.6,1.56
2023,12,16,00,10,79,6.8,8.9,1019.2,13.6,1.37
2023,12,16,01,40,79,8.5,10.5,1019.0,13.6,1.55
2023,12,16,03,10,89,6.5,8.0,1019.5,13.6,1.36
2023,12,16,04,40,86,5.6,7.1,1019.4,13.5,1.28
2023,12,16,06,10,93,7.2,8.9,1019.2,13.5,1.57
2023,12,16,07,40,109,6.1,7.7,1019.5,13.4,1.50
2023,12,16,09,10,93,7.3,9.0,1018.4,13.6,1.48
2023,12,16,10,40,93,8.8,11.5,1018.4,13.5,1.74
2023,12,16,12,10,94,8.2,10.2,1018.2,13.5,1.70
2023,12,16,13,40,93,6.9,8.9,1018.1,13.4,1.93
2023,12,16,15,10,87,6.8,9.2,1019.3,13.4,1.85
2023,12,16,16,40,82,7.6,9.9,1019.7,13.3,1.70
2023,12,16,18,10,91,8.0,10.6,1020.2,13.3,1.83
2023,12,16,19,40,95,7.7,9.8,1019.5,13.3,1.89
2023,12,16,21,10,93,6.4,8.0,1018.9,13.4,1.86
2023,12,16,22,40,96,6.1,7.7,1018.4,13.4,1.82
2023,12,17,00,10,97,5.1,6.8,1018.5,13.4,1.90
2023,12,17,01,40,89,5.6,7.1,1018.4,13.4,2.30
2023,12,17,03,10,86,5.4,7.4,1018.5,13.3,2.33
2023,12,17,04,40,104,4.9,6.3,1019.3,13.3,2.33
2023,12,17,06,10,100,5.7,7.1,1018.8,13.3,2.22
2023,12,17,07,40,84,6.9,8.7,1019.1,13.3,2.24
2023,12,17,09,10,93,5.9,8.0,1018.1,13.3,2.21
2023,12,17,10,40,94,6.9,8.7,1017.4,13.3,2.18
2023,12,17,12,10,86,8.9,11.7,1016.6,13.4,2.37
2023,12,17,13,40,88,6.4,8.6,1017.0,13.4,2.29
2023,12,17,15,40,91,7.2,9.5,1016.8,13.4,2.42
2023,12,17,17,40,105,6.5,8.3,1017.7,13.5,2.49
2023,12,17,19,10,98,5.9,7.8,1018.0,13.4,2.20
2023,12,17,20,40,88,6.4,8.2,1016.9,13.4,2.00
2023,12,17,22,10,87,7.2,8.9,1015.2,13.4,2.15
2023,12,17,23,40,77,9.6,12.4,1014.1,13.4,2.01
2023,12,18,01,10,75,11.4,14.5,1014.0,13.5,2.23
2023,12,18,02,40,81,9.5,12.7,1014.6,13.3,1.94
2023,12,18,04,10,79,9.2,12.0,1013.7,13.3,1.89
2023,12,18,05,40,78,9.3,11.5,1012.9,13.3,1.79
2023,12,18,07,10,80,7.6,9.5,1013.5,13.3,1.87
2023,12,18,08,40,86,10.9,13.7,1011.9,13.4,1.78
2023,12,18,10,10,84,7.4,10.0,1011.8,13.3,1.87
2023,12,18,12,10,95,11.2,13.8,1010.5,13.2,1.71
2023,12,18,13,40,94,11.6,13.9,1011.0,13.2,1.95
2023,12,18,15,10,74,10.6,14.5,1011.3,13.2,2.07
2023,12,18,16,40,92,10.3,12.9,1011.2,13.2,2.24
2023,12,18,18,10,102,8.4,11.3,1010.8,13.2,2.65
2023,12,18,19,40,152,9.3,11.0,1009.6,13.3,2.54
2023,12,18,21,10,152,9.8,12.1,1008.3,13.4,2.71
2023,12,18,22,40,160,7.1,8.8,1007.8,13.4,2.60
2023,12,19,00,10,160,9.1,12.1,1007.5,13.4,2.63
2023,12,19,01,40,165,10.4,13.1,1007.7,13.4,2.75
2023,12,19,03,10,166,9.8,12.1,1007.7,14.2,2.67
2023,12,19,04,40,170,10.0,12.6,1008.0,14.1,2.64
2023,12,19,06,10,174,10.1,12.4,1008.3,14.0,2.68
2023,12,19,07,40,187,8.3,10.3,1008.7,14.1,2.59
2023,12,19,09,10,191,8.0,9.7,1008.4,14.2,2.45
2023,12,19,10,40,207,7.0,9.7,1008.6,14.3,2.37
2023,12,19,12,10,203,5.6,7.6,1008.3,14.3,2.44
2023,12,19,13,40,209,5.6,7.8,1008.4,14.3,2.46
2023,12,19,15,10,195,5.8,8.0,1008.5,14.2,2.36
2023,12,19,16,40,194,5.9,7.3,1008.8,14.3,2.13
2023,12,19,18,10,203,5.8,7.5,1009.4,14.2,2.25
2023,12,19,19,40,181,5.6,6.9,1008.7,14.3,2.32
2023,12,19,21,10,180,6.4,8.2,1007.6,14.3,2.24
2023,12,19,22,40,176,7.1,8.6,1007.2,14.3,2.12
2023,12,20,00,10,176,7.2,9.0,1006.8,14.3,2.07
2023,12,20,01,40,166,7.7,9.2,1006.2,14.3,2.07
2023,12,20,03,10,156,9.4,12.1,1005.9,14.3,2.11
2023,12,20,04,40,148,8.9,11.2,1006.1,14.2,1.94
2023,12,20,06,10,147,11.4,13.8,1005.7,14.2,2.19
2023,12,20,07,40,156,11.0,13.8,1005.5,14.2,2.25
2023,12,20,09,10,164,9.9,13.1,1005.1,14.2,2.47
2023,12,20,10,40,148,4.9,7.1,1005.0,14.2,2.22
2023,12,20,12,10,133,8.0,10.5,1004.4,14.2,2.15
2023,12,20,13,40,134,8.6,11.2,1005.3,14.3,2.38
2023,12,20,15,10,125,8.3,10.6,1005.6,14.3,2.25
2023,12,20,16,40,93,9.2,11.7,1006.7,14.3,2.06
2023,12,20,18,10,101,10.7,14.1,1008.0,14.2,2.13
2023,12,20,20,10,93,8.7,11.6,1008.3,14.2,2.45
2023,12,20,21,40,95,6.9,9.4,1008.3,14.2,2.92
2023,12,20,23,10,93,5.0,8.0,1008.7,14.2,3.24
2023,12,21,00,40,80,5.8,8.4,1009.4,14.2,3.42
2023,12,21,02,10,67,7.4,10.4,1010.2,14.2,3.18
2023,12,21,03,40,67,6.7,9.1,1010.8,14.2,2.56
2023,12,21,05,10,67,7.8,10.5,1012.2,14.2,2.66
2023,12,21,06,40,67,6.1,7.7,1013.2,14.2,2.78
2023,12,21,08,10,68,6.6,8.6,1013.5,14.2,2.54
2023,12,21,09,40,59,5.4,7.4,1013.8,14.1,2.27
2023,12,21,11,10,64,7.2,9.1,1014.3,14.2,2.05
2023,12,21,12,40,71,6.5,8.4,1014.1,14.2,2.30
2023,12,21,14,10,70,7.3,10.5,1014.8,14.1,2.23
2023,12,21,15,40,72,5.9,7.7,1015.7,14.1,2.26
2023,12,21,17,10,76,5.5,7.1,1016.3,14.1,2.03
2023,12,21,18,40,84,7.5,9.6,1016.5,14.1,2.20
2023,12,21,20,10,88,5.6,7.5,1016.3,14.1,2.33
2023,12,21,21,40,96,4.3,6.5,1016.1,14.1,2.20
2023,12,21,23,10,85,3.6,5.2,1015.9,14.1,1.90
2023,12,22,00,40,88,2.8,4.4,1016.1,14.1,1.94
2023,12,22,02,10,90,2.3,3.4,1016.6,14.1,1.83
2023,12,22,03,40,25,1.4,2.0,1016.5,14.1,1.76
2023,12,22,05,10,336,2.6,3.8,1016.7,14.0,1.60
2023,12,22,06,40,26,1.6,2.7,1016.7,14.0,1.76
2023,12,22,08,10,64,0.8,1.8,1016.3,14.0,1.67
2023,12,22,09,40,320,1.7,2.5,1016.2,14.0,1.48
2023,12,22,11,10,296,5.7,8.3,1016.3,14.0,1.56
2023,12,22,12,40,311,5.4,6.5,1015.7,14.0,1.65
2023,12,22,14,10,317,8.0,10.2,1016.2,14.0,1.61
2023,12,22,15,40,314,10.1,12.7,1016.8,14.0,1.83
2023,12,22,17,10,324,4.1,6.1,1017.0,14.0,1.75
2023,12,22,18,40,315,9.6,11.8,1017.6,14.0,1.75
2023,12,22,20,10,318,8.1,10.5,1016.7,14.0,1.94
2023,12,22,21,40,321,10.6,13.2,1016.0,14.0,1.92
2023,12,22,23,10,323,8.7,11.0,1016.0,14.0,1.97
2023,12,23,00,40,313,9.3,11.5,1016.2,14.0,2.22
2023,12,23,02,10,312,9.4,11.8,1016.5,14.0,2.34
2023,12,23,03,40,307,11.3,14.2,1016.5,14.0,2.56
2023,12,23,05,10,317,11.5,14.2,1016.9,14.0,2.68
2023,12,23,06,40,324,10.8,13.9,1017.0,14.0,3.05
2023,12,23,08,10,328,7.5,9.7,1017.0,13.9,3.15
2023,12,23,09,40,343,5.7,7.2,1017.5,13.9,2.90
2023,12,23,11,10,351,5.5,7.0,1017.5,13.9,2.89
2023,12,23,12,40,344,4.5,5.9,1017.6,13.9,2.64
2023,12,23,14,10,355,3.4,4.7,1018.2,13.9,2.58
2023,12,23,15,40,5,1.7,3.1,1018.9,13.9,2.78
2023,12,23,17,40,95,5.0,6.9,1019.7,14.0,2.72
2023,12,23,19,10,117,3.9,6.1,1020.3,14.0,2.56
2023,12,23,20,40,75,3.1,4.5,1019.3,14.0,2.62
2023,12,23,22,10,264,2.1,3.4,1019.2,14.2,2.73
2023,12,23,23,40,301,3.6,4.9,1019.2,14.1,2.75
2023,12,24,01,10,306,3.7,5.3,1020.0,14.0,2.69
2023,12,24,02,40,309,5.3,6.8,1020.5,14.0,2.41
2023,12,24,04,40,308,4.4,6.0,1020.5,13.9,2.40
2023,12,24,06,10,315,4.9,7.1,1021.0,13.9,2.47
2023,12,24,07,40,355,3.0,4.2,1020.6,13.9,2.71
2023,12,24,09,10,332,3.6,5.3,1021.7,13.8,2.39
2023,12,24,10,40,333,2.4,4.0,1022.0,13.9,2.38
2023,12,24,12,10,345,2.7,4.4,1022.4,13.9,2.42
2023,12,24,13,40,359,3.1,4.2,1023.2,14.0,2.36
2023,12,24,15,40,50,1.5,3.0,1023.9,14.0,2.25
2023,12,24,17,40,96,2.7,4.5,1025.0,14.1,2.33
2023,12,24,19,10,339,1.4,2.5,1025.2,14.3,2.30
2023,12,24,20,40,317,5.9,7.3,1024.8,14.3,2.23
2023,12,24,22,10,337,5.0,6.4,1023.9,14.2,2.05
2023,12,24,23,40,334,4.4,6.0,1023.4,14.1,2.09
2023,12,25,01,10,314,5.2,6.5,1024.0,14.1,2.12
2023,12,25,02,40,333,5.3,6.6,1024.7,14.1,1.92
2023,12,25,04,10,339,4.0,5.4,1025.0,14.3,2.09
2023,12,25,05,40,324,3.2,4.1,1025.2,14.3,1.98
2023,12,25,07,10,342,3.4,4.9,1025.2,14.3,2.29
2023,12,25,08,40,1,2.5,3.4,1024.6,14.3,2.32
2023,12,25,10,10,42,1.9,3.0,1024.9,14.3,2.74
2023,12,25,11,40,86,3.7,5.4,1024.5,14.3,2.41
2023,12,25,13,10,93,3.0,5.0,1024.2,14.3,2.66
2023,12,25,14,40,84,3.6,5.6,1024.3,14.2,2.67
2023,12,25,16,10,82,4.4,7.1,1024.8,14.2,3.78
2023,12,25,17,40,79,5.9,7.8,1025.1,14.1,3.39
2023,12,25,19,10,83,5.8,8.0,1024.3,14.1,3.36
2023,12,25,20,40,78,4.7,6.9,1023.7,14.1,3.39
2023,12,25,22,10,30,2.1,3.5,1023.5,14.1,3.95
2023,12,25,23,40,301,3.6,5.8,1024.0,14.2,3.87
2023,12,26,01,10,289,4.2,5.8,1024.4,14.1,3.18
2023,12,26,02,40,329,3.3,5.3,1024.7,14.1,3.01
2023,12,26,04,10,11,2.7,4.0,1024.4,14.0,2.91
2023,12,26,05,40,43,1.2,3.3,1023.8,14.0,3.60
2023,12,26,07,10,298,1.9,3.5,1024.3,14.0,3.01
2023,12,26,08,40,66,1.4,3.4,1023.3,14.0,3.07
2023,12,26,10,10,67,1.8,3.2,1022.5,14.0,2.61
2023,12,26,12,10,100,4.7,7.0,1021.3,14.0,2.92
2023,12,26,14,10,82,3.7,6.0,1021.0,14.0,2.91
2023,12,26,15,40,76,2.4,5.0,1022.4,14.0,3.23
2023,12,26,17,10,57,5.5,7.9,1021.6,14.0,3.26
2023,12,26,18,40,85,5.8,8.2,1022.3,14.0,3.60
2023,12,26,20,10,94,5.6,8.1,1021.3,14.1,3.46
2023,12,26,21,40,98,6.2,9.1,1020.0,14.1,3.35
2023,12,26,23,10,107,5.4,9.0,1019.7,14.1,3.83
2023,12,27,00,40,149,4.0,5.8,1019.9,14.1,3.34
2023,12,27,02,10,151,5.5,8.0,1020.0,14.1,2.79
2023,12,27,03,40,152,6.4,8.6,1019.7,14.1,3.38
2023,12,27,05,10,154,8.3,11.0,1019.2,14.1,3.05
2023,12,27,06,40,136,9.3,13.6,1017.7,14.1,3.00
2023,12,27,08,10,156,7.7,10.1,1019.1,14.1,2.71
2023,12,27,09,40,162,9.1,12.1,1018.2,14.1,2.74
2023,12,27,11,10,164,9.9,12.6,1018.0,14.1,2.32
2023,12,27,12,40,162,10.7,13.6,1017.4,14.0,2.44
2023,12,27,14,10,163,11.7,16.0,1017.1,14.0,2.56
2023,12,27,15,40,156,13.1,16.6,1017.0,14.1,2.94
2023,12,27,17,10,160,13.2,16.8,1017.2,14.1,3.07
2023,12,27,18,40,163,13.4,16.8,1017.7,14.1,3.78
2023,12,27,20,10,162,12.9,16.1,1017.0,14.0,3.94
2023,12,27,21,40,162,13.1,18.8,1016.6,14.0,3.90
2023,12,27,23,10,169,11.1,13.9,1017.6,14.3,4.04
2023,12,28,00,40,170,11.4,14.0,1018.2,14.3,3.86
2023,12,28,02,10,176,10.3,12.9,1019.4,14.3,3.82
2023,12,28,03,40,161,9.1,11.0,1020.0,14.4,3.67
2023,12,28,05,10,157,7.8,10.0,1020.5,14.4,3.70
2023,12,28,06,40,151,8.9,12.1,1020.5,14.5,3.57
2023,12,28,08,10,144,9.5,12.1,1020.4,14.5,4.01
2023,12,28,09,40,150,8.4,11.2,1020.5,14.5,4.49
2023,12,28,11,10,162,9.2,11.9,1020.4,14.5,4.98
2023,12,28,12,40,166,7.6,11.5,1020.9,14.6,5.37
2023,12,28,14,10,154,8.0,11.0,1020.9,14.6,5.26
2023,12,28,15,40,150,8.3,11.2,1021.3,14.7,5.21
2023,12,28,17,10,152,8.4,12.2,1022.0,14.7,5.86
2023,12,28,18,40,153,7.5,11.0,1022.5,14.6,6.15
2023,12,28,20,10,139,5.9,9.6,1021.4,14.7,5.57
2023,12,28,21,40,147,6.3,9.4,1020.3,14.7,4.83
2023,12,28,23,10,156,8.0,10.7,1019.9,14.7,4.73
2023,12,29,00,40,150,6.4,8.6,1020.1,14.7,4.63
2023,12,29,02,10,151,7.6,11.7,1020.0,14.7,5.40
2023,12,29,03,40,140,7.3,11.1,1019.5,14.7,4.55
2023,12,29,05,10,142,7.5,10.3,1018.5,14.7,3.95
2023,12,29,06,40,144,8.4,11.1,1017.7,14.7,3.69
2023,12,29,08,10,153,8.2,10.6,1017.2,14.7,3.66
2023,12,29,09,40,145,9.2,12.7,1016.5,14.7,3.90
2023,12,29,11,10,147,8.6,11.8,1015.9,14.7,3.10
2023,12,29,12,40,155,7.9,9.9,1015.5,14.7,3.21
2023,12,29,14,10,176,9.4,12.6,1015.3,14.7,3.02
2023,12,29,15,40,150,8.2,10.3,1015.1,14.7,2.97
2023,12,29,17,10,152,9.7,12.1,1015.1,14.7,3.08
2023,12,29,18,40,162,11.0,13.7,1015.7,14.7,3.08
2023,12,29,20,10,155,11.3,15.5,1014.6,14.7,3.70
2023,12,29,21,40,202,6.2,8.0,1014.3,14.7,3.99
2023,12,29,23,10,252,3.2,5.0,1014.1,14.7,3.96
2023,12,30,00,40,348,0.4,1.9,1014.0,14.7,3.58
2023,12,30,02,10,90,2.5,5.5,1014.4,14.6,3.71
2023,12,30,03,40,202,6.9,8.4,1014.9,14.7,4.00
2023,12,30,05,10,185,6.4,8.0,1015.5,14.7,3.73
2023,12,30,06,40,175,6.3,7.7,1015.8,14.7,3.91
2023,12,30,08,10,190,5.8,8.1,1016.3,14.7,4.26
2023,12,30,09,40,179,5.3,7.2,1016.3,14.7,4.16
2023,12,30,11,10,246,3.5,6.1,1016.7,14.6,4.62
2023,12,30,12,40,299,3.7,5.9,1016.8,14.6,4.03
2023,12,30,14,10,275,4.1,6.4,1017.7,14.5,3.66
2023,12,30,15,40,295,6.5,9.4,1018.5,14.3,4.06
2023,12,30,17,10,288,6.9,9.5,1019.5,14.3,3.73
2023,12,30,18,40,314,6.5,8.5,1020.2,14.4,3.61
2023,12,30,20,10,311,5.8,7.2,1019.5,14.4,3.37
2023,12,30,21,40,309,5.2,7.0,1019.1,14.5,3.91
2023,12,30,23,10,308,4.9,7.3,1019.3,14.5,3.78
2023,12,31,00,40,305,4.5,6.5,1019.9,14.5,4.25
2023,12,31,02,10,293,4.9,6.9,1020.4,14.6,3.83
2023,12,31,03,40,310,5.3,7.2,1020.8,14.6,3.84
2023,12,31,05,10,326,4.6,6.1,1021.1,14.6,3.71
2023,12,31,06,40,322,3.0,4.5,1020.9,14.6,3.55
2023,12,31,08,10,2,1.8,3.5,1020.2,14.5,3.60
2023,12,31,09,40,331,1.2,2.9,1019.9,14.5,3.70
2023,12,31,11,10,298,0.6,2.8,1019.9,14.5,3.86
2023,12,31,12,40,91,3.2,5.7,1019.4,14.4,3.40
2023,12,31,14,10,94,4.6,7.7,1019.2,14.4,3.76
2023,12,31,15,40,93,4.9,7.1,1019.8,14.4,2.92
2023,12,31,17,10,100,3.9,6.4,1020.5,14.4,2.68
2023,12,31,18,40,90,4.7,6.8,1020.7,14.4,2.65
2023,12,31,20,10,95,3.8,5.9,1020.1,14.4,2.97
2023,12,31,22,10,92,3.2,5.1,1019.1,14.4,2.31
2023,12,31,23,40,112,1.8,3.2,1019.3,14.4,2.42
