4,30.344891227576383,242.85325399583206,0.5566979243306036,208.4269611787154,1.6523485744196478,3.7564893708079294,41.47024735843779,1
1,17.72416793817675,443.92301167361154,0.9129603658480905,213.8795911916536,3.398614932066209,1.90220908749991,34.69778655906575,1
3,18.980002655106993,659.701123310354,0.4031683040112464,105.56229318461034,3.2540021814883926,1.2687555936110968,34.06418304232952,0
3,17.51588486176221,172.75960318947006,0.06231667355916002,105.56229318461034,3.038594258552146,-1.9273081646752264,26.472373288042846,1
2,17.647166265405055,592.346776076092,0.5919535674746566,105.56229318461034,3.491252763822482,2.496116870386924,28.272464812316773,0
3,10.373454031657383,362.2289229760939,0.7699045835922018,105.56229318461034,2.893959906047707,2.9228203398511967,39.47802229332967,0
2,12.503733878426845,649.3507311158708,0.3772388134720274,105.56229318461034,4.020785415678183,-0.3640260935094797,35.53061172700051,0
3,21.308206166977946,666.2910297397846,0.7495864346706529,105.56229318461034,4.483903137643728,1.7915964851662713,34.358195459593944,0
0,30.30267061397418,524.4883304141958,0.3728178029975087,153.3007249014091,4.411522340275884,2.134770811238302,24.705532591656976,1
2,16.981500727291802,524.8530945950044,0.5506882928616642,188.43385782726665,3.724154548562356,3.1532743196408757,54.38518473878044,0
4,16.797390134526275,422.9819684581918,0.7305364630572114,194.6550051908491,5.519361344920141,0.9233056351159742,27.72322586486394,1
2,31.479635348531062,336.70665598320545,0.3425069196523123,122.75064838733506,4.797579096180428,0.7245243233680676,32.66722072102037,0
1,13.88195672982066,823.6948650133972,0.6163026663015109,127.68727831355987,3.7546911089150563,1.2774235660217623,30.94263008237807,1
3,10.418600264759464,413.5885716526195,0.8229947022584474,181.82575400890482,3.434891343430726,3.575456909666147,54.50182316987417,1
4,15.633984588086859,802.8473809914356,0.6747868198422702,105.56229318461034,4.963942816736814,3.2578759836679243,29.80103926021654,1
4,16.671959677950618,414.4799936319717,0.43587478848184646,209.9515660532435,4.686367773520695,1.8518242011324137,28.794238649267815,1
1,9.878666428873633,636.0304624540365,0.8837436705433588,217.14211207889124,2.655241148787647,3.2261050158885403,34.301422629283365,1
2,20.021060451024645,369.95085445541844,0.711678502384498,105.56229318461034,4.752089908152146,-1.2466723930448498,25.37105021591596,0
3,26.76311881307074,635.7432027043225,0.20791040001513864,141.2654418231487,3.7103262308318996,2.9249835520434537,34.227596885916654,1
2,12.769036209456646,499.9060228555005,0.7528487229468454,216.28344575341634,3.116834314301579,0.4032286650857224,59.08763938184546,0
3,21.37149078011386,501.9974142918927,0.46572514951654465,167.49461040292613,2.177467078237843,4.2124723326025375,36.296651111062005,1
4,23.30273744598469,649.6037071655121,0.6193127095284929,199.79330380576414,3.614110396453847,0.47519698024814394,35.8957051389924,0
1,20.30075050832437,476.9373815873443,0.7816008008586519,169.58675888813647,3.829728828415263,0.7543539418915888,25.103046177998667,0
3,21.985982329958695,323.4962407287844,0.4700790830670332,222.26931528684017,5.173355229452582,2.622399323773155,51.801278697882594,0
3,22.058850433751275,673.8088901455124,0.2508814771916372,196.61169067644892,4.644076398508896,2.749819457910968,54.32935970877777,1
3,15.732861770864522,368.6559056028275,0.8811090383811657,198.50830616962836,3.350375154044131,1.290841656027316,42.37948413409712,0
5,30.208628956607342,634.6427655036656,0.8129166942403896,199.10388704544746,4.167047611144579,2.3702533254384006,40.19216545368617,1
0,28.637704175578868,707.67944725328,0.5625487973634109,111.30631511437245,4.534049515045171,2.533901356233603,30.417581134173012,1
1,28.275417470308987,491.9209781836452,0.7506842902984231,131.42771879963058,3.912204205934461,2.3989113459966047,37.304713389290846,0
4,27.171651315028512,741.1764550546854,0.5061226535872632,205.06870466015812,3.3467905064137886,1.3459875088229172,23.81326634651242,0
3,10.958870870884367,629.0853932578054,0.59939403535217,181.95985283231317,3.3929751367555054,2.546878551793111,21.0,1
1,26.622927711950418,440.6621727768359,0.5511424114726521,105.56229318461034,4.16379737918384,3.736408934621772,21.0,1
7,24.929027346841934,776.2286403625719,0.5142111829285395,227.53416385584828,4.186903675041039,0.2623552074311488,37.517413706022786,1
3,11.199720375763611,369.33250852169755,0.6518605160171509,210.39932947628344,3.5939181227586223,0.7711207530848159,21.0,1
4,19.47700100028382,491.7279312154295,0.3383642352708824,177.38809685916408,1.6399121477551948,1.9159774347159646,27.504010565762687,1
2,22.556548170098168,518.9896314209074,0.5296838338468841,155.30161497605536,2.755960909075316,0.4857842663181964,32.32647687277825,1
1,31.246626397720625,648.8357921629208,0.6428958944966809,185.32997931222016,4.360538694154174,-0.5004929291799844,43.948194394742345,0
4,25.361942005629224,730.4693275809815,0.9476201415923272,197.52683082231627,2.050096082221064,3.3229223281641826,26.63957816716988,1
4,15.408201156998514,720.4466491044342,0.3464931569374608,105.56229318461034,4.8347120537484605,-1.06200051115465,45.24599544013332,1
1,31.441226721914575,587.799731131889,0.6841106115464854,231.09621141010626,4.710372099356343,1.3488548392678772,43.330748044586,0
2,21.097180492644924,507.1569432858293,0.7060297552855722,105.56229318461034,3.874520960823893,2.881806502081445,21.21560839561928,0
3,19.220650994531333,259.84252133957915,0.20465625386345265,175.17134113496977,4.34226206875203,2.2320437221427354,45.35108043273803,0
5,18.774241864827623,341.73666328716536,0.6621064028818503,177.23728669685835,4.284170729821464,1.3688308369077826,29.880607656443104,1
5,10.654640215514842,834.6648782866297,0.7560570157967561,229.4161258811397,3.741826572172381,0.4313797589738537,27.5115376390149,0
3,20.135499486995272,258.2284819995937,0.6977305358764869,169.86302648148973,2.6859331412256013,2.333905513355277,29.927113970453423,0
2,23.93874376525389,426.48149708126243,0.563214549025465,222.8372094980479,4.652509299051816,0.5753193412237276,32.96143700565458,1
3,18.40932661007276,735.1370051280144,0.6466480073044858,193.6961313494158,5.022073209562254,2.231031013940106,28.434509395186016,1
3,23.4562864857867,585.5541278715787,0.613968939449806,105.56229318461034,2.8247839596364326,2.0660112956698784,23.76339173602628,1
1,15.40929503202434,700.4872113609108,0.24210853233696106,182.36143039825592,2.6545457956574525,2.079363439952779,24.736188469358588,1
6,19.940353966706006,638.8525362033082,0.6186640649508932,167.8107080926732,3.7250906000038335,1.0347792378831713,34.52837090674417,0
1,22.805483367126953,787.1332059777418,0.5065859188036655,105.56229318461034,3.313971339665382,4.566212024321922,31.23490093001251,1
5,22.010835763837704,599.2683658503815,0.4390355658004034,191.8772547891043,3.9617573617725856,2.3528327567088945,38.8004066273952,0
4,10.76793904400533,658.1516366642418,1.076993990717331,176.5322011342332,4.854714993482725,1.5121042200300656,33.575991869235885,1
3,18.073487439295086,436.1205548706655,0.8305231439239114,198.78933633531693,1.9536368318511035,2.228837156441582,33.84715395582134,0
2,31.328958911605717,645.8132760925018,0.34996558793712246,185.09118627533087,5.16826843936009,0.8577106300199104,39.52093458317716,1
3,17.738791267624876,488.6198243217234,0.6493272393131678,105.56229318461034,3.498398508823387,1.3700780620091635,48.608098791039524,1
2,20.921990132421286,479.503061123086,0.8716050551128649,205.04380378172314,4.269894342066415,5.037334310397763,49.049245831210776,1
6,20.279634915876947,695.155762343542,0.2807601691847996,105.56229318461034,4.359729704007751,0.8670573354961526,47.7444706212564,0
2,30.644892802537868,696.2597401694982,0.5953966282814308,105.56229318461034,4.457686569526148,1.7773400356509705,42.57494086715438,0
6,28.90457921403285,822.1507449193809,0.6048145451438987,182.06870417108337,3.8920028073851975,1.2779415983303086,55.939516843013635,0
3,25.880564186773938,811.7221096777921,0.3251014235001955,111.60123225346616,4.088270905500866,0.5076831954712908,37.8160614286793,1
0,14.727558318595696,698.7704258174041,0.655910060922446,192.79351933645194,4.082778522508539,2.435832187090144,36.58100396854279,0
5,23.072555280034265,276.728702362126,0.8032492781036251,229.44614641168482,3.310562447345264,1.928143273183556,57.683134030533544,1
0,24.380013630102617,844.4289572719514,0.8816095182838306,229.87240966995844,2.3632336391927535,3.0825560478799043,21.0,1
6,16.447616328547255,698.8748273066179,0.5301271796748108,164.44207783065892,2.8158839046772366,2.9499628548356065,30.647138624912497,1
2,15.370927597463206,429.46238558619154,1.0803290070270224,105.56229318461034,3.7524400972216507,3.068934189135434,46.77745302065,0
4,31.501512532789697,668.6254648900451,0.16840664932064897,199.68216987308392,3.1790824082070364,0.6679715478366881,43.78289247993852,1
3,18.939052319727175,386.03748144596346,0.6512433419628924,144.89254924801872,3.1810232991927907,2.726068254948087,61.22216732319194,0
5,30.93760760261111,650.9808192175587,0.29754113601402893,193.14992174147523,5.351370878376404,2.758158388302925,34.182342901645605,1
8,27.067798132149342,341.3967934281441,0.5980365274993799,105.56229318461034,4.561471629194293,0.5321968423669499,28.261006373729845,1
4,23.377524749148186,422.68505459413814,0.4756186499789941,187.59134448323385,3.628256188635622,1.4594265602600436,29.34706778658385,1
1,23.657197413960475,665.5886606720843,0.6813754912781123,105.56229318461034,4.404509354350571,-0.04206796735223817,36.49874979147372,0
3,12.05214179770274,723.661878878863,0.5546238571795612,215.04614743318055,3.486974371303643,2.763901874741975,50.838123555464534,0
0,22.118020354160592,604.0698975094097,0.4148031643946968,105.56229318461034,3.933007684716657,2.757829659666045,50.97555109774041,1
0,29.697804119135277,506.2130181299247,0.42794181048720403,202.00110934361604,4.210968064671889,3.768078894836229,32.38383860982962,0
2,25.09022524130645,213.6213927972815,0.9664918994899105,105.56229318461034,3.4892109870716217,1.5779859696850638,35.78309335345571,0
4,21.789599913418556,518.5566240557824,0.668704747692483,205.39309357107985,3.2643895400688394,2.475939854264211,26.272382628768494,1
1,31.54487167412512,637.3576122919244,0.23957425869232238,105.56229318461034,4.868102727513544,3.183810333353407,27.420628976339003,1
5,19.664074887771605,501.31758305029643,0.6901575470233527,188.03206086031722,4.355854892446409,0.884863182307807,44.50882934780889,0
3,16.942702224786636,548.387529424893,0.5410646675284005,211.46357687788645,1.9461268622341175,0.6841260134606368,50.62432527604844,1
0,21.786438526324005,522.3012051331327,0.5809202174194278,161.72343080604395,3.278765818773447,0.9257915345794623,25.329879514832044,1
4,25.623382140071705,500.5270051485706,0.7439776307963594,105.56229318461034,3.1837311002567095,1.4189299819691081,35.67251987344486,0
1,10.064421052804938,564.14038239357,0.8166454347425691,196.83817816543993,3.3182440053975855,0.7308682505470776,30.32614138312871,0
6,22.607123213672338,508.3688668556063,0.4082374544158622,105.56229318461034,4.564417922557472,0.9826274228511844,42.50258825507207,1
3,25.89818840293774,782.9263285811107,0.5740516691689233,140.4758522159625,3.8561330131231006,3.0428080231238837,28.72632375407899,0
1,19.13421836051819,198.97298425860276,0.47077779945228604,188.21082979496714,2.6727110764813413,1.7528224464275337,21.0,0
1,27.75592166769888,464.6651862446276,0.6993724362148526,218.63416393759684,3.5180995369547623,2.2848418532304553,44.04059782223202,1
0,24.838747489778434,412.75900423724397,0.5335391012527662,176.77946448745888,4.2950596239975996,1.1530538396834804,29.661680071575866,1
3,34.23449693995326,587.0576960055056,0.5858502959403751,176.5742413020848,3.6554981869516463,1.0663976334793108,30.806119125231394,1
2,16.12195180619708,564.3431657413003,0.5259446477979671,204.19269843043824,3.2984722010226672,2.256933774193324,37.79146708361023,1
4,26.025733622830927,811.5508962479087,0.5587760968861336,178.0773886106183,4.118224194140363,2.0464022729644946,36.88117007467882,0
5,14.451474733078479,864.1827277276471,0.9209302011856271,201.239987139378,5.199281691128825,2.906942415366651,38.01733824627628,0
1,10.705926690867662,428.30664710872304,1.0581532329535448,212.73094786894686,4.227596859685156,3.598102757365271,21.0,1
0,8.074431772483049,552.0800104053807,0.6554184187484953,149.80115387509068,4.932790870946627,0.9673358903551454,39.11939913240142,1
5,24.19451746948568,583.4087067078968,0.5600060440366194,105.56229318461034,3.354804056993481,3.016763589848191,21.0,1
5,21.976934307101587,424.34980026602625,0.2608726478220634,105.56229318461034,3.832975826655789,0.4546558586450251,41.46521658159108,1
1,17.822684428955576,652.5411257660196,0.42791636003772526,215.56258266123376,3.816016332990027,4.617387861300335,45.30219410321638,0
0,9.715507124060911,513.6788209976089,0.5546527928428188,173.29089155634585,3.9396904306168605,0.842078649857406,21.0,0
2,16.499087078712414,381.1784239038435,0.43698735587251475,148.5429010518672,4.210036469359969,2.7916323520789224,36.61276289639704,1
2,20.84862184199929,507.2690713173531,0.4580198474256155,214.67272253157017,3.0680659383139863,0.4448427528570411,44.62897042575876,1
2,25.790617096806976,392.3720683614962,0.8950778948112331,168.98427823572723,4.383759455831322,1.6792400302862258,28.060960175913134,0
6,20.719423669236335,717.8634927070809,0.5857581627476963,105.56229318461034,2.472575811277618,3.9203677476426417,40.410000022794854,0
6,22.40164440933993,856.2494808181873,0.6036423982803873,105.56229318461034,2.7179644034943875,0.8006305193783838,21.0,0
5,18.467265405766803,591.1710998231263,0.44516188793235467,194.12634832758047,5.633925924985513,4.789525741609814,45.08015730067752,0
5,31.778400670524753,569.8042828885241,0.8155089449539171,171.23713740630672,3.411498578837744,1.8730362118160595,33.32993662562494,1
0,14.445676833433323,576.3895626998698,0.5374842744022864,220.42174078456645,4.45279625482841,3.1679405501371187,30.163876857003643,0
2,16.443649450987543,741.1574446301304,0.47582726696982874,105.56229318461034,5.266563929638643,2.411886837024756,43.824455981949285,0
5,17.739342414852736,737.7118405755493,0.26384983653811167,151.73625603059247,1.8958568938260802,2.483292886587204,52.02218643296375,0
5,24.221951817352654,533.495429032283,0.5677796172497268,105.56229318461034,4.786046791330796,-0.0024701066288983498,38.342874254893964,1
1,14.316595230771378,592.4143883806546,0.4695883996445197,120.09176701779273,4.3851126292577876,1.2558343132689789,50.695852713537846,1
4,21.672994538571764,656.4234251483325,0.9169159492033799,105.56229318461034,5.2179337159837536,3.458688930478489,21.0,0
3,21.855821604849133,369.97000695188257,0.9487797384003901,142.9457733789022,2.8475205442017133,1.425496013663604,40.32543721617472,0
2,16.474214497097904,746.017317987273,0.33294390104674504,172.18156175728262,5.059053911841875,2.0632583491875134,31.547957618603004,1
2,22.889652836165318,829.5731025963564,0.3555693524238005,166.5560396010431,3.2188918774537396,-0.16259720944727984,24.329589848120513,1
2,14.51103604055463,738.4051367743132,0.5247360729747104,231.62269613613455,4.726013363992392,1.1703984378790175,21.0,0
6,13.826737747004826,352.7049741416712,0.41679242092114566,226.91240671104865,3.8097423299662703,3.362411872873534,39.7296575390293,1
4,21.44681940059592,236.79992713298014,0.6234833151373427,105.56229318461034,4.487445797405517,0.18692914985643871,42.62819058758181,0
1,10.427916979826094,665.394987762869,0.5146753021828865,105.56229318461034,3.881050113976329,2.8265443288349363,47.762250260925725,1
1,7.390060727727356,430.36968816606617,0.6361064681110516,169.12701272549322,2.2949026692831476,2.114667142932181,45.94139481398535,0
1,24.160129010397085,597.9413366596777,0.7832187043293933,192.58438360304996,1.2187430207272105,1.5685387584494044,24.51119344235793,0
5,27.392699350525433,797.6237952012077,0.36715569793289854,105.56229318461034,4.016329048546132,1.5104996041349503,47.19776066843343,1
3,17.89939342433363,446.8871717762544,0.7790422444954797,105.56229318461034,3.6184625683896674,1.2318407985370565,48.35982254303029,0
1,16.638852307441212,491.5912549745664,0.4342695171359647,222.73283685244212,4.174505599193046,1.349398316884809,30.14017682222024,1
3,27.120667168933736,596.2756756141306,1.0096965698297553,156.7850168027179,3.628191088691397,3.1072570967507276,33.312710900828904,1
6,13.64846688055218,344.3984576028431,0.9041951932498776,202.03493019096027,5.535185001482969,1.3097021651968979,22.72430372245504,1
2,12.284167225752041,430.7430086390598,0.557383932822753,105.56229318461034,4.033651187375775,4.266019225293846,49.28974919718665,0
5,25.25492318839163,555.9772006002031,0.3872833110939917,171.86520208079017,3.4645639088305606,2.2753829040170395,21.0,0
2,20.879593559835598,503.92722098915976,0.3490268040650834,148.8549202886171,4.123384975731367,1.1193342536826802,38.884677396001464,0
1,27.492323820195118,649.3452406078762,0.7547257004149059,105.56229318461034,3.479913170619703,3.164843057281011,26.434878930727155,1
7,7.418474912609884,994.5567383102828,0.5739194466939003,214.42530183912334,3.918061396655749,2.703542644861081,21.0,0
8,12.050548294448669,567.8621343069,0.7653733771503917,105.56229318461034,2.8173166427218987,-0.30351290110050977,21.0,0
0,20.912749155720903,417.3260886339185,1.020845793859128,189.62527580093126,3.8327884304379314,0.5144978087368501,30.630532592319074,0
3,23.43888295911144,778.9184567612103,0.42592341225677527,146.707263968574,3.438603987330453,1.7276452024128155,21.0,0
6,26.12774079614627,297.78904394876463,0.3339723512483825,193.98885885148033,2.8969012346903087,-0.21036247343466075,33.62061398601185,1
1,21.91787318839942,329.77469263534283,0.6185120469065252,148.26748537469007,5.4996181291810196,4.639499470602528,52.462710557406865,0
9,21.85422461134214,456.7834498163642,0.8089519222904594,207.65760630072305,2.92966228925026,2.9653464802919305,35.19458059082777,1
3,18.384160475352132,506.73812471685994,0.39190794204284857,105.56229318461034,3.845849947691227,1.8624006419118702,54.97008552513114,1
3,30.78684489958458,452.9483621572466,0.5869249477518492,214.47395592917363,3.165641250643044,1.427627349230492,22.194994211740312,1
6,13.914737378010352,546.9580280923163,0.854008732234198,173.589648060876,4.089513155539095,1.088443976246121,21.0,1
2,23.071535056334078,595.9587044394152,0.2534244323019255,105.56229318461034,2.7695164870461095,-0.7125224485216011,21.70282852948894,0
0,14.636328011295037,723.0335256440221,0.6270635922878199,202.56066655940927,4.5458997321058625,-0.40739322017223145,32.283894073691656,0
4,24.1723121045792,566.5901238150052,0.471979381280243,161.8147708835457,5.550371196541427,4.389479365273242,62.95243556496733,0
0,14.328133080518787,462.0886003687838,0.6048313181942606,105.56229318461034,3.1347870408354375,3.957151523787012,21.0,1
3,25.48151444572474,714.3432618303059,0.7219568581167376,190.9065708290186,4.862253844652309,1.1199733635002664,39.81629429978667,0
5,21.52510198814653,421.16552388317905,0.6241617015776183,211.07527174928433,3.51922135070762,3.0785588861608435,25.300381303554133,1
5,31.74968457400744,290.7835606900283,0.37795551957762896,217.0764453402495,5.104864541703911,2.548475422996081,30.538166438439404,0
4,19.062957664441747,744.9529628647267,0.47975077235330427,143.8810186428122,5.6783391483206325,2.7040601027764715,21.0,0
1,23.484555464146148,734.6965191697554,0.8653185960648933,182.8693243794817,3.6436877901648947,-0.0012346491409314098,42.670521564434935,0
1,15.939990100377978,425.232257247343,0.6457865787848196,178.0862048407979,2.5629764920484925,-0.5067948577398114,32.51682353749366,1
1,19.0199097287017,488.1441833886519,0.7480638255169697,221.070243368557,4.636390885446316,3.4410245539722535,44.96198905763582,0
2,21.48529761525925,405.29159274721127,0.6300590620366084,105.56229318461034,4.028510454673057,-0.7326737600086157,34.92769713435817,1
3,11.257989519832572,604.2598748104215,0.741823213648384,131.18252206604492,4.261504580933218,1.6843845253750798,21.0,1
1,11.9443905858384,829.1278866188932,0.5007707820125357,105.56229318461034,3.5545301648507333,1.3946329293925208,45.06197075572736,1
1,24.57991369330042,664.4610877752195,0.42649767064651284,105.56229318461034,3.097026032325013,1.2726007305871405,21.0,0
1,19.908043665079347,717.7159428132852,0.7327395431696094,187.46835741829403,4.814692472012259,2.295075085423667,21.0,0
2,17.109480879035765,683.1565330705619,0.8054748020891113,223.0605801787142,4.108623595427067,0.9855779926924437,22.910770518552,1
3,16.207233478668,551.980936230545,0.39714373784067164,161.84417096326283,2.6274120912856707,2.402370810453863,23.0575890385243,1
2,16.448343087741023,725.3344700658105,0.4648110377152544,105.56229318461034,4.41697518749043,2.0663251473923774,48.356235019196305,1
2,21.527893839940326,671.2048900660479,0.5473547143538187,184.79796381944976,4.248381622291861,4.6503267073465615,31.117279745745996,1
3,23.6102525498413,782.3113144245018,0.9039649209965297,199.82048467503756,3.566748903568206,0.051259602800068915,46.72123821172129,1
2,7.72009314364775,478.472169414119,0.6926270910336518,165.09714089374685,5.20064311676355,1.9186350587543712,26.752907735554516,0
4,29.67158491703364,273.90213767273815,0.3151826340268227,219.4592998503504,3.320734543628298,2.4493755318386476,36.494110059116984,0
4,29.226076194722637,719.2401623796924,0.5614034416820997,105.56229318461034,3.6980513415499328,1.541548626697369,38.21446542663427,0
1,6.22606691023574,607.9631232969693,0.5308242488499132,154.004620474257,4.485664393893287,0.1150608575880534,40.65671958784754,1
2,27.62415996832803,504.6326239486022,0.3453460887992139,189.46148267979285,3.904480878277806,3.5393756704648567,27.885812081425783,1
1,27.431836345295757,513.5755500308014,0.5590416166210544,193.19356902246392,2.677084550338914,2.3247533157901485,28.843596223366166,0
2,20.82577741871779,960.7498121443385,0.5219925120787255,177.90846928011484,3.994391473314481,0.20769633893689576,29.72056362807572,0
3,12.698803736003137,449.2488555945166,0.5076734952765682,105.56229318461034,3.4919125747492044,2.459041710576903,21.0,1
2,27.18137370980839,415.4714709077867,0.49852372652363786,234.18812476797257,4.559876845729661,4.126067212469771,32.07707950404873,1
4,19.31215405221603,565.6454773589363,0.8742787096697607,158.70849434395058,3.9670234089559173,1.8320629678909854,28.77947319416092,1
3,24.260622450049723,740.8785404756737,0.507259376779897,181.1664379929603,3.9193864285598083,1.8770792762988577,39.38080183485309,0
4,34.721873022948955,916.5443178446765,0.5899342112600529,200.67199037772775,2.9594690224759965,3.9497666409771814,34.004312881656354,1
1,22.400244049293903,657.1783941423314,0.5682470575446542,105.56229318461034,3.6467787413522355,0.5990931440883456,47.70019983798507,1
1,15.080526818498063,348.7346009632912,0.47899662992653275,178.42729141782385,4.6548849189706285,4.160368696259299,33.770973227294235,1
1,18.72029979953807,867.3382833148478,0.5959009464735395,105.56229318461034,3.1877094705852485,3.164242612886073,26.815737341577098,0
2,15.87868096943764,548.8850081476645,0.5930701192195527,194.01501057825843,3.8126578126063198,0.6600309675463796,33.634669443823626,1
2,23.537938886678546,417.9664908968049,0.5959513053798432,155.06196355650576,3.0533853166148317,0.9978849202057677,40.9658396496488,0
5,15.774575929151167,379.2972068641034,0.40815337158071574,188.34610459619583,2.845572181516598,1.1872470595393776,21.0,1
5,17.861512821743382,685.8125950936729,0.5387750985494718,105.56229318461034,3.7687184022089437,-0.5403047624629589,25.132266293006502,1
2,12.77858354167069,590.2127017898263,0.7320643750699715,105.56229318461034,3.9859929784969643,2.2238227087735627,25.36405590526113,0
2,19.995724690499372,607.2120603113361,0.5440366737239919,105.56229318461034,5.51484486895538,0.7197899557128333,37.5208922316525,1
3,21.930004797392115,757.8404990515089,0.6123563825202516,105.56229318461034,3.4574132775691844,2.271447744289323,38.80015193661145,0
2,4.008125659363197,423.655265358457,0.613407400145271,105.56229318461034,3.797857815187539,0.1759549095707138,34.11350500618384,1
1,22.448699793910848,770.5847405237837,0.6634790261467834,151.98415106353477,2.789938244904423,3.098377472700739,21.0,0
2,20.536766155422818,468.93482835300955,0.6917301830027621,116.84545377777442,4.354281612521808,2.853666227772263,21.0,1
5,16.03183299601359,898.241179825977,0.5451698780501559,183.13446539002672,4.174399614656755,0.9482397014405158,30.37174996397167,0
5,33.52831598995902,647.7982425589024,0.3977329393815808,177.76712751604066,5.0902515292608,2.3547368884043927,27.483836343056787,0
3,26.825937943613816,404.76183523577964,0.33625693426502484,216.56646066236294,4.773762607267315,1.9894551382886454,33.05907416719604,1
4,13.956204592911822,227.93310666872327,0.7835372825472717,237.43233007786222,4.135181601827518,3.836635321721843,27.83662021320977,0
1,26.07287550148675,681.4279555646418,0.7340500895942133,214.03961578394885,3.4451399403454914,0.5171277623787685,49.84806712763941,1
3,28.61729453250812,492.1311558415706,0.7098729368675053,133.13449586497535,4.01192148782765,1.6789666683877262,21.0,0
4,21.649835997379974,527.1094888765064,0.7422407055725347,125.86951557111033,3.7467486918093207,1.0342975995457393,36.32890394682796,1
3,23.086703349024162,674.5913614678572,0.5476888032748223,207.6952118043117,4.640853927919903,1.9391600201722214,42.108114467798195,1
3,22.94205675334762,713.6662122001048,0.45502471644688997,105.56229318461034,4.5340344515684725,2.5839211556743433,40.716923041942394,1
3,7.759496078225551,747.7936545070866,0.3839185180403924,151.14118538947113,3.5910110273300053,1.019614260942704,41.66000286801303,1
3,19.652620625503843,364.02539065873015,0.36213000068290013,158.51808281685575,2.611925224945423,1.3993797877662395,43.24227499230028,0
5,19.3266731205212,780.1431599399342,0.8224317377100663,199.66492701576476,4.960045332185157,3.1551738534357185,26.356221247320537,1
3,29.780070191163013,459.3527462130961,0.48137102884917027,200.58366624290275,4.328774123731492,3.6716685537429044,21.0,1
5,22.913129129268064,191.00001044028375,0.7909718138421773,105.56229318461034,3.571628340718958,2.5314411664677996,21.0,1
2,18.95904604893316,363.44954450239265,0.5426228339238698,139.06102918757387,4.296013612407084,1.69788870965903,29.011368829523352,1
2,20.258534885967542,586.8840147412104,0.4447517583515152,195.06494818863234,3.9028834972500244,1.572312064230963,24.44713563649659,1
5,27.232464173005198,395.3897206270177,0.3611270404899713,105.56229318461034,4.947639058024358,2.603526753920023,45.77769695022852,0
3,19.666931193680675,537.912884931833,0.46236912860244994,215.50869919584716,2.218984605283777,2.1806524418544306,29.836860788337518,1
3,16.450179795328857,606.1203980046686,0.863647756581258,200.44011621959032,3.5063595881287166,-0.29664810601652025,21.665536890496863,0
3,19.09626094854761,522.9783355025143,0.3631579840440375,184.09609357826292,5.183205793002098,2.6355485066464315,21.0,0
6,26.714579174257302,472.9033059429253,1.0033493642959301,193.11916126852321,4.313086658912542,0.7440478779622179,54.877020591621736,1
6,23.930474385746017,351.8886299218838,0.41187851450607127,130.79428298174273,5.3289896013839355,0.00964394081213893,32.757050535092645,1
3,21.10023816205137,555.5110093144532,0.729989994130249,105.56229318461034,2.8136820417426898,-0.322215252303518,24.403450903986624,0
5,22.02260034705983,221.60681798644237,0.5509497411490023,137.56148713829407,4.740645241388329,1.5947422300380185,34.36445988549224,0
2,17.31731306467251,442.24031332489255,0.5158880834947629,196.94384237343723,4.690268515701219,0.5381878419189647,53.86578071781578,0
4,19.608279725724493,403.55454255027826,0.3257158445749728,185.43446309986024,2.4273480303237793,-1.1907972588557412,28.713512934704887,1
3,16.668703894766303,513.6997037585736,0.5603214034497523,137.85681861984548,3.5917780767922096,1.4068387309754096,40.55711780393016,0
2,18.97678088305006,517.867232110517,0.3483428007267992,204.5281326902389,3.75051555163697,1.232446497950657,46.05107141063357,0
4,29.25411883835423,705.5930679093992,0.2436845800465119,163.7712233612498,2.479572935835379,1.6821305286509383,21.0,1
1,14.072262444277362,805.3563643599359,0.6039197356434898,105.56229318461034,3.6093340457228313,1.0498547006640622,25.97746339463507,0
3,16.509539794600364,373.1553855620848,0.4529153786328489,187.74528738810432,4.573473838254029,4.294715155856007,44.671952909747496,1
1,12.967297580550996,870.8532200432048,0.9168697032249962,105.56229318461034,3.5116246299992184,2.5628852289824056,25.307662169872433,0
3,11.610667062898619,427.31270407657087,0.7800043430185645,105.56229318461034,4.043391850766183,1.2205104128196498,37.56087939194012,1
3,19.653232413212912,579.6042852676944,0.9194864362673539,174.98647012063344,4.0494710374912275,1.7960125745694813,24.65670240962709,0
1,16.95489313654066,633.7380782637308,0.44382341909842027,105.56229318461034,3.829799534643436,3.747328321093859,28.098929061368803,1
2,31.856467421893612,943.133240413201,0.6072275480262574,157.09399738065792,3.2476470998186397,3.1427421114908487,26.75899813832183,1
4,19.051515773398926,465.2348259579737,0.0558658080637894,105.56229318461034,4.3934037389024745,0.03700040502495705,40.00337169065415,0
2,28.898496208059335,264.52191792351147,0.5236395238626552,215.56783620221097,2.506891640318167,0.593936459708849,35.21738125619552,1
5,26.885624124765087,790.460715230877,0.5996996696049363,105.56229318461034,3.847214036346873,0.8479621262891905,34.087453895121214,0
0,19.514304756037205,418.6602305927304,0.6108096155403544,136.47239677169577,5.003808526035194,1.2995960647647324,60.58244761644717,1
3,34.03879322262012,494.1458271079051,0.5715263178916654,192.63557924224077,3.464206470133379,1.094041372203624,52.136671478320736,1
2,22.504819049345656,373.16005537181195,0.5933185143503336,105.56229318461034,3.2290501739380866,1.9248922164166222,21.0,1
0,30.298983524232902,494.60739631217297,0.03735147316731769,105.56229318461034,4.449433556571317,2.851152130544932,28.122493594595966,1
2,29.569891345319668,417.53735420712945,0.6312443672163957,192.74978834682076,3.977282678893191,3.071511581984881,59.691100420676904,1
2,23.41993287780604,660.2306906391634,0.6766879783860078,134.45807909760285,4.466175716927823,1.4486275073729362,26.67950966243154,1
4,25.52732931869329,564.9266607555167,0.8476050805257702,105.56229318461034,3.8723387279840287,-0.2777954447558031,55.965205844626595,1
2,24.731554478705966,443.0311743016514,0.6537476118553862,200.26185513823708,1.8338343413690095,0.506658876729301,28.310405036449133,0
1,13.656463411282486,711.3395162654284,0.5538525866573524,105.56229318461034,4.831127264757587,1.19389727768836,30.426026723987807,0
1,21.181797500229678,592.7994801079358,0.8009883844461944,155.20567484112553,5.578822161281751,0.2365545137882079,42.49928495049393,1
0,27.551011347178104,256.6322799289511,0.10853315508010425,105.56229318461034,4.918594445742481,3.38593386244613,32.0077210749138,1
2,30.381511564174176,699.1525302534883,0.4770102938745713,189.76084294567073,0.8673595109414022,0.3230058026734388,38.44087103531715,1
4,16.309611869460397,581.5788614164215,0.4268380039882577,218.0739305446875,4.218914098504675,2.694523219050468,50.32443569238403,0
3,24.13506443995462,774.5171980146467,0.5730956400337378,105.56229318461034,3.447933519116961,-0.34008206862975054,41.34681027373346,1
5,21.767889344083024,571.8267882148232,0.14026143755416703,181.2848931113226,2.929235246966164,2.747505453710791,34.556853453646696,0
5,20.084740520030458,425.3265039091848,0.8439271324487437,207.38526296242654,3.9430950157761493,1.6961653071987868,51.40879525889352,1
3,23.05263626940385,519.3127466717061,0.5300380200631508,138.0376538674685,3.7148842722842343,3.876540527039367,42.64356223462609,1
4,22.188307833535646,680.6270929409153,0.6437593382317869,105.56229318461034,4.267272555595066,0.38633735935884417,24.931025205929174,1
1,24.213829760209656,428.682070447862,0.6246182450119788,194.20938174524957,3.8875273590165813,1.135368463192695,54.78082756788421,1
3,29.852477659991976,481.55251406279064,0.83249797897539,210.95896905751687,2.8985178302132595,1.3910289661382198,40.06602151255196,1
4,25.7339883393783,516.5298272001493,0.20760997302519058,208.25028708638655,3.3556545075359043,1.678699907401588,30.64955554243152,0
4,22.76822428037093,368.10054236546034,0.6024642330939625,192.18692307479498,3.2201148126869867,1.423305303208712,21.0,1
3,32.50115768604216,430.9882520594281,0.809235652140972,180.54853800789874,2.3981541315346653,1.4487842930001371,21.0,0
2,27.774490432983725,579.6080306886704,0.5604027106558618,105.56229318461034,2.6878184990787375,1.4271574427309248,51.70148401439931,0
2,20.244294688955932,744.3964396244813,0.3897461213723396,207.607714559267,3.662702317296437,-0.8539574450062157,52.13631777167495,1
3,13.200146751177448,602.743517553676,0.45922197686884286,206.16518349678688,5.035953423258114,3.1912015421222537,33.93812475606564,1
3,14.63619118743758,544.6621985009566,0.5014115996387191,105.56229318461034,3.3901320530530126,5.656700269276463,21.0,1
4,26.667833954541926,418.99667616763026,0.43578999409540214,192.13301857471834,3.2037581492076566,2.273717858073304,21.043272209843337,0
0,16.875332223323902,727.2256658752372,0.5494377765865281,201.75628923631902,2.847719082394826,0.380808880827052,21.0,0
2,14.509523032128092,621.3608799914948,0.8816494806370003,208.03768066339146,3.8656506557960943,0.5144090072802607,21.0,0
4,16.075089257713735,438.92323783692166,0.46052704689250346,170.71857574343147,4.830577841072506,2.6893896824968695,55.294826058305965,1
2,16.51789060971052,695.783753389584,0.4824652051442001,105.56229318461034,5.522253523783217,2.388819708119681,55.65909699255921,0
4,26.150604425613075,641.5323298416747,0.6719561168100625,124.10561441237044,4.079735476446217,1.5047370540695932,21.0,0
3,19.841309672434967,421.83514410140225,0.5450359272072248,105.56229318461034,3.957594743814605,2.874493769560525,32.90391526512641,0
2,12.227787738421638,535.779478997728,0.3141629733310235,172.23174583409306,3.383482589907024,-0.8443282617159289,21.0,1
3,21.017421871779042,473.1563634811301,0.5677623124441957,157.7472070129806,3.5236840379475503,2.8753620079450832,32.832381488499045,0
7,22.215042892250175,973.3660704050568,0.5602217135206149,231.55914456252364,4.36850707648259,2.1938447372652585,51.03234271706006,0
3,17.820894434379788,637.0791813001053,0.7751356690876307,208.35492961406322,3.575504721067013,0.5653486521661331,44.86590955883317,1
5,28.062310239708182,581.8819287757184,0.3855695203594678,210.1951003724185,3.703682744379372,-0.01198758546250378,41.89529042047016,1
8,18.18664169787975,627.6260889722741,0.7764638965510886,195.97489915467418,3.8187082892096433,2.040152013224228,30.86402289010849,1
1,27.764520285183707,772.6660141115997,0.5604338375800113,145.24839352624895,3.34370438683772,3.737554340533448,46.88163827596001,0
2,24.56064540847644,538.6591768898455,0.3584116658170008,155.1222275002212,3.7770174223748567,1.5789169337639146,40.11335621241664,0
2,26.626329343491456,457.614512341479,0.31824433758461423,163.00309241781503,2.1436988518157265,0.7544557785726516,37.443071394472916,0
1,13.942749420433342,687.0853164955868,0.9668777055817059,184.86017273375114,4.301022141735508,2.1325005033798536,31.73049727980236,1
3,21.438705265041648,524.00886943979,0.5480167954329119,193.05392127897787,5.815488344736526,4.283550789362986,36.50210233466133,0
4,20.492124819640104,380.8167473471195,0.7673008233460976,175.32179073961814,3.376283363263024,2.449315753244105,36.17076735656259,1
1,11.916942364502924,349.65017091903064,0.23837612107837408,153.64785967289555,4.154023201801403,2.5920106244364183,27.044251904183135,1
7,27.743996662928517,796.6874481343253,1.1075389775927804,105.56229318461034,4.555324109006794,3.494094199481134,24.47591812900007,0
6,15.703595088389003,573.0631307070855,0.7586489256734257,105.56229318461034,4.915380829082668,2.503775767186646,22.034023436365707,0
2,17.005256232247568,457.6692185612158,0.5289119571689582,217.1015852245429,3.6179699494582493,0.8491199865485963,22.738505770270475,0
2,14.476577340149218,514.5064142332699,0.5187668284288981,232.40201118616469,2.325213506901476,-0.4228257365054078,30.930868369004433,1
1,25.214526144997436,681.1911548813363,0.7269196256605991,215.36580553203447,4.06447483871296,0.6634178818926935,29.120466111048604,1
0,11.266070081977695,505.0551174652728,0.7154363373450094,105.56229318461034,3.9480481001497187,0.42176127727106905,26.17192878737188,0
4,24.69274500245367,320.0928433316131,0.6165058560794878,205.55103189682896,3.549640245272158,2.7502867177549524,25.35740377791318,1
3,27.364791639349498,604.134536343668,0.5821757516404461,211.47696329217862,3.727849816777154,2.933819427780822,36.21068028727948,0
4,24.18734259489006,745.3356508117702,0.6922134168051833,140.58659545826464,3.960691573814894,2.1117551214644443,48.15368191891736,0
5,25.28618852441184,734.63429087556,0.23165928938396455,196.57279658707796,4.143880073367234,0.2053265905670114,32.87992750819206,0
1,25.580036464692363,462.50720989804074,0.5057450574771494,132.60400711831252,4.108640156601531,4.238308071583239,32.160361199551545,1
1,14.876730671343699,755.0676250333407,0.2506272283414308,221.7800314995133,3.657144046019052,1.330602517731743,22.716246380152935,1
2,29.808750675162955,586.0719957874596,0.7009184689405009,192.16663024089638,4.162794221388198,2.6765949335980284,30.546232070302217,0
6,17.941523862467193,750.5835750205963,0.44483720579333613,105.56229318461034,3.600574087449116,1.945108784443418,46.09369974670305,0
3,20.40720079118094,643.7899248004086,0.26568438426416446,202.25694782840253,4.379301421289669,2.1554357978898873,44.412072138598695,1
3,18.739675535163748,308.54450517877285,0.4212426951962061,212.28311076718455,3.3129480181997395,2.630002884409325,43.64771118701769,0
2,23.90152182635255,831.4782300013354,0.609871240293157,185.30563155527045,3.9013688814056326,0.9612533866867434,43.294557121418265,1
6,17.453253198588307,560.2854161918325,0.538954323488838,196.25120633734514,2.476059591021527,3.6031312026700193,37.80405811121319,0
1,21.242081313387168,644.2870118262107,0.34536868819344535,171.05461830770554,3.5292752056559964,-0.20494715055520052,37.41327879831295,1
3,13.086013272974403,336.95285944450495,0.2390262796538768,105.56229318461034,4.316690525749181,0.5091056760326325,35.69225359353251,0
1,28.117300269721987,632.8522400124905,0.5947865574061004,165.43904453876513,2.971662711965222,3.5860067741249493,28.414261919422344,1
2,25.023846342787998,728.4684372388256,0.4638463786499078,197.70840489397497,3.5711155998659296,2.658806284657902,33.9206933847706,0
4,18.992560683814958,861.6512538557447,0.5283838580271898,167.14553511054905,1.8197415780754238,5.233316248939492,35.371596520764534,1
5,17.88470095187096,776.0639671672452,0.5480629625023401,205.92024455132594,2.690817748833129,1.970222585622132,39.96485463647657,1
8,24.860302173477983,640.6759526313663,0.6660131374350636,142.09846508947535,2.910561372864322,4.1245666713260025,34.10282135749675,1
2,16.393199860657603,304.8996234642582,0.7493893003539825,149.92558920714626,3.925470882648176,-0.5718719931156926,56.15677519069659,1
2,21.608151847167754,573.1636464795874,0.6093018401916886,206.72351774677446,4.1200635704098785,0.01416023537970279,21.0,0
4,28.096842633090965,457.19846956593113,0.5159074900480712,186.35338167175473,3.7929133246102342,3.0620937093904055,41.2992326974777,1
0,15.742073646561321,589.5964599705995,0.5849527076191605,139.4362666389875,3.518621558374602,-0.4172855298111209,32.54631922697041,1
4,23.13153895528675,357.38786675278413,0.5121526065480757,211.70959730982918,3.521554531387052,1.619474758747474,33.02360910339196,0
3,22.80037863804656,518.3732947532958,0.25148932927337575,105.56229318461034,4.4414784291940155,3.4207159904142492,24.06166639458111,1
6,20.213365551949522,469.25070659102903,0.7983892342579151,105.56229318461034,4.018768671381764,2.541546069125042,44.212775939735536,0
2,17.667746721903356,464.2933830449206,0.7606877724975607,105.56229318461034,3.5594856991034955,1.8946456908218448,40.18125687753273,1
2,28.43127667265093,465.8822102414153,0.9776667987161193,111.63093722896906,4.926371576002658,1.2871781411453038,42.17001136484061,1
3,17.080407330773582,530.2632453778808,1.0360998612955217,217.61045411801115,5.477979034436724,2.1469381544613935,34.86169945300861,1
6,9.474164640600105,597.7911614476835,0.3447959735494479,105.56229318461034,2.7935763418037167,2.6419678515356995,29.426157038957527,1
0,24.83465729919206,152.24102594056785,0.5129200159242343,105.56229318461034,4.278908458976829,1.0076194751782384,32.267822966010975,1
4,13.299209152321835,171.7707429859418,1.0823079193740286,194.8527478393514,6.435507270456564,2.370691556975902,37.76812215061204,1
4,25.15624767691294,497.80938561249997,0.5718898768835531,105.56229318461034,4.075372654482163,3.303528582342298,21.0,0
3,29.183503271363136,520.3569528471018,0.6288421805093504,122.29126472401143,3.9369718143779924,1.5863288640441868,42.60226154333004,0
4,24.76711876631405,582.2577946566305,0.2757740096610841,214.1120837766883,3.793183490489364,1.9699221621856602,59.68812096151373,1
4,27.533249868700715,435.57242322300414,0.6100577263153548,230.09629766917553,4.251752474692223,2.5185880608836664,38.28368551648824,1
4,33.47458048503282,553.5144310436291,0.9663880749518178,189.22922002061114,4.474115299901902,2.607761165238462,29.909807133714487,0
1,26.87782033371309,572.2437128028888,0.8373251620207057,105.56229318461034,2.7943958256978867,3.0395587163579405,31.226412198528035,0
5,22.893372637745834,434.47070450152455,0.45800307569629134,105.56229318461034,3.8177537522373837,0.5410250581038258,40.78296586027586,1
6,31.056425500028595,714.1529314785762,0.5007367266863167,182.8498142470607,1.933621793822176,1.1818222968513903,30.158824703533696,1
0,31.813168797947952,580.3178098328098,0.3538199415011474,188.85079468934214,3.66417404203794,1.230720126494457,42.55542798473095,1
4,31.900827416815638,639.5137752741265,0.4097673719500588,227.29715161101728,3.081741581189459,0.6868359419852665,31.084452111567316,1
2,17.74068619932546,563.0153170054165,0.19795761424270603,210.22527840351603,4.124909166473807,-0.4939063761923155,51.85601813286771,1
2,12.342753113861468,888.5876964898753,0.5630360650680515,179.84645252965936,2.4486403572015383,-2.415912202512975,51.55255749624406,1
3,17.35833761510699,647.4235310588246,0.8820221359860821,148.98064033806105,3.4096534592143604,3.457997579513934,29.368133652649647,0
1,25.229903655702273,473.92106940684397,0.6510863848187499,242.24248327608296,4.651897170437314,-0.1711387658707566,32.1087377958732,1
1,21.81980177816972,683.3547014989441,0.8532477979931465,200.97058682929458,3.2718801527868298,3.9477920472517987,32.75394251933826,1
5,19.529794251440535,289.98321320693253,0.7946498801851996,105.56229318461034,2.2398539469689758,2.8560205249737303,32.901370416598866,0
0,24.33328939922619,571.1360420267367,0.47063838208547437,159.6838817625121,4.056327848628348,1.3444913386557458,22.57828050433256,0
2,11.61131638396108,603.0656464147185,0.4280986677187103,105.56229318461034,3.3473156458021855,2.6936771783554483,21.040132472982126,0
3,21.70713239287379,572.9633219325917,0.4357630886297089,105.56229318461034,3.6838562336987666,2.4411758856621124,46.747333287027516,0
2,27.82790171193458,498.595380665778,0.23658761031159023,190.12804047365893,3.2269095473714224,0.42565784091949843,44.98765715624584,1
2,24.26335813862515,390.0362629060776,0.5864660465591149,226.09707378623884,5.498493265363224,1.8602293388088873,44.79772785594999,0
1,25.15580097992469,425.704478071846,-0.0008928793154174031,105.56229318461034,2.5312189018830487,0.5866128202452303,32.23683796365638,0
1,30.82735334575269,568.3319865995813,0.6982831018572772,178.33876022984992,6.220136313991189,2.7434489628658416,53.812129469886656,1
3,20.408731050085066,373.83692281152116,0.594376187143775,105.56229318461034,3.511865314168864,0.9359083436248079,32.752841256579764,0
1,16.73266591665694,835.2268185035637,0.674287973298968,197.65792198895707,3.994095124023233,1.7524490122203924,42.49163791289715,0
2,28.272935096566826,129.45637130500705,0.7914032565896271,163.89495342459367,3.3571710092122333,1.6954654269058105,21.0,1
0,28.157730662996414,500.2499411928634,0.6197589176677707,105.56229318461034,3.322027809721418,2.0404842807119845,30.472911353523646,1
1,24.31957512970697,569.6623422572316,0.9063143475309511,105.56229318461034,3.180742881116588,4.074572707070509,31.285968388688016,1
7,19.81858167034077,633.1873484533262,0.704389162190442,105.56229318461034,4.345056688116654,1.5619320306301878,32.27963708176224,1
6,20.831628054743724,405.4520436380117,0.42857463063678997,218.3146966975052,2.6549282573532724,3.48766382740636,21.0,1
1,12.826542074602669,733.487167022114,0.5324577915708243,217.30078431235074,4.145851177163841,2.5135960325222495,40.74269020606683,1
1,27.79338553097414,328.98703298993235,0.12774179464997268,151.5444600687022,2.0050261025564806,3.752291360768289,44.31471342433716,1
4,27.57233111577989,461.4194258227891,0.3995619119055668,215.96221968856077,4.0697641677590815,1.4332647640444387,24.81754671964793,0
5,12.607901564431726,651.3196088447078,0.5038007188133219,163.82964910352516,4.55327978898304,2.79889983939983,21.0,0
5,26.25697803942122,718.4301703668403,0.6892547219115331,149.9177923451093,2.7694039498618097,1.8017662101675496,24.541642126166852,1
0,23.353881078526143,327.3597925790244,0.4299277942916378,178.4374641940302,4.410143785443744,-2.0659987879354422,38.45048536054199,0
5,14.422350455199807,975.2058864664253,0.3307471972131139,189.0086599548026,3.8831637449244294,0.4414064677729721,26.4373630960081,1
3,13.269792712972416,408.40134989324645,0.20249361939837485,111.211978766327,5.182678222500585,2.648737568657632,31.525282253999862,0
7,23.162180370881472,342.0508035955548,0.4607164962813364,176.51899067483032,3.1216266388586846,2.561469689489598,21.191931808270354,1
3,18.33216136854663,632.4343826837211,0.9701703604735858,205.5592847030654,6.205428159127092,0.17062984700190098,54.7721504605161,0
3,32.22135003896871,496.27304742696685,0.6342214069794065,182.1117083776838,1.8317429903668,2.170885164466165,33.80518490979061,1
3,26.789123122285986,472.6316299936409,0.7679158824710357,177.6684013680278,3.563216807465654,2.544303499013667,45.646868621492935,0
4,23.78973341205159,647.3030492111551,0.3999891534671501,196.74978301236322,2.4132014430767366,1.8342414479463591,38.4248681766272,1
4,24.099037725738853,307.6326895315505,0.26531004797955626,202.1659729052456,5.394885508553803,2.84204060171072,32.53931939538424,0
3,29.158225329519652,279.6584960040476,0.3357845071823865,171.50818812838332,3.620171165194697,2.6621730064659745,31.969714426217944,0
3,26.124740838354455,456.4122615770835,0.5605737781684725,129.4987612930859,3.6957845350098024,1.8336104751857858,25.022319556984364,1
3,23.953030832009695,724.4642783125321,0.1811742313041487,184.90404714666,4.2123200023915786,1.2057112390993634,28.044905340279023,0
2,14.683599090989174,463.3511530539546,0.3786819167180458,105.56229318461034,3.8359636434850786,3.2561549015621125,21.914174352416453,0
4,39.99999999999999,807.8650695245783,0.46272786280574124,160.8802515567195,3.341240292622879,2.491373969200044,21.0,0
1,13.913739668578211,744.1623617875025,0.3158149387873398,105.56229318461034,2.7844163094715992,0.05650889866000641,55.95012959306487,0
0,18.86552815264657,597.2713895211975,0.15526339653503413,105.56229318461034,3.9815512579600805,2.1715849060274315,36.06803601590137,0
7,10.459403080343174,606.3558174999611,0.6379307396419516,105.56229318461034,4.158220251459161,0.3606473835157913,49.122889658744654,1
1,24.197486991604983,597.120420002697,0.589174288976913,212.02168567238945,4.424116878577452,0.6067703291934887,24.265315172603756,1
1,21.76939387009032,577.554836589136,0.7358059735260258,176.07704717156076,5.446690554257478,1.019478753290959,21.0,0
1,25.61592333194792,493.4013284034913,0.3579148501495115,105.56229318461034,2.014034120292247,1.9392326710708065,22.24443967945264,1
3,9.931197157193981,511.969946686854,0.7319845486094942,196.64495300838712,3.783117554223728,2.374320962420497,28.357209264013346,0
1,27.793129606574432,380.80637494518686,0.8858608388973772,210.6514450301015,4.841059782089999,1.3401967062015214,33.40149925008776,1
3,15.766009112831666,198.39315371357122,0.632442946447371,197.22783449781213,3.7354011634713533,1.3979589464922704,31.33969721471608,0
6,19.889765827666345,728.651297485128,0.45801274111066786,162.62294150412615,1.875935138897653,1.2157183750017808,24.494899346647088,0
1,26.65742996540125,577.1613498856477,0.6090161299018488,186.8143252674902,2.7555267571260664,3.2627180009556698,33.9648651024954,0
2,22.459303842573213,552.9938168994858,0.44844252214088454,208.52608439057428,4.115998673728948,-1.8858854247515429,34.92924736993942,0
3,22.901947729519406,615.7518596572608,0.41514328846424964,130.38032729160759,4.085445727702006,1.4725458192292864,40.725040703067364,1
3,25.828254377941832,419.4564072330162,0.7166520779006652,176.96256976522474,4.404916546606457,3.919379929904723,49.17475533313792,1
7,23.508508504577932,391.83004585849073,0.5521899360425603,156.81773804653022,3.1839524874195253,2.562743666366151,28.997168315401847,1
5,18.68662415879558,506.6104490114956,0.8210191306900058,105.56229318461034,4.0583019173322095,3.5522383575486045,46.37028652998095,0
2,19.780389019433123,770.89575708221,0.491515402151286,208.90177837924452,3.0454748213670872,-0.8052084945544187,33.725313527707854,1
1,22.14998613725014,365.0014354410998,0.5117650838659977,230.3038304811169,4.0583647146607005,0.24023101446075779,21.0,1
7,15.214108099626182,131.6695429106934,0.46669780095370555,105.56229318461034,3.884698245566973,2.5585435457061374,52.61597891435421,0
5,27.061002161462568,468.5758253089996,0.355963312262559,210.0297861119043,3.15047758306316,3.926832383100122,57.99790086089659,0
3,22.630830516194933,734.8319865976293,0.7428849797233182,105.56229318461034,5.148874249840657,0.3735681937649591,39.81006125856706,0
2,21.291311998276704,274.7929561033034,1.0171423329228308,182.26885001196618,2.407265801863595,1.3681544468273903,33.98763460861045,1
3,28.29160837142136,363.1546233883405,0.5035545522867697,221.4021504441752,3.721038374271157,2.409932667264433,30.014544338190536,1
2,20.070714010639797,594.167478492507,0.4439008112649988,120.12721207984795,3.1319593259675793,-0.03729788415576052,27.89657233567151,0
4,19.68048226188914,963.1851256760535,0.43093530325858187,174.42755498247848,5.38072971011927,2.5686324626468977,46.31771378462268,1
3,17.7877511814441,334.6861330358087,0.444053354479924,105.56229318461034,4.342654326401152,-1.6519037367278329,32.8099943814701,0
3,22.97162031524754,328.49054536512654,0.9099567372481604,105.56229318461034,3.2945792846888726,2.5297560930936083,51.413337769692454,1
6,22.754814227348675,606.1917390142696,0.43630389604802167,105.56229318461034,3.605039156970887,0.5664878423880475,33.38348656862082,0
1,16.65004087641576,744.7479103989926,0.462946639822092,194.50257210697794,5.4034561941436445,1.289171708518334,28.464186372342517,1
4,19.710087648404993,452.14420602788636,0.33192914956980557,206.73707506103372,3.045128469346774,2.7404868112767975,26.385694890370942,1
2,16.691889901303263,292.576935020453,0.6387297547726141,159.9368256638916,2.357863535326331,2.470372845249771,24.81912306176052,1
2,16.408387208119677,621.3998753418153,0.5665540875698026,189.05194964930106,4.084445764469604,1.86946481025575,38.65560409046651,0
3,9.988615201084851,650.3746235684757,0.3525642448394879,150.01873045811485,4.103457908622569,3.1591335281586614,21.0,0
3,19.376793432655788,836.5848202461198,0.4014340805363841,204.27724608218102,4.399469041647483,-0.3642323366568476,23.998287683301214,0
1,10.162003987198105,657.1115379718847,0.8865866741071114,182.10794160548178,4.4050056391324395,2.149826970381866,47.569308884251775,1
3,17.9243667637827,684.4905722195807,0.5865415512537536,105.56229318461034,5.3273927466163915,0.8369754272668026,22.499957580930744,0
2,16.985672937419615,510.0567769811351,0.6003370790894595,209.47848035451,2.3967645080841296,3.091801538657582,42.48975414189019,1
4,27.41101938086696,942.6406947471148,0.6011307650052123,142.44477345017538,2.82964531649792,2.7869285319196777,21.0,0
6,14.466437706026982,488.29727830584477,0.8589250776422352,105.56229318461034,4.396250800514797,2.8348196489004867,48.95095746393327,0
5,16.055667291293382,454.0924605741168,0.3709571275358579,135.40623362959917,2.91127457855987,4.051904019173417,21.0,1
5,18.433496755600373,841.5223869629771,0.5007208959647091,105.56229318461034,2.6164661024621343,3.3667787428141702,23.359668821777653,1
3,17.189540228437657,316.1220353767344,0.5462069586674978,105.56229318461034,5.407309423919627,1.6722038394190974,40.48376835784958,0
3,29.39864746248012,256.4146584755336,0.2357648349420552,182.75651246018128,2.4792486094019988,1.878326433396504,35.97448947628854,0
0,13.692125370967437,571.1291079357576,0.3967716966837313,186.56466549777548,3.5449314888270576,2.673238662539479,42.84486179704288,1
3,18.446772089118582,551.7221562758888,0.7893349654561875,189.88083813666506,3.7901313409656203,2.0597505706671346,21.0,1
4,22.90271615418915,515.5379229518941,0.7320426992660235,175.46520827464892,4.939674779249153,2.8108287849208273,29.84514049733107,0
6,26.34184974742807,711.0287611394642,0.7674133750204062,105.56229318461034,2.2702054310427244,-1.064022960700398,26.212139698685192,1
2,18.441529590849264,406.6870108338287,0.46218195549371976,172.02029627032755,4.188999127265249,4.362660644807177,21.0,0
1,8.809905133934794,562.2667400999478,0.48686095197623275,135.674347931252,3.0920832710615342,1.9605577302943433,39.554872043724025,0
2,19.882882637539673,494.38304757789007,0.22238690099239342,105.56229318461034,4.367193418577658,-0.26165423677817934,43.37356591267475,0
2,29.29075879385139,409.4050399829199,0.766386908463262,105.56229318461034,3.078281510137438,0.6737927759097517,29.29447174455413,1
1,22.590330598189205,542.1055865662906,0.7993304537532192,208.22554201528783,5.160737255196053,-0.9307117075433742,49.74982429225787,0
2,22.30367535634921,688.4153285272164,0.7967841933071216,222.8334767946747,3.0831851845219456,0.44088969415480883,24.357297570338233,0
5,14.16529210626142,891.2908992688803,0.9008182506954481,201.71031966760148,1.77193704705247,1.6922320741954826,49.483140565507455,1
6,13.52237131429994,644.7070372638351,0.6644217186979812,222.0447097792129,3.177366630217307,3.879423288492612,39.18462965734092,1
4,20.93598235740709,150.26639977576775,0.8913763673093384,179.9121687259721,3.620507907122128,2.422090452754137,21.0,1
2,11.88955798424094,545.8975863293361,0.5399050781684243,225.4448700102289,4.749177253456339,2.18737600779324,54.79676693790936,0
5,25.716668801341577,559.9684465444532,0.22659792699888995,230.2633668474404,2.782931542325467,0.38166203199526016,28.110747134898702,1
4,15.520431077787753,701.793441532792,0.7521449354480235,105.56229318461034,2.7995372532241762,0.7916793965373647,46.256295135758954,1
3,20.668558420709644,581.5696483983583,0.2192221747982609,186.33771831836646,4.646885439115547,0.8940554447487025,34.602140341225955,0
4,9.012405130209126,752.4942267683323,0.614040409898673,179.96547631641803,2.6848109009117467,0.9479102319143408,37.11885346897015,0
0,18.356601181424615,614.6672984984434,0.7710647604248512,137.65268353146,3.6896539092309792,1.4159713233518416,42.91327458541539,0
2,13.395927621294147,801.4076911196622,0.6448517592070394,196.67357617400512,3.7067330058860293,1.5156653985342452,42.304363029159035,0
2,6.280544762947347,481.80065279227307,1.0356486141164551,177.57849787904803,4.022766810528088,1.4324165468125603,29.236387805641936,1
3,24.216551167390413,575.094954767471,0.1868142011706044,105.56229318461034,3.2101275032786156,0.9938520160456032,38.848321555324546,0
5,31.101590311501674,684.2626456623834,0.5634278654928169,173.72125056395066,3.061324715193367,2.0582701788721387,38.02259833568352,1
3,27.896894712165476,460.448948753049,0.5834910930505312,215.47663505005477,4.121311331071925,1.4649724859558568,35.3491731965817,0
5,25.092424728180973,425.5979516670278,0.3111794367635173,184.60160515490742,3.0873634833373798,-0.22614876501334047,30.763518127872977,0
2,18.22934115068135,451.3036640501304,0.3492534418551429,200.9814743346647,2.6976258802998934,1.9253840053804743,35.327213165136726,1
4,25.870288015473484,432.1255012657724,0.41097427783468,154.96361785521663,4.871351989795415,1.725871522928319,54.642948208154465,1
5,28.487995402960152,635.6099073400524,0.36007054119014753,195.3082467708248,4.2500001203585125,-0.20510823737283257,29.75469912674427,1
2,21.67990413920704,258.4307152584711,0.5584010699672264,105.56229318461034,5.324702012442885,1.0994820903605698,46.2724616178463,0
1,13.405324487828294,303.04479578913487,0.45940701996956806,124.5977139324985,4.498532827022234,2.6681357805349935,26.18399933691889,0
0,17.695337080995493,850.039438777162,0.643581676819135,168.8937413428684,2.774759332629541,0.3798860809678699,23.305538714449817,1
4,31.48699700593155,435.9845246441316,0.7098860932406126,105.56229318461034,3.920950161650396,0.24032362795838824,69.040392796243,1
3,20.354863608932547,584.0023761874797,0.6963557919437778,105.56229318461034,2.986872266036673,1.451153618970905,38.94026616688168,0
4,0.0,313.73657313613944,0.4979747509630488,190.14631561672564,2.4526479387566416,2.7022705961517923,39.242648074185745,1
1,11.623100981402255,567.0598828462842,0.6368951258928944,182.12587358525496,3.4643525098212136,4.269632419753958,39.54750549017622,1
1,18.16465966663057,436.95893317097534,0.7870257832353466,206.06965593578838,4.664487615251262,2.749794668406863,48.480296771880475,0
2,27.310373901408653,301.9056802943337,0.669112916255498,105.56229318461034,4.070926677061506,3.311972617006063,37.48591016079529,1
2,19.11241852243866,765.9072700103541,0.9517955388886841,178.4631947448045,2.671648929742632,2.337640869622196,41.97844059812911,0
1,27.42690612451318,741.2105163297394,0.7764357973533376,105.56229318461034,3.434833076821301,0.9756469068715958,21.35574893917825,0
2,17.52762578284674,534.8232334857573,0.9236814145296922,203.30702007054646,3.7199920683127368,2.7402586211079245,43.82315890968897,0
5,8.52059827868997,711.9070452284658,0.08153137441398706,215.18405890570187,2.42114553866449,1.7669973754148802,30.39563386158705,1
2,17.74433350609148,856.5268300363456,0.5993352242280464,196.38316970637544,4.439064786808834,2.377684665932977,40.3891673041106,1
3,22.983382206870694,672.6521493052943,0.5152134998095563,212.3381016229249,3.6478625779426483,0.6312406292167312,21.0,1
4,22.463585646459187,628.7487583215941,0.5550040539371569,177.10746870131518,2.6719003168170716,2.495708457108544,39.93197551601625,1
2,12.962231515254148,583.8319514373295,0.4190081159791721,206.0491025703738,2.6243741812575028,1.7209291802690165,21.0,0
2,18.62344101248604,655.9195783774783,0.6592398800768359,179.39823606981807,4.764557713734153,2.18526022628299,29.964929825202056,0
2,37.637136119021314,493.77289704165815,0.21832871351651748,105.56229318461034,3.520117052997596,1.7677034092308255,21.0,1
5,13.099008967005366,507.7382609341685,0.6606873725742582,187.4231443451618,4.839895704323386,1.5140918877489786,39.963403988755786,1
3,24.961106290651337,624.1426200340023,0.42565775596389194,105.56229318461034,5.16061060311828,2.5197918290962993,33.76196869293462,1
2,7.691480764649279,476.1816207744754,0.4799227819759132,234.20285733857077,4.698856549198976,1.3439597098631357,24.521338566556956,1
4,26.232926446443187,493.4720523530396,0.6677003539131475,149.10463829152528,3.3919173328413073,-0.2170683320984188,48.77848849538311,0
7,15.234342035771766,552.0298663415957,0.5957555455732667,201.5246622828528,1.7418084195634844,-0.593640499900828,23.1366685623328,1
1,23.341271148768826,736.097208094891,0.7907841822812907,174.56086031104266,4.102916895809256,2.1234298716436104,21.0,0
7,12.734146042634366,370.7737994304564,0.38609929883080213,105.56229318461034,5.59692415061398,1.28967248455791,38.649985372516674,1
3,22.644602062969938,673.4685604328417,0.5638588695565745,105.56229318461034,3.8102723343339866,-0.4024109142103067,21.0,1
1,15.132098945041884,678.6874260485553,0.7577546234022301,204.51241482507396,2.1685549642087167,2.02062615651099,23.484893926880734,1
2,16.344631435210204,677.7299214874895,0.6522399487502797,222.14538305443233,3.273102062998701,1.7560855874351655,27.30918769766794,0
1,23.591151252214466,422.9205791664818,0.6651188506925593,105.56229318461034,3.685664049195884,1.2205100569459932,21.0,1
4,18.127477580367604,281.17094151825006,0.8016085716766469,105.56229318461034,2.91768960336737,2.2057882999987255,27.568996553359572,0
3,23.20532112224555,641.5520755858275,0.49875151022609443,150.08007182849235,1.6862786668968932,3.615924093342301,21.0,0
2,19.627745681491923,582.0062055062339,0.45663382457554574,105.56229318461034,3.757805353019295,3.5756597486643837,34.78621503646352,1
1,21.24570106547762,712.7002615621011,0.6951808873864672,105.56229318461034,3.1807039530595937,2.069769328903332,21.0,0
2,23.610569503610435,439.9141075184739,0.5501137027977822,200.47683881531628,5.3290609951559285,1.7681822286210331,33.33161038660216,0
3,18.6308172582307,673.6189402010177,0.8044407135395432,172.26881370368588,3.924868129905549,2.0882104740474188,45.782084746983315,0
3,14.584714827968375,720.7059379551058,0.6539546874230112,105.56229318461034,4.234446273394648,2.2878891512621395,41.6061004732138,1
1,17.489108803520686,536.750444632104,0.45532986394194763,199.80125817589663,3.73996763946331,1.525846406283367,32.10118238644264,0
7,28.308159139053245,618.7087205223706,0.6476768053622284,202.17085485378917,3.9187359746660366,2.110396839138095,22.123889497382,0
2,21.550580783402708,613.1146332038552,0.3994600671554933,148.77478387652778,2.4520685977757997,-0.19719103377517255,34.75094827514839,1
3,15.531377542916976,420.564875355256,0.7693856936714113,182.5157186195881,2.966260303614117,1.9873805260177289,25.347089630862058,1
4,23.337966471277362,636.9754563655372,0.3005695386903697,197.6250238194462,4.754436349108255,2.5093939454324783,35.21235804571678,0
3,23.7560537369012,811.5997345441622,0.824413054839237,194.39307293405776,4.015948054573365,1.233408636551544,21.0,0
6,24.07974809629257,555.5526295268219,0.6441753022369154,177.55074680743886,3.505254188978688,1.7539761095423496,41.87987161969207,0
5,14.698780482988505,318.2520098157348,0.5470878060754651,220.00906691846967,4.248383842831334,0.4128128974745162,33.365382193144626,0
2,16.549163822514267,442.04375505375845,0.7326668301867753,199.6195601412998,4.264924004266098,0.22958607049370605,57.29368348010091,1
1,16.583997308104067,267.2912881837396,0.682265328832471,133.5330196941349,5.512351491673133,2.158275902906132,47.36667608026999,1
5,18.564244831119055,758.4417806473704,0.8460763371316122,134.5024992131194,3.976975728863885,0.9169768192263466,39.22805630063162,0
3,24.198244981324784,674.2568474124952,0.8442123476706933,110.45117481249014,2.9474936365713473,-0.46540987328035266,31.636077289216743,1
5,22.677996475185587,471.780916533149,0.6504580888332573,201.1374128923132,3.7428149543508393,0.4124526451425363,24.974351999281676,0
1,23.17297584917673,325.1104124849702,0.40564586239168454,105.56229318461034,4.350355126781956,0.6043795961944687,43.366502245375486,1
3,29.30322636147676,418.67280668120156,0.47169819991075174,137.53536513608995,4.67635356960011,2.9024462570058986,30.47583229548317,1
3,25.137519938918608,449.8756854884564,0.5656706228376703,212.26581858544105,2.483373227412581,2.116430495006377,45.8520109624313,0
3,19.934881905384124,569.5052158432094,0.7963443388790188,185.0136845632753,4.0531136443731235,0.7294850984323638,37.40905480108814,0
2,13.408299395431962,564.1214949117408,0.4887227077325049,215.34882760764364,3.086305860901582,1.1041490054380692,37.4879683997474,0
1,16.347770297439737,766.6291160597924,0.5054118959139727,205.84785828198832,3.3640291833196683,3.6119514292615387,39.539787396647576,0
4,19.183925121641607,441.15922276831316,0.9496701258534853,105.56229318461034,4.55050528436445,3.1156552144599754,22.88410367718687,1
1,26.015837917720944,310.6899433033714,0.5591402977244546,168.9298508516062,4.466848773122795,0.4041602350639868,21.75650131739015,1
7,20.651807032668685,366.88344397723324,0.4530536219466789,210.6821772807561,3.2703519325940507,3.4158541347067506,21.37619606800453,0
2,16.71322368681747,548.3160232885598,0.7353292056788295,105.56229318461034,3.70741270232633,1.7735699728462506,44.522466063635896,1
3,16.232869835274613,435.41150928867347,0.568773143408083,194.16448142777267,3.389691292098483,2.9354873463942424,22.5970625372968,1
3,20.387218077167404,505.27863271791585,0.3020801673132869,172.9588450791981,6.269030511563685,1.6644334993980108,23.967243209851297,0
6,26.39699068389492,479.354627148889,0.7881828165614748,105.56229318461034,4.073820859814105,3.4452945423396706,38.91268839670457,0
2,30.787561393689515,710.4381525928293,0.43059213586014505,181.62988286936456,3.134835463330856,0.3493007927674656,30.227459629016586,1
1,19.534255941187375,458.08549006522844,0.5887171196779152,105.56229318461034,4.950620402825746,1.542805430576399,28.822263336988485,0
5,20.54276017381595,491.6252676883504,0.5663721772425288,105.56229318461034,4.980267547173971,3.4857269068268346,27.867895342903882,0
2,13.220054965804875,666.7653729854042,0.6260202346939727,175.80323115418722,5.345003396839768,-1.2782427556203872,21.0,1
6,32.968174962094885,461.60289423486785,0.14178518548706712,105.56229318461034,5.593914693308479,1.8191989465557055,22.3643032143958,1
3,12.04848872127783,619.7139799131228,0.5129801042401531,105.56229318461034,4.434480501607548,1.3605188577673926,45.99719450570301,0
4,28.161123216389377,605.0376419234814,0.8049674120231404,236.90440653815355,3.5461245352263724,2.7837528243177436,27.066620883126298,1
2,18.534883571155873,574.6825374337727,0.8330891039783307,201.6790466412364,3.6698019152123713,3.2922857347424825,21.0,0
0,17.06914732283561,370.49657876696165,0.38174192367193577,105.56229318461034,3.5946567466505037,2.8439746414851927,21.912063372446603,0
3,13.871020820285027,748.7638759235099,0.7641196485423631,219.47131427868027,3.5008454915696174,2.198120334484364,36.95839361230495,1
5,35.91715257077637,907.3094074532983,0.4277140491148832,105.56229318461034,4.881546918122416,1.9335452034858756,36.74038070126312,1
3,22.2101921314867,553.4125021227832,0.5050935481225433,111.70804762351611,3.8406055618262194,1.4276219796465346,29.76291326182515,0
2,20.956266930712246,384.58322026073995,0.5156031267081498,105.56229318461034,4.655994366445613,2.157163860412513,25.418755482064633,0
3,26.37660330829317,556.6564333320036,0.6017607419410816,187.8184154872394,4.408273906016031,3.8067443750528724,21.0,0
3,16.746813659751766,710.3776224937599,0.7802732912581725,218.78857982952064,2.9171298309774496,0.7837237662736452,37.05003540053209,1
2,20.834548524012426,453.56997188550287,0.6329169072058223,105.56229318461034,2.3975715973156815,1.3492524528362226,42.21657459434569,0
2,21.17582216248246,531.3761305410897,0.5547736479352311,105.56229318461034,2.8012031079845454,1.780326836211814,47.17768002257029,1
3,17.615412059365163,606.5046618259427,0.7734622466076431,213.0102820193054,3.4815666511061374,3.2012311365382824,21.0,0
2,28.336335802813224,744.487656352948,0.41946772195325704,222.22476237731655,3.9528356042250152,2.174759088208911,48.02075278446807,1
1,19.453551927857553,676.0677972942999,0.56455651130641,105.56229318461034,3.295427725030717,3.1781961021196516,32.37726704009098,0
2,11.095701515056488,682.698875125162,0.7791562456755057,195.58575947735133,4.4305747232625246,3.245025187464753,33.29229159744737,1
4,18.9347054675993,483.797030931772,0.6858612423581146,186.5557164347753,3.396744436689754,2.6614886100823743,42.82951244694607,0
4,22.383596467336893,616.3070328278277,0.4867392045110175,105.56229318461034,4.055844248074513,0.47552842613346935,27.049507061722938,0
4,15.227027815857651,436.4858676599793,0.2774086466799465,105.56229318461034,3.9387686117559846,4.072643963703664,21.0,0
3,15.721169751717936,687.2841759816338,0.6421716381589623,210.7249001661535,5.296923797101405,3.7443424858423655,40.75347703015338,0
3,17.401759992195466,736.1951425256982,0.26426495961940216,184.44335109457717,3.020797622915771,1.9638728666630842,36.8342781872458,1
1,28.47160172606153,640.5381710036196,0.537499727061767,187.74886401527186,5.695072036569952,0.056063279921707565,29.036954684353265,1
4,17.771910402460875,493.21430611282955,0.8157896798473335,105.56229318461034,3.340746123698732,-0.17985756839415146,39.847844783309135,1
2,29.773565313387913,519.4036595133443,0.6993517292603698,105.56229318461034,2.7143522120969203,2.2156966270508973,42.09637806511715,1
2,16.971544881789825,841.0425937059215,0.17526920439756657,105.56229318461034,3.6577914080417084,0.9536894163873624,21.0,1
2,22.85855494453037,495.8863288602406,0.6200903008680634,159.39366847180904,6.561716884854919,-0.38668965603570005,33.247642718375005,0
6,18.028163749090062,719.9990667920908,0.5161660170794812,220.12618031657388,4.591972397415645,-0.20476272315916244,21.0,1
1,25.545819751895444,606.2226557149635,0.3252565198549101,105.56229318461034,4.346489846890659,1.2596230032043887,31.63937491537039,1
2,13.81922205596574,498.5381682464252,0.6470042591604205,105.56229318461034,4.507956963778877,2.137307037430491,28.899835315684417,1
2,25.475525634468973,336.85615560489197,0.48165243024185456,194.73257358668752,3.193541489818062,3.7355412273408914,38.41099919169964,1
2,21.536152782724606,585.8560608941611,0.4828931922721004,200.77301696439412,4.1138772761473215,2.5191714221378314,21.196392474136807,0
5,16.814710409524928,566.5761386569795,0.6048090236853441,105.56229318461034,3.8421019322663827,1.3765460197777328,28.363648105633295,0
3,19.781940013974634,841.0455474334933,0.4548230938197031,147.44711889537538,5.359616068861304,2.3815334161280948,21.0,0
1,30.429540251578985,414.3691687324003,0.5991471667733126,188.1458715244226,3.7487023180672114,2.2635492129770283,39.13254203137221,0
3,21.68630916702736,919.1629746476456,0.4613350220740132,165.15744663298034,3.522247702554977,2.8561996734986397,32.02760091526519,1
5,16.421792797878993,612.6096847194549,0.4723077078754916,210.9230332234719,2.861568506209937,1.827276410069299,33.959655816026704,1
4,13.277977958528696,612.4526753955453,0.7785859538591056,235.4755818287083,3.957612168975517,3.2477810313359856,21.0,0
4,23.98834066378211,457.1084584908432,0.7989343272760553,105.56229318461034,4.086079540155821,2.96827637630028,37.37868392338306,0
5,22.04956855133058,602.353009208715,0.23826915057147502,216.00278641839498,2.830665921961965,1.9891640048029127,51.18024673865648,1
2,25.175910719880967,627.6881485173141,0.7294145687693105,180.91711086363756,4.220657427410884,1.722623849729006,30.965960092361904,1
3,11.66505517473429,701.9723666913403,0.8597182009252211,219.16603065812896,4.0358707999876815,3.0940679922673633,40.15097798889809,0
2,13.481105184170021,395.46844678528913,0.8914753634807152,203.8237483135071,4.691294438302362,0.9382139000987089,23.423168745615268,0
8,28.005906267990476,777.0849369260861,0.6840759451770237,178.65149101664906,4.858389219037599,-0.10872893446927989,32.154581909482395,0
3,22.898184223265048,609.8264838035167,0.36852042845122057,204.81607675469465,3.9191946066359944,-0.11623334902287441,21.0,0
4,24.163683586012866,649.3166232491699,0.7059961680695069,141.83739736910306,2.96945349732904,0.8287856928818478,41.66933985162809,1
5,14.793666179159468,516.6492381592383,0.40614952895681666,105.56229318461034,3.1422778723424982,2.7507410343859697,34.75824634881936,1
4,14.67905200578931,403.4971778753519,0.5114069667686691,206.1892542771376,5.320187236986436,1.3219055119149798,21.0,1
3,27.03125284366513,563.635940384526,0.6566164314089638,105.56229318461034,3.9790110902229503,2.1499611237108183,24.179516054781104,0
3,27.326359717397544,581.9672879717149,0.41904813067625213,201.4450639712443,5.306769174822888,1.2262091864369886,33.671947898581436,1
1,14.006828519032135,330.33147710168146,0.3507199386564432,177.0110936856982,4.258828047529273,1.2366882769011647,43.16251517560592,1
4,12.810273625296391,678.92566482642,0.6731546636981647,105.56229318461034,4.4731379352298966,0.526387949645277,49.27479923870369,0
4,20.14286812876032,711.4439414234529,0.953444840862463,105.56229318461034,4.628527837640053,1.7586977744512915,31.524620830503274,0
3,15.816657771409117,435.25366018861973,0.8286468660958927,190.99867614635573,2.8125633958960847,1.6487838687717769,21.0,0
2,15.686209077012224,388.38634395646534,0.721437237010019,140.23421440456804,4.097838630094522,2.4247178306000046,35.62311654356174,0
5,12.985589438821295,503.5261797001118,0.7758370871179465,105.56229318461034,2.800920922855867,2.259760841255467,52.633706389355865,0
1,17.88918014422221,555.823215517808,0.7075438994363833,217.84988052392652,3.6006736277829297,1.619765457134895,21.0,0
7,13.591119450523871,509.7326384135465,0.6699800458818785,183.9975132007841,4.377742494343361,-0.10803727547943187,22.499447857821757,1
3,13.962477520846717,542.2531467566747,0.7597235679197294,195.01705783100832,2.9787195319527395,3.2931648972033267,39.720607786713074,1
4,22.69181920621933,587.4364316281466,0.3063273815891956,129.66186360017338,4.309843352603244,1.767741472469809,34.68959048779583,1
2,20.477280040858993,333.0769698038994,0.6198970598885826,197.98479617637864,2.5813700522086975,1.9851283506599435,27.004782989087186,1
0,23.859788621138556,351.4726996314776,0.5638103587512313,226.93352403331403,4.800388652127717,3.992653486870596,35.421252606315974,1
4,10.495069942204667,116.43556145229684,0.5957805662289127,105.56229318461034,3.281872767031508,3.078853207106654,43.75299722039747,1
3,20.884869667767738,702.8072365525554,0.4877255570506421,224.18889185924138,2.9772213636562217,2.4693129424380844,31.918300235882512,0
4,33.82273156063548,554.4363232987919,0.6840975689548465,193.39881890464625,2.6343010305674923,1.8769563606705102,30.95391536278694,0
3,18.49143998773011,719.6561810344251,0.4164143980624786,105.56229318461034,3.3533427804163667,1.8646278755389178,39.47926586918288,0
1,25.988400781660815,369.9619206701773,0.47322901412159313,232.49649639605656,2.2376060821562884,2.196951136992858,30.02433629905384,1
0,25.93364853638738,555.9051743253059,0.44922401726957994,193.1449084105223,3.379344723149003,2.417116878130754,45.56775916965943,1
3,26.241737148935087,586.3722409786562,0.7527893274539739,202.45188078036531,4.763569101279788,4.139050317635057,55.29413646332787,0
2,21.866791544845192,462.1148008271976,0.5776552993581613,155.69281341788374,3.681482256218539,5.14471122924691,23.177638350573716,0
6,24.368390979590423,303.45155224531317,0.4878335320406474,105.56229318461034,2.8508843626384213,2.263144263132685,21.0,0
2,25.20091845937673,831.3394137816251,0.5053140609967639,183.92522792834242,4.030061185917799,-0.9623244150975956,37.08891162559048,0
4,24.802793825550978,775.8853346032081,0.5807761233360814,222.7136725325404,3.9558324517349215,0.6236972952549293,21.0,0
3,13.824583076160723,490.89083652394163,0.9044349837739708,151.71977721516205,5.483552368572002,4.271175884070733,21.0,1
7,10.129616592833473,633.6364232271372,0.3326959327306656,173.7125123745417,4.504205655573941,2.8286214692975853,21.0,1
5,11.092873827166672,474.43349178289714,0.715101999535957,220.4528310831211,4.096702426825189,2.4423813631633946,28.795225276709374,1
4,19.13097182087892,392.7354235160404,0.6743724676062015,152.67543563049827,4.600255900622019,1.6597739569457157,32.63710666890025,0
1,24.542757960802405,844.3618407931222,0.40340692031064485,197.28727702565808,3.7271199027287474,0.3104908818217005,27.30900711943544,1
6,13.906045430948042,287.14097897507173,0.8733746580309374,207.91673826414794,3.7766529280387924,4.094682476264063,48.293665018853886,0
1,26.609825995270405,506.3194084846216,0.6878560901761352,161.98099383071425,5.233509854882515,0.7933624680542024,47.47475993750729,1
2,17.677231488429484,565.4918123587574,0.47845333935404866,190.0162752651211,2.4661136174743516,2.8426915978305276,54.21728360423932,0
1,17.73685513952377,816.1978525899658,0.20811733481074804,202.0011164767015,4.653074231038389,0.16307366392453027,33.5118131252708,0
3,15.58643855304406,695.4541846777629,0.6258293668998225,140.93040864186509,3.7469351604222685,1.595739736026675,46.022009643618546,1
2,9.018546388296636,284.440036069229,0.5710508830488034,206.3191989593122,3.595148886147184,3.1907034121979123,36.397379136658685,1
1,22.25918458059028,551.5599614345308,0.37385741374677617,113.5551854751939,3.3755674156972812,1.550403692343832,35.29220543771583,1
0,31.549446911505235,555.3696317382975,0.3712771179728726,105.56229318461034,3.9690861772739177,1.3936461645168432,27.858753171749925,1
1,20.430518576528726,515.4658663520893,0.753701973423901,105.56229318461034,3.80343524813608,1.894039874220259,21.0,1
1,9.232457816489099,651.1694572048482,0.188861018535801,123.82641723792224,3.491649995149347,0.11647618198589504,40.01020600515388,0
5,25.71028421889713,326.54289155904365,0.6428565510146071,105.56229318461034,3.249767494102013,-0.13187391730074038,45.695498601808254,1
2,10.646856843461451,486.6182539941328,0.5425126049378277,140.93600473701008,2.2395224199412143,2.8227921571559853,21.0,1
6,13.250789505425638,628.610999714092,0.679430965670688,200.5263915737098,3.2320048547445968,1.3226828981845042,32.89331471599131,0
2,19.33027228396294,660.7321096257026,0.5211389980279598,105.56229318461034,3.4096720771407836,2.8125598839675225,43.908118852560264,1
5,21.59235729809147,575.9071157614715,0.638654993052063,105.56229318461034,3.9670341006201473,3.3560015826389344,29.0455134569004,0
2,14.505711838246908,505.85724795195216,0.43144503109425814,105.56229318461034,5.488992143132464,3.462208243874012,46.124140406654945,1
1,19.086153300049588,532.8093962197644,0.5701590167653263,195.62644641821706,3.3225967974487283,-0.25973093564076777,31.456886633068947,1
1,25.30205847821496,670.4651395803579,0.6778167756301485,189.17312551177326,2.980066082852377,0.9588653395048545,27.22325616231913,0
2,26.160194457284895,557.4241254600736,0.610174374255094,105.56229318461034,3.2398232833053973,2.5896126052978232,46.75315604235357,1
3,28.660874740550078,385.30439272951537,0.6560613684803088,214.72902280991656,3.9688096047857764,2.6099622069128205,22.728708902458933,1
2,32.78170054314677,354.6403865688155,0.3944157401096706,105.56229318461034,4.3344537862288695,4.8492576111391035,25.026055649927272,1
1,25.89533438641218,313.6580125702225,0.46186508762302964,195.66872714596244,4.4518099789784165,0.6819501361323321,23.14899526810963,1
5,19.46556374169115,784.8929309582966,0.46533203215681096,145.79665577852205,4.535274718516783,3.4219822899194092,21.0,0
5,26.204880466116066,681.1938936979911,0.5247020488826495,105.56229318461034,4.654153693594059,2.371402485250873,34.68337309111827,0
2,23.746036981697408,534.9619386911124,0.8517165739235657,105.56229318461034,3.6057377445225374,-0.2851113439957804,27.35771938043647,1
1,23.994370091752636,479.3932023737466,0.5091642488928598,204.09454308754442,5.5646377543426135,1.1568838875208947,38.37474406058104,1
3,21.932910783735913,460.1711987252228,0.3512881080468999,192.0024603463551,3.541994442226638,2.226536976266789,21.0,0
0,15.110780862267854,726.9179372131536,0.6883291375701185,210.1603650715375,3.931846084126364,-0.3697640549510708,21.0,0
2,14.384006428663488,856.7093613079585,0.8493286862868963,192.0009816233047,4.928494740289061,-0.8575559265625734,33.56736998479007,1
6,20.214734756675732,455.13713217159375,0.3277576296295382,105.56229318461034,4.315797023509724,-0.4448402038003696,49.16648656924089,0
7,21.755612978466893,734.1464833049135,0.974562150943618,231.125618310675,1.9576887350208994,2.2220564247113272,37.16352363809273,0
3,16.567640156857898,556.4820664574223,0.6630353204646144,192.53431791520117,3.844734097449356,1.2402392184718591,26.51670345664513,0
3,23.474383281603792,518.0113712143253,0.7867781578136781,197.43279984956047,4.564050395112648,1.061658479546024,21.0,0
3,33.85485055615498,792.6742852527877,0.8734143270086631,144.07145043243833,2.7114849651951713,1.106979177581239,25.873693467532966,1
1,9.898221843118833,550.3734846811557,0.7745235285415484,213.50450456340042,4.470581947908349,0.00015841661152182773,32.53267465202897,0
3,24.469591837784087,599.4183102807417,0.5578928805984635,105.56229318461034,4.167729309611301,1.277547798651058,21.0,1
4,20.409787394750957,591.7238292658313,0.823539628838283,200.4601550524598,4.834493206435153,-0.5229254234548231,21.0,1
4,23.64544874728687,291.90410133448773,0.6309199539741839,105.56229318461034,3.258777689235542,3.4476863039537564,24.886884388883303,0
1,18.125415645879677,598.1457837945699,0.798096944981528,202.47315159549902,4.676550469094965,4.113875231293927,30.168505320965426,1
3,19.908212368623822,461.96927608956275,0.8199750967561366,105.56229318461034,3.9740709278166984,-1.1904041016737068,32.40229872276425,1
0,21.63405025169149,324.6154975767006,0.36182068200544637,188.68791024029193,5.323482255403921,1.2607488496922032,26.280454439721517,0
2,18.933850441016013,469.25806712819804,0.7388602263954013,218.5692272686863,6.180281947763193,1.3467049115620666,38.56460500423209,0
4,11.299817708370794,467.9377808580887,0.5436216162973256,206.5027688794638,5.132197568804144,1.6496804512655268,34.371775933335115,0
6,19.35797447639026,716.781206260853,0.607638127356803,215.8909976538743,4.243635689610908,3.202020160174208,28.92930387044302,1
3,11.951845487356296,381.79366142367496,0.6054185497685595,213.67376164061022,5.789643356691916,1.264601767504011,40.081529190317255,1
2,24.91394402708925,425.6244097521193,0.5973940435150716,119.23993963062891,4.346921555001106,1.7635080691947007,39.18134678161147,1
4,9.13905463103908,589.662121687682,0.8847050624458077,200.10626730845092,3.0773256006410024,5.812352552217833,21.0,1
2,27.265462720694607,339.8729965833204,0.30671047462118733,105.56229318461034,3.8070104221606766,1.7330933619609947,32.647696739254904,0
4,23.513345806721524,446.55891868282663,0.23553132862604279,105.56229318461034,4.479804636487801,4.211436615595216,42.79286584613921,1
2,23.5373056853563,285.6837223466845,0.19334198566688535,219.25143392042148,4.533801490720854,2.5426237077532594,44.63238207232396,0
6,7.267887103816866,699.2018336008634,0.7938288527871827,143.02928994104246,2.8947774925615657,1.1491041291398782,37.079996696988154,0
2,18.76496483049096,503.7819007295703,0.425312501626468,105.56229318461034,2.921432879373875,0.9286311369284314,30.43382582078967,0
0,28.04776968163162,549.4531447996412,0.6064372939029773,229.66565139427533,3.5532997291837276,1.8704001746003873,37.634517736556795,0
5,17.574938926353866,698.5616511665744,0.5570565751750842,198.97510982181007,4.2890166353031995,0.3930554753345439,41.88550774420962,1
3,14.071070351293534,436.4369786153781,0.402724971872004,204.93831484817144,4.3965525418991325,0.7396969243576754,34.27415143910521,0
2,16.83551439515196,502.08207861631934,0.7502954475111397,105.56229318461034,3.958696304248041,1.321560006645971,35.51464560136263,1
5,20.395363665562357,382.9875201110814,0.5545074063565231,188.9772870930058,3.139079863845176,2.2672134753439424,30.25216530231149,0
4,15.490843344152934,382.63940464067,0.532452984592323,187.88120287007513,5.299032072136214,4.2903163194981815,21.0,0
4,28.55040027136571,404.7067369590594,0.6265742615480502,105.56229318461034,2.9394712280518465,1.239860156626293,31.08199467722629,0
7,20.41797372165434,473.20153746661356,0.7241544169676435,164.08638193046272,4.9339662256771595,2.4892038212191094,25.55174659531413,1
2,17.343449403582717,490.43271453230955,0.3882047512931105,105.56229318461034,4.460611558098306,-0.26882515748830826,25.586864845706547,0
2,12.672656253294724,598.1811441437408,0.7545836694666573,147.68337622987292,4.915479135252252,3.2795810059712585,48.77217938076172,0
5,23.85708252207941,409.40528831329607,0.8699707039546699,210.29821476262345,3.4666760339447498,-0.39262099890358204,43.4671311550355,0
4,23.714409147789134,603.1412281467963,0.29477552624776476,105.56229318461034,3.7201704736050685,2.933870143173894,21.0,0
3,15.861372846107853,629.6002066437164,0.6356597958255663,228.06310198231986,3.8862357481160763,1.7731790616680192,21.066333460960262,1
2,6.8168301875030775,477.1484507468374,0.5190155575285346,105.56229318461034,3.4398258810947273,1.7207381155834776,29.00081750992175,1
4,23.39559609107676,423.24406841305904,0.719846116144028,156.54473710141343,4.029217100935882,1.4836505723471431,25.953045468504413,0
4,19.65303527195075,565.6126451167984,0.33666815749462975,105.56229318461034,5.1664351430998146,0.16234653580243052,36.49160100854171,0
5,22.927805274247746,519.5332059183288,0.9057876451287151,163.29034238848828,2.7506595683789024,0.23228292697317987,21.0,1
1,33.08079623429853,587.2562926837672,0.25842103871418615,218.8436731047557,3.287942165102684,2.9842066059714565,43.543851574284766,1
2,20.654939105174165,803.1786298015948,0.5311438120446932,105.56229318461034,3.1967739322867446,1.895756549839432,32.515939005639915,1
1,17.604809502283366,562.9819277484345,0.666859215199072,133.43631853262104,3.76068865980572,1.474025109560734,29.254367508177054,0
4,13.637295233852415,449.7231101951789,0.44273263061303497,201.8061478666046,3.7261579340577486,2.4652852948395947,32.842486130126495,1
1,18.866285636506866,409.4576620892706,0.4113196903085925,180.30814157101278,4.488744250930193,2.013729573852052,28.407411191334653,0
3,21.828685262204736,415.6477389885466,0.6244471273261049,184.26481302929483,3.8683274064539552,0.833330354079358,21.0,1
1,21.156852334935465,317.9573908622207,0.5955519839982161,105.56229318461034,4.094421952444214,5.128515018112207,33.13118578848624,1
2,31.61707258791793,701.2389773352926,0.58118763388303,170.93749246186565,4.17469635823008,2.8577984196241015,29.47178972501986,0
5,23.948766515578335,194.6753889030777,0.7517377022931252,213.90934518269455,4.046139411412882,2.047730516834613,22.500972860819715,1
4,19.978727713362453,630.0967708350889,0.5011054613143957,105.56229318461034,4.430782971624377,1.2020330810775994,45.0717281455824,0
3,16.397789407649817,413.1097749319631,0.6439185299590009,105.56229318461034,3.7372483590084937,3.1376427897363315,40.363818147325496,1
3,22.4931621880625,470.0151656601412,0.47867943834483706,105.56229318461034,5.222949452702998,0.8404104119615534,59.827423772371766,0
5,15.142383672167538,408.3219773528978,0.41013410283411844,198.16321996360986,5.974960671243785,0.7292573419205726,42.183113513116986,1
3,21.949271617142024,783.3383455427249,0.5230482743019963,215.91367572404704,4.433234018804338,4.1151898391773045,25.922214262666955,1
2,23.875666895093843,554.6104962697243,0.4802469625612737,163.0389753330287,4.0315125775156115,1.9204912324133359,23.03631683538034,0
1,19.467344263796534,678.4605640068564,0.4902392397674437,105.56229318461034,4.364649139826485,0.8723790735360515,27.562638385850097,0
2,16.87549528203587,760.084297375361,0.8130654835604324,105.56229318461034,2.915132207857739,1.887505121412374,25.667085227534905,0
1,7.1364453848509,578.1448758435846,0.5291793091928891,153.0049051191583,3.9912885926709483,3.002246251079856,34.19661700239362,0
2,27.986851222021272,360.700196663166,0.44741866554402704,152.62023290592617,3.2256873301631686,2.700055879220854,21.0,1
1,23.348862747138533,516.6971599814765,0.5856157548095982,208.78409290018362,4.268380610481877,3.1660261872741167,40.12015220450634,1
3,23.50115974631092,433.2403178294076,0.6008455878256815,105.56229318461034,3.229858181299196,0.23058620838388588,34.0031600630857,1
3,11.044217781972321,471.4393340980322,0.3426237540811857,194.71184092396788,3.550386945898527,3.1328768934107947,38.85710738567565,1
6,29.464934577065947,536.8601931761137,0.5203187456152313,152.15162068318807,2.267544439360636,1.6436424156124867,21.0,1
5,17.909328141214033,530.5350972652377,0.5122631351802805,105.56229318461034,2.8544736204439585,1.997613012049117,35.71357647369662,1
6,19.014258635781616,617.9374657632459,0.5455711452583053,149.51321537228569,4.13809399446628,3.4765327316111083,47.290942389566,0
1,14.1260301324342,641.1686870048779,0.7251056746075971,191.0646170181996,3.1101692942125183,2.807597888718102,23.534420237897628,1
2,9.631323481561717,530.5367717973668,0.6073343742325765,208.86119781822453,4.733570146379884,2.3433892748601757,23.23358721775073,1
4,28.071461926284897,616.5550268972668,0.8255874694770661,157.29112590062812,3.0387331657328174,-0.73887562175398,40.831532133889915,0
2,28.88096294139367,464.10242321032933,0.5776679288222369,105.56229318461034,4.220733781080047,1.8199375508980218,22.340438433086586,1
1,19.786282369590573,762.3647720954406,0.9352174560760127,210.91325405886818,3.2000244716637227,0.8442284884069393,30.433876185270037,1
4,16.567993097197473,461.51819388517663,0.4878449972536694,105.56229318461034,4.163794611028162,2.8185798018045194,49.2330594689158,1
4,18.461554864944425,743.5498375395885,0.4260875237669752,188.01727432387975,2.5507786435600828,3.188064806887073,23.389642188851113,0
1,18.63334416186452,315.8292653165245,0.6894605349553947,173.82707831725457,3.459326300471171,1.4813190499267523,49.98886308761692,0
4,13.308250610234412,491.13483881426464,0.8528163874930036,164.93311137156144,3.129180840358303,0.9995052519589329,29.306400838504562,1
3,18.99258915833869,499.0434922218231,0.30423933908295475,127.1183621649049,4.581915363259544,3.9343170500810314,21.0,0
1,21.781867008406877,596.6386871597558,0.5406018703571369,200.77510797266444,4.228300470141532,1.0838452115419233,39.6407457063489,1
2,27.19971905092104,689.8906885150118,0.4578436109828259,105.56229318461034,2.804636114122995,0.3032104907121471,34.18522948088674,1
1,20.912198663018955,352.0967675104755,0.608570202598416,214.0162943473253,3.6693281812384604,0.7808740780149939,33.14498286975358,1
2,10.950276517685076,374.7227132731348,0.582003584699881,105.56229318461034,3.191253012112819,1.1474008076892424,24.54409913429798,0
2,23.03726203861654,327.69470916540195,0.8490762495255442,193.74071690515342,4.638216042849576,0.7430007701065962,34.10498245497326,1
3,19.22009092608244,763.2294715517468,0.5583190414250434,191.77470401290014,4.9080802840293085,2.9959166259270553,21.0,1
4,29.405880594309757,599.6167908475396,0.8549568197940458,216.9314076640428,2.6290180769309166,-1.0212457481576944,35.40641210463248,1
4,29.77569964473082,378.5006066468603,0.5169799327962629,185.28850895968645,4.534430498480444,0.7150202568919015,47.26974120204659,1
0,29.994883232554606,481.1048201670287,0.7652963750210432,105.56229318461034,3.1484313018235244,1.8173033719995806,21.0,1
3,17.30575491412926,741.0818233058392,0.6257326056273438,105.56229318461034,3.627549910915772,2.1575250104030266,28.525472620767218,0
0,33.28547486931969,507.5009231502019,0.9259770797366889,147.44265724047983,3.867093552411204,4.11322198553245,23.378962044371406,1
3,23.02094464648893,498.0498979534123,0.28459702743711435,105.56229318461034,5.365949177386597,3.9197137808480655,21.0,0
1,31.009028411246526,426.99252690831065,0.34722845644803507,105.56229318461034,2.9967662292940562,-0.232973045846796,21.0,1
4,17.675074260571265,388.00122978899793,0.9463244569316774,153.44667570933868,4.541189767020374,-0.6386232815518453,21.0,0
5,18.9528721245061,741.331809670905,0.43334698130272925,105.56229318461034,2.855936297137521,1.9129620663297184,30.33385723074952,1
1,22.53922407164241,819.8242541987297,0.4460393283848277,177.6136945911643,2.7979013887337834,0.9913954878687237,45.64050753315388,1
3,21.77419868012725,394.36889555402433,0.4048552829000292,158.6968240710031,3.86390929667209,0.3065252285821949,21.0,0
3,28.681890415274495,776.7907726748991,0.8096891913067448,149.80665573889087,3.8582527724313667,1.901279584648064,36.23832035049828,0
3,19.36915841391786,474.01769339358316,0.3293084773549751,105.56229318461034,1.4608526124858272,2.1845204602014534,35.416057452787165,1
2,28.11698575255287,637.383679259022,0.5844900824555321,105.56229318461034,4.814060883075419,0.7725616596696854,51.391592560806025,0
3,25.408981297160125,777.6342087703052,0.5268756356438924,201.45355738796349,2.043144135478085,1.0562081365505076,39.28134610836862,0
3,19.486509108725564,528.7877446874188,0.7873031167008869,206.01344796729342,3.7174125536648264,0.8741051838483023,39.91459442333417,1
4,24.923235249650247,499.52929275722255,0.46726346753367104,105.56229318461034,4.9551969793484565,1.3368315615879096,40.6923043968969,1
3,17.85892228635268,680.1729542061097,0.6630545158226547,105.56229318461034,5.69571453201849,2.594706211194453,22.83344783148887,1
1,35.54235604524537,374.4075460742001,0.3457567653245461,212.5825898601386,3.5350381145015928,0.4571642632799051,26.698952240615153,1
2,4.136240131264772,735.5298204544688,1.0347882077354402,105.56229318461034,2.636322769761646,1.0342958085831664,45.285549784978116,1
4,25.037639116012897,574.8495027908133,0.5320815350692583,168.29416565088334,4.924060509645084,1.3529475711271375,21.0,0
1,9.771300700881362,459.5599186953317,0.5817526969770734,220.18196673294878,4.56673150210102,1.871086825195215,25.494578205721567,1
4,19.409696485904618,455.3331834694633,0.9109508717701084,145.94167825492318,3.4292464767540807,2.2442995306444633,21.0,0
2,20.286822731776603,330.6459981074614,0.4626654451389581,123.56392772303914,3.3227805351042665,4.575780349474245,35.57668446243198,1
1,30.265315402479473,466.21245334016163,0.9134764685877232,165.04715106764604,3.2373905825260776,2.635205947243075,28.362305561577685,1
5,16.488029191566525,509.7539580808958,0.49770576517240783,227.22631831874799,3.5505473099829077,2.6666293780916996,39.8856752248759,0
6,29.01508251651267,382.1930349261629,0.7143396367642518,195.10341577898896,4.10549723961737,1.528070822471011,31.801053232174805,1
1,13.440043699668044,544.7256038193593,0.46546367196814026,176.36348069710186,3.364547750501112,0.586577149679389,21.0,0
7,29.2571968593767,627.6667335240793,0.3087927109710531,119.22191303834839,3.470752568527718,1.182757500398287,21.0,0
4,17.852155758310545,517.844458240093,0.6629188701081232,198.2229251669129,4.378674376304883,0.9423611129163428,32.93346629497006,0
3,21.282908609254477,658.0361322430826,0.7079806801967066,201.95973144492743,2.594772121510547,2.397744491732027,24.517515360430096,1
3,18.716243445437406,422.8576027233062,0.31682285153475226,105.56229318461034,3.5242139952725933,-0.29969147918332784,27.141027619449172,1
0,28.854446001491297,712.5412422751904,0.5185883362182576,202.74666811142254,2.4322095439567546,2.662144509855162,43.32256963968025,1
3,27.635515730449974,571.4903529239773,0.8201517923073814,165.48178339024602,3.931066477616437,1.7252437419444466,41.349359445539406,1
3,23.600644189425893,799.2411471607589,0.700023790159322,176.6821595373008,2.210899457160825,2.84801966714953,52.77507224635094,1
1,13.60882096684834,938.2747699581973,0.5009569996431898,105.56229318461034,4.587608506534201,0.9244411903163589,29.52030900785929,1
0,16.34479624599085,476.761025231475,0.4604948596731089,141.05685243977513,2.7357045875347152,0.6901919764082356,25.947387021018475,0
2,14.38099944551208,483.34977969576676,0.9696488650269552,105.56229318461034,2.3510340050963783,1.3431972908692542,37.60007860871801,1
4,6.7428398418733835,512.6012604882052,0.2906135860394284,105.56229318461034,3.534564831442641,1.3115429863649495,26.831260838360272,1
6,28.722638567812332,647.3123600280824,0.5681602851182795,192.60601933422495,5.277330125008723,2.9443799026189077,27.191327756716888,1
3,18.769824375624587,764.1551952760144,0.2870606252612112,146.70786186028403,4.437401660874123,2.931782379635326,30.7768824667498,1
3,18.70299528728058,447.5506425328315,0.8429629289688563,105.56229318461034,2.2252561514186686,4.394630470266753,51.18023851398567,0
2,30.19309456455236,612.9990826364916,0.5785752775583327,232.00744643169028,2.7117747751785855,1.2259503692363767,40.74362385641489,0
1,17.841864623345565,530.2516336230773,0.615634816953887,105.56229318461034,3.5076956864736055,-2.538766787363624,41.897024425056344,0
0,15.559107142634973,650.8974564064941,1.1337784619255218,213.03571386372866,5.720216655887524,1.3395622035993204,50.68639770489071,0
2,19.41540260844061,793.5132309452304,0.46130546485272134,105.56229318461034,3.0512785157061506,2.1844684612750314,42.92786256082857,0
6,13.729066631353854,513.5474820107177,0.9297151828117067,195.46263216437367,3.0580563952893165,2.8231805121888627,21.0,1
6,22.979691837756228,284.8211733322031,0.5018536171183623,157.4182965720742,5.123040684979352,2.2807576380945096,42.761206005552474,0
3,18.482736943000845,671.0242683008469,0.5332975084830204,105.56229318461034,4.003722052420396,1.224913656321597,44.156803428267835,0
3,17.645939998394027,418.76716502312763,1.1076350513241198,185.24340584655255,4.7245200229309425,4.142696951788535,40.17051337962405,1
2,17.103364176753537,529.1014820857955,0.5477819245476653,178.7097669279743,3.2292363862521896,0.5154687432578611,30.850139388278272,1
5,20.157720718506724,677.9249338994582,0.30512571914095044,105.56229318461034,3.7546258879075958,1.5174687998983738,39.00964876601926,0
3,21.345830631924038,599.5831765649773,0.6363837576252624,105.56229318461034,4.945130764238125,0.4545190100637335,32.777363065725886,1
2,17.56637670296827,535.7247959115128,0.5454526349665991,105.56229318461034,3.718333663541928,1.9058413259590268,22.241027861267053,1
2,18.576031670518184,459.85892600666864,0.653419168346772,189.8459178890384,4.783364685922229,3.977487601580188,24.974029901313266,0
2,20.31240878362955,88.01699515600018,0.5532804413344461,105.56229318461034,4.165304532365005,1.693977780453567,40.7409510078921,1
3,19.680500184206927,663.7313305209923,1.023108923240953,175.50897486764228,2.966711574128108,1.7020641952366073,23.03597802634873,0
1,21.017616458026055,511.52772812387775,0.6913471677671872,199.92495221255197,3.8262935416293407,-0.3586698510579822,24.072911021761094,0
6,16.584989451604734,794.1338045369162,0.36500707445483643,185.7472907940582,4.664362553511028,1.5011703147558815,41.28722905983162,1
4,27.114765426551173,615.6844847938992,0.6049093604047708,105.56229318461034,4.4023096005969835,3.3986429060440244,34.47167969151616,0
6,21.42942338735542,465.4199403944251,0.42007403516659225,208.7088895021875,3.8061875653265043,1.5496882613326615,39.34912648906501,0
2,17.667388673478328,722.6992141401664,0.5304572314994093,139.961120774482,2.2509599132639404,1.4605169176357493,21.0,1
5,22.979870008508684,736.1807049533104,0.3979118578866354,105.56229318461034,2.331367155615838,3.339543240113147,39.0437245817934,1
2,20.35721580442344,516.9549097036036,1.0014237046412047,154.32069363584364,2.510023304713222,1.4660953708788544,25.73969036198183,1
3,9.964010813184645,742.9831784917164,0.44172307696435564,199.7481635960056,3.4112285463160967,3.585510794539802,21.814276158973705,1
6,22.958378310360295,463.15071113823245,0.7175128703988274,105.56229318461034,3.5232209860975034,0.18427573408817666,27.441206185796734,0
6,14.437806994376322,577.5436431052644,0.5153041156246746,207.93788732725434,2.600654423081021,2.7747672467901596,47.98271452620225,1
5,26.675320352294065,643.4253420350049,0.348317365485442,105.56229318461034,4.698910746704653,4.053154554158002,28.99100451556164,1
4,19.308906225463183,677.5650534422703,0.6195298605799013,105.56229318461034,2.778433975134744,3.210371104640486,57.215297835167284,0
3,25.708577458843877,651.4434957785425,0.6601383674171413,105.56229318461034,2.6887304046637115,-0.5848010881585628,21.0,0
1,16.875920483401146,498.7748511098924,0.6917253065509027,202.66211968570343,3.914118033264197,1.0374397213112334,21.0,0
4,21.26095517084854,726.9916225106306,0.05555616909181147,172.0961184725798,4.658080300794311,1.5606239874517263,47.566037608601135,0
3,28.402757691186657,532.091628302973,0.33303085726618176,105.56229318461034,5.56607788064306,3.2131412556533467,50.33165015071307,1
4,19.138133237492035,460.95562203596904,0.7715109438043768,141.56388119266052,4.329337845782669,0.1222640866009046,23.501970390927674,1
2,17.122692292913328,463.30592522986706,0.3952786074782416,105.56229318461034,5.16705696372784,0.5350035950817047,33.7578297839514,0
2,24.925514963094948,862.3981426362136,0.6205888100620222,205.3062866423926,2.8218724125496877,-0.23879988783758987,40.834089103536044,0
4,24.804143933406152,433.28265150528887,0.3283950609542429,164.0158064533788,5.65418097895524,0.7899436698840854,30.476867438987696,0
4,17.386164493789053,758.6616362816715,0.726320220431688,105.56229318461034,2.27635306153339,0.22787921279654677,34.64853800526556,0
1,8.388019705832246,370.32532867037287,0.7662539191991148,105.56229318461034,3.4167750267343484,3.9892357354592587,33.12026314567509,1
2,17.002405630396815,630.0648712118698,0.7263819812344734,138.02068074084485,4.310948116446171,1.0254620027446846,21.0,0
4,25.065298566649517,599.5333522385336,0.7865113624707195,105.56229318461034,2.4916177068154073,2.792021385611611,29.208725854417796,1
2,15.968938315221996,811.3963007561965,0.8927800289799066,205.72151551358803,3.0612779227827196,1.9037197495289087,33.13601604650186,0
3,20.75448347087263,447.2956967730376,0.34518517367820506,194.12365112410484,2.927825075396707,1.8852288908204555,34.13434017518862,1
5,16.7051507694364,403.0937251263381,0.4222656137697275,191.94604759027726,3.579414353910223,1.09929415820794,21.0,1
