Risk Index (Naval Hazards per Year),Harbor Development (%),Shipyard Density (%),Coastal Region (0/1),Water Pollution Index (ppm),Avg. Vessel Size (m),Avg. Ship Age (years),Distance to Major Port (km),Port Connectivity Index,Harbor Fees (USD/ton),Crew-to-Vessel Ratio,Marine Biodiversity Index,Fishing Dependency (%),Avg. Ship Value (Million USD)
7.921413131197724,2.4027784347656507,25.41930002111433,1,0.6821151561998285,6.457715545428659,96.60363134728246,3.5658314629998182,5,354.16229164037986,18.93708688656618,285.53857058845824,15.268510143937338,29.783218696060434
2.3971005798106937,8.730984933539714,6.344604055181981,1,0.7850016945064713,6.041331149816648,55.49147984368763,2.1095703902096217,9,412.16027440009486,19.63854421814634,429.7885435194498,14.970648942703416,12.207351302112613
9.234890281476025,12.530553931114468,23.07815024184022,0,0.40245404866571,6.2079691830298325,86.59748224514314,2.9858301755420213,15,351.0081895003836,14.027398381525895,279.1661111601551,11.154431817541987,38.75662534844193
16.85035975074982,7.961137712377182,12.465584405892269,0,0.6096039067883826,6.878233020009054,63.2468627214615,2.93140710217775,3,132.05103658963566,23.14716936086866,414.4559058393827,15.428379728400252,12.708948650214339
1.5628656399069771,17.701644040670246,6.605215775060306,0,0.49416274518639364,5.994265033933248,77.70600249302585,2.7969442765315886,6,591.4469567766487,16.762254519832776,358.7980300609624,10.67628097724848,14.65458807985047
1.5630084745421295,10.229452049835109,7.761187745025181,1,0.5372861974835038,5.175396029482925,36.34987194617974,1.1642157188558704,17,559.7777288979511,18.495807607424734,144.0208097478456,17.258381060900767,27.67429831720684
17.339151494914304,5.832510508012653,8.88960357345919,0,0.8673212016420442,7.524708732943794,70.99438553471262,3.5319251688118007,21,742.0401109215402,18.57670714211412,303.7311970078725,8.245155868116843,28.562378039985532
10.276682143630305,9.74623332556923,14.026745030173224,0,0.36964356059258163,7.26701785508334,-15.450920782310334,2.6227239626206487,8,791.1238834882381,22.893070481115473,386.4702757472406,13.218713164261892,18.3937448753419
0.4844271576340833,2.038772002242153,14.707564867444948,1,0.5804487593793488,5.395416113426067,63.348217955648224,2.351842249004763,21,210.42861778153625,18.306127549785273,319.0539395843272,1.1714560669676697,25.91691711669188
8.320272379197892,29.00061556174012,7.1414699728238045,0,0.606123180611852,6.782795463671635,22.783701851604555,8.111241251453492,11,351.65281337635685,21.994716047577985,124.24737782964115,10.073635666854255,27.05749430102208
0.4317339274684211,23.071370471648073,10.931953313399218,0,0.6802943589927217,5.94791766061406,102.48844591496552,6.086416273855011,6,829.9386522741839,19.39480043281445,476.18826163218057,16.729169920022848,26.11665483573391
0.45184885606123393,11.37703720380624,25.881665474421858,0,0.5617579784165075,6.484441050731742,90.44514661268276,3.009768477657508,8,401.18749658218456,16.38385330314691,371.4131296657166,5.360482446372712,18.778094758462757
5.705071762624497,13.714442716500963,23.020047873694907,0,0.5869660647404923,6.505956890309445,81.71345459324687,3.8395200044552564,10,449.0274316278543,18.79635642982617,396.3802755055523,10.427286617914405,27.14794142158835
13.045538128522841,28.907319974562682,14.110633320750821,0,0.5030021719093851,6.135914539778574,111.34027498317857,1.33952587063312,24,152.45016811531067,18.239280812227193,312.93187015177983,4.375993804362487,35.438607726151744
11.406785142863384,27.497143050127967,11.362223999360582,0,0.5822952329494129,5.751364034089522,41.93544576482206,7.361018043402817,3,433.24849010489805,16.115044933210697,404.3655616213459,2.9866738294228767,11.225505991186797
1.2919015043964621,24.06029248245249,11.928216154356003,0,0.5088169269403108,5.816621263378618,117.70090586142717,7.784306259023534,23,732.565982959527,19.28699009283893,522.96863315739,4.844030651591297,14.771447673015384
5.211630746909487,4.039133583438227,15.333274011839874,0,0.6245886267827261,5.65866565916313,94.7945829557168,4.129056829317702,14,624.1531360973928,18.548626049669682,289.1083584899104,13.422432460478634,22.75075181771733
6.3339517935788825,24.694948978220616,4.042731300131001,1,0.505646759674764,5.717724454238689,61.95279642914761,5.949414352789224,23,305.5225835848847,19.72412775200879,507.69815618749345,15.067203987988258,12.782738825854096
4.299809457034534,6.383938347440642,9.324101891778918,0,0.5952520472682624,6.252975196965451,100.51092613584072,4.16810223576124,14,341.4188504165061,18.925376115116293,392.26932999617264,12.3020054818246,5.908685645109202
8.687042201617036,30.653752945483298,0.4132301097553679,0,0.5464884623578027,5.798968007622474,37.51315230123307,0.9928765783605455,10,218.00875086096377,17.067573626569047,276.8816199286454,9.983586981499615,32.556731378114
16.35114428961752,26.521738802677696,13.854639545976426,0,0.6851260300926603,6.777436445998834,45.43115206107237,2.9351709251763194,12,265.00459243804943,20.190334783038693,557.3275480207817,10.008377586723894,1.9951479525585043
1.63574618576714,12.520379257210202,15.565651983948914,1,0.5438327531693817,7.341072308735149,51.49862877696441,4.07704873022111,6,87.08439596387308,17.126323783442125,391.63926182989286,17.783924818187508,18.798079182776114
4.187495380784937,17.45153429011053,7.766013410134319,0,0.33723610381517427,5.89396273104097,53.735726403401166,2.8454497906387672,12,393.75029465716324,11.680724849876803,417.55955885834675,14.211020912869675,29.48228774177977
8.795309220057073,9.67057736493272,21.960508666701227,0,0.701430580085679,6.467583150374764,38.91073023843689,3.3408281173864243,23,661.698594228309,18.783036485499277,331.48895846986505,10.328986266231926,24.953638063419064
1.1361297033690883,26.279204289512812,2.6422169252838454,1,0.4413121238964858,6.649779577212054,102.96863418537862,3.6080609292308594,14,467.71256324774987,17.281037800085223,283.5342752750139,21.882426416212937,18.937305832993637
4.565026530475835,27.313417450866766,0.9958133265522395,1,0.4715480393621417,6.630401589643492,61.326191349607726,3.630155154482531,2,637.528150314243,19.340687109672597,371.27100526549685,26.544822791072313,12.403555895878377
6.413644123574034,9.860340691517525,12.648717548063807,0,0.478520644714781,6.353168687541261,78.5053896108283,3.9097428300447143,9,588.3058993555677,22.89751781906737,499.91319883698293,3.85522860334094,25.66358388096102
6.868572759607346,16.816677454465243,18.324978288023864,1,0.7149325711804981,6.819877692851805,52.57312660377557,1.5727293605671377,10,316.13624095179847,22.961027324925727,327.8209570911023,16.40982149849463,13.40677116610477
1.6255566022936025,3.787781311790308,22.719101071059292,0,0.2937190943225566,6.6375742668764595,17.441047254586657,2.2942660868313336,17,280.40288088371665,18.136729571111953,353.5656366527534,34.63821621457333,24.946579794128013
1.0622643767984923,12.504389041672447,7.933698586204313,0,0.9265298240391993,5.433636304370891,76.18861177079896,1.1023730420300644,17,286.8409944489555,16.68166662325868,488.52589095014224,14.689459341456379,23.79644236375976
1.634847526395753,8.647631411116093,18.54289775067594,0,0.6767268170879263,6.908409245072491,14.86563519070426,5.853412654341021,3,119.53359266173578,19.786303220219427,328.6702570318141,13.519642716766363,23.88950276330725
19.71482020522776,2.4398558194450697,10.83429156044512,0,0.5767886696954992,6.921103586086719,66.67138330499833,0.6218585778646819,19,413.43147910965655,17.68550369789402,402.43514431639,12.304289026755344,16.609067415549376
3.482574144779975,34.846622454696465,9.908871630408344,1,0.5434127199260457,5.765699727074993,30.15034740879802,6.2225397209655435,1,-79.95001862495064,19.361908349163272,435.83889611331244,16.180288774184262,41.22208380588006
5.602085081916332,2.0415805598893666,17.19725356865804,0,0.5842664889829189,6.326556484813321,124.4424555783857,6.711333734251971,12,507.35780556011287,17.046106323100922,338.0929336521945,18.059784082504166,25.795501031607447
10.756140735297745,30.871626211117807,15.601027861052597,0,0.6125346914055206,6.778330294967748,94.20929249310967,3.165420767336495,7,420.075997200771,19.051523315250055,384.19522098119296,3.8621551933988023,19.935877897179246
7.021339754747894,14.922169713522502,0.22289411680867843,1,0.6274258703140069,6.153480326294447,71.5716815347286,1.6665878844373276,4,487.20189757113314,16.713656864954352,416.16035276898674,12.511966239149316,24.9312892721686
5.417113276541372,23.74443734542609,21.28812841310868,1,0.6166725359204138,7.051084633436208,104.11015764209618,3.0412478198686896,10,585.5787355352868,21.105357515269226,319.51671738748445,3.4134348379316073,15.374952875896348
13.449130077754047,44.98854886132908,20.622630343617416,0,0.5607496817506299,7.954710746233552,44.81852103321282,3.6652132612934794,13,441.3974908409274,17.202049080344253,430.23463001408936,11.21385202198735,18.945998614003262
7.955218625416345,46.189316852965845,6.783617359584246,0,0.526319389563121,5.749809777155512,83.87177054062961,1.6777437381492817,2,682.104051925999,19.95442557861693,306.22426640555506,6.290910983863283,44.50566337549956
5.312692752061374,7.167659452462109,13.831044380718122,0,0.5318472059615786,5.333268777792357,74.21467318749585,2.71804137300269,10,512.4868962399713,15.717511976991858,294.56703031459534,15.108160811861937,15.440096580730762
10.02465924596007,24.845780563306583,14.508808285350899,1,0.5266110063576783,6.512673016923413,76.01896428547612,7.013409917613037,21,280.8026897349036,20.21858248454352,217.03926346533842,0.9396982572987174,21.78449115756737
5.090904046352743,6.669042505198271,12.898648984184959,0,0.6860524116240478,6.8050937535883005,104.35313335300017,5.196347040833656,22,368.06454491949233,16.37395504760996,310.1849267050037,9.062547095740427,18.303835382302154
2.5938599432223075,20.047698849551495,7.3028944384666,1,0.6212268066737034,6.138393538308661,89.18302808811244,1.8584153598059898,4,28.10310750597705,19.07458897534392,281.78925412980993,19.562464178696345,12.935367726012029
0.9803978483731877,2.67285485047862,6.465798761227444,0,0.19715336384028642,7.317282464324724,76.71313492538314,0.4450417438495924,18,256.4320060006761,20.75104214136557,319.5204699807973,7.898034624745823,26.373981910022216
9.263141316196618,13.417542048118568,10.923676910159028,0,0.6287080931835713,5.362975940193726,22.097663041984873,3.1132636330194803,5,343.9926038031904,18.060037623175084,411.6913295042184,0.8250440196669899,22.835544025218724
2.6626446130339647,7.772720415364549,19.191830232889615,0,0.573368343366253,6.7850430361221274,41.62269910264706,3.3517407633640794,19,499.7739664056879,16.23583279635895,198.96364294286565,14.528485387215788,30.881451242799333
0.40755730735015083,38.60932203667351,14.850841066701584,0,0.5477549492264924,5.875897425468774,65.15187896596015,4.842018293462964,2,281.9393472049758,19.592987515699026,176.30494859257317,8.535644149042284,29.957316867036045
12.796963368104565,17.328005648918264,8.542761108605868,0,0.5033777856293338,7.503564534345108,71.2237637171739,2.6758349036079156,12,198.62764565901568,16.649840922229593,287.83379128473325,11.380213403882435,30.78651101518636
6.589479119245614,19.266142026352213,16.42472110347358,1,0.6848935263983217,7.694760747217683,36.84127533666273,4.874149108259909,17,90.89464029463483,17.610659681766098,397.97197491638576,7.517925936115594,14.052528969770858
11.738449351655785,1.8032666893465095,8.554944082347523,0,0.663703175454743,5.763340388551656,136.36811458375365,7.863823484126481,10,307.8018568763225,19.0840178508906,382.28671017879145,26.718216885808204,28.396839352668483
6.419530533734717,0.03877497911090089,19.026483332567516,0,0.45725467986116697,5.9153100048639935,111.2106729526254,5.5125521471329515,2,735.7431027978122,21.493487279436952,286.37932770510577,1.6376835754400556,28.62049785786887
0.2497841603780464,1.321394223802832,0.9040250735688886,1,0.5988462744549442,6.901711520885861,85.51952480302879,3.6990141346053775,6,453.5459818627015,18.558417378358833,462.416149126238,32.817818844449334,13.106220416496926
2.2892214026618407,20.590734917414316,8.599157504318388,0,0.4334011918550457,6.02900854514734,70.62423580207322,3.415384010788081,8,565.8493412756701,18.55028652165927,296.084695904231,9.9264806316654,19.568730571509395
8.92158371291555,1.5910615968878723,3.3742777270796065,1,0.38444582022532836,6.268212147447433,62.63692794577763,3.05098641822227,19,256.7908889124061,20.122528365970272,398.0833127375685,14.002470691148758,9.103768712393494
12.569695845714772,18.15175416568642,2.1666978175257494,0,0.47479393304920425,6.317771894379687,41.851091273375175,6.279345916149504,11,143.66044030282728,18.61081817268059,322.98644419439034,8.618945435008165,28.660528217898612
11.702137036310926,59.75683860843873,19.109704832911785,0,0.6534872166859311,4.9562287906616405,70.77720257038003,2.4826417635022637,12,202.85898603320467,19.898166439632377,276.9413520595773,8.321901725026276,28.618206718884558
3.701192452036955,31.697205589958436,7.87286171094795,0,0.6643750054451304,6.290313577734033,75.84284637801129,3.894967688899963,9,391.68197366151696,20.872773801338482,300.9389222815587,7.127707685628304,35.65933775188887
0.9098523300944334,3.8036517004893016,13.490876783941939,0,0.6115702504116752,5.817190558155078,33.70652782896635,3.9075155939502793,2,72.98635429548489,17.778978269410402,422.7940350180338,16.968931530509813,20.39505372810802
6.481991853211007,39.38828438641992,10.77624800573363,1,0.6370114944217597,5.954814024320159,77.99035732458161,2.7462531950957825,8,238.8928100431585,11.294976605390397,388.8532882079907,2.683322175247902,26.653520196386925
12.087242605964525,1.8918438085978533,14.391581707839538,0,0.611941394453795,7.31054240242817,64.23722072802455,0.9178223494433881,11,309.49140475682265,16.700560394111974,444.0973424036654,15.285170664122948,31.587162929432836
0.5688158692540219,36.088301669644,11.630071048315761,0,0.4730222085732458,5.42044517400452,14.990607623645303,4.478246457597103,21,186.08454858136542,21.159100423837668,388.84973351087444,2.809898418867842,15.56419793729684
1.9847669030247914,12.088411044375514,2.2473536530988696,0,0.6018307053608729,6.869243630723584,44.423181197095985,3.6718916591036943,4,51.22125308942867,18.42571748092516,209.38357885114604,14.64205427510652,14.165120699877168
6.025114273852445,32.18945175990244,17.974241054185267,0,0.6460491430273219,6.104725948767734,56.97768451085179,4.850504985816796,10,456.6618212992393,17.753913403958624,548.4117499221002,18.728912502118554,15.849456150099284
6.806997629501835,3.2097358218375085,7.6930795761869435,1,0.6405149595776289,6.1041678820529155,121.64402317125935,2.679439356477749,21,415.7064027406069,21.066926985047058,390.14038027932065,3.6509143381176763,19.286481692511966
10.668974654829523,11.829148235116556,0.3595848992477162,0,0.6926696045769571,6.853260327236198,84.23914279939859,6.3637247275074005,20,538.8770177618617,18.27708518429423,402.8351114493289,17.51907247220308,14.490899928055391
15.399288248566158,50.46098937601408,8.146005389335203,0,0.6349964616641277,6.538035906198223,31.072967908293045,1.9587750594551256,16,221.44847412558966,13.896426947351856,321.70777116581297,13.064836415432682,16.245585068356743
2.9735119422510956,19.01740780870499,21.455242555376746,1,0.59217378490499,6.699429098053671,82.25761973263559,7.395284596437574,8,535.6670208319752,15.188335465781645,457.29922469036444,24.04882783304066,30.604419555105856
12.330736211660609,6.294957678753463,16.9665300205831,0,0.6784180285979713,6.9777292623730025,25.12075791083192,0.12996332936065036,4,664.9231046737968,19.421025645797194,256.52721198538893,6.6280346855912615,21.613610990252507
6.746233417914417,30.725150041575297,8.694300272585771,1,0.5468174488901129,6.068084131771674,99.02361861422676,4.713017135569471,10,452.0520750157916,18.3528399284916,411.49444606737785,32.69349991643138,25.32162503766681
2.012541865064581,40.11945269988372,8.690121840202842,0,0.4441750418526739,5.8714342858445745,55.361397283917604,4.798404433305909,12,305.5307025329611,21.700244253424287,166.75337131551942,4.274553295709186,17.433405549309107
6.744141767923201,16.889819203929587,8.88071814660006,0,0.5304319643267483,5.540394631409542,65.96882309642929,2.129330157324147,14,432.37354911755295,16.88680889563081,417.62597544286666,10.360523015483507,16.829438051522473
16.980918128253933,29.36115901756633,25.429561086569805,0,0.46061168262322616,5.722212629014731,105.85488579593553,4.6912272695081265,16,297.491718598343,17.819098323591653,257.7609125408119,0.6401550545771748,25.127114183771653
3.2883134597434216,23.051059526670308,13.735354620397718,1,0.46897860700307425,8.364366097716108,32.43070372278257,6.486989206496333,22,269.52036230996976,16.554093239267957,381.2065013588684,25.84248465563334,23.659773417631328
17.212399805581853,38.04946920672145,14.06728736561838,1,0.532657759514138,7.17127570651575,29.340978998324935,0.8553195626435359,18,522.7877454365587,17.354692809103003,479.5179824739019,10.84192294390756,29.657477440434235
19.191782405580774,19.28696629461985,18.20895583281971,0,0.4549096094800047,5.354247943654385,52.20085892967725,4.855764095730711,21,384.6395462757506,14.337811417242026,430.8672810795399,11.481035950678093,34.47465558163673
10.750551788064447,1.7237916061113303,12.747645197282942,0,0.5130446164433152,5.3742794302795005,97.7784457136428,1.4358687226931632,22,610.4560697796048,17.65149373908883,467.4187319806981,15.84699049640501,16.139007720657077
4.35730949367209,26.14381748027644,9.312609193837147,0,0.32276623996554576,6.637306243202944,25.906375279100722,1.772103912601263,21,333.67293780708025,18.385888499706216,457.9972083719506,12.665883177076259,30.422897747426784
0.9986360509469532,64.30714358684243,9.74518604131365,0,0.5755952448847527,6.683085358164576,-10.983572306906993,7.2212493662919846,12,350.68267044743817,18.200072146575494,308.29027039520105,8.484292949550522,12.565783257222904
4.39831875585887,15.637483742862937,10.605951310042958,0,0.5501446570434669,6.684218684722155,55.92243607870713,2.578257729876686,18,312.8261528011127,23.229017180212182,410.4480458165147,3.777804520533758,41.57876388179021
13.691849557027767,17.18353966079783,10.843166568082093,1,0.4519493642718172,6.121530944512411,84.10391647749685,1.3348520747411574,7,219.80918230054954,22.53366606978936,199.0325624692953,13.896445156567347,15.266002711127376
1.6888545758136464,0.6968910407123126,16.12064385109516,0,0.6291094802118886,6.21218201799797,102.3273551676611,3.384330769132168,20,544.8233829675873,16.848021163885612,293.48878596707317,15.389718792095296,28.853801241762188
6.706879372152194,8.40137380852965,11.458426612070365,0,0.6625084165151871,6.52951566691155,55.58516572540028,8.14260331014346,24,775.199559655178,14.00333927176429,482.73159483384865,17.637178378452276,12.497388883549077
16.45767818925119,30.746824525480925,16.155216532787495,0,0.35709281627572315,6.3601251044053315,57.038912340040326,0.04653271913265522,23,343.7858239208865,18.281759223550576,320.9616509792139,26.280360637176308,21.100763847449453
0.908950898980732,8.546753143676606,10.543055597250781,0,0.45847302657205435,4.7464897390767256,101.0246106325865,1.5922491855573764,7,293.67668146259894,19.328322303975366,186.0118283129623,2.7337592213393442,36.720744907812346
3.433894345170732,13.067493327211846,11.642582813181026,0,0.45770291802552426,6.139140258597364,16.060258238558674,6.944606534677215,9,282.7856547372088,16.60693503855776,539.2466014771535,12.219207898795796,14.977121801728131
0.7652862791854678,0.27058149037278056,2.6875847232715433,0,0.4372116278669363,5.704015496017781,57.68256621735743,7.701174921429239,1,293.80481776313616,16.71585360536341,407.1647757684445,21.161338634332136,42.77851274455325
11.563998424008044,22.56022993989093,17.42266095544712,1,0.6495369810318099,6.422647993235958,73.95091130689411,3.5827944289904035,6,685.1636592884547,21.981620932487573,425.5675180478269,11.815890786484061,22.45146450659678
6.460134654039255,19.174327053185895,13.49077048369615,0,0.5267408633472637,8.389681301822387,81.22304606810945,1.1979893246940505,6,287.29527268033826,17.93338654348033,266.7772723221073,3.9010244212222176,31.476555349440524
1.0089137727732376,35.574680701209054,17.9862697580316,0,0.5182582190427267,6.557237165832013,54.274431921336195,8.201271353799234,22,309.67517745055727,19.956950408530624,381.8491479182182,3.5336190185655614,26.20709007623315
8.065426668086198,0.48338209331560655,8.884162109536456,0,0.3095365162711896,6.080529219679321,69.56779242893414,7.148329022673313,12,199.6204856386367,16.45332746472022,379.4393223509167,15.032845932708966,26.704768603486578
4.4445746793279515,5.11191400766445,25.50978546298702,1,0.6262501636251072,6.945261051384076,-1.3219986309050142,5.22578867430069,22,457.33299400899585,18.374730990805457,281.24487804724555,14.77460079367172,9.379753802283439
12.027211417636135,11.40519457772776,10.1368315657293,1,0.40128899261758333,6.637881521046449,50.10321961341886,2.093955067231418,12,396.70543355863424,17.76005562200407,340.54640861739256,17.474889858221246,18.149754304601977
2.5078619167329648,1.0479670402266006,18.746461435488865,0,0.5571919156319595,6.594066143316288,81.34359482278053,3.697038384240123,10,216.95396566516987,17.014178874632766,219.4574381367454,7.154836500807892,33.502983454850074
0.7493393245994171,20.191101487945055,3.924649102833836,1,0.5832852325549831,6.72479541525097,40.9975376374435,3.4632438298058554,23,258.0046276505626,21.041660905347726,324.44943250828385,14.545170967927014,19.332244943716027
0.1886590677502289,29.0378347678367,15.328139944931731,0,0.7132790315006381,7.739580495380679,70.25745662666768,4.494787739692713,6,665.5328062499736,15.444470578807369,444.62000941064355,5.984370513936094,23.777255161003882
9.13258004874943,10.086452053338673,3.8314326141017716,0,0.3929415521057066,5.508378095271859,81.15711727255581,6.847103020075806,17,413.494903053153,19.160125016124837,288.03680843172026,14.545701754870207,8.26371641900381
6.176246410461811,31.66181793846188,6.795994171198944,0,0.187658541301501,6.631542453768018,58.9743674558968,5.646775786388547,19,425.08314643514603,17.718732357920903,529.5641031148164,13.077806599435132,17.554292142793155
5.8711808679650375,42.986362110155355,24.306816341680825,0,0.5720619453704434,5.651533209012923,73.39003196500363,1.5375102383320076,18,425.74984260437833,19.412613860478924,225.31567235930984,6.871893856843379,32.831961538209484
3.64448707278941,21.03303324511223,9.784291434732909,0,0.7660613417813025,6.688858852439574,41.54721491550239,6.69064254504103,6,642.2970652194776,17.748531409119614,332.32404316860095,23.76310377841508,10.699809226272151
1.5590919396362222,55.12934243260294,12.600286824940088,1,0.6986735623527325,5.656919441959734,62.794223040541084,4.4575774940276265,24,232.40398713012064,20.407824736221666,296.26487331111457,0.5899847538470517,29.09712714036471
8.713725455838603,6.62928833911325,17.103467341752406,1,0.5751591298329551,6.007843230476441,85.74707436545715,5.242838171303724,19,341.40555261035564,16.432654283845267,339.6035443450689,11.694491020625254,24.135558874981868
0.05961430805862333,17.600454587156015,14.520205027010972,0,0.4910036577241544,6.093437060033465,73.010940203213,6.879735804485065,10,379.6138452806982,21.046617021685687,480.80420517482395,6.715370493297398,20.32920952858676
0.6183837062171058,30.044181799469698,12.137890445490678,0,0.6468547115964773,6.983071703541296,52.11847132525341,1.4656814760215422,24,118.84246135132634,18.436634071716274,266.4145498217672,25.722834454579548,19.924694210637533
3.3798122422280836,46.257832457697965,13.618230917016955,0,0.4331744560354638,6.942918110759689,74.90048096057127,3.7247662847164276,8,254.08822521433433,15.577294436166728,314.93438168541275,16.948625854104975,17.982526777682516
2.196814308505721,26.64671979304955,27.683567538144096,0,0.6071629323227463,5.427997836487531,88.68053511688896,2.683945442145648,21,583.8413709831975,19.99647400298621,415.5600234978057,8.089896334870232,18.801867057075942
7.115242454286484,10.104877167786398,10.70243030046826,0,0.6106564190999952,6.3384538776998935,10.996650071972859,0.5074952067325422,24,535.7158673834597,18.062530564261166,364.47744897250635,10.714021445825354,31.053610068262646
20.00981734053161,17.923268993251813,12.487583422333275,0,0.6772251888998656,5.803294101675579,101.16998122526073,4.528090952970332,6,565.4272350171412,14.742756562493003,371.94092038711926,25.914927355261753,18.525196908948075
5.118826971636999,14.823894802052171,18.349515332452523,0,0.8811592046693293,5.4190465625272655,59.15124184306187,9.074268758327289,21,309.0328426147246,19.231429784269515,268.15985309644026,5.981443014716783,39.12983096416923
5.84068839928805,68.38602112507206,18.72812893741009,1,0.5970899160614521,6.14808806470294,80.55626712405046,0.06416326346208123,7,329.76319966003547,20.71451057361094,349.4859040841728,0.1724179771630343,25.25569902799755
2.9523205328343454,14.410853540022801,19.29050910836662,0,0.4889243649151002,6.084062048080926,102.2426385544309,3.732210716796112,24,107.60499683361047,21.32069862879229,458.97363909009664,14.76614872349308,17.198390252939895
13.093309573101658,13.948898714294005,15.507238532001374,0,0.5469310825369608,7.998701540441865,30.0559691078239,5.145140163657024,1,564.56500310914,17.667625858280513,209.5335905396309,14.926846608595522,31.45496676286765
3.369329283591813,28.310362336839525,3.213266102159663,1,0.3377108914133059,6.6030718777524875,48.66470783178593,4.05846422347798,18,592.2375811527041,18.819699721716624,292.5448672863885,17.428845471068005,28.239842676304505
4.12400282648693,22.607515099465417,22.37067757287756,0,0.46663442426931306,5.335667749472034,60.49178164589269,3.562431089716945,24,590.0987223779822,18.611179954144404,190.7857117131944,17.475642902190863,7.2815767499055415
25.03020637862199,16.616497765703762,3.1902167881710524,0,0.5008861074264276,5.90465819708034,46.57652605640356,1.0716456367637686,20,677.4873305841763,21.77756578945698,404.86478842188046,25.272010120209973,12.982863515438654
1.9264596064042343,7.0180548118757695,13.18818471014933,0,0.48710939224784894,7.014968306800578,117.35171778101432,4.2888521601743435,12,478.91424370630415,16.716925118778704,467.51781962361673,0.5012238183301463,21.438133228937804
6.2234618783024285,22.3852127212687,5.895496634866429,0,0.5682825846440467,7.761909941008947,44.52470416346712,2.2107956482665543,16,669.5561485398443,17.47774920515001,339.3096911564241,4.160097318018135,7.930807003334184
3.2980076035643835,55.25117076786828,10.657445408508352,1,0.451309608114136,5.189811681433429,52.98913549641904,0.7988355804549627,10,374.3202656614764,16.663615319210425,264.49767867910793,17.40164367101793,41.732875098138834
6.567498927289929,42.74828707541098,13.368460631094015,0,0.6845236800789366,4.984052930402669,74.34333178804364,6.3086436630788345,10,111.1422586790676,15.311868849151649,267.1615729176373,4.850058937827473,30.06453607476194
13.542558486280678,48.52124840069795,13.317364786606884,0,0.5500248477901837,7.609675622760247,34.8195983172619,5.8126102216682884,14,552.6017457763398,19.045131798314582,328.96779408358043,2.358225389858518,22.37733780726455
10.141817384374935,0.5113252608466148,14.011253204223465,1,0.5488839614633663,6.572729924159632,57.48137199964898,3.9084880513872675,20,104.94662683053917,22.02285632991069,328.62064386937124,25.947496321225422,19.347099706757977
10.481977939274508,11.657792312024936,22.234607756504666,1,0.5106526340184498,5.692195087686543,77.52043664112992,4.2810568452319755,10,436.5939443148854,18.063334191266865,438.9766918447167,1.1984108651835612,16.98309437989721
4.311670856714228,8.469164761678199,14.22938668044646,1,0.5686228820630775,6.6742403602857046,59.24662263685143,6.056067826702678,10,568.494398756875,16.559827432605104,295.1322808656858,10.205968536514415,4.430904146667633
15.80431050514406,12.698390456326585,9.415319216494524,0,0.6490117917601163,4.454976582688186,65.97582926491145,4.271113279233973,11,462.47547773391307,18.91109134491055,395.59212877491325,12.278491096257028,6.557562404860208
8.596104246292843,36.8946623803731,17.752201461189664,0,0.445944374114692,6.302362854618012,53.72576764020077,5.69843686499876,23,790.7448358578222,19.796059993299842,328.20222733844395,21.994870157939268,39.990310727661985
8.705656716062352,28.034425872355293,19.307346373580017,1,0.47102602131096927,6.52947482099016,26.043384312020443,3.1752873781649145,2,77.7239289833077,18.156001097639543,288.2271170731748,0.5685017138055422,36.97711668093978
22.656963944546813,47.0385224434323,2.629506075554751,1,0.5135528765468003,6.9469890976764805,77.6367692386326,6.555165851005288,20,394.0794070139662,21.58777773029919,325.93577823597104,15.649873575694368,17.20284465469883
5.017666028636988,7.718415963109546,15.222060481964022,0,0.38849548918321425,5.590272833395224,117.91361931328748,4.473650024458636,8,410.9325181624462,16.712803832567452,386.6249927502592,6.3783228863534465,30.853592236878605
1.3267902475441153,1.4536710702251128,15.938091921945198,0,0.4516890568334203,6.3599810129823515,69.11708582501461,4.2075090815723355,23,182.19072688135452,17.868666799672802,439.2589384792349,17.1560396094064,27.159071129972688
4.466966876262479,12.182031943561904,9.046811826816056,0,0.49285349517464094,5.652202761758288,74.92992169465613,1.1328717137047324,7,214.17289115832003,19.151173390654517,333.07043996857743,6.2616651452092995,28.243449201169344
0.7802381908109326,27.15816045447243,20.592377011850175,1,0.6549267016855274,6.478768628972022,88.06550941878375,4.402607294033588,8,266.0183933811312,19.36452025575922,246.44163009740296,23.863374418919015,9.38836456659351
9.890771850275353,30.579874606312607,10.064616449475565,0,0.581507359480231,5.673257574345883,32.93181304703774,2.052894673261652,1,223.25925459972393,18.603901803055955,446.9740470971551,6.303112869173588,5.864763112722528
4.196497880812438,13.108308635489811,11.966477528953641,0,0.5732307893641053,6.014329412587846,116.44066189344191,2.459606274290162,21,389.8568987724702,15.687476170814273,274.2665861331576,4.780055911818408,33.37986810344298
5.642042309417112,18.656088963966553,9.905804412441299,0,0.6521077554601566,5.602929223646839,74.28543917948073,2.0877111805361457,2,306.70189677443716,23.643625089253923,379.7349082586555,7.099170326836762,4.290455612061166
7.720254146526079,18.775335389082258,11.207495428312125,0,0.5335153853920724,6.7557953692765595,114.45517886440396,1.5609066430116272,18,461.4086085280734,17.98086618689858,353.74022723895837,10.844769214960845,21.13661941928086
4.398990837834086,3.576216506540012,3.535701900423107,1,0.5968557819914668,6.900915781659665,48.00177282577589,8.26201994633562,15,517.1043183221145,18.742588540886246,341.57012159649406,20.38471249945239,19.11713859879636
17.084429323652593,50.288201539242856,1.1636489100993685,0,0.5376133896481005,6.13576560102981,119.68754002387487,6.595812030175646,1,505.7388652327734,19.85687440498056,311.6851566828914,3.765254702989063,18.266611152577042
3.214303643325262,5.3515215132280085,22.10208493625231,1,0.5818434819279554,6.326766596472019,90.3818693823774,7.832771754502948,5,339.098790808961,17.099688202171034,412.4335390178072,3.905612497490063,25.392947565074042
0.7980648090106226,23.62323080765188,5.255966696603537,1,0.4800689610866102,5.2859860097565186,84.14042641245126,1.2319204589333155,2,455.79190575003133,18.625238125915708,30.032302718636515,19.520103116333786,16.266149646038244
10.677599791116126,5.674186606797497,4.25939278875148,0,0.25734194100682856,6.090226346395249,75.17608716732346,3.949632874812874,20,581.9016579176912,17.010181477162753,459.4188162614004,2.9359016624683374,26.14076625467844
7.108519552975411,5.045540824879278,3.7583917838656333,0,0.5338865005376435,6.2648567680707785,61.61634583210797,1.0836339870713987,3,482.8548496546183,19.414211631243308,272.9617925301428,11.429217566118995,23.798629815158993
5.578901431055926,51.43745878053862,6.691163940942435,0,0.7207297763319929,8.134555163720982,102.33493960311581,2.339040757886165,19,720.3082526664946,17.89275017317775,393.124078787309,11.573576597370012,41.808337657263905
14.972141962257123,10.134929610134975,1.9706804254882613,1,0.6611458482689911,5.521623081958086,72.54411234273012,1.8719333348251925,18,573.0060697768035,19.09118076007027,388.3073312320785,14.244814708035031,9.754233595273211
10.385104140682678,6.019225446137804,22.429904604940944,0,0.6658476981509405,7.324924067126706,13.32534132920101,6.4031264135272785,22,696.6923882049416,16.197617837731677,472.02294176389444,7.376077706283537,22.769274651924405
5.206314569231047,27.62160830015265,18.067737916464175,0,0.6983356866167462,6.9978011414260655,37.20706042603322,2.967917675986304,18,-10.713645492250862,16.676383845186347,373.9951713339643,6.118339854610603,26.468374918875423
5.860980309961285,54.48067701222654,6.351762618273705,1,0.5606389109153725,6.496445483143095,63.377734363383794,6.043596600757434,14,424.241588351559,15.496690510915036,280.55106456230186,15.077750536441274,20.14109648910288
10.4018589844626,37.648965188462746,26.64180705687573,0,0.5736778848886716,7.531034338936593,77.3109714269521,5.068653868135888,24,353.57933984002733,16.936833825482342,209.96729610010183,6.338429442494521,10.198909007431888
7.161471184639312,5.134893510072448,17.874181860242,1,0.475881772547878,6.560473830824804,67.00986346191291,8.637641379420057,8,387.00340530721184,12.83824666386409,324.2589129065593,3.04421875015386,34.06534558202779
7.887972533833203,14.38205367368092,8.858663453790506,0,0.5120712572767541,6.57241143696755,102.85307919320194,0.6931671314065793,12,272.7668174225046,17.82437954748678,177.80603597164585,21.417379913746963,25.599795837325278
8.14089162086701,71.35928341572175,6.145899432627656,0,0.6238925379725371,6.262815542887718,13.774037620514633,6.444389803552278,21,474.5614992645422,17.324671401681563,298.8078007257212,16.165477207792193,10.844550241075336
6.183766657128718,12.779789512537576,26.907503750876117,0,0.694466132460258,7.156498217693039,72.634821015795,6.207525827841527,10,104.19611935387468,18.832004119975153,329.3706135499513,25.249267009933916,26.535745255535993
5.7792877980091255,11.724552501571647,1.5119499793311864,1,0.5332664469182801,7.067528463667618,17.514783766620944,1.7559044401432269,23,475.77739296237684,18.598136993755435,293.21764599936785,18.266170323640317,38.15440784448628
6.614099422623688,10.837885470336923,0.25325135400255405,0,0.49597728821783066,5.862025898752651,89.94791550310512,5.914980006593636,20,278.3525150096692,21.265575490658357,359.801402820207,3.696180073416361,22.165893412573535
2.316215077732869,16.01537492589102,18.155735980866517,1,0.5500633550627917,5.376526963780862,65.94571012417971,4.50590442235508,17,323.93513685976706,24.207482406503047,334.5145350063521,13.384221604425969,22.479643440870827
5.620607165300731,8.03640240217214,27.93429160374098,1,0.6221448098714938,6.15791355382304,80.39104021387772,3.3222998540978432,11,481.66829728704397,21.002585828931398,326.18052473908085,5.4890393915004525,36.92564628559854
6.149730517698527,1.9663247603095044,20.651482447722575,0,0.37673742206397504,5.739973004921647,44.32488880742757,2.0697354773588006,2,421.234658281544,17.503163303374805,135.40229384960517,0.9735718633001849,13.572467367888471
2.6148573368293992,1.341813330901136,14.99097292836128,1,0.2744582856235315,6.255532797769251,104.5529645795828,2.289870151956709,4,585.0587131162843,17.41454035063824,238.181828557615,9.524884309203117,38.39347879211027
19.83223824695938,10.636848803967238,15.203804957490473,0,0.48393557806101,7.166206694278897,97.87246306005372,8.104605401150444,1,245.12341101787376,20.411058693182575,414.4817625987937,19.66888341462376,31.45078184738778
7.722346411932552,1.2617971674167237,16.988567355584124,0,0.40351450889030105,5.979888841439247,84.99759491463404,3.801433919810713,15,394.4414504275226,14.796641671939769,429.18732083821743,14.651880246591299,13.99718553138386
6.764340425663043,5.209306736377931,16.336607269528677,0,0.4890231762823227,6.270023633081897,64.9605653631373,5.442473003216064,13,557.3138836578734,17.806553562440346,188.6713186639114,2.8246516680627263,16.351925201434142
9.312016395114318,13.879824305221197,13.040220825388692,1,0.5322663617419034,6.340615914365877,84.89398971679321,2.139111298498138,8,468.68155695023495,17.976063542903514,281.860645507694,9.275374815989569,17.671721930122935
4.879730530977696,5.459030834094072,11.818987617267945,0,0.49561019091723846,6.893901617543699,48.736318839555494,2.1623088129345582,4,479.4998345817498,19.785089266601386,453.5488484515206,11.685647244071943,5.631209231318774
10.447636052559332,46.44303663397665,10.668107417493294,0,0.7242961041364895,4.727177466210776,92.641114018482,6.072168099424879,10,594.1512002083833,19.850505961509718,290.65846798013143,0.7073015768070015,24.896340091452103
13.679781537364414,50.36759653555718,5.897644336819933,0,0.5892093717522785,5.875309793664292,114.95041313050217,0.9658899557417819,19,339.7512685899193,16.861966811135336,345.8543383716148,17.763523793265144,14.41368757011975
3.5399361696598803,36.83210964979336,9.163341969619259,0,0.5860569231532995,6.447898584595631,98.68415673541513,2.92805108739893,18,304.37241264345846,17.588380144248596,487.2042849404476,11.075981313562862,25.22827215716801
11.981372324425598,40.433784985194755,0.5814020179481609,0,0.6246648572852083,7.140055269498802,48.098170598411784,3.871457563251687,5,504.75194540463247,19.479229360631955,323.09646465865114,2.826776487382391,10.623322097008007
7.191194064347535,36.90999241510988,10.421456575116226,1,0.41334002586630775,5.955668286745656,78.75582661537419,4.03388246386411,19,382.895510350137,16.742374556978717,310.0705336729725,2.4250674844384186,30.991721779429394
10.751923391952063,3.4153790579278738,4.278721360658669,1,0.6746934144904323,4.986413105770688,32.26272262038199,3.423904101466072,23,596.5301993732162,21.153460556503422,341.7096611560707,20.514714008943436,29.286158557200622
20.102098949089342,2.7454278222980584,3.4852337112111798,0,0.5409082856157449,6.733798012176295,84.68416774403649,4.631221540301438,22,470.1219374353294,19.84018551356853,524.6603826088843,9.996227471765394,16.00591307064602
1.4651233907750267,21.395022486925235,12.341269642959,1,0.6304576740689456,5.8552463278220594,81.26195590143733,5.254997087217404,16,303.27708571123605,18.877321006028655,396.6043671023427,21.15149940559052,25.808772252515464
2.9575046299101584,6.723128820867396,20.704815775777735,0,0.4213771320351814,5.467233338636747,16.058160859146184,5.342738845464593,1,464.84851650427186,19.360069316218024,357.7364281279589,23.862303907309276,23.262869145648136
4.1387755377420525,14.47641719935381,17.43638458141596,1,0.36354894807807236,5.8629582272007426,35.95387398606257,1.7298120017975638,12,256.3464564106144,17.47284064273024,308.2832440329759,19.95938273727706,36.13715527260679
3.497549479199312,52.22790133177041,0.26354583500007855,0,0.6481467589630034,6.170832249640905,60.64379700150014,3.2032742943495256,24,567.0839826839855,17.12215887118724,405.0323404644822,8.912634599015814,13.001193495367176
2.929215128097294,33.201306560335844,4.27156585766467,0,0.595169143131702,5.876678734823251,60.145841105342775,6.309002009941569,2,173.2784124999105,17.565611124494815,416.03267906370263,5.034714548927692,21.09885859785385
6.568022180904801,41.0272337133639,17.59132119711869,0,0.4417538134770988,4.756103760030651,34.61369811473156,5.678759093905132,21,613.306966064959,19.59992672297167,258.34075563773223,14.922273762197282,16.605710542288488
6.007209954171166,28.21495909220738,4.320836984585663,1,0.4456404302470367,6.927946337820992,79.53030229479636,0.9169951518897657,8,461.907253879009,18.94223295755904,418.48316546710055,27.55019222542769,22.91232741332154
10.796494266613406,14.906906269361441,9.550031265020529,0,0.6850521741297724,7.1924125288951055,75.66640841122839,4.538107790739623,18,380.35375710339076,17.570028188676037,342.2451419172678,12.448730444965841,27.40611714560906
3.713116459337791,0.8213222043187258,14.895359483269408,0,0.4072705728559207,6.756065393937654,63.1410373914036,0.3542730236871021,16,536.2401373568912,20.14907983527684,358.2566757512032,1.4276901834739437,16.503372121721878
16.245746471268657,22.80242727661049,4.418423261440916,0,0.7471207543907157,5.503620030702629,47.362258845549995,3.898563294326776,5,493.90287621927564,18.11731787086046,275.52970072806306,7.908362675346165,19.150222763219247
1.2974855508297822,17.075577947182325,11.827090992407124,0,0.4419255118422558,6.158955926236737,98.06867025230542,7.785310735166552,22,631.5041231905542,16.97471635970383,319.60163546756917,11.395493749155685,31.387575342127736
27.265471749329684,28.01286342301664,1.8952240850643882,0,0.626607031073006,6.295435079339379,115.11693987778109,1.8094252937351285,13,629.9383720433825,19.059551320456745,262.2570538647226,4.904281171319439,34.98738688972327
9.043305925555554,5.800418222915454,6.950563256736625,1,0.5105657829101219,6.719156072693337,55.0119223039123,2.0479216044676773,19,467.1847946199361,16.271335074429757,257.88214651941666,5.504073172657211,27.040347523866483
3.8572707408216576,2.6666751840943785,13.306495345583505,1,0.6223824917298812,6.767838342102657,51.39810962794953,5.404462541303005,3,261.542524409015,14.788107750141457,390.31521005883695,12.005259531472612,21.230739491562936
5.7167647331316775,27.965367259141352,0.10834323863148043,0,0.48470631974629697,5.7860783408550525,82.40293539807709,0.5601168180597433,8,317.02648792503146,18.48876993375642,323.68439254467717,7.127378650860851,20.355508326458228
7.797510012615712,21.751335157624727,14.139275691926752,1,0.5304648512713247,6.357396889489492,58.539374429109685,2.471214437241418,12,395.96332318364307,17.053689653836056,237.73297204252015,25.2861107923894,27.542762224291067
1.6558737676650974,2.9894883364154374,10.964499187405899,0,0.5549103010474866,6.6200962832306685,64.68293866136311,5.052526388921681,2,589.7292446583758,17.94086042412633,554.1117909214422,13.417337764677852,24.59545641292482
9.8118042986012,38.41238441838698,14.912180685478319,1,0.42973750530622334,7.3190756255027365,89.38425356346326,2.467999719852253,11,331.32707449530415,16.37318758008221,253.65639142224978,16.034010167978582,7.329422291400013
7.71716733378984,13.788775533077606,12.645007525046164,1,0.6388989214504152,6.793154577877306,14.947093941045061,3.3044630268569595,12,345.3459925677371,21.159650707345655,455.3813694527594,11.854488381177978,27.765944137232704
2.966388459885207,25.751299641801346,20.512568966819526,0,0.4884143720234098,6.852339681162863,105.64429532836,5.362789991661573,18,718.5229057169277,17.044715963358094,221.64180861241604,13.365506452534358,14.58275793731243
3.767105347195123,25.219259310663343,11.96404906827056,1,0.5225680101591978,6.358678639550552,70.64232273365448,4.685246775426778,13,390.4778500885419,17.549601368024216,397.5417125002694,0.9686750526287806,9.464185042024
9.579170854767021,4.187567963984026,8.137101766235753,0,0.4306780750469786,7.287321401642452,57.03704263780273,4.360318632220344,5,301.3650424352103,19.331343188683114,333.1990064556991,5.314819232928846,7.151227029399724
0.2846800829830829,18.99889941824135,11.943852770922758,0,0.2425199609445628,6.586833957171648,66.09252026637728,3.0878432135329184,22,538.4765327702167,15.471448543690098,298.75583744638516,20.4291643793674,20.511839785113462
11.050669510614208,17.750946329777562,14.848756400351077,1,0.5270766684879797,5.6972384628785,67.54426487607657,4.577128342064806,12,398.56944046278977,15.30879049885285,373.9035514626793,14.187179985084397,13.14797586792006
5.462615573932775,32.9298295475208,11.437134485247359,0,0.83951385059355,7.2823589790876335,19.953243373197587,3.5401613717905107,2,174.54734054316103,19.33809623852551,361.6656469259692,9.870600883034152,1.0974736503993832
7.237927374794296,7.091780220878356,11.380082669306788,0,0.6441525145477629,6.788532290777319,110.60776419143593,4.761391780844148,5,582.8735659116388,17.521115212983226,282.0656682849339,16.151815814407705,19.20220933710134
5.106674054905284,0.7794463780936205,6.256257354133387,0,0.5476887544318727,5.989869185210062,69.76125026680437,2.7564427472522457,7,282.4973941225219,16.516710764832858,277.945761848383,16.291619559868213,17.986748319050037
6.95226120364088,35.84191496199952,6.525983668898457,1,0.5184531004950079,5.9643549228205295,81.04835986557124,3.4166051538029634,24,415.32238052944876,19.827420980484103,212.7738067085095,26.83535189390387,21.120909745142903
4.089559694949857,5.011207989646289,1.4220236245821134,0,0.5526959071374457,6.507602881598533,95.3385485531306,1.7210886356407706,12,396.55262888372414,16.713772349962415,383.80635897649165,13.8577710415876,16.71413882281013
4.937408421726093,21.41714820527094,23.17207952798988,0,0.6156542938210252,6.624229356687309,39.905334942555555,3.7264840189869046,16,446.65699714293703,17.896072940992365,241.90376073389922,5.156196213876863,39.32983290445096
4.106415850480199,24.869459743106958,2.5173436758001326,1,0.40830246216293864,6.438104585941844,81.90456036288991,2.0968981863794256,23,39.89955580913636,16.528512970460472,356.3617210430636,11.87855497129876,27.259503111089494
6.34384159112642,25.520031866353406,6.318954135208239,1,0.6837186033602647,6.517916071410019,61.0792853457439,1.4605024546598138,8,351.7032875617286,19.167561809749614,409.91549655498517,17.013715952561775,17.90355742268241
6.712750035030064,18.434003913163394,6.142989867572537,0,0.6358457578529493,7.489970162203466,92.39425878358347,4.343188410496315,9,596.9726260994379,21.430567623976902,374.9330078959889,19.769178981143785,21.914633095484266
8.47882537940364,52.286704440235695,17.274978200916646,0,0.6361822870849522,7.05008020656442,8.82490948812297,4.2467535293010865,15,620.5948473417978,14.405712155469347,290.1950518804295,1.2332737078920566,35.5147125409572
13.022545815624909,37.108955203690726,9.064847219785008,0,0.6026170886571673,6.433444913885517,65.81545016322033,5.444034843392002,5,241.46321588442606,18.747846915251422,438.7019294328472,14.501317708391873,31.300929867966516
12.768077852703655,50.92743338115789,19.709420301448766,0,0.5523539989232789,6.958917406537238,51.660739572470675,2.894636303892292,13,562.660504775585,20.384494572149972,318.874595492786,6.3294900147633735,9.654851307749704
8.38572350122669,16.31670698582101,6.452914692717306,0,0.6307433483160184,5.577233267530723,80.74658891281976,4.656910978357187,5,280.07980125650187,17.5727489559273,234.5913709305458,8.67691333520196,13.536526840395009
4.559077847261568,9.146584493419859,13.025059719344233,1,0.6210176960489654,6.578548934962766,81.80824166504648,4.956674901774693,11,345.0785804229364,16.01170677654905,330.1807970947517,18.70546133212808,15.307008758985269
8.08080682471534,1.2966147226485294,5.336105332507674,0,0.5075151146870772,7.566514444813177,48.71571235550106,4.734024996446349,10,353.90662643484575,19.426119759680287,409.3985613966101,17.99836462996648,18.45476045139056
8.069937772936216,20.69987146440325,25.901528981636382,0,0.4811677872523719,6.147367873225338,48.58791441665317,2.066127266115501,20,426.2790232305086,20.70363770742962,294.62829738867845,7.885117525497331,17.02210653354041
8.080914870862616,10.523111433501033,2.9055709086963617,0,0.5622227554314384,5.70665624996664,65.49030314353904,4.113663312769496,13,576.2295646568649,20.45914879082003,435.9145997622977,11.579321650615409,22.812885144721914
37.11876396869607,37.10693385098495,13.237762900566489,1,0.7358824181794226,5.843537777984857,43.404353412442646,4.564694621714788,9,452.4502020528907,19.30500054341262,285.9003280651938,8.89381925464194,29.26863606137377
8.566747443030552,14.061504213825524,15.47306047843148,0,0.4013071509215319,5.537256873860328,92.25974184220476,3.815074780506678,21,386.8098642655941,18.715410222739013,298.286599374617,33.231091228693046,30.804474662318867
13.47942106957121,14.902031042061749,13.955213772415338,1,0.37389696810970724,5.750666664310607,58.22527766742676,0.581603082579278,14,570.5082871504202,16.522172378154536,260.806809557354,14.676342981762074,19.493464445326527
11.899815342390859,2.927835455417158,9.821515153743812,0,0.569771300948382,6.0406443309869795,-13.086368962938138,4.137028210344308,18,273.152886440736,20.40353889075667,418.2175678586307,6.7396807019631915,7.460819627459557
9.267103886360442,10.073166967299128,10.20423717183936,0,0.5561065242227222,5.316103086574951,58.06750020892724,8.446315182734208,15,395.02746949738446,20.281904989375516,351.15492612188257,22.087386738169997,12.928228534779977
0.8571575716289934,18.57178121518498,11.402299156655856,0,0.570800999724449,6.310932833764722,39.41691863428437,3.043917535610336,10,575.2912463674248,15.996271698958413,266.84166275529833,22.33797569635142,17.71807193540372
10.203032218291426,28.446923548899377,10.085686188763429,0,0.5792743837490201,6.931594021650653,22.76114958554742,2.271038094503825,24,496.9234435808163,19.30185540126228,319.9448588524196,25.42086204471709,11.04568297488751
3.1235793664768736,20.012720335063115,17.750765905884876,0,0.5232157294438234,5.664570673897155,33.8283114659457,4.584031975393936,7,329.6609317892547,19.936212526143528,76.52526010118845,27.524755145821665,32.99590267765485
1.539678121361923,28.71805339072926,26.352608710980324,0,0.7287836126322499,7.363498746549238,71.67437805850645,4.4559942419798,8,153.82326321115508,20.440650298566116,426.79548507546457,17.724775668349512,11.648222261057303
0.6226628661131994,15.381164708381046,7.253306683445947,0,0.3578915225828182,6.657554461969316,105.93480727377529,6.30474384737447,3,460.2241760535283,18.335022837920114,340.462055805654,10.21605261917529,28.17698001156387
4.312305012661007,7.113188262982576,1.648359440904363,1,0.45058035702637056,7.02140640993684,77.40048371560593,1.1584768725913355,15,142.78256608029778,16.613351336878484,137.03232825809937,11.261420950009331,7.0267007337926515
23.737529530059525,11.829510640423662,10.49085386637634,0,0.5376094287821144,5.839515812303504,51.55725479113771,5.3358985304074835,16,372.2997707318843,17.395344404299102,223.44198883950855,10.626265358593542,28.546250131923692
12.645207175548206,19.498653734926936,28.899994429814797,1,0.3528173426615,6.8981676589466305,81.41090788429673,5.039886328628073,4,606.0633310717601,16.284050311396886,317.6349403072581,9.83333689302891,21.218727898658212
9.570463656258267,1.1764005512081237,5.554645481008857,0,0.5288974714681515,5.535646269723281,55.69956228284632,3.501492272424853,21,508.2554525787107,18.387666536747037,236.41046092145984,21.503551331748994,36.415282461183466
10.430628079349969,6.734500101873886,22.409905957564064,0,0.7493764198873623,6.923173250585556,49.08172962651563,4.511243367635549,6,68.0261316939559,17.95685212754888,428.1947884554313,12.705118439245428,12.089624019773765
0.5058072323680709,15.963194443775981,22.676135617127443,0,0.5525063785955154,6.420287537855471,36.16240902265313,5.96186071135655,1,441.67585272917324,23.219080125691157,394.09013262519505,19.597095240195063,17.31014383437333
13.073870193616084,11.396085718430248,7.280241132214837,0,0.5776841086862421,6.687275853989348,19.373610530276686,5.631862298059746,4,354.37945434676413,20.46828971336389,388.71777086012605,17.503267538945025,19.092020067023956
4.159236166130526,20.912289208147193,15.0259832463784,0,0.39878022817929043,5.477083776062604,57.64314384567958,1.3996594446451698,11,194.0154766781245,20.633005747156012,119.00442889546187,4.899549761833206,21.09699935461713
5.7763795679849625,28.270197978741685,22.335936699586913,0,0.4760366310352627,5.6734511104063765,73.0413030667557,5.522332192186517,12,464.2835776947532,19.536975479821002,308.18328430717264,0.5080456439777858,19.316976355697086
2.6231422705617233,35.379326349687496,8.484018587186338,0,0.5049764343611276,6.7180597527773696,65.88487487258159,3.664153929431711,5,325.38804140315784,17.69190117732926,292.51690299457584,3.9196929365360376,19.49455719363732
9.51250041573168,22.411521340223903,9.695295515293703,0,0.5118741883892519,5.6361563970430595,56.911329324679215,3.953035605832582,23,326.43028150856435,17.894142090600237,269.18104467648254,9.670384789111399,19.343824600851903
2.7541896959390884,17.365492809513302,7.0864016937543575,0,0.7037972554004523,6.624244404469386,42.02453569442044,3.9537136811035585,21,428.839579895689,18.095487540403436,318.21904941410224,13.653729511901913,3.44514508025971
5.483189729363181,34.296699925930476,4.098178558219218,1,0.616922927287015,5.343003535477828,85.69171798634761,3.484489723523654,16,302.8513988085506,18.914113199942495,253.5123231551683,8.09706767585487,31.638677414791466
3.99647500716318,50.20555455597803,6.61998493904455,1,0.4166250451675562,6.893721948866667,31.588593049500957,6.302585743924836,13,424.0836200895826,19.356173582491586,375.58508669846987,17.69176254186182,48.82245642222989
2.068923024170608,35.03482251492244,2.6548121593404286,1,0.5795805734118407,5.437233679662043,90.40638437900165,3.6241922843166545,13,308.32141854217105,18.501558980897148,425.7561732447372,8.953435119639588,25.24409416232909
22.252313577130334,31.492369590027337,11.33517593098866,1,0.6097866098196143,6.6866099563756665,40.43770176815903,1.4489531303953456,17,317.53847461541295,17.860683349845107,417.91492019655414,14.524397811106004,12.051092199703698
9.115095494166697,18.414143324941847,5.787184705695371,0,0.686817884622552,6.7379416535522,47.456569830379706,2.973587302463569,7,574.8122012416487,17.192945612926433,343.4500760942553,13.534829932699393,12.982244596195759
14.018740503921181,3.1582728603093173,12.71312279135616,0,0.7396648823882048,5.812259727099297,27.383336143699466,4.175258905301998,8,591.9048349118865,15.436172732876841,537.9308123663487,25.014474951690442,28.141200817402424
5.22215253849402,12.007921469912427,0.3643200411949703,1,0.4281886969806558,6.707418596959308,54.51059967251361,6.381351047023806,13,120.94608648003901,21.323434163102633,459.73773541954637,5.775789431788063,26.046319177803838
2.157542243484975,23.461455176930567,13.383073602279755,0,0.4526970986547595,6.482309584333489,96.0062800832312,5.06649883839255,23,533.5082377662209,23.352165050183913,346.7582034657978,28.379775547198403,19.884530982909286
11.016170012727148,5.509830846475749,16.85134983510158,0,0.3990906569302461,5.922810700665083,83.08914928527517,2.0138759146312077,16,642.9632887771858,21.138540918042153,312.113228871662,8.480116045548808,29.431320212088504
3.294930424364495,15.751665612315925,2.6567759337430434,0,0.5219176169071623,5.5940117211466545,96.09366134798778,9.018898825025673,4,669.6393053238007,15.730055622952358,477.76047181315477,3.1855960784382535,3.5122575698586793
2.6017929592379785,6.200422323832415,13.680990331948248,0,0.6059630049335601,4.9261620158291946,83.27220554074358,4.356028153053757,8,495.4237939487,20.231436453209962,447.68984213140874,11.15990356797158,29.437371570526338
7.993389327129977,2.848364809712395,19.570916048065715,0,0.6684801419906923,6.5447550331097855,37.586877818296614,6.478320549797932,16,230.35715989902525,20.752307863565797,227.65112445199512,35.70498795532133,24.687402714273013
11.132070189280057,21.375203556563584,2.7534769710306826,1,0.5408858771628973,5.204638060046562,59.304822796395634,3.4813996894878185,21,513.8367811783858,17.612437063033013,454.80974004981584,19.055957168632236,13.337278484794263
6.842578741385253,10.11133463438407,22.640749469180154,0,0.5116182972094188,6.366740939608915,46.67640447179929,4.920054413881443,10,261.965604323726,19.575639927205863,341.95200834012246,16.981045134432957,9.313419858897705
0.6898392481837496,20.09425131086057,13.991231164625711,0,0.5682109590698489,6.115586248742425,105.98915480349703,5.56288385948865,12,350.3818520856821,17.496133328450238,277.6570507160044,18.345826717654795,23.61621100125977
0.5320242071003185,11.337846794371854,6.235418195266979,1,0.44978285180439725,6.775399942806737,34.97023903542064,6.358208894683937,12,472.3578023835296,21.863643788590228,175.89226680909965,7.235886402033619,35.44659085826342
2.083964323391293,35.94985386096266,10.715193364161829,0,0.8007446466033729,6.088568150357095,93.71290507183402,6.020473441294273,5,272.8004297680518,19.30381602887369,331.52862628250006,15.0149150721976,20.401542265627285
18.959451890445543,10.720994109784273,14.952455696399884,0,0.357080676745833,6.069386549557036,93.69200375005641,5.631613700153253,16,215.40474847141223,16.48225791898369,354.8872897449868,12.71776633225157,14.655297850657876
7.123340885360313,72.7345021107112,11.62443720074564,0,0.572168869467487,6.812309493001806,120.01232766822204,3.1383178644923717,1,486.2499175064583,19.973577815620544,500.4468165240298,25.54437391537531,24.259851993253523
7.369690402714893,22.89430709052472,14.817416347879947,1,0.7928327463075567,6.534540620358882,57.08780674711112,2.599333311892271,9,721.693666324469,20.829317481678544,443.1082765051304,11.928317212234766,39.25202065313596
11.585398939376551,15.706681682090561,4.747352207752372,1,0.5508159813471998,6.521309170027944,88.61625268420255,4.498475771680814,12,616.8633675205499,18.935889632498927,302.9573083547808,10.0142365335004,26.46795828018619
22.06275891400991,8.599736278222275,12.268589685848937,0,0.5271953157998207,6.6284873128659685,132.71441660674148,5.759568951916245,5,526.807279088416,19.55477172183519,391.43015787399605,4.4299242786792306,27.462498291526554
12.582447766794976,27.717220190229497,1.3453699713556357,1,0.5071065492627488,5.225099513755026,51.24426887816312,3.332286528369125,22,572.5031531790752,18.346542455696646,431.18869746322696,13.694102856816867,33.749747450929114
9.618518703799916,2.0123613513401324,10.332540176693968,0,0.5283529981885111,6.829752075990887,25.465369044340683,6.036861128000211,20,515.1368755265619,16.004583003078285,363.8221223095666,14.779958017983727,26.847528074331166
0.6128364339363865,14.242828681236922,4.86303727389295,1,0.7147418169611837,6.728728155809521,15.771718047191833,6.850495165520977,22,483.583238540778,18.166185731474883,302.56897152816043,4.168723864202324,15.315078694126582
14.622126997923617,71.04996974166292,6.02484339613061,1,0.2845765706404592,5.588321809996452,88.6272080110034,1.8757260699458183,24,558.9677970525727,19.65068719251983,307.57230648184645,15.917461588830088,6.450002442538068
2.556724350883392,9.161804336415658,19.629042908952016,1,0.7340120441555591,6.129143668428059,15.68347915355379,2.042466522027812,3,178.11500053492426,18.218340890436878,391.07804941158264,14.355574618943495,14.020791298039986
7.461229024872187,38.17806850245625,18.630039832100458,0,0.37912514170598266,6.272484898660658,58.137834612444365,3.5052123762987932,5,441.5135303064094,20.2616839388271,393.5812314627793,19.895464895174726,12.336517993101392
10.33931626483523,4.984010705433176,15.30305303425952,1,0.5180017204918703,6.205852250918787,80.88850055579479,4.445986603197312,2,394.4007013510343,17.637200565365315,329.34112996551744,21.307813637103514,28.565634699504212
4.464295102729322,10.584768171420793,3.5630419237592044,1,0.4984906695641606,6.533701976597974,73.80343258492059,2.6984092710891927,14,421.2556756322867,17.78150017960818,117.65714934014613,13.369382984661383,29.84480207241179
3.0821294022623396,52.65965481030738,8.916781697105867,0,0.6206263923724864,7.301956747281828,80.55500068357523,6.639625625621003,2,330.48946792253935,20.32846399558659,238.56243181649256,5.341809322662121,24.115262967782492
24.59902585860093,3.20833244645498,19.470374129856367,1,0.35822507777395035,7.057236709370979,74.84634494800399,4.690540409188747,13,495.44195792207097,18.988075536966697,412.3916918667022,6.802586778133021,10.82803381304281
5.312172479608321,53.63005140132844,12.077846704115343,0,0.6054607199298332,5.381446564598016,104.53612935410635,3.8828388013055526,7,270.58809437248203,17.5942125214577,162.0937422406153,25.211106407861543,38.9366926201256
1.4026570828795055,27.890620096112578,27.10337382587369,1,0.7929171547944224,6.735448993214234,41.8399097012398,0.7845899998760917,10,318.3123718621382,20.774371827218975,463.76047248941654,13.874974691170177,18.670866032675786
7.255713683094189,1.7054758783364363,13.813893091821166,0,0.38641911944886276,7.230253323674787,49.576436609315266,1.0367867855022346,13,298.14817450644716,16.98478142050884,450.2903107636039,25.097691834812508,28.052025294774136
17.801978344205224,26.13510031999364,12.425138903781217,1,0.5727647401132475,6.570765964482442,46.88826958788984,4.390119425591793,16,553.143035061338,16.90071229016183,359.7397707559217,16.240094211259333,22.953788497635944
8.842229988257504,34.060518676302806,8.96709639700274,0,0.470562138664407,7.063686297630177,91.92838991333934,0.6784508149251565,14,406.0304514608555,12.275212615659036,410.4117241148033,18.051523023966983,24.419704045899216
0.22838703426375817,25.888172119660677,12.021432242997747,0,0.6011064647431643,7.7085893119905355,93.90120033390129,5.926538560252551,11,330.58016691414383,17.281269193129617,404.1184957306586,19.36493767529093,27.72729283073166
4.7374430223889945,25.186235973447637,10.047958128974248,0,0.5522977332898903,7.016596682274887,81.27943147285008,3.467876926818127,10,345.26381123728163,21.37917669362902,345.36454531867463,4.015714417693095,16.096614513271245
16.139077614875205,5.542296196719439,15.985949869151273,0,0.4730215709146829,6.47451601694921,101.85617203960697,10.610495236148939,6,408.6519436023084,13.940956090420634,230.97609029944016,14.879350325798935,34.50970232163953
8.892000715261123,5.632815791649939,17.70124598588263,0,0.608544674184529,7.031561931859327,35.497051626723696,8.646624126293833,4,680.5253863701355,16.40577569149572,444.02184073061346,3.9173078003293558,7.96855016279709
13.719524643748148,9.665701101968923,5.676672722495148,0,0.7665217731744092,6.401421483167824,115.44899753458694,3.4189569545802145,21,200.26458349375912,19.465950822958373,484.05793103591077,10.677122330069999,12.945281984469863
3.6890276308704073,25.861659872930797,1.9144926204513304,0,0.5270915449927243,6.316732130299469,111.40300527011445,3.5766922946842383,1,521.485679610204,13.561293097436,246.01826229394686,17.245204416473655,34.39035024390116
4.939125264117173,15.540433321744814,1.5698170744127466,0,0.6363709530577819,6.054010035000387,89.27097812260547,5.890721179404262,7,487.2728727892093,17.376463050278517,227.57579452955736,5.4201293772195855,27.928043802161135
7.620300226090455,19.713523557945358,14.605140155696551,0,0.3948072450554604,7.394389351182475,118.66854933646678,7.376662480827879,24,259.66181306094165,21.009899074343643,343.551481667082,16.67129500414647,45.87159809866919
5.331819351489189,20.258609928438943,3.4867704174002716,1,0.435227634781839,5.727099933840599,22.048887864254546,0.36013897938436434,9,654.4347127459873,22.994656764067777,299.01356179708307,2.061580203192566,23.128824081608798
1.6218868312815133,25.62664786511308,3.7549450913721323,0,0.6066887533456453,7.372657407274681,53.86300737101948,0.048611522755157566,8,498.59911574795365,19.138542444467472,369.19038085869676,20.81757075012714,38.14394952742365
4.207278139413164,24.44311743679323,13.781192371263652,1,0.7280939234243158,6.64990488661826,47.93797275483713,2.493726908335799,5,322.7008050574009,16.46177255986954,465.9274576272952,7.982496007052032,5.411195199496689
0.24777170730268683,36.58219090542269,28.301696670286255,1,0.5926736018542792,5.320485677638641,88.87356899758134,5.0237489246651155,19,95.61856124102832,16.38771677497378,151.6439901172029,5.407466288046635,9.495662246585809
4.587600903685858,30.830386200989466,11.058110710374736,0,0.5124330363372215,6.557354505093995,39.0910452171797,4.843434540065954,10,446.49666819585093,18.818797532527988,499.8957475973431,2.508972996463326,30.73883494423616
9.360536868333106,22.098895846022575,16.88558634371633,0,0.5499149686508026,4.829981444643863,89.88561369638333,6.046520055466085,11,400.4827417609948,19.11811930656322,318.9931717892003,8.586587786852622,6.4886160043467385
17.398346300464564,9.765138923013524,11.664622573978198,1,0.39995107192363394,6.7378556117817245,107.11206564630764,1.2806351904328523,15,234.840227547292,22.587443272128148,402.571887057195,0.8440438293932768,20.6842180155127
7.168994839793585,27.300389750922605,10.417661392981115,0,0.622541839162644,6.9196620380922935,88.13520149236038,1.0639021122346417,6,232.672779097213,20.635770675581846,412.3040512675064,8.806366112330858,33.238323569553856
22.15739035950952,21.41010450578925,17.441627732615604,0,0.6558799674788092,5.885350831043563,76.57340376488818,5.601829810134506,15,553.9096576760768,18.68503427335468,422.91604503199943,20.506357879864876,27.11077563329575
13.383163855845764,16.23912311090049,9.097105645098306,0,0.4957491600600304,6.386483387168908,40.84075912068894,2.060787826773007,5,79.44325557007284,17.76254404282928,361.6336374667297,11.360147641847178,22.602076026940132
2.2794696731904254,17.727786906652202,12.94500696709613,1,0.49359494226885986,7.6679102036252,44.80348785187725,0.4388245152161403,19,460.79950285227005,25.132365760464864,382.89601476259384,4.339617827062849,18.3682112867703
8.718359696415815,18.34824181661321,13.319714862752495,0,0.5819053875582458,5.945977307016644,103.71429123883632,4.1046338665147015,22,376.51058814777525,19.87850855999097,382.3010066050917,14.306469547638537,24.360478046246076
6.044629249294784,13.788617391512515,6.490175869862963,0,0.4975936316751286,5.5587646890603795,90.49970700973984,5.465668945259223,19,491.5220111633778,17.0287462301294,298.6442651290703,13.679060008711836,27.810685025854873
1.8174858224391657,35.938461482656656,17.945092211802006,1,0.5420640862449013,7.337164381723818,67.503551505491,3.5436800225453178,10,358.5567583434862,18.00582956809875,196.01697757921502,26.591930734358584,16.41977209972712
1.7893364218917058,10.478364915139938,9.89277767880168,1,0.8019666146999819,7.673811033371556,56.85674176397847,2.8385183890167722,12,457.27019416373287,16.56959957199318,245.0540896733673,18.31411923163688,25.919971457710837
0.6891081315318455,27.278966248782147,5.885358399499371,0,0.5203569159104804,6.302586970293493,11.674798765570301,3.465339312493596,22,283.2138261191768,13.209991043129143,346.5143438656788,14.869746702927198,32.421562846628134
1.5274733854146398,12.059818163839745,14.801917920635784,0,0.5069991817574534,7.008024124785849,38.50904703496727,3.0217761989583556,4,399.7335740828741,19.18783218065611,284.40059422242894,19.125972493352787,20.453201173641304
10.991538244082914,12.093318050250863,4.900570925641842,1,0.47229498332378095,7.239033140871617,122.31087634862622,0.9691010649256486,18,490.1660915293248,22.421399276426094,284.6108574125523,11.745894415921555,23.126730221293997
6.706034727895911,33.26201267924075,11.294449985846985,0,0.6393030365799924,5.780261037223131,32.61919845483067,2.299170578320093,16,433.346474374279,14.912774155055931,519.7318451574438,12.164566415565984,26.950765272825556
2.428313478767691,0.6238421674648116,11.037078923154995,0,0.5282530992138277,5.960285915242492,73.92438297631236,4.89468780052901,8,471.89154952345945,18.62157771093384,434.15942649604847,24.47847615436411,27.572274788025645
11.42651891626928,13.639614102724913,18.592679404237888,0,0.4720752354014289,7.161612159208314,96.90917564678507,4.4755249368906505,4,252.10922169212333,16.944809485897288,333.0610871021924,1.0873889096046394,30.581772871585642
6.273505831626501,0.628985773172511,14.375417806871674,1,0.7085564838727615,7.479509995095956,33.336673029135575,4.152925592530322,23,308.7666736033449,19.647305556253677,417.1551800546452,19.57241314330067,13.16775040496606
10.671900433898953,1.2762379008270468,10.927313984658507,0,0.7203523605416365,6.694016602122048,73.79036434134844,1.710188188107903,12,311.6789070117212,18.120873655205955,317.755556891228,11.91338052261679,17.633912978055147
9.077770924735425,4.1962895231807025,16.742587464481982,1,0.47794917211135546,5.684129952548562,94.9554266040494,3.418843359515099,2,361.54972106142554,15.507879760281277,366.07583251097117,10.6304251091012,17.974716033143185
3.612256595022028,16.57571687906551,20.692432088219462,1,0.3260152058367261,7.6909427781896085,68.95123094559374,0.7718365975299957,4,636.2419220957952,16.34157182931058,396.18820700612133,8.77443887077464,14.184008080503373
1.2735750497136347,0.24515711524097838,14.948891113827848,0,0.6709016427804307,5.928320371531624,149.2021258642362,4.174800994159318,5,348.4979690700022,16.673338829634744,317.997856932759,13.791085546005736,5.954591923508104
10.101454364572378,40.659117725863034,11.171433076919326,0,0.4678444209087996,6.0654035531799835,21.71236082552271,6.800601186408491,3,215.88201075939594,21.457500057571856,293.6422001741243,12.390940787816868,7.441206259938912
8.910221309271144,9.444350141714443,2.048329996783899,0,0.6448750718995323,6.539636484142735,98.35027168973699,0.7043225227115779,9,498.99647555889953,21.345170409246332,467.37779548063384,9.755613054238532,33.49816494812742
3.4181561325119114,7.045890691040334,3.750715724779928,0,0.3135875418745798,7.3879122945003415,63.74427117915935,2.5695518860327136,21,634.236096480993,17.815034648352064,411.8842800150277,7.711130009671778,8.204184359082609
4.6207482347864035,1.1542663422117254,8.993949539952792,0,0.6571116805959172,6.897783183586556,90.29095635091056,4.491124235291272,18,196.11640888881206,21.201167553592963,150.83041007536272,0.8278462124016404,36.91188396569436
14.715684593359295,45.11458470544198,6.8943658051009455,1,0.4046593684863063,6.590405850253337,81.0007309627488,6.430969532297716,11,739.4322067926391,18.118995553328418,295.19963036712346,7.560993415103141,29.302567295271455
1.5466710828717196,15.97972629271969,9.809898009400422,0,0.637691694287983,6.624301971082674,47.99831086120909,2.858728305769686,3,477.74966919027605,17.78134193140959,284.9042025278102,9.0627044615471,18.76766690578247
8.35974721617933,35.44197776961919,11.490884481790038,1,0.5517127681403722,6.330460268050426,75.03479862810745,2.3462743085416173,23,581.6936525634896,18.625659249212585,299.4764339180718,13.773740612384577,28.171083364295548
1.8409239238251218,23.213556691761447,14.754880005061443,0,0.4355272696724027,6.690697660162954,16.39296921570812,0.33473859907377523,2,654.4680346872769,19.126615612972,434.4786082770595,26.637909781238683,26.411225869766238
1.7061735319231837,17.622271194753733,10.61355843139227,0,0.5011556424487864,4.529307945613988,85.55125476605616,4.017220071547023,9,571.3997639749007,17.278021455696997,357.74774308833594,8.326711026054724,12.363675860954082
13.159358612288553,32.128397538026086,14.456861342400792,0,0.6323582148348041,6.092374778651141,76.97825289433376,8.088359684301864,14,389.43001970270944,18.54810463280089,229.54369995214535,5.431510938395092,22.362204482607396
10.78112223619586,13.317216950117384,11.544873462189829,0,0.5627073343738281,6.468925354441747,86.54635073887117,4.382452770125819,4,612.5732882241577,20.23210951242235,321.12744983676595,7.627077751748004,13.485483292618273
10.677533833205555,36.22569273902268,2.5307193078417125,1,0.6201295576566982,5.494290141466345,98.33312493494891,3.7532141437142017,9,450.77276133831447,18.784987206253305,405.29812593307327,13.788747849975014,28.517977619974047
14.957665622242661,0.652820887338672,4.6185857826505945,0,0.7871728701418583,6.570426322468092,78.93011750989287,4.47637285261067,13,591.2014337844835,18.594122384673504,336.01230358642835,16.879311764553535,15.919967243445633
3.7827334222050037,44.237795356324014,10.105795865520854,0,0.3622910065946739,6.156870145309715,72.76131269633156,3.7767067917079356,18,609.5790812751547,19.587196471417748,297.33448844412226,17.871251012793753,21.611008266990613
9.532990850266186,64.96432628032854,2.753106274396357,0,0.7440655089962349,7.5288329888208425,43.84197973981768,2.092669818253727,15,224.7293728845749,19.966753333888942,386.1409543652061,18.57672678746329,21.213849945101103
0.9006792176369327,2.945861541755944,15.239508236973812,0,0.5625227125027856,7.4011138076503995,48.58659654146166,5.528887822923181,10,541.4425901721371,18.36224519905157,503.25551653895604,19.581537172045017,23.618526804962315
6.420247266649446,1.019791251362017,21.66218074317151,0,0.4421459142012247,5.973936101617285,101.947242826983,4.274099198534684,16,377.44215768975357,17.45680167442807,397.9896597992252,10.719926173940495,37.795506746249
2.467755427001144,45.26385831684243,19.509456776711485,0,0.39036236491132126,6.194413601903313,108.96102490033799,3.8369878290606803,12,431.2160269797145,18.916247267643318,474.3856776858846,27.27729530456257,20.283162637725553
4.443864895436648,48.2040309955256,9.627244190581564,1,0.527305553106756,6.248236704074125,61.90909673963127,1.7517313427156749,20,429.35158180559,14.99327979438874,303.43710617429383,10.181143499772773,33.704929706165544
8.777866121301148,0.7826386326711514,21.38601034426467,0,0.6605980134309352,5.983838366688264,69.892677197817,6.537366657062995,5,422.6109965526602,18.03729160989152,355.23904788771046,13.476318092020454,26.915972347882345
3.5185199441312105,1.6096471616665262,12.12580545469457,1,0.534694105554696,6.436517488819688,43.18033606267517,5.19587576519953,2,663.9522524544785,13.062568201708626,353.4017694072529,21.90037220958611,35.54930342353656
21.803769298463504,4.834418613550182,8.774106799285528,0,0.7313385916296817,5.769202551778687,101.5544673520152,2.6388662415286657,10,178.43679868179737,14.813258076439698,366.7997966501599,16.721617698713136,19.386390779703664
5.152351219047407,19.925696907098654,6.867521621567515,0,0.375858917193813,5.5085692655437315,87.29821274573898,5.903832192732068,1,118.64631604587595,14.482391131283237,396.08728418066335,3.2100118825614423,28.90445342612003
6.963440931253269,10.004590353081818,9.012959163231914,0,0.5485493262584735,6.735897856730188,123.14820996463135,2.755101239391065,7,83.20726796018369,20.804173833396714,272.3738099840152,12.740014395107654,21.954734192076863
13.675564599450588,11.996479865323183,8.421579952065521,0,0.39971278667042576,6.7406707089552675,43.91912153124933,2.157792665726822,17,587.6162363412335,18.530759995132513,414.90727438172655,18.81994976821405,5.002415794701562
10.487465437477542,6.489683266926194,12.275871934390866,0,0.5936358259149962,5.736978968238005,57.97797803758809,2.204623453291397,16,278.06250136623316,15.723492148924063,207.86237955507528,3.1613610153401375,12.473439017811627
9.02984240835375,10.591842123887998,12.207960469244066,0,0.656426486811676,6.92674880153382,75.10363042296858,0.08075603851500812,24,430.2073268785009,19.580345295579786,234.44614371189198,18.029918845415803,27.857867902765314
9.066605930599234,16.857203268100935,11.12101753905856,0,0.49950858475827364,5.857895589584268,86.76635601009414,4.790238998878232,3,388.7275231470707,20.67503985460634,550.341975206764,15.470092974095516,27.249637229775985
3.4934530762318428,47.52666148256799,14.114873371249814,0,0.23749433720474394,6.477215666626587,62.53973938491153,0.04540424451053582,14,259.08897637248333,19.61866822352422,309.5790127074223,21.105835435344748,10.586208024558706
4.2061130319267335,11.86164914921383,19.315459296025757,0,0.5738737776155793,6.874240808828719,44.06979335825101,1.2202679543418982,10,551.0481759093574,18.08483771731631,422.3862609397444,7.787287611395649,24.527381449309633
4.259499656285419,34.3347118845044,17.651923534545134,1,0.6024086262080212,6.2764712047074,93.36755156275234,0.5587348190649202,22,386.5862213394794,19.011470560522607,510.54442571085303,19.770843250683637,27.12999408403465
2.291306890155371,6.414059929545641,0.8542040176956647,0,0.5985153705954037,6.618318638498794,88.86390368753084,3.6192536451391244,7,368.0605070575514,20.48329237291401,145.38449683115869,13.833218556545903,22.18107675841402
12.083541680734434,10.247495565098312,6.522055830823488,0,0.6982938630186586,5.938499249278699,42.852697774159324,3.4843270334290684,17,447.12237970036216,17.467659157142158,458.4884023941696,25.238957158771242,29.205131466468654
2.320600780931394,27.123294167481866,17.546807387550988,0,0.4214735584421142,6.162473391600332,106.68794271106444,3.1139379523086355,6,529.0897102528205,18.565707231167217,415.05386816959367,32.48095455847461,27.951508832944672
3.58182561209485,14.759423102401557,1.6685369809335935,0,0.631625932654054,6.155898398383761,101.48258372842456,1.6105868411917896,23,246.89199108621278,17.934175301865853,505.2761525649066,23.62214611727312,22.17667906947669
0.8039431776189572,20.310147086088378,9.549118726940483,0,0.693100901497357,5.777395157421832,72.37373157266298,1.3383091177830555,22,554.6502823519921,14.950485124164532,248.48139228851892,16.11168261456839,17.80041166645011
7.1925036521979315,15.278336451364208,3.026220120190418,0,0.33656948991921803,6.176258085818953,70.83669993276662,4.775176713447806,4,651.5753913219228,20.516449997417464,488.0641737828698,29.17912837203881,32.09138264725109
1.3044036093945794,22.874114451389875,1.3336650193021367,0,0.5883582191102773,5.215967190795377,84.16902336835699,2.643840943412176,17,168.4114420481224,23.025998102986822,288.7132867241552,16.984694095842684,26.761091300485155
3.553317441427953,18.137629403052163,14.836092824613036,0,0.48949842027907947,5.9561923770005265,44.386143725799144,4.464352475225904,9,454.7542284934757,16.577651833269382,451.9847810991758,6.253585433989424,9.79081959672126
5.720078739979638,68.60849325992383,16.338170606088262,0,0.5402172792278025,6.1005871546412305,69.4438845645107,1.9409777591391326,4,356.773068323969,20.61789651674986,352.72208574634595,12.421159520643815,24.532258435948766
5.731209168645888,3.4593416330556614,7.122078234985635,0,0.5917211780246004,6.120674173253234,8.118022396482026,4.180231759819272,7,525.4707375609835,16.64761368452448,426.13996138559764,18.10787252269451,11.91057267298885
0.8104056257288286,0.9722290515423513,6.778191815799881,0,0.49153257230637376,6.130951787890455,93.22840363863249,6.536883878363733,23,203.60125229548902,18.79213319316954,360.44709568076894,18.564274504902453,13.62597502165159
0.49803325887940764,3.1191742656970103,7.330913307057868,0,0.4689150305006066,6.2567650600979094,24.72204044938374,5.030948180824845,2,681.6616219081207,21.81762700233751,188.61445583900766,4.7106192823656166,16.50242767445214
5.618834455011436,1.542616876433934,13.803447637277571,0,0.554098290098563,6.635609062660245,110.84609717885488,2.933930981745391,17,137.87367251991634,17.355034232137356,72.03049391211448,4.9359207661363245,22.91283376806926
8.998333771026719,3.451120066241863,0.8955101754585097,1,0.4195304873364637,6.912161951892766,59.32362535954274,4.340117837747448,24,366.9608021175423,18.46768988833788,375.10231359249764,10.276700091910076,25.945267313839828
8.644934837076029,39.10408517480596,12.365183446476173,0,0.4197009845337778,5.845164341206213,62.65215780773392,3.2946031334865524,8,480.9617407672205,14.53669340768223,332.00011157554735,16.495259655538952,18.7377346189803
2.650464724896193,44.49774897816362,10.99436204070633,0,0.6315247939547805,5.457759401227599,50.96067723902539,3.816548387858929,23,292.6954097149494,17.03875044331829,392.23810657924673,17.404194104147425,19.140319930097643
1.743009780106929,1.8983886443627966,15.097111347247509,0,0.41214471578096135,5.570568911429827,60.506107642789644,3.116216790488142,15,266.3085398592177,14.306200891598447,333.0540346082347,13.703266381144154,17.870158371224534
6.30489582070264,7.993884853328529,11.925104542057657,1,0.6299575001091055,5.958957955163551,108.46073079865982,3.454896067640678,15,445.33558695392804,19.444191863724996,539.6450418273216,6.775555992024702,32.13712546120618
16.435599087461103,22.383982463803214,4.385824307917266,0,0.6055109551424742,6.053655077528443,-1.307423248635743,4.245396041455768,8,421.0636665585015,20.32960262969347,376.9788786323757,25.032294895437047,3.747080233116808
11.061638721857568,1.4667969317466305,19.35634336148499,0,0.34290319254512847,5.76100275366178,104.48272734907808,1.7139467308779035,16,408.9976124617451,18.01240324954423,315.32775678997746,5.088387760914418,19.660167830992
2.2085347893181844,26.1473113537034,10.006145946113907,0,0.46869224171972146,5.392718335025074,78.09845981895799,1.6666544633210454,19,552.2596699262251,19.128951327964945,386.7000390375648,21.946619288461704,36.71386011751777
3.4345589912466075,16.128106385835284,10.91159867738147,0,0.6932931283656847,5.980715420768068,34.682691695212235,0.8840606369544566,11,341.7285875040924,17.783392998449017,316.9905934838012,17.945645312497593,27.25851646255196
5.1220054723489366,23.916837879435505,4.660451082394947,0,0.4322601362632382,6.42699863407978,38.38372175531641,0.439430680542209,2,461.69156516556075,20.12919980492376,364.4566513043728,21.790359357489272,34.154994613217546
3.4389357168662076,47.456871190990434,8.041352466778578,0,0.4942714885228735,6.716520626084895,115.7066440645505,1.2437063463369933,23,322.8907282096631,18.784816257275438,245.20930296153907,9.54452362024729,3.7849104924995096
1.0886698413947968,53.24394978312566,4.994861273214383,1,0.6054473071902277,5.909803862824175,42.03125667360925,4.134871264288671,24,265.31264638065943,14.131540617232169,355.2187466307759,11.68715519356665,11.071307070484073
6.407651474941378,2.8779764882861993,9.90667218652838,0,0.6440068611139115,6.010901524499596,36.19085065225353,1.9251462174670433,17,360.1605504136769,20.567957799804205,312.5154319607991,13.090802156695407,27.2292428943155
3.5969092089052093,2.36655365349157,22.910788512982172,1,0.5198153336746606,5.651311183806882,100.55853864044889,4.878590374885302,16,324.2074485514699,17.643005851917064,253.83096709145013,9.317575899729242,36.76580145797055
8.1183146738982,18.060663603890287,1.633882113773641,1,0.47829877663700304,6.277992580737656,78.11333582363419,3.8728988723803797,15,332.6009614046527,15.70516516334151,535.7919639946105,14.299335019815198,12.000626805028505
16.934828543122425,19.19284320669768,0.03357364534951479,0,0.720684383403821,5.70609995606643,42.24429129932719,0.3338588482199132,13,603.7750061907632,17.534345260843192,257.38008133544486,23.911535138105574,18.932591599099993
2.653786708425339,26.74408155327695,21.2510752597059,0,0.7586679596557095,6.70118946926884,74.68716180886979,5.1754487268655485,15,365.3106197220269,14.315446773197833,356.6337443332163,3.4924796851073907,26.193470105176353
7.0948919822607905,58.23776575325595,9.655666627652124,0,0.6674629660938155,5.049893455646123,39.776349589708204,5.502677155742591,4,296.6316790569827,15.750243515274104,282.9444688196631,8.03379687170126,9.137014746793186
9.604252727886678,7.277129599388649,6.483398103246575,0,0.5602381771078029,6.048259229283276,99.5330812956752,1.7128883828468076,16,412.7172340400624,18.814489142253855,383.0305918500686,7.26320823718558,27.299559588145044
0.10938189459322478,7.200325797745974,18.27534234303293,0,0.4530081134030889,6.510775137434219,98.42452411293505,4.682402240079482,12,425.51029377357247,18.998765709949247,240.03095276332851,12.02963033883406,2.1162987711333763
5.549604591750626,20.73813801273849,6.9212527758156375,1,0.4503466712132122,6.428684161425753,83.5493741868966,2.001353701440682,4,208.603953428196,19.17416543536137,432.47247097813516,11.737763490250016,27.028603073076667
3.7095538868016154,5.630669930646716,23.699467023473858,1,0.6127016926318909,8.185123564786348,78.76267582104116,4.005107791171504,3,357.8677463167943,18.507061709079696,541.2902129586546,18.18343354952901,13.345218295431847
4.449782057374836,10.628141532040528,15.777688512240957,0,0.6002077865066421,6.544860017197535,118.0893863087732,1.1445533453945718,22,351.1010335514357,16.975696728361573,279.60192942383907,12.939434030741763,18.382105847248997
3.1251851195425577,53.213198219964454,7.733411283794651,0,0.7181918311535715,5.597161782210593,68.59118579960912,0.03447644967738839,17,379.0797620169765,18.380189893186756,466.7441665040002,14.850471264707046,28.497332321020103
3.8132385160528015,0.6603432675427943,25.985426671531975,1,0.6280540111043368,6.233175027037649,35.38933707567548,2.9960839018127654,22,529.8887666703815,17.538143616714652,321.2489796599922,15.528981123135205,26.614719830528706
7.932585133835413,16.614259273186335,6.920567031276964,1,0.36963036378882186,5.056627566573484,81.23021695058782,3.540169212822844,18,430.9608743553643,14.923280484234596,493.0269920179238,14.442368834561261,22.42657291996432
16.224949387816864,11.017346521504876,16.220458066864218,1,0.6762337141267503,6.2435801754922675,127.2179220919929,2.9648726434093313,18,614.2934743607356,16.800687019776706,555.1534077347352,17.693522736348903,31.415173075045217
11.9456561869413,39.08956327134036,13.165118804804795,0,0.4302327247222705,5.716860760099468,40.08525824147755,1.313535827732625,23,406.041060210679,20.456990708571855,334.73284393453025,11.83150398685751,6.858380683906823
22.33268738035054,70.27752552285538,20.082014896851707,0,0.5039234473657178,6.940773192892113,58.442896255898994,2.960211969524612,17,706.3826631038507,21.994247134520876,217.65578663858668,24.38921561213248,24.380612217813006
3.07592379712603,0.9692424090434706,21.874427257415284,0,0.5800240247502034,5.915321807783125,80.30213367065082,4.365518980419541,12,330.58979769308235,19.932805097061113,442.27567925668416,30.745500911703424,15.23043479610196
11.189189539469899,0.0039390106745749165,11.32082862855379,0,0.7894800987740758,6.2182638589433274,67.08527374293872,3.705724636742672,23,278.71351996425915,21.89613507418331,376.4219659229146,17.714239920846193,30.945889511855874
5.19507544992366,35.72894843570938,5.901416694611333,0,0.9231902267206433,5.855109511016917,40.99726939139745,4.183252164258348,21,499.94684936253157,18.68785494229691,401.6629962677653,14.318737262334333,28.8210170406523
22.65128551899375,27.288071708293057,14.273807786279903,0,0.622806767096342,7.517195946297331,100.12420576007622,2.3927580790461107,24,637.165765494123,22.333227386345587,325.07410119216274,17.134534396152432,29.154803613548847
3.4321950825898173,54.42828068964958,6.423763948710468,0,0.5280164057535535,6.075130063717461,133.79314428868497,6.260607620903935,4,176.36104482968196,23.019874568722877,275.5111535018764,4.882665090226126,37.63751286090564
3.705580026972751,25.00552671809496,24.9923720079337,0,0.6141406778176661,7.582789930435441,74.1112939985718,1.3300359932349606,12,374.9055710999951,14.686367104320386,461.59168446799464,13.978748819004444,32.862397298401795
1.6147160153629918,3.0284942846615124,12.042093784470888,0,0.6565186511048604,6.869906233482786,43.19568105841839,4.823876623882109,23,305.3886332255737,18.987285275692233,385.10088950459897,7.507595290664879,21.051723729284618
14.87789280149532,25.162257555130807,8.57928129594645,0,0.511519884933137,6.63744670913477,25.074209245997345,6.28197129521592,22,431.99897018266944,18.690146415992594,224.636309889281,16.320836112406344,22.488335747915027
0.9740686886226206,37.232793427581754,12.374294110467869,0,0.7654253627094787,6.5581132031222635,75.84912507231518,4.80990699477268,21,409.6830111479,17.566971605714983,418.5056453114633,7.542848913362254,28.028633102547882
3.004454155517172,30.517234821898583,1.8048286022450934,0,0.5776084911029683,6.575658108751376,99.61895334718683,3.3746991231638566,20,634.0240496014571,19.58221418393305,400.24134241495153,10.252080137951836,23.75280700768003
4.9084259423430066,23.21948492480004,4.395863134276504,0,0.6097291706909673,4.950629194458073,81.95221367652022,2.6905762020077435,15,389.7879947970364,18.59047515101213,326.3977978865557,0.5909934292136718,28.987594561569402
6.573276989261287,36.253520267427284,19.382855964816535,1,0.6299109102465354,6.10478162409447,68.5324520701802,5.975784067197138,23,638.9637286269985,16.882012375137503,503.4030043160513,4.369955601371558,1.981052092088138
19.92268630117821,38.644587257384174,6.567429475097369,0,0.6005903932737348,6.891610579829025,52.04146658472049,0.8117526569504863,16,355.0631435488608,18.44146876891864,299.7462422263989,15.21960400084593,39.80339237289851
11.868687392218636,43.60430449117438,3.876314219494616,0,0.6506728600563535,6.265771971568126,37.910201920621674,1.7627390532027483,5,563.6489550176764,21.150108074610458,340.6222286679094,6.531192843939143,23.061462968718153
1.4190618042629066,26.514940380838674,14.802903992438274,0,0.47592961761436925,5.316367107237498,92.05651226972918,2.9651286924673848,21,446.41538872696884,18.901583813141887,425.946976005106,20.252795284877593,7.573318955788448
4.216207640730714,7.506148728617294,19.28135866717468,1,0.4830037895264764,6.263316884595771,94.27698256093495,6.399072890775196,15,698.6207469788187,19.87930044616349,362.98542848009566,5.927387472265482,14.093101165431603
7.8796967921066,14.818428893896423,16.06077784358896,0,0.41798149204339663,7.492873861378843,25.16499299399039,4.597512035685882,17,159.86150304717606,17.890483179386,230.0174929533823,15.918106959128973,2.9101911292431524
7.886028901079586,39.51165891964472,17.972729032060133,0,0.6027401476744272,7.172824200874303,113.27447528687722,1.7671039071284844,18,212.47190341634948,19.49454082233355,372.7257429424021,7.290683034300514,12.469837262291094
19.533691262932876,7.634601134002599,5.87811388887072,0,0.6434723804214537,6.256597193443778,84.73140130712143,3.148353818691702,5,715.712543822609,15.839728032937003,318.2905289311638,15.436835402738033,21.19131445651397
13.861129050275196,19.990088096738596,1.2895063994812777,0,0.6049327439382264,6.96601449394066,107.9286095285968,2.5099213973977816,13,284.8114642942926,17.400614901276455,433.98665828737995,1.8030099634245094,36.43537443494851
0.48182817331093153,2.235205672772496,21.45920219849286,0,0.7509390920017045,6.043445085742364,30.88621026756826,2.309443116309576,19,295.4730358432553,18.27412906115496,369.76086930355774,9.482400873030135,26.278206185862167
11.304270403090634,12.069754374381247,8.873509111989263,0,0.5493284777405144,5.107289889221296,30.220341232826158,5.855668072969236,13,260.8784376360245,15.692060974621617,364.60019642731254,6.6918856744570805,24.642317630074096
15.378689655239091,41.18792839875006,9.369252186460173,1,0.6302489986711015,5.6528738083093115,64.41396239553895,0.9193394285466381,18,600.9389206976656,16.673523218437,260.6091441015663,18.970951284693758,12.057038404815453
2.6035033463022246,15.852608284863749,20.2645395787585,0,0.41899589486328237,7.394022137955738,82.72824239575495,7.178439797042184,14,197.41912097817908,19.188845890862563,335.0676969798255,15.98206349762485,14.914735187987695
14.369001914169116,12.481971572038267,14.937987064864554,1,0.5035480357030719,6.108204842719487,119.07773912424767,5.539282349387708,4,411.77166926264704,18.78563021583367,444.2791995551515,3.948710012230075,15.628265220975806
10.271520631510993,20.28464808483212,14.245625627363093,1,0.6334645309078933,6.129631214437487,88.44081747820519,6.090809508267766,4,363.3755339408697,20.27400393424696,285.3351926467352,11.257416769991748,16.00361676788783
1.614562699697823,28.787708088434243,26.038516179817478,0,0.6518922532891773,6.090113262607583,61.780656121581856,2.8278270247469575,20,582.1346180287451,17.17887575999264,353.03792969901804,7.216543316667874,19.26586073851284
3.6456201875481935,26.43978142058706,6.6597242103770125,1,0.5147239662802982,7.6328956127011045,39.75902526458842,3.4851244899338703,20,313.3013127282837,18.62672489721153,270.7834092999401,19.44682607646665,19.960698232208376
4.008731165753256,61.803835053017224,17.502096883760537,0,0.541408089777032,7.438171240753444,103.16301609340812,0.7903811894981048,19,477.76579329103004,17.021891696055576,248.2703196642981,21.727821448342965,19.380478962632996
0.3155696018694192,4.2287671255950805,11.493390561789882,0,0.3678551503983029,7.853146163413694,41.49177753640491,2.6982089451597133,13,211.2356828726187,20.053482808040517,348.27782690596894,2.4643194597732254,16.323817081529963
9.018794411423238,16.506202634569778,12.953286724156472,0,0.5071564959032069,6.188668352719964,114.35996638910223,4.836675180050617,12,790.0220944977698,21.119641455255543,371.81590600383777,18.569591118108512,23.74248912547248
5.68829773562857,17.210639830460597,21.646432142246468,0,0.6568459796223743,6.5069371421229665,60.60879134605708,6.521732429740932,7,367.7484894581769,19.563314619956166,537.4415274701662,6.854597908270263,19.60738399302567
2.3612984803147468,48.154661418488956,14.604066718398403,0,0.619024601932788,5.238350215405446,113.29535624056159,1.474970684714851,12,409.4722654607417,20.834627407808483,314.55310506999496,10.904290913692833,7.820781334755509
4.64657199589352,9.179614095384016,14.814242945442468,0,0.6100798865657452,7.333854098282792,87.67796925066571,3.0324375323309414,21,685.998732286891,18.571499698353296,351.4345966453167,12.929005026332794,22.816312764773002
8.075617856311116,17.901201550448903,18.500300627437635,0,0.5559728424617153,5.482554314112446,64.75042674666692,3.482271637511703,4,309.4389739167248,20.272306436989386,242.24330986464582,25.597903761243856,21.425771220409498
9.79104943937334,25.563988676395365,8.58182616615409,0,0.5508475790353812,6.45174289463384,54.004961951685836,0.868842675395781,2,688.1202336136876,18.665919033747414,411.71384135652914,5.572666938080714,7.9674274364923825
6.184386198989461,15.747992569543143,5.309453295360855,0,0.4707614632631864,5.5318882306570085,59.02048864657515,5.041833407692641,2,338.8728427448226,16.24515825351131,392.2266249211485,18.626723030767444,17.06002669039185
9.746793285399914,0.9980967809726913,3.8908165612548675,0,0.6338594104243043,5.887793221282912,80.63569905574417,2.2796203033405207,5,520.8452948819715,19.042787055136934,491.44391566992,4.382318701995713,27.9930675613045
14.715788350517027,15.922296834530567,2.467860466694413,0,0.6005167533267268,5.713916298265209,70.76809754371783,3.3896802625282496,23,311.78948445323783,16.31034727366088,457.1576157872925,3.8917855476307857,12.04466056432152
6.491131904222447,36.41561977173269,25.287829196588223,0,0.609042261759136,5.874487317526928,51.91389943326938,2.8509063189850568,10,180.18587721568463,23.646083693451605,387.97800686464774,12.902090483776,11.07195255849786
2.911832868042016,12.517806476277704,3.487862276520386,1,0.4868758188798904,5.922614107795715,63.94575737007453,2.1423891379886837,10,477.6518508908234,17.765006050694264,313.2234935374283,12.85427938602703,19.511070677676003
17.09502218704595,14.49819340762221,9.573349997258173,0,0.29159884961545074,5.916211843552446,70.8080145351081,3.7852055304908347,9,515.5037713652335,19.919083281987795,374.6248278479955,7.4094600611317,28.23097688227007
4.606369318347871,4.912814988082735,9.189988230766447,1,0.6816583254104436,6.883333738246215,8.782571946943769,3.347219885007153,13,186.9311952891919,18.472690917043693,345.89777494600975,20.93313365456603,39.1550138346488
13.859885501355288,39.244586453948834,13.221106214882795,0,0.49253950527899154,5.526596044856236,81.47452402556243,3.019098447214802,7,356.4142024233364,15.786050467121008,442.75917552465614,2.4877102834590428,28.56220526465389
4.187410788267948,24.090254881461952,16.728586766521147,0,0.4464669083148256,6.454378998909706,41.06983358545772,2.27023059447128,5,609.7275055382004,14.323249333857943,431.1870655865846,11.66384420359556,32.480415209436195
21.52850694647329,1.6228790414280088,17.037267069682244,0,0.6332174694296793,7.152571406613891,36.19135946991856,4.471001808644206,10,508.8199837338305,20.147830701163087,329.0261946274173,22.126069706397665,25.689618182215305
18.871465329255876,20.189036689003338,7.076765673874324,0,0.5029584832097045,5.940762544840623,21.18562384618903,7.272596263833798,10,341.60387970027944,21.90855003889633,222.9585660357541,28.38520616348962,16.196932987286882
1.434011908232061,47.87670988116013,9.94686017487376,0,0.6771923660855946,5.797456776476679,18.191620809912273,4.093763188962168,6,307.61568212541147,16.88343184413721,477.3382443200586,10.122345967811082,28.495741904691595
12.052667273302891,9.868018916999384,13.049801658369267,1,0.6240407139492037,6.138632762373824,30.511925162544664,5.8918482513133705,19,735.3050466226425,14.855276456968902,408.95053007091167,2.526061506318676,21.712405949861285
9.214770761390783,1.5361489719515227,9.384031229333525,0,0.6320283187840574,7.125807645852497,48.67651109058321,0.880533957177728,21,164.91541227311984,17.784641988672426,326.92640357788713,21.8628924029525,25.96871130801772
15.507094550531432,55.23095971796575,22.19068447453795,1,0.38608531465593593,6.43587534166735,123.48658176449656,4.131299022516916,8,398.0546394993548,16.438342500474786,405.40147467743407,18.84261150585386,13.796525597571158
4.794834107046908,22.338723879698485,14.487727166303934,1,0.6954332782463681,5.928149993774681,53.82278110734477,1.49552653016076,1,161.93092521941736,17.069305504303394,362.81237886875266,9.228154743992825,26.791301367726213
9.568647701986421,39.83217878924791,16.17065672374374,1,0.5813500637480628,6.638713655831627,73.59477798613167,0.6984576521830066,17,628.8888603338393,19.842822139395626,475.9942312859721,8.328264046714635,21.391324589753754
12.808293035591413,21.652336686242645,15.673880753805147,1,0.5056867432904557,5.528395495114504,79.85352696082784,2.2473200443360235,7,406.8032331489994,18.388981295713755,180.38999890574257,7.606515638018036,24.62757127409357
11.701033531881093,0.29786342741583915,19.196969616648744,0,0.5672066160810701,6.776951657310064,72.28293173266535,6.302988602268503,14,437.93324624126507,16.67508337045956,319.8556220472776,10.253435596284103,21.717326791608784
6.694349060192243,12.39472463914562,12.349048755055577,0,0.3368517720522016,6.586025115391237,66.42383875359957,5.795033240206256,21,873.1739080174383,19.79470172977463,501.51396090856065,14.944083811051579,19.94973133885652
14.141319946512874,27.90470522207493,2.1518595591046576,0,0.5990383373776805,6.084534070202781,35.01224524286122,4.310309916314239,21,308.2965904762859,19.967119159166742,407.2510547155254,8.68129646256892,26.959155172489357
1.2561605403323477,17.080556630868934,13.857846867093226,0,0.42647541901815145,5.7129899410869385,109.37106410664586,0.5813288242311452,17,701.7607535618337,17.758473530701824,517.307206816593,9.578980043508093,18.763961614197612
9.842617625424872,1.7430320961657717,6.605637432836379,0,0.38767956569877593,5.67932335440158,119.38222568622457,3.3878106320853325,9,342.35703837942435,18.80341634601973,244.81555452212473,17.253081037815086,7.884069200526175
16.670506353235442,18.43109248903184,7.452544895926677,1,0.3673168976538531,6.674372135442137,21.317290695152522,4.433570018693644,17,368.76990712573706,19.645104142769345,453.56990115040236,2.174859598482003,5.259475303721505
4.2446245896520445,31.728255748927374,15.145911729410143,0,0.683522604998791,7.160286351742343,39.824796596092725,4.168626082115056,5,851.2134431122606,19.437426888163472,448.1124225342988,10.030856388613586,24.196632438728194
17.768955246470238,26.5496874464368,19.644153192892084,0,0.4744883927568654,5.853884577079843,60.73732937920612,0.07196652530956626,20,380.9368166200389,18.58935099132417,202.9627032850761,0.8008187643963787,18.385596104494525
8.406882686469554,9.089202373940378,11.246773879478825,0,0.73404732518998,6.620870692486038,41.49648796302362,1.930332519158269,8,177.10560407839836,21.651689460095653,329.10929165248933,13.4697285608056,6.592287567625137
11.219427222389845,54.426642007910615,13.23094778693285,0,0.4857038244337243,4.839081086978552,82.81763205210981,3.6654366952876947,6,455.36235640522045,19.781897788633408,346.30585142733844,1.06977839780731,23.48012169689478
3.1167350195994166,13.532975055399357,22.845283117983143,0,0.34511704508884644,5.89076758853996,48.135551112374166,4.926210909986098,11,378.9802133719433,17.508506163704986,208.6204013821661,19.01907190046765,21.636354094245096
6.941369405771973,24.14473648254642,12.761196938471121,1,0.41601706720616094,6.278258746990368,129.43807550536553,0.8118684243098881,19,469.6721014112885,17.52172805106241,331.01118828664005,3.3660744898767607,17.903554942350862
3.31555569158139,4.7214580282329965,29.051613487844726,0,0.6982973944008327,5.663221608112717,102.05441550105505,3.459539651492297,4,385.5555707209347,17.272210029699316,435.45966581085315,0.11469218593367358,24.770645727263844
14.386746270346924,10.337845818916902,15.002016554857654,0,0.5312922186475999,5.644445537647282,74.57333026076523,4.1004024167457995,18,780.2114955224004,19.890666083901184,320.42600158324865,10.118345599098514,34.5988648929918
2.824655656238741,17.069809169218722,1.0492630381751429,0,0.48420552442112796,5.83255431047178,97.45831399928447,5.5841851758840475,1,501.5316209244372,17.129955367995805,378.0341171663364,24.848861770907057,34.31823461190328
7.7488846543922225,5.7791998519475145,16.298057185621275,0,0.5692021871023346,6.504534909828461,99.67580192444038,5.255000926898617,13,227.40594254206258,17.565222003753824,378.69269572821634,17.749466419293185,23.82263471659898
9.426151174821333,19.602890738783117,13.729992855691165,0,0.6102139283401055,6.168869687115538,52.75307558556336,5.023399769498491,14,428.92386274000756,20.827649253854787,354.89494958637226,0.9484301487231566,21.720664017661747
6.7894047410425795,17.760868583637347,19.999294003170945,0,0.6840878579082954,4.73323813667252,45.664295428370785,2.120124935925938,24,273.66218953993746,18.921590316548254,291.828435813686,3.1638105997237584,23.951163910027464
4.57695414104799,45.039715274906946,15.744951323762713,0,0.7238199075871512,4.815509893155454,70.79582006944709,0.20680448795894613,1,366.3840744595038,21.136771779666613,415.95207171443474,9.891237349955478,25.342863781524002
0.8706421808292331,9.485877543453148,10.14465371051196,0,0.5068277625053098,5.875194375499977,92.81197509839222,2.974589210171058,11,255.04596062477378,20.255731721375152,211.57992770113478,28.592307448573116,20.031656771065894
5.615157640433878,37.432992876003375,2.6523421696033758,0,0.3908742776701555,6.620380610237486,72.50759720216104,5.903426832937976,17,761.9959118986119,15.91132197604586,356.78152060424463,6.033425549421037,24.10579615156854
3.054691853723405,19.385500570600506,9.657739524726425,0,0.500384180665207,4.376746610092336,24.286398850432974,6.726254507801306,4,291.84738465005876,18.275307271870457,482.0792569871461,6.0907147697073185,8.022607946415466
11.909738188360771,22.042350006283165,5.231408865955829,0,0.5812336607899464,5.950188876693859,46.040633124981326,5.292153114825349,12,523.510811135015,20.677887887930794,315.2890342644494,23.544748646849285,23.248409726790232
4.975816603119229,24.675577629410352,7.0943881963474125,0,0.43434892885472676,5.931626500437805,66.52136253299797,4.701615727883642,10,353.65545712472664,15.811212656667774,289.8137688432928,14.083841157362867,26.886685074226364
7.985204685005247,21.83160944840344,15.161190990502206,0,0.4351418902125949,7.271836444745913,66.47379651844416,4.597243261610528,6,213.38658700777125,19.423363804789087,422.02196862855936,20.176300193821064,17.993454133541064
1.0132412798402348,26.375440304913774,22.622341080024704,1,0.5912545457859864,6.030484731800995,124.0284351677936,2.632150631802361,1,441.20508288711716,18.413679757862763,370.872290213429,7.53759326475065,21.621651672567893
3.2979936406823938,42.36925395208565,13.82323355577857,0,0.5441617178115459,6.56809228931865,29.653738818588145,3.5268733835373975,7,475.3162286303987,14.639464767330749,423.83570266718084,11.978385481123725,12.27415049754966
2.6688358683953473,15.978943254044253,2.848406871957227,0,0.5539356394493904,6.398879998061224,82.80705769558807,7.305046004235296,21,501.84925750275835,18.763250469941653,359.50336219826977,22.040986221536535,10.997115036774316
5.406608205048554,27.91978755181234,14.167758410718971,0,0.45898055983599173,4.8086034641349595,110.44407834402493,1.8206281878370594,16,-32.53281796287837,16.65757036452163,138.66538698164268,11.67162977517582,24.439498717224556
1.2167489565204836,9.309158323107617,19.356757257854994,0,0.5223519142953079,6.837745051642216,132.42773784638058,7.1910354604906885,24,200.5459201035927,15.931166079343862,463.3721203487386,20.673677702437885,15.788020255213933
6.821537665522982,44.95473111997271,6.892497960196263,0,0.4390920226878035,6.450777553819401,57.23643240853068,3.123740875566677,14,568.8691927956766,18.52010948680979,544.3724008055231,15.449597833085164,6.1532039135005725
20.693108656372587,4.3599406379809835,10.175281549956868,0,0.6568238093349744,6.655788047772212,82.4091676214376,6.583407429099665,23,252.83403028172296,14.252123533643385,472.84773162210206,5.318633543225676,12.271639647963134
3.906792902154039,53.361912086822,11.20134854363146,1,0.6742299201668503,9.048366394505429,84.61026603728197,0.8456884800551694,20,442.0946004520987,17.016561356313257,33.96394701865188,12.584147792343238,13.609312337112966
2.4876119195354938,10.4643197499868,5.684201639732543,0,0.32845745653142877,4.841120942350988,74.09303665664747,5.030398822445763,20,196.65185120156406,24.112583355505826,397.04902733800657,19.667826345152736,29.62614057913202
5.461625223387731,21.93705987935052,15.573134993522627,0,0.43845869677691085,7.507287654832775,65.8224498451755,2.2527827145099937,6,530.9089851626179,19.930489265495275,313.52613123767077,17.452854957426883,24.1478489045899
2.622745967689781,14.384832867421391,10.265457774606308,0,0.3704164893891906,6.0987867364197506,80.85090844495129,0.8279388969592061,22,564.4532921272564,16.560865206431824,257.33381842133446,12.41420442121212,14.48125977695284
1.6775644840609603,4.468503619164723,13.99477386295849,0,0.47199712787117226,6.501130233082106,-2.556114994673166,4.258921489062986,5,530.9608642369576,21.589165068220872,367.16862670908284,0.7311721616976463,17.092553674265332
8.943250290377799,30.986994691437275,4.976303973165509,0,0.5399874436251567,6.26814142828913,87.76615267075994,5.919890756051535,24,581.4695444754043,16.317504166290306,342.4457961641254,0.05153951800898504,34.57117662818648
10.190317077411555,3.806138717745709,8.081537727768467,0,0.37604257363617644,6.00303456662137,72.14559909290128,2.0256229789536575,21,670.7352243431214,17.281870663101962,402.28786018946556,1.4585303136474757,31.11214240381195
1.0153599842115884,1.0039260060956323,16.08443136901162,1,0.43937682242496245,5.901116950232868,62.34845540053074,0.6520664830373573,18,210.75554588969226,15.972526898155566,361.1487972267963,9.075860331957488,12.213844062567183
1.4096186936087158,32.626299031030875,8.527451250566807,0,0.4295251153502202,6.530656114901106,126.11682769971958,3.607125994896594,15,275.50311556657107,19.063375733065246,254.0060982731031,10.02246309677652,33.2044379085622
1.2070502347806973,0.861262761496512,23.016050573510498,0,0.5748720795278733,5.2379784123298245,49.63435407198547,3.6163858095679196,6,558.7873198110375,21.510985168613683,303.52923831638964,2.2245790522324373,21.758214962261746
16.426714133199585,45.076388310454696,8.342510319259244,1,0.5583213204443501,6.825405417265236,57.27356470727263,4.951471217864447,19,597.8769216686968,16.302186288368315,288.8457713744235,19.959840835241714,29.856426959717446
9.582162241127405,25.504935787217356,12.650324607688013,0,0.46339149359952964,6.008663916580322,124.56264779195303,5.794148599865425,1,294.7103837999165,13.967025317700003,199.8000309162554,3.727239551734149,20.997566813986136
15.491806126767363,29.117661488162128,17.53487673992432,1,0.5712185046567279,5.5089514626717495,45.21907733371902,3.675228119327762,1,283.0271410253019,20.900126683942723,231.1803374001966,2.969030801324232,33.40962862842801
17.911219107461168,29.70914369656439,1.3132764427620796,0,0.4843983898495282,5.98499099940293,53.14176054948325,7.6965569610679525,13,298.42813369167504,21.918361102392897,336.79275104044734,13.326473852590235,11.831490373833853
1.4333864558595089,21.313161189589678,1.0495808026673554,1,0.5174013867608737,7.180004451803801,64.4685856015931,4.270892963524113,3,138.34404604061706,14.110822973887586,485.5616208529624,19.614726351951923,20.149856031290053
8.616045578585167,11.130544134910663,0.5729714294663459,0,0.7508142508358244,5.925265439088644,92.22463894784033,3.0725043373855105,10,194.4029213947553,19.512119551182177,307.2643057474097,27.289467800673485,33.691429956671875
6.307876344528764,10.28832540189187,19.811830313647555,1,0.7108553262148418,6.550917532746734,74.4392504566281,0.41570854588406103,21,198.45483563493423,18.998311774653637,287.0737994974961,16.83606988697256,0.48800503658518224
30.386263033560567,11.316060839189756,7.292178793342117,1,0.39405025156868834,5.7883306069991685,32.27722774502141,3.248415007336048,3,358.5914564006536,16.767554329246938,248.50290059277285,23.916791002937696,22.076235082054918
13.340301729480817,15.589897258186246,28.751575071110942,0,0.649567890145501,6.830545294946534,53.646063376125966,3.093587414636614,9,453.5005346601044,15.432417533327687,358.7788210445769,4.094397772741411,18.879373857166676
2.4871169541173312,46.42918043117461,7.206691569264018,1,0.6473675865389911,6.779855417153143,51.533340426736856,5.816640072191088,8,480.82343571591855,20.681850759982424,463.3125994495215,28.034148750693095,28.798883321002457
4.713201833223703,31.842541370413144,12.373403992059554,0,0.41220840534968584,7.594026183307488,66.43008862923242,4.771215610540393,3,322.5615414496856,18.893955169205828,538.2441317431818,0.5165395989439681,32.34320360578094
10.37608298624088,6.2515347497688305,21.740558672718343,0,0.6482533172505833,6.177105238150549,80.56620680749819,1.3233248445715038,13,326.69016446481237,19.059738206338785,381.9713432816735,9.122741297397468,29.218611137624073
5.3701336320448405,12.026440048572567,24.94204092829795,0,0.7345518302095064,6.7680583633305345,80.351581740452,4.161734211463179,6,428.7751311854119,17.132107423766957,368.73943057991556,16.680632889009303,24.71720233125466
2.9802514839734386,16.255319425177973,25.324374678791145,0,0.41529462325067035,6.368647277677261,18.69406971123989,5.210215460631012,13,156.66955439889625,16.73579975021009,306.54394723992755,1.3029591885588,22.873193842477313
8.773607273499765,36.17242243428598,19.43772699109268,0,0.4398996614782884,7.20711024730411,98.49674175046005,7.008865854714449,23,569.1860093899589,13.099058209197317,321.73243744431795,6.1179443473301305,19.34706228238494
2.025184092909981,5.640766987270092,18.16603142809909,0,0.6721193760212203,5.796817328673889,75.69718457250511,5.663758331569524,20,623.9447268743975,17.998338334473267,413.25493328561396,4.989950042043597,24.431748118026608
5.809467631445235,4.490232978348706,15.188435949488163,0,0.5825794372990778,6.821503719014096,107.50535053738876,5.397777974054103,20,302.90245286840934,21.66541803479929,327.3463447822598,10.497430848526884,35.92882443218669
18.278132225131312,11.93774623055153,16.470691425549802,1,0.6161771530287429,6.1637118927183225,81.08197299686788,3.9261805886918433,12,341.06272522940515,16.541440275892963,341.2322973077653,22.793238282375984,14.85928685584662
11.27026588546022,4.850363175757251,7.296818557333118,1,0.5908707059680597,6.255068276024051,99.54717511237492,4.615455211389244,13,616.8764537739885,15.150687672613172,353.6933979977114,12.819457970643455,18.800850428858524
3.530638020545429,53.286096075593875,5.45442770438608,0,0.5968835105113773,6.364226739113861,81.70992325174856,6.423960291482933,2,387.3273327136969,19.458462046205405,302.2346419074197,9.412245995938475,21.805308252385373
16.475514008343225,26.331638667521332,11.07671624386443,0,0.3908233446026701,6.476568277498674,106.42894374929722,1.0011674652927351,21,506.82523491987376,19.864175996581938,349.17688742394284,7.77870300696523,31.708580648600147
4.273104276534279,1.9084704619391655,9.925726104577993,0,0.6756781247945738,6.218639669814629,83.27524287209957,3.066177412844392,24,392.49269384147,17.211006886501412,172.23404228003704,16.01396195435391,24.55438152388029
3.893172551555893,24.741178805598494,7.972726459641801,0,0.6903507990913329,6.450299228219368,65.8485815749544,2.1776056276118942,23,669.4596412646861,17.73271817766079,405.94406535468005,18.30910940374507,31.548033439015754
16.851179472246017,44.00498167245385,15.905073387451335,0,0.5224731107118367,7.404682640293529,132.45541564455738,4.59622154932486,16,490.33337754625126,19.08058685788127,570.0112373464569,0.6298596485474981,32.01381191263313
8.28851738005653,32.94396481186752,17.691605939136522,0,0.5447827660223366,6.9898147799306525,93.58194313606496,6.383466568866654,23,500.0061696824243,18.157791169015482,305.7640310201609,12.224496245970096,27.94673879754382
5.42404154264017,12.789387619140058,11.710007515413746,0,0.3662670996933134,6.908408214747827,84.722218230224,2.5463539978857446,6,503.1394985072426,20.70028453865876,390.01918019515193,14.070358151357532,12.711258727596908
1.944053500672609,3.6736269205398724,21.294957559281308,1,0.6117105707221402,5.981122331783291,32.73584589527275,1.2196391716858201,19,314.7408922969443,23.861933667033284,433.4934451424028,19.548672476856225,37.782063989449775
4.0178788044473865,27.668603207196647,3.2223451124788145,0,0.6186468930056973,5.6775314202401725,32.39855594927458,2.9343364354486123,21,330.1758249970141,14.739840178580996,472.499589817289,7.554143946457135,35.49390217405285
8.430357659389722,20.568209480326765,9.763749730969945,0,0.5425370779600828,6.968710390766427,76.82530504818608,5.718294837236554,13,537.2332674460758,21.205461287227557,331.9467445246437,6.484941436297939,23.084568464621498
11.657744663525278,32.25800202664616,6.153925987840646,0,0.6849224031844603,6.913232754770855,72.68914565728755,4.929022796194747,17,429.23735534484774,18.731571342251335,191.89812991432655,9.45886918087463,9.787713769151297
20.211924772090136,26.19950297918989,1.7791026578041151,0,0.5099107322824072,7.330869473025687,51.34315592326631,4.69919112040221,23,210.16135068762213,21.554042065479155,380.31810752723743,21.819503074719425,8.143416947555918
8.567537892226527,35.85457826694051,10.529503267685374,0,0.6177527111072321,5.877213561821539,72.56161385909888,3.2120140660635923,9,722.6815433369632,20.093579924784496,367.7052108495529,20.111302639425958,24.839703764294136
8.497832359207965,1.0709804293612333,10.259942192155343,0,0.42764027935694615,6.139315941247757,113.24041667802504,1.1140354539384485,17,572.3160737059128,18.634544211858564,324.54435990448377,12.548448354575862,16.04389593239677
2.060590351359894,42.09528172927979,21.542803228370705,0,0.5471737418950915,5.152361086232196,88.1408095348634,4.882118075411381,2,414.32122240596317,20.172050473370273,343.850396817525,19.940413343036845,6.7018599730845185
0.6379908387528554,16.004070789332914,15.452600623427966,0,0.5290774890516597,6.025270225757389,36.53766087594805,2.048008198927288,19,362.0518350576059,17.632857303393447,369.0749204966135,4.117707568650324,7.969835565860386
